[2026-06-19 10:27:57] === Iniciando sincronização ===
[2026-06-19 10:27:57] Atualizando código…
Already up to date.
[2026-06-19 10:27:57] Instalando dependências (npm ci)…

added 661 packages, and audited 662 packages in 1m

114 packages are looking for funding
  run `npm fund` for details

29 vulnerabilities (2 low, 19 moderate, 8 high)

To address issues that do not require attention, run:
  npm audit fix

To address all issues (including breaking changes), run:
  npm audit fix --force

Run `npm audit` for details.
[2026-06-19 10:28:59] Compilando projeto (npm run build)…

> bot-wpp@1.0.0 build
> npm run build:relay && npm run build:bot


> bot-wpp@1.0.0 build:relay
> tsup src/relay/server.ts --out-dir dist/relay --format cjs --clean --minify

CLI Building entry: src/relay/server.ts
CLI Using tsconfig: tsconfig.json
CLI tsup v8.5.1
CLI Target: esnext
CLI Cleaning output folder
CJS Build start
CJS dist/relay/server.js 4.36 KB
CJS ⚡️ Build success in 268ms

> bot-wpp@1.0.0 build:bot
> tsup src/bot/**/*.ts --out-dir dist/bot --format cjs --clean --minify

CLI Building entry: src/bot/commands/addcmd.ts, src/bot/commands/aleatoria.ts, src/bot/commands/aleatoriaData.ts, src/bot/commands/alive.ts, src/bot/commands/antispam.ts, src/bot/commands/antispamStore.ts, src/bot/commands/ban.ts, src/bot/commands/clima.ts, src/bot/commands/conselho.ts, src/bot/commands/conselhob.ts, src/bot/commands/conselhobData.ts, src/bot/commands/conselhos.ts, src/bot/commands/customCommandsStore.ts, src/bot/commands/feedback.ts, src/bot/commands/forca.ts, src/bot/commands/gameState.ts, src/bot/commands/gtts.ts, src/bot/commands/help.ts, src/bot/commands/index.ts, src/bot/commands/jokes.ts, src/bot/commands/kick.ts, src/bot/commands/menu.ts, src/bot/commands/mute.ts, src/bot/commands/nick.ts, src/bot/commands/pergunta.ts, src/bot/commands/ping.ts, src/bot/commands/promover.ts, src/bot/commands/sendMessage.ts, src/bot/commands/sorteio.ts, src/bot/commands/stats.ts, src/bot/commands/types.ts, src/bot/commands/velha.ts, src/bot/commands/vote.ts, src/bot/commands/voteSystem.ts
CLI Using tsconfig: tsconfig.json
CLI tsup v8.5.1
CLI Target: esnext
CLI Cleaning output folder
CJS Build start
CJS dist/bot/addcmd.js              1.84 KB
CJS dist/bot/aleatoria.js           1.49 KB
CJS dist/bot/aleatoriaData.js       1.20 KB
CJS dist/bot/alive.js               747.00 B
CJS dist/bot/antispam.js            1.14 KB
CJS dist/bot/antispamStore.js       1.10 KB
CJS dist/bot/ban.js                 1.10 KB
CJS dist/bot/clima.js               693.00 B
CJS dist/bot/conselho.js            1.62 KB
CJS dist/bot/conselhob.js           1.63 KB
CJS dist/bot/conselhobData.js       1.45 KB
CJS dist/bot/conselhos.js           1.45 KB
CJS dist/bot/customCommandsStore.js 1.93 KB
CJS dist/bot/feedback.js            2.48 KB
CJS dist/bot/forca.js               1.91 KB
CJS dist/bot/gameState.js           564.00 B
CJS dist/bot/gtts.js                697.00 B
CJS dist/bot/help.js                932.00 B
CJS dist/bot/index.js               24.69 KB
CJS dist/bot/jokes.js               1.87 KB
CJS dist/bot/kick.js                904.00 B
CJS dist/bot/menu.js                1.58 KB
CJS dist/bot/mute.js                917.00 B
CJS dist/bot/nick.js                693.00 B
CJS dist/bot/pergunta.js            5.16 KB
CJS dist/bot/ping.js                744.00 B
CJS dist/bot/promover.js            931.00 B
CJS dist/bot/sendMessage.js         1.72 KB
CJS dist/bot/sorteio.js             691.00 B
CJS dist/bot/stats.js               2.92 KB
CJS dist/bot/types.js               397.00 B
CJS dist/bot/velha.js               2.00 KB
CJS dist/bot/vote.js                2.78 KB
CJS dist/bot/voteSystem.js          1.79 KB
CJS ⚡️ Build success in 155ms
[2026-06-19 10:29:01] Reiniciando bot via PM2…
[2026-06-19 10:29:06] === Sincronização concluída ===
[2026-06-19 11:02:58] === Iniciando sincronização ===
[2026-06-23 14:24:44] === Iniciando sincronização ===
[2026-06-23 14:24:44] Descartando alterações locais no package.json/package-lock.json/linux_maintenance.sh para evitar conflitos de git pull…
[2026-06-23 14:24:44] Atualizando código…
Already up to date.
[2026-06-23 14:24:45] Instalando dependências (npm ci)…

added 691 packages, and audited 692 packages in 23s

118 packages are looking for funding
  run `npm fund` for details

18 vulnerabilities (1 low, 17 moderate)

To address issues that do not require attention, run:
  npm audit fix

To address all issues (including breaking changes), run:
  npm audit fix --force

Run `npm audit` for details.
[2026-06-23 14:25:08] Compilando projeto (npm run build)…

> bot-wpp@1.0.0 build
> npm run build:relay && npm run build:services && npm run build:bot && npm run build:main && npm run build:core


> bot-wpp@1.0.0 build:relay
> tsup src/relay/server.ts --out-dir dist/relay --format cjs

CLI Building entry: src/relay/server.ts
CLI Using tsconfig: tsconfig.json
CLI tsup v8.5.1
CLI Target: esnext
CJS Build start
CJS dist/relay/server.js 7.51 KB
CJS ⚡️ Build success in 31ms

> bot-wpp@1.0.0 build:services
> tsup src/services/*.ts --out-dir dist/services --format cjs

CLI Building entry: src/services/aiService.ts, src/services/commandExecutor.ts, src/services/databaseService.ts, src/services/keywordHandler.ts, src/services/loggerService.ts, src/services/messageHandler.ts, src/services/moderationService.ts, src/services/permissions.test.ts, src/services/permissions.ts, src/services/queueService.ts, src/services/replyService.ts, src/services/usageService.ts, src/services/validationService.ts, src/services/whatsappSingleton.ts
CLI Using tsconfig: tsconfig.json
CLI tsup v8.5.1
CLI Target: esnext
CJS Build start
CJS dist/services/commandExecutor.js   4.70 KB
CJS dist/services/databaseService.js   3.29 KB
CJS dist/services/keywordHandler.js    3.39 KB
CJS dist/services/loggerService.js     2.63 KB
CJS dist/services/aiService.js         6.17 KB
CJS dist/services/moderationService.js 6.78 KB
CJS dist/services/messageHandler.js    10.70 KB
CJS dist/services/permissions.js       3.85 KB
CJS dist/services/queueService.js      7.29 KB
CJS dist/services/replyService.js      3.53 KB
CJS dist/services/usageService.js      2.23 KB
CJS dist/services/validationService.js 2.99 KB
CJS dist/services/whatsappSingleton.js 10.89 KB
CJS dist/services/permissions.test.js  604.34 KB
CJS ⚡️ Build success in 872ms

> bot-wpp@1.0.0 build:bot
> tsup src/bot/index.ts src/bot/config.ts src/bot/customCommands.ts src/bot/relayClient.ts src/bot/commands/*.ts --out-dir dist/bot --format cjs

CLI Building entry: src/bot/config.ts, src/bot/customCommands.ts, src/bot/index.ts, src/bot/relayClient.ts, src/bot/commands/addcmd.ts, src/bot/commands/admin.ts, src/bot/commands/alarme.ts, src/bot/commands/aleatoria.ts, src/bot/commands/aleatoriaData.ts, src/bot/commands/alive.ts, src/bot/commands/antispam.ts, src/bot/commands/antispamStore.ts, src/bot/commands/ban.ts, src/bot/commands/banidos.ts, src/bot/commands/bemvindo.ts, src/bot/commands/clima.ts, src/bot/commands/conselho.ts, src/bot/commands/conselhob.ts, src/bot/commands/conselhobData.ts, src/bot/commands/conselhos.ts, src/bot/commands/customCommandsStore.ts, src/bot/commands/feedback.ts, src/bot/commands/forca.ts, src/bot/commands/gameState.ts, src/bot/commands/grupos.ts, src/bot/commands/gtts.ts, src/bot/commands/help.ts, src/bot/commands/index.ts, src/bot/commands/info.ts, src/bot/commands/interacao.ts, src/bot/commands/jogos.ts, src/bot/commands/jokes.ts, src/bot/commands/kick.ts, src/bot/commands/lembrete.ts, src/bot/commands/menu.ts, src/bot/commands/mute.ts, src/bot/commands/nick.ts, src/bot/commands/noticias.ts, src/bot/commands/ondeestou.ts, src/bot/commands/pergunta.ts, src/bot/commands/piadas.ts, src/bot/commands/ping.ts, src/bot/commands/promover.ts, src/bot/commands/sendMessage.ts, src/bot/commands/setwelcome.ts, src/bot/commands/shutdown.ts, src/bot/commands/sorteio.ts, src/bot/commands/stats.ts, src/bot/commands/types.ts, src/bot/commands/velha.ts, src/bot/commands/vote.ts, src/bot/commands/voteSystem.ts
CLI Using tsconfig: tsconfig.json
CLI tsup v8.5.1
CLI Target: esnext
CJS Build start
CJS dist/bot/customCommands.js               1.33 KB
CJS dist/bot/config.js                       2.38 KB
CJS dist/bot/index.js                        61.45 KB
CJS dist/bot/commands/admin.js               1.89 KB
CJS dist/bot/commands/addcmd.js              3.97 KB
CJS dist/bot/relayClient.js                  2.85 KB
CJS dist/bot/commands/alarme.js              1.30 KB
CJS dist/bot/commands/aleatoria.js           2.37 KB
CJS dist/bot/commands/aleatoriaData.js       1.87 KB
CJS dist/bot/commands/antispam.js            2.30 KB
CJS dist/bot/commands/antispamStore.js       2.40 KB
CJS dist/bot/commands/alive.js               1.38 KB
CJS dist/bot/commands/ban.js                 5.77 KB
CJS dist/bot/commands/banidos.js             3.78 KB
CJS dist/bot/commands/bemvindo.js            1.36 KB
CJS dist/bot/commands/clima.js               4.56 KB
CJS dist/bot/commands/conselho.js            2.41 KB
CJS dist/bot/commands/conselhob.js           2.44 KB
CJS dist/bot/commands/conselhobData.js       2.08 KB
CJS dist/bot/commands/conselhos.js           2.06 KB
CJS dist/bot/commands/customCommandsStore.js 4.31 KB
CJS dist/bot/commands/feedback.js            5.17 KB
CJS dist/bot/commands/forca.js               3.30 KB
CJS dist/bot/commands/gameState.js           1.19 KB
CJS dist/bot/commands/grupos.js              3.44 KB
CJS dist/bot/commands/gtts.js                3.48 KB
CJS dist/bot/commands/help.js                1.74 KB
CJS dist/bot/commands/index.js               63.05 KB
CJS dist/bot/commands/info.js                1.58 KB
CJS dist/bot/commands/interacao.js           6.65 KB
CJS dist/bot/commands/jogos.js               1.75 KB
CJS dist/bot/commands/jokes.js               2.62 KB
CJS dist/bot/commands/kick.js                1.62 KB
CJS dist/bot/commands/lembrete.js            1.32 KB
CJS dist/bot/commands/menu.js                3.64 KB
CJS dist/bot/commands/nick.js                1.26 KB
CJS dist/bot/commands/noticias.js            6.38 KB
CJS dist/bot/commands/ondeestou.js           2.46 KB
CJS dist/bot/commands/pergunta.js            7.99 KB
CJS dist/bot/commands/piadas.js              2.29 KB
CJS dist/bot/commands/ping.js                1.42 KB
CJS dist/bot/commands/promover.js            1.68 KB
CJS dist/bot/commands/sendMessage.js         5.50 KB
CJS dist/bot/commands/setwelcome.js          4.52 KB
CJS dist/bot/commands/shutdown.js            2.65 KB
CJS dist/bot/commands/sorteio.js             1.28 KB
CJS dist/bot/commands/stats.js               4.92 KB
CJS dist/bot/commands/types.js               771.00 B
CJS dist/bot/commands/velha.js               3.53 KB
CJS dist/bot/commands/vote.js                4.81 KB
CJS dist/bot/commands/voteSystem.js          3.15 KB
CJS dist/bot/commands/mute.js                1.64 KB
CJS ⚡️ Build success in 82ms

> bot-wpp@1.0.0 build:main
> tsup src/whatsapp.ts --out-dir dist --format cjs

CLI Building entry: src/whatsapp.ts
CLI Using tsconfig: tsconfig.json
CLI tsup v8.5.1
CLI Target: esnext
CJS Build start
CJS dist/whatsapp.js 88.85 KB
CJS ⚡️ Build success in 84ms

> bot-wpp@1.0.0 build:core
> tsup src/core/index.ts --out-dir dist/core --format cjs

CLI Building entry: src/core/index.ts
CLI Using tsconfig: tsconfig.json
CLI tsup v8.5.1
CLI Target: esnext
CJS Build start
CJS dist/core/index.js 88.44 KB
CJS ⚡️ Build success in 55ms
[2026-06-23 14:25:16] Reiniciando bot via PM2…
[2026-06-23 14:25:17] Deletando processo antigo do bot-wpp no PM2…
[2026-06-23 14:25:17] Iniciando bot-wpp a partir do ecosystem.config.js…
[2026-06-23 14:25:17] Salvando lista de processos do PM2…
[2026-06-23 14:25:17] === Sincronização concluída ===
[2026-06-23 14:26:42] === Iniciando sincronização ===
[2026-06-23 14:26:42] Descartando alterações locais no package.json/package-lock.json/linux_maintenance.sh para evitar conflitos de git pull…
[2026-06-23 14:26:42] Atualizando código…
Already up to date.
[2026-06-23 14:26:42] Instalando dependências (npm ci)…

added 691 packages, and audited 692 packages in 21s

118 packages are looking for funding
  run `npm fund` for details

18 vulnerabilities (1 low, 17 moderate)

To address issues that do not require attention, run:
  npm audit fix

To address all issues (including breaking changes), run:
  npm audit fix --force

Run `npm audit` for details.
[2026-06-23 14:27:03] Compilando projeto (npm run build)…

> bot-wpp@1.0.0 build
> npm run build:relay && npm run build:services && npm run build:bot && npm run build:main && npm run build:core


> bot-wpp@1.0.0 build:relay
> tsup src/relay/server.ts --out-dir dist/relay --format cjs

CLI Building entry: src/relay/server.ts
CLI Using tsconfig: tsconfig.json
CLI tsup v8.5.1
CLI Target: esnext
CJS Build start
CJS dist/relay/server.js 7.51 KB
CJS ⚡️ Build success in 46ms

> bot-wpp@1.0.0 build:services
> tsup src/services/*.ts --out-dir dist/services --format cjs

CLI Building entry: src/services/aiService.ts, src/services/commandExecutor.ts, src/services/databaseService.ts, src/services/keywordHandler.ts, src/services/loggerService.ts, src/services/messageHandler.ts, src/services/moderationService.ts, src/services/permissions.test.ts, src/services/permissions.ts, src/services/queueService.ts, src/services/replyService.ts, src/services/usageService.ts, src/services/validationService.ts, src/services/whatsappSingleton.ts
CLI Using tsconfig: tsconfig.json
CLI tsup v8.5.1
CLI Target: esnext
CJS Build start
CJS dist/services/commandExecutor.js   4.70 KB
CJS dist/services/aiService.js         6.17 KB
CJS dist/services/databaseService.js   3.29 KB
CJS dist/services/keywordHandler.js    3.39 KB
CJS dist/services/loggerService.js     2.63 KB
CJS dist/services/messageHandler.js    10.70 KB
CJS dist/services/moderationService.js 6.78 KB
CJS dist/services/queueService.js      7.29 KB
CJS dist/services/permissions.js       3.85 KB
CJS dist/services/replyService.js      3.53 KB
CJS dist/services/usageService.js      2.23 KB
CJS dist/services/validationService.js 2.99 KB
CJS dist/services/whatsappSingleton.js 10.89 KB
CJS dist/services/permissions.test.js  604.34 KB
CJS ⚡️ Build success in 544ms

> bot-wpp@1.0.0 build:bot
> tsup src/bot/index.ts src/bot/config.ts src/bot/customCommands.ts src/bot/relayClient.ts src/bot/commands/*.ts --out-dir dist/bot --format cjs

CLI Building entry: src/bot/config.ts, src/bot/customCommands.ts, src/bot/index.ts, src/bot/relayClient.ts, src/bot/commands/addcmd.ts, src/bot/commands/admin.ts, src/bot/commands/alarme.ts, src/bot/commands/aleatoria.ts, src/bot/commands/aleatoriaData.ts, src/bot/commands/alive.ts, src/bot/commands/antispam.ts, src/bot/commands/antispamStore.ts, src/bot/commands/ban.ts, src/bot/commands/banidos.ts, src/bot/commands/bemvindo.ts, src/bot/commands/clima.ts, src/bot/commands/conselho.ts, src/bot/commands/conselhob.ts, src/bot/commands/conselhobData.ts, src/bot/commands/conselhos.ts, src/bot/commands/customCommandsStore.ts, src/bot/commands/feedback.ts, src/bot/commands/forca.ts, src/bot/commands/gameState.ts, src/bot/commands/grupos.ts, src/bot/commands/gtts.ts, src/bot/commands/help.ts, src/bot/commands/index.ts, src/bot/commands/info.ts, src/bot/commands/interacao.ts, src/bot/commands/jogos.ts, src/bot/commands/jokes.ts, src/bot/commands/kick.ts, src/bot/commands/lembrete.ts, src/bot/commands/menu.ts, src/bot/commands/mute.ts, src/bot/commands/nick.ts, src/bot/commands/noticias.ts, src/bot/commands/ondeestou.ts, src/bot/commands/pergunta.ts, src/bot/commands/piadas.ts, src/bot/commands/ping.ts, src/bot/commands/promover.ts, src/bot/commands/sendMessage.ts, src/bot/commands/setwelcome.ts, src/bot/commands/shutdown.ts, src/bot/commands/sorteio.ts, src/bot/commands/stats.ts, src/bot/commands/types.ts, src/bot/commands/velha.ts, src/bot/commands/vote.ts, src/bot/commands/voteSystem.ts
CLI Using tsconfig: tsconfig.json
CLI tsup v8.5.1
CLI Target: esnext
CJS Build start
CJS dist/bot/customCommands.js               1.33 KB
CJS dist/bot/config.js                       2.38 KB
CJS dist/bot/relayClient.js                  2.85 KB
CJS dist/bot/commands/addcmd.js              3.97 KB
CJS dist/bot/index.js                        61.45 KB
CJS dist/bot/commands/admin.js               1.89 KB
CJS dist/bot/commands/aleatoria.js           2.37 KB
CJS dist/bot/commands/aleatoriaData.js       1.87 KB
CJS dist/bot/commands/alarme.js              1.30 KB
CJS dist/bot/commands/alive.js               1.38 KB
CJS dist/bot/commands/antispam.js            2.30 KB
CJS dist/bot/commands/antispamStore.js       2.40 KB
CJS dist/bot/commands/ban.js                 5.77 KB
CJS dist/bot/commands/bemvindo.js            1.36 KB
CJS dist/bot/commands/clima.js               4.56 KB
CJS dist/bot/commands/conselhob.js           2.44 KB
CJS dist/bot/commands/conselho.js            2.41 KB
CJS dist/bot/commands/conselhobData.js       2.08 KB
CJS dist/bot/commands/conselhos.js           2.06 KB
CJS dist/bot/commands/customCommandsStore.js 4.31 KB
CJS dist/bot/commands/feedback.js            5.17 KB
CJS dist/bot/commands/forca.js               3.30 KB
CJS dist/bot/commands/gameState.js           1.19 KB
CJS dist/bot/commands/grupos.js              3.44 KB
CJS dist/bot/commands/gtts.js                3.48 KB
CJS dist/bot/commands/help.js                1.74 KB
CJS dist/bot/commands/index.js               63.05 KB
CJS dist/bot/commands/info.js                1.58 KB
CJS dist/bot/commands/interacao.js           6.65 KB
CJS dist/bot/commands/jogos.js               1.75 KB
CJS dist/bot/commands/jokes.js               2.62 KB
CJS dist/bot/commands/kick.js                1.62 KB
CJS dist/bot/commands/lembrete.js            1.32 KB
CJS dist/bot/commands/menu.js                3.64 KB
CJS dist/bot/commands/mute.js                1.64 KB
CJS dist/bot/commands/nick.js                1.26 KB
CJS dist/bot/commands/noticias.js            6.38 KB
CJS dist/bot/commands/ondeestou.js           2.46 KB
CJS dist/bot/commands/pergunta.js            7.99 KB
CJS dist/bot/commands/piadas.js              2.29 KB
CJS dist/bot/commands/ping.js                1.42 KB
CJS dist/bot/commands/promover.js            1.68 KB
CJS dist/bot/commands/sendMessage.js         5.50 KB
CJS dist/bot/commands/setwelcome.js          4.52 KB
CJS dist/bot/commands/shutdown.js            2.65 KB
CJS dist/bot/commands/sorteio.js             1.28 KB
CJS dist/bot/commands/stats.js               4.92 KB
CJS dist/bot/commands/types.js               771.00 B
CJS dist/bot/commands/velha.js               3.53 KB
CJS dist/bot/commands/vote.js                4.81 KB
CJS dist/bot/commands/voteSystem.js          3.15 KB
CJS dist/bot/commands/banidos.js             3.78 KB
CJS ⚡️ Build success in 79ms

> bot-wpp@1.0.0 build:main
> tsup src/whatsapp.ts --out-dir dist --format cjs

CLI Building entry: src/whatsapp.ts
CLI Using tsconfig: tsconfig.json
CLI tsup v8.5.1
CLI Target: esnext
CJS Build start
CJS dist/whatsapp.js 88.85 KB
CJS ⚡️ Build success in 47ms

> bot-wpp@1.0.0 build:core
> tsup src/core/index.ts --out-dir dist/core --format cjs

CLI Building entry: src/core/index.ts
CLI Using tsconfig: tsconfig.json
CLI tsup v8.5.1
CLI Target: esnext
CJS Build start
CJS dist/core/index.js 88.44 KB
CJS ⚡️ Build success in 48ms
[2026-06-23 14:27:07] Reiniciando bot via PM2…
[2026-06-23 14:27:08] Deletando processo antigo do bot-wpp no PM2…
[2026-06-23 14:27:08] Iniciando bot-wpp a partir do ecosystem.config.js…
[2026-06-23 14:27:08] Salvando lista de processos do PM2…
[2026-06-23 14:27:09] === Sincronização concluída ===
[2026-06-23 14:45:59] === Iniciando sincronização ===
[2026-06-23 14:45:59] Descartando alterações locais no package.json/package-lock.json/linux_maintenance.sh para evitar conflitos de git pull…
[2026-06-23 14:45:59] Atualizando código…
Updating 49b6c62..7873c1a
Fast-forward
 ecosystem.config.js               |  1 +
 src/services/whatsappSingleton.ts | 62 +++++++++++++++++++++++++++++++--------
 src/whatsapp.ts                   |  4 +--
 3 files changed, 52 insertions(+), 15 deletions(-)
[2026-06-23 14:46:00] Instalando dependências (npm ci)…

added 691 packages, and audited 692 packages in 23s

118 packages are looking for funding
  run `npm fund` for details

18 vulnerabilities (1 low, 17 moderate)

To address issues that do not require attention, run:
  npm audit fix

To address all issues (including breaking changes), run:
  npm audit fix --force

Run `npm audit` for details.
[2026-06-23 14:46:23] Compilando projeto (npm run build)…

> bot-wpp@1.0.0 build
> npm run build:relay && npm run build:services && npm run build:bot && npm run build:main && npm run build:core


> bot-wpp@1.0.0 build:relay
> tsup src/relay/server.ts --out-dir dist/relay --format cjs

CLI Building entry: src/relay/server.ts
CLI Using tsconfig: tsconfig.json
CLI tsup v8.5.1
CLI Target: esnext
CJS Build start
CJS dist/relay/server.js 7.51 KB
CJS ⚡️ Build success in 39ms

> bot-wpp@1.0.0 build:services
> tsup src/services/*.ts --out-dir dist/services --format cjs

CLI Building entry: src/services/aiService.ts, src/services/commandExecutor.ts, src/services/databaseService.ts, src/services/keywordHandler.ts, src/services/loggerService.ts, src/services/messageHandler.ts, src/services/moderationService.ts, src/services/permissions.test.ts, src/services/permissions.ts, src/services/queueService.ts, src/services/replyService.ts, src/services/usageService.ts, src/services/validationService.ts, src/services/whatsappSingleton.ts
CLI Using tsconfig: tsconfig.json
CLI tsup v8.5.1
CLI Target: esnext
CJS Build start
CJS dist/services/commandExecutor.js   4.70 KB
CJS dist/services/databaseService.js   3.29 KB
CJS dist/services/loggerService.js     2.63 KB
CJS dist/services/keywordHandler.js    3.39 KB
CJS dist/services/messageHandler.js    10.70 KB
CJS dist/services/moderationService.js 6.78 KB
CJS dist/services/permissions.js       3.85 KB
CJS dist/services/queueService.js      7.29 KB
CJS dist/services/replyService.js      3.53 KB
CJS dist/services/validationService.js 2.99 KB
CJS dist/services/usageService.js      2.23 KB
CJS dist/services/whatsappSingleton.js 11.77 KB
CJS dist/services/aiService.js         6.17 KB
CJS dist/services/permissions.test.js  604.34 KB
CJS ⚡️ Build success in 419ms

> bot-wpp@1.0.0 build:bot
> tsup src/bot/index.ts src/bot/config.ts src/bot/customCommands.ts src/bot/relayClient.ts src/bot/commands/*.ts --out-dir dist/bot --format cjs

CLI Building entry: src/bot/config.ts, src/bot/customCommands.ts, src/bot/index.ts, src/bot/relayClient.ts, src/bot/commands/addcmd.ts, src/bot/commands/admin.ts, src/bot/commands/alarme.ts, src/bot/commands/aleatoria.ts, src/bot/commands/aleatoriaData.ts, src/bot/commands/alive.ts, src/bot/commands/antispam.ts, src/bot/commands/antispamStore.ts, src/bot/commands/ban.ts, src/bot/commands/banidos.ts, src/bot/commands/bemvindo.ts, src/bot/commands/clima.ts, src/bot/commands/conselho.ts, src/bot/commands/conselhob.ts, src/bot/commands/conselhobData.ts, src/bot/commands/conselhos.ts, src/bot/commands/customCommandsStore.ts, src/bot/commands/feedback.ts, src/bot/commands/forca.ts, src/bot/commands/gameState.ts, src/bot/commands/grupos.ts, src/bot/commands/gtts.ts, src/bot/commands/help.ts, src/bot/commands/index.ts, src/bot/commands/info.ts, src/bot/commands/interacao.ts, src/bot/commands/jogos.ts, src/bot/commands/jokes.ts, src/bot/commands/kick.ts, src/bot/commands/lembrete.ts, src/bot/commands/menu.ts, src/bot/commands/mute.ts, src/bot/commands/nick.ts, src/bot/commands/noticias.ts, src/bot/commands/ondeestou.ts, src/bot/commands/pergunta.ts, src/bot/commands/piadas.ts, src/bot/commands/ping.ts, src/bot/commands/promover.ts, src/bot/commands/sendMessage.ts, src/bot/commands/setwelcome.ts, src/bot/commands/shutdown.ts, src/bot/commands/sorteio.ts, src/bot/commands/stats.ts, src/bot/commands/types.ts, src/bot/commands/velha.ts, src/bot/commands/vote.ts, src/bot/commands/voteSystem.ts
CLI Using tsconfig: tsconfig.json
CLI tsup v8.5.1
CLI Target: esnext
CJS Build start
CJS dist/bot/customCommands.js               1.33 KB
CJS dist/bot/config.js                       2.38 KB
CJS dist/bot/relayClient.js                  2.85 KB
CJS dist/bot/commands/addcmd.js              3.97 KB
CJS dist/bot/commands/admin.js               1.89 KB
CJS dist/bot/commands/alarme.js              1.30 KB
CJS dist/bot/commands/aleatoria.js           2.37 KB
CJS dist/bot/commands/aleatoriaData.js       1.87 KB
CJS dist/bot/index.js                        61.45 KB
CJS dist/bot/commands/alive.js               1.38 KB
CJS dist/bot/commands/antispam.js            2.30 KB
CJS dist/bot/commands/antispamStore.js       2.40 KB
CJS dist/bot/commands/ban.js                 5.77 KB
CJS dist/bot/commands/banidos.js             3.78 KB
CJS dist/bot/commands/bemvindo.js            1.36 KB
CJS dist/bot/commands/clima.js               4.56 KB
CJS dist/bot/commands/conselho.js            2.41 KB
CJS dist/bot/commands/conselhob.js           2.44 KB
CJS dist/bot/commands/conselhobData.js       2.08 KB
CJS dist/bot/commands/conselhos.js           2.06 KB
CJS dist/bot/commands/customCommandsStore.js 4.31 KB
CJS dist/bot/commands/feedback.js            5.17 KB
CJS dist/bot/commands/forca.js               3.30 KB
CJS dist/bot/commands/gameState.js           1.19 KB
CJS dist/bot/commands/grupos.js              3.44 KB
CJS dist/bot/commands/gtts.js                3.48 KB
CJS dist/bot/commands/help.js                1.74 KB
CJS dist/bot/commands/index.js               63.05 KB
CJS dist/bot/commands/info.js                1.58 KB
CJS dist/bot/commands/interacao.js           6.65 KB
CJS dist/bot/commands/jogos.js               1.75 KB
CJS dist/bot/commands/jokes.js               2.62 KB
CJS dist/bot/commands/kick.js                1.62 KB
CJS dist/bot/commands/lembrete.js            1.32 KB
CJS dist/bot/commands/menu.js                3.64 KB
CJS dist/bot/commands/mute.js                1.64 KB
CJS dist/bot/commands/nick.js                1.26 KB
CJS dist/bot/commands/noticias.js            6.38 KB
CJS dist/bot/commands/ondeestou.js           2.46 KB
CJS dist/bot/commands/pergunta.js            7.99 KB
CJS dist/bot/commands/piadas.js              2.29 KB
CJS dist/bot/commands/ping.js                1.42 KB
CJS dist/bot/commands/promover.js            1.68 KB
CJS dist/bot/commands/sendMessage.js         5.50 KB
CJS dist/bot/commands/setwelcome.js          4.52 KB
CJS dist/bot/commands/shutdown.js            2.65 KB
CJS dist/bot/commands/sorteio.js             1.28 KB
CJS dist/bot/commands/stats.js               4.92 KB
CJS dist/bot/commands/types.js               771.00 B
CJS dist/bot/commands/velha.js               3.53 KB
CJS dist/bot/commands/vote.js                4.81 KB
CJS dist/bot/commands/voteSystem.js          3.15 KB
CJS ⚡️ Build success in 82ms

> bot-wpp@1.0.0 build:main
> tsup src/whatsapp.ts --out-dir dist --format cjs

CLI Building entry: src/whatsapp.ts
CLI Using tsconfig: tsconfig.json
CLI tsup v8.5.1
CLI Target: esnext
CJS Build start
CJS dist/whatsapp.js 89.73 KB
CJS ⚡️ Build success in 211ms

> bot-wpp@1.0.0 build:core
> tsup src/core/index.ts --out-dir dist/core --format cjs

CLI Building entry: src/core/index.ts
CLI Using tsconfig: tsconfig.json
CLI tsup v8.5.1
CLI Target: esnext
CJS Build start
CJS dist/core/index.js 89.32 KB
CJS ⚡️ Build success in 50ms
[2026-06-23 14:46:27] Reiniciando bot via PM2…
[2026-06-23 14:46:27] Deletando processo antigo do bot-wpp no PM2…
[2026-06-23 14:46:28] Iniciando bot-wpp a partir do ecosystem.config.js…
[2026-06-23 14:46:28] Salvando lista de processos do PM2…
[2026-06-23 14:46:28] === Sincronização concluída ===
[2026-06-23 15:04:07] === Iniciando sincronização ===
[2026-06-23 15:04:07] Descartando alterações locais no package.json/package-lock.json/linux_maintenance.sh para evitar conflitos de git pull…
[2026-06-23 15:04:07] Atualizando código…
Updating 7873c1a..c8fdda4
[2026-06-23 15:04:11] === Iniciando sincronização ===
[2026-06-23 15:04:11] Descartando alterações locais no package.json/package-lock.json/linux_maintenance.sh para evitar conflitos de git pull…
[2026-06-23 15:04:11] Atualizando código…
Updating 7873c1a..c8fdda4
Fast-forward
 scripts/tools/test-puppeteer-nav.js | 51 +++++++++++++++++++++++++++++++++++
 scripts/tools/test-wweb-init.js     | 51 +++++++++++++++++++++++++++++++++++
 src/services/whatsappSingleton.ts   | 24 +++++++++++++++--
 src/whatsapp.ts                     | 53 ++++++++++++++++++++++---------------
 sync_and_deploy.sh                  |  3 +++
 5 files changed, 158 insertions(+), 24 deletions(-)
 create mode 100644 scripts/tools/test-puppeteer-nav.js
 create mode 100644 scripts/tools/test-wweb-init.js
[2026-06-23 15:04:12] Instalando dependências (npm ci)…

added 691 packages, and audited 692 packages in 21s

118 packages are looking for funding
  run `npm fund` for details

18 vulnerabilities (1 low, 17 moderate)

To address issues that do not require attention, run:
  npm audit fix

To address all issues (including breaking changes), run:
  npm audit fix --force

Run `npm audit` for details.
[2026-06-23 15:04:33] Compilando projeto (npm run build)…

> bot-wpp@1.0.0 build
> npm run build:relay && npm run build:services && npm run build:bot && npm run build:main && npm run build:core


> bot-wpp@1.0.0 build:relay
> tsup src/relay/server.ts --out-dir dist/relay --format cjs

CLI Building entry: src/relay/server.ts
CLI Using tsconfig: tsconfig.json
CLI tsup v8.5.1
CLI Target: esnext
CJS Build start
CJS dist/relay/server.js 7.51 KB
CJS ⚡️ Build success in 53ms

> bot-wpp@1.0.0 build:services
> tsup src/services/*.ts --out-dir dist/services --format cjs

CLI Building entry: src/services/aiService.ts, src/services/commandExecutor.ts, src/services/databaseService.ts, src/services/keywordHandler.ts, src/services/loggerService.ts, src/services/messageHandler.ts, src/services/moderationService.ts, src/services/permissions.test.ts, src/services/permissions.ts, src/services/queueService.ts, src/services/replyService.ts, src/services/usageService.ts, src/services/validationService.ts, src/services/whatsappSingleton.ts
CLI Using tsconfig: tsconfig.json
CLI tsup v8.5.1
CLI Target: esnext
CJS Build start
CJS dist/services/aiService.js         6.17 KB
CJS dist/services/commandExecutor.js   4.70 KB
CJS dist/services/databaseService.js   3.29 KB
CJS dist/services/keywordHandler.js    3.39 KB
CJS dist/services/loggerService.js     2.63 KB
CJS dist/services/messageHandler.js    10.70 KB
CJS dist/services/moderationService.js 6.78 KB
CJS dist/services/queueService.js      7.29 KB
CJS dist/services/replyService.js      3.53 KB
CJS dist/services/permissions.js       3.85 KB
CJS dist/services/usageService.js      2.23 KB
CJS dist/services/validationService.js 2.99 KB
CJS dist/services/whatsappSingleton.js 12.43 KB
CJS dist/services/permissions.test.js  604.34 KB
CJS ⚡️ Build success in 616ms

> bot-wpp@1.0.0 build:bot
> tsup src/bot/index.ts src/bot/config.ts src/bot/customCommands.ts src/bot/relayClient.ts src/bot/commands/*.ts --out-dir dist/bot --format cjs

CLI Building entry: src/bot/config.ts, src/bot/customCommands.ts, src/bot/index.ts, src/bot/relayClient.ts, src/bot/commands/addcmd.ts, src/bot/commands/admin.ts, src/bot/commands/alarme.ts, src/bot/commands/aleatoria.ts, src/bot/commands/aleatoriaData.ts, src/bot/commands/alive.ts, src/bot/commands/antispam.ts, src/bot/commands/antispamStore.ts, src/bot/commands/ban.ts, src/bot/commands/banidos.ts, src/bot/commands/bemvindo.ts, src/bot/commands/clima.ts, src/bot/commands/conselho.ts, src/bot/commands/conselhob.ts, src/bot/commands/conselhobData.ts, src/bot/commands/conselhos.ts, src/bot/commands/customCommandsStore.ts, src/bot/commands/feedback.ts, src/bot/commands/forca.ts, src/bot/commands/gameState.ts, src/bot/commands/grupos.ts, src/bot/commands/gtts.ts, src/bot/commands/help.ts, src/bot/commands/index.ts, src/bot/commands/info.ts, src/bot/commands/interacao.ts, src/bot/commands/jogos.ts, src/bot/commands/jokes.ts, src/bot/commands/kick.ts, src/bot/commands/lembrete.ts, src/bot/commands/menu.ts, src/bot/commands/mute.ts, src/bot/commands/nick.ts, src/bot/commands/noticias.ts, src/bot/commands/ondeestou.ts, src/bot/commands/pergunta.ts, src/bot/commands/piadas.ts, src/bot/commands/ping.ts, src/bot/commands/promover.ts, src/bot/commands/sendMessage.ts, src/bot/commands/setwelcome.ts, src/bot/commands/shutdown.ts, src/bot/commands/sorteio.ts, src/bot/commands/stats.ts, src/bot/commands/types.ts, src/bot/commands/velha.ts, src/bot/commands/vote.ts, src/bot/commands/voteSystem.ts
CLI Using tsconfig: tsconfig.json
CLI tsup v8.5.1
CLI Target: esnext
CJS Build start
CJS dist/bot/config.js                       2.38 KB
CJS dist/bot/customCommands.js               1.33 KB
CJS dist/bot/relayClient.js                  2.85 KB
CJS dist/bot/commands/addcmd.js              3.97 KB
CJS dist/bot/commands/admin.js               1.89 KB
CJS dist/bot/commands/alarme.js              1.30 KB
CJS dist/bot/commands/aleatoria.js           2.37 KB
CJS dist/bot/commands/aleatoriaData.js       1.87 KB
CJS dist/bot/commands/alive.js               1.38 KB
CJS dist/bot/commands/antispam.js            2.30 KB
CJS dist/bot/commands/antispamStore.js       2.40 KB
CJS dist/bot/commands/ban.js                 5.77 KB
CJS dist/bot/commands/banidos.js             3.78 KB
CJS dist/bot/commands/bemvindo.js            1.36 KB
CJS dist/bot/commands/clima.js               4.56 KB
CJS dist/bot/commands/conselho.js            2.41 KB
CJS dist/bot/commands/conselhob.js           2.44 KB
CJS dist/bot/commands/conselhobData.js       2.08 KB
CJS dist/bot/commands/conselhos.js           2.06 KB
CJS dist/bot/commands/customCommandsStore.js 4.31 KB
CJS dist/bot/commands/feedback.js            5.17 KB
CJS dist/bot/commands/forca.js               3.30 KB
CJS dist/bot/commands/gameState.js           1.19 KB
CJS dist/bot/commands/grupos.js              3.44 KB
CJS dist/bot/commands/gtts.js                3.48 KB
CJS dist/bot/commands/help.js                1.74 KB
CJS dist/bot/commands/index.js               63.05 KB
CJS dist/bot/commands/info.js                1.58 KB
CJS dist/bot/commands/interacao.js           6.65 KB
CJS dist/bot/commands/jogos.js               1.75 KB
CJS dist/bot/commands/jokes.js               2.62 KB
CJS dist/bot/commands/kick.js                1.62 KB
CJS dist/bot/index.js                        61.45 KB
CJS dist/bot/commands/lembrete.js            1.32 KB
CJS dist/bot/commands/menu.js                3.64 KB
CJS dist/bot/commands/mute.js                1.64 KB
CJS dist/bot/commands/nick.js                1.26 KB
CJS dist/bot/commands/noticias.js            6.38 KB
CJS dist/bot/commands/ondeestou.js           2.46 KB
CJS dist/bot/commands/piadas.js              2.29 KB
CJS dist/bot/commands/ping.js                1.42 KB
CJS dist/bot/commands/promover.js            1.68 KB
CJS dist/bot/commands/sendMessage.js         5.50 KB
CJS dist/bot/commands/setwelcome.js          4.52 KB
CJS dist/bot/commands/shutdown.js            2.65 KB
CJS dist/bot/commands/sorteio.js             1.28 KB
CJS dist/bot/commands/stats.js               4.92 KB
CJS dist/bot/commands/types.js               771.00 B
CJS dist/bot/commands/velha.js               3.53 KB
CJS dist/bot/commands/vote.js                4.81 KB
CJS dist/bot/commands/voteSystem.js          3.15 KB
CJS dist/bot/commands/pergunta.js            7.99 KB
CJS ⚡️ Build success in 81ms

> bot-wpp@1.0.0 build:main
> tsup src/whatsapp.ts --out-dir dist --format cjs

CLI Building entry: src/whatsapp.ts
CLI Using tsconfig: tsconfig.json
CLI tsup v8.5.1
CLI Target: esnext
CJS Build start
CJS dist/whatsapp.js 90.90 KB
CJS ⚡️ Build success in 63ms

> bot-wpp@1.0.0 build:core
> tsup src/core/index.ts --out-dir dist/core --format cjs

CLI Building entry: src/core/index.ts
CLI Using tsconfig: tsconfig.json
CLI tsup v8.5.1
CLI Target: esnext
CJS Build start
CJS dist/core/index.js 90.49 KB
CJS ⚡️ Build success in 49ms
[2026-06-23 15:04:39] Reiniciando bot via PM2…
[2026-06-23 15:04:39] Deletando processo antigo do bot-wpp no PM2…
[2026-06-23 15:04:39] Iniciando bot-wpp a partir do ecosystem.config.js…
[2026-06-23 15:04:39] Salvando lista de processos do PM2…
[2026-06-23 15:04:40] === Sincronização concluída ===
[2026-07-02 13:19:36] === Iniciando sincronização ===
[2026-07-02 13:19:36] Descartando alterações locais no package.json/package-lock.json/linux_maintenance.sh para evitar conflitos de git pull…
[2026-07-02 13:19:37] Atualizando código…
Updating c8b15da..4d81d9b
Fast-forward
 PROJECT_MEMORY.md              | 33 ++++++++++++++--------
 src/bot/commands/ban.ts        | 62 ++++++++++++++++++++++------------------
 src/bot/commands/index.ts      | 64 ++++++++++++++++++++++++------------------
 src/services/autoModService.ts | 10 +++++--
 src/services/permissions.ts    | 29 +++++++++++--------
 5 files changed, 119 insertions(+), 79 deletions(-)
[2026-07-02 13:19:41] Instalando dependências (npm ci)…
[2026-07-02 15:29:05] === Iniciando sincronização ===
[2026-07-02 15:29:05] Descartando alterações locais no package.json/package-lock.json/linux_maintenance.sh para evitar conflitos de git pull…
[2026-07-02 15:29:05] Atualizando código…
Already up to date.
[2026-07-02 15:29:06] Instalando dependências (npm ci)…
[2026-07-02 15:33:09] === Iniciando sincronização ===
[2026-07-02 15:33:09] Descartando alterações locais no package.json/package-lock.json/linux_maintenance.sh para evitar conflitos de git pull…
[2026-07-02 15:33:09] Atualizando código…
Updating 4d81d9b..5c45952
Fast-forward
 src/bot/commands/ban.ts | 73 +++++++++++++++++++++++++------------------------
 1 file changed, 37 insertions(+), 36 deletions(-)
[2026-07-02 15:33:10] Instalando dependências (npm ci)…
[2026-07-10 16:33:48] === Iniciando sincronização ===
[2026-07-10 16:33:48] Descartando alterações locais no package.json/package-lock.json/linux_maintenance.sh para evitar conflitos de git pull…
[2026-07-10 16:33:48] Atualizando código…
Already up to date.
[2026-07-10 16:33:50] Instalando dependências (npm ci)…

added 764 packages, and audited 765 packages in 43s

128 packages are looking for funding
  run `npm fund` for details

5 vulnerabilities (1 low, 3 moderate, 1 high)

To address issues that do not require attention, run:
  npm audit fix

To address all issues (including breaking changes), run:
  npm audit fix --force

Run `npm audit` for details.
[2026-07-10 16:34:34] Garantindo Chrome compatível com Puppeteer…
chrome@146.0.7680.31 /home/solanojr/.cache/puppeteer/chrome/linux-146.0.7680.31/chrome-linux64/chrome
[2026-07-10 16:34:37] Compilando projeto (npm run build)…

> bot-wpp@1.0.0 build
> npm run build:relay && npm run build:services && npm run build:bot && npm run build:platforms && npm run build:main && npm run build:core


> bot-wpp@1.0.0 build:relay
> tsup src/relay/server.ts --out-dir dist/relay --format cjs

CLI Building entry: src/relay/server.ts
CLI Using tsconfig: tsconfig.json
CLI tsup v8.5.1
CLI Target: esnext
CJS Build start
CJS dist/relay/server.js 7.51 KB
CJS ⚡️ Build success in 93ms

> bot-wpp@1.0.0 build:services
> tsup src/services/*.ts --out-dir dist/services --format cjs

CLI Building entry: src/services/aiService.ts, src/services/autoModService.test.ts, src/services/autoModService.ts, src/services/commandConfigService.ts, src/services/commandExecutor.ts, src/services/databaseService.ts, src/services/keywordHandler.ts, src/services/loggerService.ts, src/services/messageHandler.ts, src/services/metricsService.ts, src/services/moderationService.ts, src/services/permissions.ts, src/services/queueService.ts, src/services/rateLimiter.ts, src/services/replyService.ts, src/services/usageService.ts, src/services/validationService.ts, src/services/whatsappSingleton.ts
CLI Using tsconfig: tsconfig.json
CLI tsup v8.5.1
CLI Target: esnext
CJS Build start
CJS dist/services/aiService.js            7.34 KB
CJS dist/services/autoModService.js       8.18 KB
CJS dist/services/commandConfigService.js 2.29 KB
CJS dist/services/databaseService.js      3.29 KB
CJS dist/services/commandExecutor.js      6.54 KB
CJS dist/services/keywordHandler.js       3.39 KB
CJS dist/services/loggerService.js        5.30 KB
CJS dist/services/messageHandler.js       11.21 KB
CJS dist/services/metricsService.js       11.21 KB
CJS dist/services/moderationService.js    8.21 KB
CJS dist/services/permissions.js          3.97 KB
CJS dist/services/queueService.js         7.29 KB
CJS dist/services/rateLimiter.js          2.68 KB
CJS dist/services/replyService.js         3.53 KB
CJS dist/services/usageService.js         2.23 KB
CJS dist/services/validationService.js    2.99 KB
CJS dist/services/whatsappSingleton.js    12.43 KB
CJS dist/services/autoModService.test.js  610.20 KB
CJS ⚡️ Build success in 600ms

> bot-wpp@1.0.0 build:bot
> tsup src/bot/index.ts src/bot/config.ts src/bot/customCommands.ts src/bot/relayClient.ts src/bot/commands/*.ts --out-dir dist/bot --format cjs

CLI Building entry: src/bot/config.ts, src/bot/customCommands.ts, src/bot/index.ts, src/bot/relayClient.ts, src/bot/commands/addcmd.ts, src/bot/commands/admin.ts, src/bot/commands/alarme.ts, src/bot/commands/aleatoria.ts, src/bot/commands/aleatoriaData.ts, src/bot/commands/alive.ts, src/bot/commands/antispam.ts, src/bot/commands/antispamStore.ts, src/bot/commands/automod.ts, src/bot/commands/ban.ts, src/bot/commands/banidos.ts, src/bot/commands/bemvindo.ts, src/bot/commands/cantada.ts, src/bot/commands/clima.ts, src/bot/commands/cmdToggle.ts, src/bot/commands/conselho.ts, src/bot/commands/conselhob.ts, src/bot/commands/conselhobData.ts, src/bot/commands/conselhos.ts, src/bot/commands/customCommandsStore.ts, src/bot/commands/feedback.ts, src/bot/commands/forca.ts, src/bot/commands/gameState.ts, src/bot/commands/grupos.ts, src/bot/commands/gtts.ts, src/bot/commands/help.ts, src/bot/commands/index.ts, src/bot/commands/info.ts, src/bot/commands/interacao.ts, src/bot/commands/jogos.ts, src/bot/commands/jokes.ts, src/bot/commands/kick.ts, src/bot/commands/lembrete.ts, src/bot/commands/lists.ts, src/bot/commands/menu.ts, src/bot/commands/migration.ts, src/bot/commands/mute.ts, src/bot/commands/nick.ts, src/bot/commands/noticias.ts, src/bot/commands/ondeestou.ts, src/bot/commands/pergunta.ts, src/bot/commands/piada.ts, src/bot/commands/piadas.ts, src/bot/commands/ping.ts, src/bot/commands/promover.ts, src/bot/commands/sendMessage.ts, src/bot/commands/setwelcome.ts, src/bot/commands/shutdown.ts, src/bot/commands/sorteio.ts, src/bot/commands/stats.ts, src/bot/commands/types.ts, src/bot/commands/velha.ts, src/bot/commands/vote.ts, src/bot/commands/voteSystem.ts, src/bot/commands/welcome.ts
CLI Using tsconfig: tsconfig.json
CLI tsup v8.5.1
CLI Target: esnext
CJS Build start
CJS dist/bot/customCommands.js               1.33 KB
CJS dist/bot/relayClient.js                  2.85 KB
CJS dist/bot/commands/addcmd.js              3.97 KB
CJS dist/bot/config.js                       2.33 KB
CJS dist/bot/commands/aleatoria.js           2.37 KB
CJS dist/bot/commands/aleatoriaData.js       1.87 KB
CJS dist/bot/commands/alarme.js              1.30 KB
CJS dist/bot/commands/admin.js               1.89 KB
CJS dist/bot/commands/antispam.js            2.30 KB
CJS dist/bot/commands/automod.js             4.81 KB
CJS dist/bot/index.js                        134.06 KB
CJS dist/bot/commands/banidos.js             3.89 KB
CJS dist/bot/commands/antispamStore.js       2.40 KB
CJS dist/bot/commands/alive.js               1.38 KB
CJS dist/bot/commands/cantada.js             1.98 KB
CJS dist/bot/commands/clima.js               4.56 KB
CJS dist/bot/commands/cmdToggle.js           3.68 KB
CJS dist/bot/commands/conselho.js            2.41 KB
CJS dist/bot/commands/bemvindo.js            1.36 KB
CJS dist/bot/commands/ban.js                 7.32 KB
CJS dist/bot/commands/conselhos.js           2.06 KB
CJS dist/bot/commands/customCommandsStore.js 4.31 KB
CJS dist/bot/commands/feedback.js            5.17 KB
CJS dist/bot/commands/conselhobData.js       2.08 KB
CJS dist/bot/commands/conselhob.js           2.44 KB
CJS dist/bot/commands/gameState.js           1.19 KB
CJS dist/bot/commands/gtts.js                3.48 KB
CJS dist/bot/commands/help.js                1.74 KB
CJS dist/bot/commands/info.js                1.58 KB
CJS dist/bot/commands/interacao.js           7.82 KB
CJS dist/bot/commands/jogos.js               1.75 KB
CJS dist/bot/commands/jokes.js               2.62 KB
CJS dist/bot/commands/kick.js                5.61 KB
CJS dist/bot/commands/lembrete.js            1.32 KB
CJS dist/bot/commands/index.js               136.31 KB
CJS dist/bot/commands/lists.js               10.43 KB
CJS dist/bot/commands/grupos.js              3.55 KB
CJS dist/bot/commands/forca.js               3.30 KB
CJS dist/bot/commands/mute.js                1.64 KB
CJS dist/bot/commands/nick.js                1.26 KB
CJS dist/bot/commands/noticias.js            7.55 KB
CJS dist/bot/commands/ondeestou.js           2.54 KB
CJS dist/bot/commands/pergunta.js            10.13 KB
CJS dist/bot/commands/ping.js                1.42 KB
CJS dist/bot/commands/menu.js                12.99 KB
CJS dist/bot/commands/migration.js           3.55 KB
CJS dist/bot/commands/sendMessage.js         6.24 KB
CJS dist/bot/commands/setwelcome.js          4.63 KB
CJS dist/bot/commands/sorteio.js             1.28 KB
CJS dist/bot/commands/stats.js               4.92 KB
CJS dist/bot/commands/types.js               771.00 B
CJS dist/bot/commands/velha.js               3.53 KB
CJS dist/bot/commands/vote.js                4.81 KB
CJS dist/bot/commands/voteSystem.js          3.15 KB
CJS dist/bot/commands/welcome.js             4.40 KB
CJS dist/bot/commands/shutdown.js            2.76 KB
CJS dist/bot/commands/promover.js            1.68 KB
CJS dist/bot/commands/piada.js               1.65 KB
CJS dist/bot/commands/piadas.js              2.29 KB
CJS ⚡️ Build success in 397ms

> bot-wpp@1.0.0 build:platforms
> tsup src/platforms/**/*.ts --out-dir dist/platforms --format cjs

CLI Building entry: src/platforms/base/PlatformTypes.ts, src/platforms/discord/DiscordAdapter.ts, src/platforms/whatsapp/WhatsAppAdapter.ts, src/platforms/whatsapp/index.ts, src/platforms/telegram/TelegramAdapter.ts
CLI Using tsconfig: tsconfig.json
CLI tsup v8.5.1
CLI Target: esnext
CJS Build start
CJS dist/platforms/base/PlatformTypes.js       797.00 B
CJS dist/platforms/discord/DiscordAdapter.js   8.27 KB
CJS dist/platforms/whatsapp/WhatsAppAdapter.js 24.06 KB
CJS dist/platforms/whatsapp/index.js           24.07 KB
CJS dist/platforms/telegram/TelegramAdapter.js 6.41 KB
CJS ⚡️ Build success in 39ms

> bot-wpp@1.0.0 build:main
> tsup src/whatsapp.ts --out-dir dist --format cjs

CLI Building entry: src/whatsapp.ts
CLI Using tsconfig: tsconfig.json
CLI tsup v8.5.1
CLI Target: esnext
CJS Build start
CJS dist/whatsapp.js 166.34 KB
CJS ⚡️ Build success in 72ms

> bot-wpp@1.0.0 build:core
> tsup src/core/index.ts src/core/multiPlatform.ts --out-dir dist/core --format cjs

CLI Building entry: src/core/index.ts, src/core/multiPlatform.ts
CLI Using tsconfig: tsconfig.json
CLI tsup v8.5.1
CLI Target: esnext
CJS Build start
CJS dist/core/index.js         150.43 KB
CJS dist/core/multiPlatform.js 150.75 KB
CJS ⚡️ Build success in 77ms
[2026-07-10 16:34:42] Reiniciando bot via PM2…
[2026-07-10 16:34:43] Deletando processo antigo do bot-wpp no PM2…
[2026-07-10 16:34:44] Iniciando bot-wpp a partir do ecosystem.config.js…
[2026-07-10 16:34:45] Salvando lista de processos do PM2…
[2026-07-10 16:34:45] === Sincronização concluída ===
[2026-07-10 16:37:06] === Iniciando sincronização ===
[2026-07-10 16:37:06] Descartando alterações locais no package.json/package-lock.json/linux_maintenance.sh para evitar conflitos de git pull…
[2026-07-10 16:37:06] Atualizando código…
Already up to date.
[2026-07-10 16:37:08] Instalando dependências (npm ci)…

added 764 packages, and audited 765 packages in 32s

128 packages are looking for funding
  run `npm fund` for details

5 vulnerabilities (1 low, 3 moderate, 1 high)

To address issues that do not require attention, run:
  npm audit fix

To address all issues (including breaking changes), run:
  npm audit fix --force

Run `npm audit` for details.
[2026-07-10 16:37:40] Garantindo Chrome compatível com Puppeteer…
chrome@146.0.7680.31 /home/solanojr/.cache/puppeteer/chrome/linux-146.0.7680.31/chrome-linux64/chrome
[2026-07-10 16:37:42] Compilando projeto (npm run build)…

> bot-wpp@1.0.0 build
> npm run build:relay && npm run build:services && npm run build:bot && npm run build:platforms && npm run build:main && npm run build:core


> bot-wpp@1.0.0 build:relay
> tsup src/relay/server.ts --out-dir dist/relay --format cjs

CLI Building entry: src/relay/server.ts
CLI Using tsconfig: tsconfig.json
CLI tsup v8.5.1
CLI Target: esnext
CJS Build start
CJS dist/relay/server.js 7.51 KB
CJS ⚡️ Build success in 127ms

> bot-wpp@1.0.0 build:services
> tsup src/services/*.ts --out-dir dist/services --format cjs

CLI Building entry: src/services/aiService.ts, src/services/autoModService.test.ts, src/services/autoModService.ts, src/services/commandConfigService.ts, src/services/commandExecutor.ts, src/services/databaseService.ts, src/services/keywordHandler.ts, src/services/loggerService.ts, src/services/messageHandler.ts, src/services/metricsService.ts, src/services/moderationService.ts, src/services/permissions.ts, src/services/queueService.ts, src/services/rateLimiter.ts, src/services/replyService.ts, src/services/usageService.ts, src/services/validationService.ts, src/services/whatsappSingleton.ts
CLI Using tsconfig: tsconfig.json
CLI tsup v8.5.1
CLI Target: esnext
CJS Build start
CJS dist/services/aiService.js            7.34 KB
CJS dist/services/autoModService.js       8.18 KB
CJS dist/services/commandConfigService.js 2.29 KB
CJS dist/services/commandExecutor.js      6.54 KB
CJS dist/services/keywordHandler.js       3.39 KB
CJS dist/services/loggerService.js        5.30 KB
CJS dist/services/messageHandler.js       11.21 KB
CJS dist/services/metricsService.js       11.21 KB
CJS dist/services/moderationService.js    8.21 KB
CJS dist/services/permissions.js          3.97 KB
CJS dist/services/queueService.js         7.29 KB
CJS dist/services/rateLimiter.js          2.68 KB
CJS dist/services/databaseService.js      3.29 KB
CJS dist/services/replyService.js         3.53 KB
CJS dist/services/usageService.js         2.23 KB
CJS dist/services/validationService.js    2.99 KB
CJS dist/services/whatsappSingleton.js    12.43 KB
CJS dist/services/autoModService.test.js  610.20 KB
CJS ⚡️ Build success in 724ms

> bot-wpp@1.0.0 build:bot
> tsup src/bot/index.ts src/bot/config.ts src/bot/customCommands.ts src/bot/relayClient.ts src/bot/commands/*.ts --out-dir dist/bot --format cjs

CLI Building entry: src/bot/config.ts, src/bot/customCommands.ts, src/bot/index.ts, src/bot/relayClient.ts, src/bot/commands/addcmd.ts, src/bot/commands/admin.ts, src/bot/commands/alarme.ts, src/bot/commands/aleatoria.ts, src/bot/commands/aleatoriaData.ts, src/bot/commands/alive.ts, src/bot/commands/antispam.ts, src/bot/commands/antispamStore.ts, src/bot/commands/automod.ts, src/bot/commands/ban.ts, src/bot/commands/banidos.ts, src/bot/commands/bemvindo.ts, src/bot/commands/cantada.ts, src/bot/commands/clima.ts, src/bot/commands/cmdToggle.ts, src/bot/commands/conselho.ts, src/bot/commands/conselhob.ts, src/bot/commands/conselhobData.ts, src/bot/commands/conselhos.ts, src/bot/commands/customCommandsStore.ts, src/bot/commands/feedback.ts, src/bot/commands/forca.ts, src/bot/commands/gameState.ts, src/bot/commands/grupos.ts, src/bot/commands/gtts.ts, src/bot/commands/help.ts, src/bot/commands/index.ts, src/bot/commands/info.ts, src/bot/commands/interacao.ts, src/bot/commands/jogos.ts, src/bot/commands/jokes.ts, src/bot/commands/kick.ts, src/bot/commands/lembrete.ts, src/bot/commands/lists.ts, src/bot/commands/menu.ts, src/bot/commands/migration.ts, src/bot/commands/mute.ts, src/bot/commands/nick.ts, src/bot/commands/noticias.ts, src/bot/commands/ondeestou.ts, src/bot/commands/pergunta.ts, src/bot/commands/piada.ts, src/bot/commands/piadas.ts, src/bot/commands/ping.ts, src/bot/commands/promover.ts, src/bot/commands/sendMessage.ts, src/bot/commands/setwelcome.ts, src/bot/commands/shutdown.ts, src/bot/commands/sorteio.ts, src/bot/commands/stats.ts, src/bot/commands/types.ts, src/bot/commands/velha.ts, src/bot/commands/vote.ts, src/bot/commands/voteSystem.ts, src/bot/commands/welcome.ts
CLI Using tsconfig: tsconfig.json
CLI tsup v8.5.1
CLI Target: esnext
CJS Build start
CJS dist/bot/customCommands.js               1.33 KB
CJS dist/bot/config.js                       2.33 KB
CJS dist/bot/commands/addcmd.js              3.97 KB
CJS dist/bot/relayClient.js                  2.85 KB
CJS dist/bot/commands/admin.js               1.89 KB
CJS dist/bot/commands/alarme.js              1.30 KB
CJS dist/bot/commands/aleatoria.js           2.37 KB
CJS dist/bot/commands/aleatoriaData.js       1.87 KB
CJS dist/bot/commands/alive.js               1.38 KB
CJS dist/bot/commands/antispamStore.js       2.40 KB
CJS dist/bot/commands/antispam.js            2.30 KB
CJS dist/bot/index.js                        134.06 KB
CJS dist/bot/commands/ban.js                 7.32 KB
CJS dist/bot/commands/banidos.js             3.89 KB
CJS dist/bot/commands/bemvindo.js            1.36 KB
CJS dist/bot/commands/automod.js             4.81 KB
CJS dist/bot/commands/cmdToggle.js           3.68 KB
CJS dist/bot/commands/conselho.js            2.41 KB
CJS dist/bot/commands/conselhobData.js       2.08 KB
CJS dist/bot/commands/conselhos.js           2.06 KB
CJS dist/bot/commands/customCommandsStore.js 4.31 KB
CJS dist/bot/commands/feedback.js            5.17 KB
CJS dist/bot/commands/forca.js               3.30 KB
CJS dist/bot/commands/gameState.js           1.19 KB
CJS dist/bot/commands/grupos.js              3.55 KB
CJS dist/bot/commands/gtts.js                3.48 KB
CJS dist/bot/commands/help.js                1.74 KB
CJS dist/bot/commands/info.js                1.58 KB
CJS dist/bot/commands/interacao.js           7.82 KB
CJS dist/bot/commands/conselhob.js           2.44 KB
CJS dist/bot/commands/clima.js               4.56 KB
CJS dist/bot/commands/cantada.js             1.98 KB
CJS dist/bot/commands/kick.js                5.61 KB
CJS dist/bot/commands/jokes.js               2.62 KB
CJS dist/bot/commands/lists.js               10.43 KB
CJS dist/bot/commands/jogos.js               1.75 KB
CJS dist/bot/commands/menu.js                12.99 KB
CJS dist/bot/commands/index.js               136.31 KB
CJS dist/bot/commands/lembrete.js            1.32 KB
CJS dist/bot/commands/migration.js           3.55 KB
CJS dist/bot/commands/mute.js                1.64 KB
CJS dist/bot/commands/pergunta.js            10.13 KB
CJS dist/bot/commands/ondeestou.js           2.54 KB
CJS dist/bot/commands/noticias.js            7.55 KB
CJS dist/bot/commands/nick.js                1.26 KB
CJS dist/bot/commands/promover.js            1.68 KB
CJS dist/bot/commands/sendMessage.js         6.24 KB
CJS dist/bot/commands/ping.js                1.42 KB
CJS dist/bot/commands/stats.js               4.92 KB
CJS dist/bot/commands/types.js               771.00 B
CJS dist/bot/commands/velha.js               3.53 KB
CJS dist/bot/commands/vote.js                4.81 KB
CJS dist/bot/commands/voteSystem.js          3.15 KB
CJS dist/bot/commands/welcome.js             4.40 KB
CJS dist/bot/commands/setwelcome.js          4.63 KB
CJS dist/bot/commands/sorteio.js             1.28 KB
CJS dist/bot/commands/shutdown.js            2.76 KB
CJS dist/bot/commands/piada.js               1.65 KB
CJS dist/bot/commands/piadas.js              2.29 KB
CJS ⚡️ Build success in 434ms

> bot-wpp@1.0.0 build:platforms
> tsup src/platforms/**/*.ts --out-dir dist/platforms --format cjs

CLI Building entry: src/platforms/base/PlatformTypes.ts, src/platforms/discord/DiscordAdapter.ts, src/platforms/whatsapp/WhatsAppAdapter.ts, src/platforms/whatsapp/index.ts, src/platforms/telegram/TelegramAdapter.ts
CLI Using tsconfig: tsconfig.json
CLI tsup v8.5.1
CLI Target: esnext
CJS Build start
CJS dist/platforms/base/PlatformTypes.js       797.00 B
CJS dist/platforms/whatsapp/WhatsAppAdapter.js 24.06 KB
CJS dist/platforms/whatsapp/index.js           24.07 KB
CJS dist/platforms/telegram/TelegramAdapter.js 6.41 KB
CJS dist/platforms/discord/DiscordAdapter.js   8.27 KB
CJS ⚡️ Build success in 42ms

> bot-wpp@1.0.0 build:main
> tsup src/whatsapp.ts --out-dir dist --format cjs

CLI Building entry: src/whatsapp.ts
CLI Using tsconfig: tsconfig.json
CLI tsup v8.5.1
CLI Target: esnext
CJS Build start
CJS dist/whatsapp.js 166.34 KB
CJS ⚡️ Build success in 70ms

> bot-wpp@1.0.0 build:core
> tsup src/core/index.ts src/core/multiPlatform.ts --out-dir dist/core --format cjs

CLI Building entry: src/core/index.ts, src/core/multiPlatform.ts
CLI Using tsconfig: tsconfig.json
CLI tsup v8.5.1
CLI Target: esnext
CJS Build start
CJS dist/core/index.js         150.43 KB
CJS dist/core/multiPlatform.js 150.75 KB
CJS ⚡️ Build success in 65ms
[2026-07-10 16:37:47] Reiniciando bot via PM2…
[2026-07-10 16:37:48] Deletando processo antigo do bot-wpp no PM2…
[2026-07-10 16:37:48] Iniciando bot-wpp a partir do ecosystem.config.js…
[2026-07-10 16:37:49] Salvando lista de processos do PM2…
[2026-07-10 16:37:49] === Sincronização concluída ===
[2026-07-10 16:40:36] === Iniciando sincronização ===
[2026-07-10 16:40:36] Descartando alterações locais no package.json/package-lock.json/linux_maintenance.sh para evitar conflitos de git pull…
[2026-07-10 16:40:36] Atualizando código…
Auto-merging .env.example
Auto-merging PROJECT_MEMORY.md
CONFLICT (add/add): Merge conflict in PROJECT_MEMORY.md
Auto-merging docker-compose.yml
CONFLICT (add/add): Merge conflict in docker-compose.yml
Auto-merging package-lock.json
CONFLICT (content): Merge conflict in package-lock.json
Auto-merging package.json
CONFLICT (content): Merge conflict in package.json
Auto-merging src/bot/commands/menu.ts
CONFLICT (content): Merge conflict in src/bot/commands/menu.ts
Auto-merging src/bot/commands/pergunta.ts
CONFLICT (content): Merge conflict in src/bot/commands/pergunta.ts
Auto-merging src/core/index.ts
CONFLICT (content): Merge conflict in src/core/index.ts
Auto-merging src/relay/server.ts
CONFLICT (content): Merge conflict in src/relay/server.ts
Auto-merging src/services/aiService.ts
CONFLICT (content): Merge conflict in src/services/aiService.ts
Auto-merging src/services/databaseService.ts
CONFLICT (content): Merge conflict in src/services/databaseService.ts
Auto-merging src/services/messageHandler.ts
CONFLICT (content): Merge conflict in src/services/messageHandler.ts
Auto-merging src/services/permissions.ts
CONFLICT (content): Merge conflict in src/services/permissions.ts
Auto-merging src/shared/types.ts
CONFLICT (content): Merge conflict in src/shared/types.ts
Auto-merging tests/unit/permissions.test.ts
CONFLICT (content): Merge conflict in tests/unit/permissions.test.ts
Automatic merge failed; fix conflicts and then commit the result.
When finished, apply stashed changes with `git stash pop`
[2026-08-03 14:04:26] === Iniciando sincronização ===
[2026-08-03 14:04:26] Descartando alterações locais no package.json/package-lock.json/linux_maintenance.sh para evitar conflitos de git pull…
[2026-08-03 14:04:27] Atualizando código…
Updating 769ed52..1efdb57
[2026-08-03 14:04:35] === Iniciando sincronização ===
[2026-08-03 14:04:35] Descartando alterações locais no package.json/package-lock.json/linux_maintenance.sh para evitar conflitos de git pull…
[2026-08-03 14:04:35] Atualizando código…
Updating 769ed52..1efdb57
Fast-forward
 TODO.md                                    |   23 +
 node_modules/whatsapp-web.js/src/Client.js | 3463 ++++++++++++++++++++++++++++
 src/core/bootServices.ts                   |  265 +++
 3 files changed, 3751 insertions(+)
 create mode 100644 TODO.md
 create mode 100644 node_modules/whatsapp-web.js/src/Client.js
 create mode 100644 src/core/bootServices.ts
[2026-08-03 14:04:36] Instalando dependências (npm ci)…

added 764 packages, and audited 765 packages in 33s

128 packages are looking for funding
  run `npm fund` for details

8 vulnerabilities (1 low, 2 moderate, 4 high, 1 critical)

To address all issues, run:
  npm audit fix

Run `npm audit` for details.
[2026-08-03 14:05:10] Garantindo Chrome compatível com Puppeteer…
chrome@146.0.7680.31 /home/solanojr/.cache/puppeteer/chrome/linux-146.0.7680.31/chrome-linux64/chrome
[2026-08-03 14:05:10] Compilando projeto (npm run build)…

> bot-wpp@1.0.0 build
> npm run build:relay && npm run build:services && npm run build:bot && npm run build:platforms && npm run build:main && npm run build:core


> bot-wpp@1.0.0 build:relay
> tsup src/relay/server.ts --out-dir dist/relay --format cjs

CLI Building entry: src/relay/server.ts
CLI Using tsconfig: tsconfig.json
CLI tsup v8.5.1
CLI Target: esnext
CJS Build start
CJS dist/relay/server.js 7.51 KB
CJS ⚡️ Build success in 36ms

> bot-wpp@1.0.0 build:services
> tsup src/services/*.ts --out-dir dist/services --format cjs

CLI Building entry: src/services/aiService.ts, src/services/autoModService.test.ts, src/services/autoModService.ts, src/services/commandConfigService.ts, src/services/commandExecutor.ts, src/services/databaseService.ts, src/services/keywordHandler.ts, src/services/loggerService.ts, src/services/messageHandler.ts, src/services/metricsService.ts, src/services/moderationService.ts, src/services/permissions.ts, src/services/queueService.ts, src/services/rateLimiter.ts, src/services/replyService.ts, src/services/usageService.ts, src/services/validationService.ts, src/services/whatsappSingleton.ts
CLI Using tsconfig: tsconfig.json
CLI tsup v8.5.1
CLI Target: esnext
CJS Build start
CJS dist/services/aiService.js            7.34 KB
CJS dist/services/autoModService.js       8.18 KB
CJS dist/services/commandConfigService.js 2.29 KB
CJS dist/services/commandExecutor.js      6.54 KB
CJS dist/services/databaseService.js      3.29 KB
CJS dist/services/keywordHandler.js       3.39 KB
CJS dist/services/metricsService.js       11.21 KB
CJS dist/services/loggerService.js        5.30 KB
CJS dist/services/messageHandler.js       11.21 KB
CJS dist/services/permissions.js          3.97 KB
CJS dist/services/queueService.js         7.29 KB
CJS dist/services/rateLimiter.js          2.68 KB
CJS dist/services/replyService.js         3.53 KB
CJS dist/services/usageService.js         2.23 KB
CJS dist/services/validationService.js    2.99 KB
CJS dist/services/moderationService.js    8.21 KB
CJS dist/services/whatsappSingleton.js    12.43 KB
CJS dist/services/autoModService.test.js  610.20 KB
CJS ⚡️ Build success in 171ms

> bot-wpp@1.0.0 build:bot
> tsup src/bot/index.ts src/bot/config.ts src/bot/customCommands.ts src/bot/relayClient.ts src/bot/commands/*.ts --out-dir dist/bot --format cjs

CLI Building entry: src/bot/config.ts, src/bot/customCommands.ts, src/bot/index.ts, src/bot/relayClient.ts, src/bot/commands/addcmd.ts, src/bot/commands/admin.ts, src/bot/commands/alarme.ts, src/bot/commands/aleatoria.ts, src/bot/commands/aleatoriaData.ts, src/bot/commands/alive.ts, src/bot/commands/antispam.ts, src/bot/commands/antispamStore.ts, src/bot/commands/automod.ts, src/bot/commands/ban.ts, src/bot/commands/banidos.ts, src/bot/commands/bemvindo.ts, src/bot/commands/cantada.ts, src/bot/commands/clima.ts, src/bot/commands/cmdToggle.ts, src/bot/commands/conselho.ts, src/bot/commands/conselhob.ts, src/bot/commands/conselhobData.ts, src/bot/commands/conselhos.ts, src/bot/commands/customCommandsStore.ts, src/bot/commands/feedback.ts, src/bot/commands/forca.ts, src/bot/commands/gameState.ts, src/bot/commands/grupos.ts, src/bot/commands/gtts.ts, src/bot/commands/help.ts, src/bot/commands/index.ts, src/bot/commands/info.ts, src/bot/commands/interacao.ts, src/bot/commands/jogos.ts, src/bot/commands/jokes.ts, src/bot/commands/kick.ts, src/bot/commands/lembrete.ts, src/bot/commands/lists.ts, src/bot/commands/menu.ts, src/bot/commands/migration.ts, src/bot/commands/mute.ts, src/bot/commands/nick.ts, src/bot/commands/noticias.ts, src/bot/commands/ondeestou.ts, src/bot/commands/pergunta.ts, src/bot/commands/piada.ts, src/bot/commands/piadas.ts, src/bot/commands/ping.ts, src/bot/commands/promover.ts, src/bot/commands/sendMessage.ts, src/bot/commands/setwelcome.ts, src/bot/commands/shutdown.ts, src/bot/commands/sorteio.ts, src/bot/commands/stats.ts, src/bot/commands/types.ts, src/bot/commands/velha.ts, src/bot/commands/vote.ts, src/bot/commands/voteSystem.ts, src/bot/commands/welcome.ts
CLI Using tsconfig: tsconfig.json
CLI tsup v8.5.1
CLI Target: esnext
CJS Build start
CJS dist/bot/config.js                       2.33 KB
CJS dist/bot/customCommands.js               1.33 KB
CJS dist/bot/relayClient.js                  2.85 KB
CJS dist/bot/commands/addcmd.js              3.97 KB
CJS dist/bot/commands/aleatoria.js           2.37 KB
CJS dist/bot/commands/admin.js               1.89 KB
CJS dist/bot/commands/alive.js               1.38 KB
CJS dist/bot/commands/aleatoriaData.js       1.87 KB
CJS dist/bot/commands/antispam.js            2.30 KB
CJS dist/bot/commands/alarme.js              1.30 KB
CJS dist/bot/commands/automod.js             4.81 KB
CJS dist/bot/commands/ban.js                 8.91 KB
CJS dist/bot/commands/bemvindo.js            1.36 KB
CJS dist/bot/commands/antispamStore.js       2.40 KB
CJS dist/bot/commands/cmdToggle.js           3.68 KB
CJS dist/bot/commands/cantada.js             1.98 KB
CJS dist/bot/commands/clima.js               4.56 KB
CJS dist/bot/commands/banidos.js             3.89 KB
CJS dist/bot/commands/conselhobData.js       2.08 KB
CJS dist/bot/commands/conselho.js            2.41 KB
CJS dist/bot/commands/conselhos.js           2.06 KB
CJS dist/bot/commands/conselhob.js           2.44 KB
CJS dist/bot/commands/gameState.js           1.19 KB
CJS dist/bot/commands/customCommandsStore.js 4.31 KB
CJS dist/bot/commands/feedback.js            5.17 KB
CJS dist/bot/commands/forca.js               3.30 KB
CJS dist/bot/commands/info.js                1.58 KB
CJS dist/bot/commands/help.js                1.74 KB
CJS dist/bot/commands/interacao.js           7.82 KB
CJS dist/bot/commands/grupos.js              3.55 KB
CJS dist/bot/commands/gtts.js                3.48 KB
CJS dist/bot/commands/kick.js                7.07 KB
CJS dist/bot/commands/lembrete.js            1.32 KB
CJS dist/bot/commands/jokes.js               2.62 KB
CJS dist/bot/commands/jogos.js               1.75 KB
CJS dist/bot/commands/menu.js                12.99 KB
CJS dist/bot/commands/lists.js               10.43 KB
CJS dist/bot/commands/mute.js                1.64 KB
CJS dist/bot/commands/migration.js           3.56 KB
CJS dist/bot/commands/nick.js                1.26 KB
CJS dist/bot/commands/ondeestou.js           2.54 KB
CJS dist/bot/commands/piada.js               1.65 KB
CJS dist/bot/commands/noticias.js            7.55 KB
CJS dist/bot/commands/pergunta.js            10.13 KB
CJS dist/bot/commands/piadas.js              2.29 KB
CJS dist/bot/commands/ping.js                1.42 KB
CJS dist/bot/commands/promover.js            1.68 KB
CJS dist/bot/commands/shutdown.js            2.76 KB
CJS dist/bot/commands/stats.js               4.92 KB
CJS dist/bot/commands/sorteio.js             1.28 KB
CJS dist/bot/commands/sendMessage.js         6.24 KB
CJS dist/bot/commands/setwelcome.js          4.63 KB
CJS dist/bot/commands/vote.js                4.81 KB
CJS dist/bot/commands/types.js               771.00 B
CJS dist/bot/commands/voteSystem.js          3.15 KB
CJS dist/bot/commands/velha.js               3.53 KB
CJS dist/bot/commands/welcome.js             4.40 KB
CJS dist/bot/index.js                        144.33 KB
CJS dist/bot/commands/index.js               146.57 KB
CJS ⚡️ Build success in 209ms

> bot-wpp@1.0.0 build:platforms
> tsup src/platforms/**/*.ts --out-dir dist/platforms --format cjs

CLI Building entry: src/platforms/base/PlatformTypes.ts, src/platforms/discord/DiscordAdapter.ts, src/platforms/whatsapp/WhatsAppAdapter.ts, src/platforms/whatsapp/index.ts, src/platforms/telegram/TelegramAdapter.ts
CLI Using tsconfig: tsconfig.json
CLI tsup v8.5.1
CLI Target: esnext
CJS Build start
CJS dist/platforms/base/PlatformTypes.js       797.00 B
CJS dist/platforms/discord/DiscordAdapter.js   9.40 KB
CJS dist/platforms/whatsapp/WhatsAppAdapter.js 29.22 KB
CJS dist/platforms/telegram/TelegramAdapter.js 8.52 KB
CJS dist/platforms/whatsapp/index.js           29.23 KB
CJS ⚡️ Build success in 42ms

> bot-wpp@1.0.0 build:main
> tsup src/whatsapp.ts --out-dir dist --format cjs

CLI Building entry: src/whatsapp.ts
CLI Using tsconfig: tsconfig.json
CLI tsup v8.5.1
CLI Target: esnext
CJS Build start
CJS dist/whatsapp.js 176.60 KB
CJS ⚡️ Build success in 66ms

> bot-wpp@1.0.0 build:core
> tsup src/core/index.ts src/core/multiPlatform.ts --out-dir dist/core --format cjs

CLI Building entry: src/core/index.ts, src/core/multiPlatform.ts
CLI Using tsconfig: tsconfig.json
CLI tsup v8.5.1
CLI Target: esnext
CJS Build start
CJS dist/core/index.js         182.38 KB
CJS dist/core/multiPlatform.js 182.70 KB
CJS ⚡️ Build success in 81ms
[2026-08-03 14:05:14] Reiniciando bot via PM2…
[2026-08-03 14:05:15] Deletando processo antigo do bot-wpp no PM2…
[2026-08-03 14:05:16] Iniciando bot-wpp a partir do ecosystem.config.js…
[2026-08-03 14:05:16] Salvando lista de processos do PM2…
[2026-08-03 14:05:17] === Sincronização concluída ===
[2026-08-03 14:13:26] === Iniciando sincronização ===
[2026-08-03 14:13:26] Descartando alterações locais no package.json/package-lock.json/linux_maintenance.sh para evitar conflitos de git pull…
[2026-08-03 14:13:26] Atualizando código…
Updating 1efdb57..334704c
Created autostash: d2a84b5
Fast-forward
 .../whatsapp-web.js/src/util/Injected/Utils.js     | 1747 ++++++++++++++++++++
 1 file changed, 1747 insertions(+)
 create mode 100644 node_modules/whatsapp-web.js/src/util/Injected/Utils.js
[2026-08-03 14:13:29] Instalando dependências (npm ci)…

added 764 packages, and audited 765 packages in 27s

128 packages are looking for funding
  run `npm fund` for details

8 vulnerabilities (1 low, 2 moderate, 4 high, 1 critical)

To address all issues, run:
  npm audit fix

Run `npm audit` for details.
[2026-08-03 14:13:56] Garantindo Chrome compatível com Puppeteer…
chrome@146.0.7680.31 /home/solanojr/.cache/puppeteer/chrome/linux-146.0.7680.31/chrome-linux64/chrome
[2026-08-03 14:13:57] Compilando projeto (npm run build)…

> bot-wpp@1.0.0 build
> npm run build:relay && npm run build:services && npm run build:bot && npm run build:platforms && npm run build:main && npm run build:core


> bot-wpp@1.0.0 build:relay
> tsup src/relay/server.ts --out-dir dist/relay --format cjs

CLI Building entry: src/relay/server.ts
CLI Using tsconfig: tsconfig.json
CLI tsup v8.5.1
CLI Target: esnext
CJS Build start
CJS dist/relay/server.js 7.51 KB
CJS ⚡️ Build success in 36ms

> bot-wpp@1.0.0 build:services
> tsup src/services/*.ts --out-dir dist/services --format cjs

CLI Building entry: src/services/aiService.ts, src/services/autoModService.test.ts, src/services/autoModService.ts, src/services/commandConfigService.ts, src/services/commandExecutor.ts, src/services/databaseService.ts, src/services/keywordHandler.ts, src/services/loggerService.ts, src/services/messageHandler.ts, src/services/metricsService.ts, src/services/moderationService.ts, src/services/permissions.ts, src/services/queueService.ts, src/services/rateLimiter.ts, src/services/replyService.ts, src/services/usageService.ts, src/services/validationService.ts, src/services/whatsappSingleton.ts
CLI Using tsconfig: tsconfig.json
CLI tsup v8.5.1
CLI Target: esnext
CJS Build start
CJS dist/services/aiService.js            7.34 KB
CJS dist/services/commandExecutor.js      6.54 KB
CJS dist/services/commandConfigService.js 2.29 KB
CJS dist/services/keywordHandler.js       3.39 KB
CJS dist/services/autoModService.js       8.18 KB
CJS dist/services/messageHandler.js       11.21 KB
CJS dist/services/databaseService.js      3.29 KB
CJS dist/services/metricsService.js       11.21 KB
CJS dist/services/loggerService.js        5.30 KB
CJS dist/services/moderationService.js    8.21 KB
CJS dist/services/permissions.js          3.97 KB
CJS dist/services/queueService.js         7.29 KB
CJS dist/services/rateLimiter.js          2.68 KB
CJS dist/services/replyService.js         3.53 KB
CJS dist/services/usageService.js         2.23 KB
CJS dist/services/validationService.js    2.99 KB
CJS dist/services/whatsappSingleton.js    12.43 KB
CJS dist/services/autoModService.test.js  610.20 KB
CJS ⚡️ Build success in 397ms

> bot-wpp@1.0.0 build:bot
> tsup src/bot/index.ts src/bot/config.ts src/bot/customCommands.ts src/bot/relayClient.ts src/bot/commands/*.ts --out-dir dist/bot --format cjs

CLI Building entry: src/bot/config.ts, src/bot/customCommands.ts, src/bot/index.ts, src/bot/relayClient.ts, src/bot/commands/addcmd.ts, src/bot/commands/admin.ts, src/bot/commands/alarme.ts, src/bot/commands/aleatoria.ts, src/bot/commands/aleatoriaData.ts, src/bot/commands/alive.ts, src/bot/commands/antispam.ts, src/bot/commands/antispamStore.ts, src/bot/commands/automod.ts, src/bot/commands/ban.ts, src/bot/commands/banidos.ts, src/bot/commands/bemvindo.ts, src/bot/commands/cantada.ts, src/bot/commands/clima.ts, src/bot/commands/cmdToggle.ts, src/bot/commands/conselho.ts, src/bot/commands/conselhob.ts, src/bot/commands/conselhobData.ts, src/bot/commands/conselhos.ts, src/bot/commands/customCommandsStore.ts, src/bot/commands/feedback.ts, src/bot/commands/forca.ts, src/bot/commands/gameState.ts, src/bot/commands/grupos.ts, src/bot/commands/gtts.ts, src/bot/commands/help.ts, src/bot/commands/index.ts, src/bot/commands/info.ts, src/bot/commands/interacao.ts, src/bot/commands/jogos.ts, src/bot/commands/jokes.ts, src/bot/commands/kick.ts, src/bot/commands/lembrete.ts, src/bot/commands/lists.ts, src/bot/commands/menu.ts, src/bot/commands/migration.ts, src/bot/commands/mute.ts, src/bot/commands/nick.ts, src/bot/commands/noticias.ts, src/bot/commands/ondeestou.ts, src/bot/commands/pergunta.ts, src/bot/commands/piada.ts, src/bot/commands/piadas.ts, src/bot/commands/ping.ts, src/bot/commands/promover.ts, src/bot/commands/sendMessage.ts, src/bot/commands/setwelcome.ts, src/bot/commands/shutdown.ts, src/bot/commands/sorteio.ts, src/bot/commands/stats.ts, src/bot/commands/types.ts, src/bot/commands/velha.ts, src/bot/commands/vote.ts, src/bot/commands/voteSystem.ts, src/bot/commands/welcome.ts
CLI Using tsconfig: tsconfig.json
CLI tsup v8.5.1
CLI Target: esnext
CJS Build start
CJS dist/bot/customCommands.js               1.33 KB
CJS dist/bot/config.js                       2.33 KB
CJS dist/bot/relayClient.js                  2.85 KB
CJS dist/bot/commands/addcmd.js              3.97 KB
CJS dist/bot/commands/admin.js               1.89 KB
CJS dist/bot/commands/alarme.js              1.30 KB
CJS dist/bot/commands/aleatoria.js           2.37 KB
CJS dist/bot/commands/alive.js               1.38 KB
CJS dist/bot/commands/antispam.js            2.30 KB
CJS dist/bot/commands/antispamStore.js       2.40 KB
CJS dist/bot/index.js                        144.33 KB
CJS dist/bot/commands/aleatoriaData.js       1.87 KB
CJS dist/bot/commands/automod.js             4.81 KB
CJS dist/bot/commands/banidos.js             3.89 KB
CJS dist/bot/commands/bemvindo.js            1.36 KB
CJS dist/bot/commands/ban.js                 8.91 KB
CJS dist/bot/commands/cantada.js             1.98 KB
CJS dist/bot/commands/clima.js               4.56 KB
CJS dist/bot/commands/conselho.js            2.41 KB
CJS dist/bot/commands/cmdToggle.js           3.68 KB
CJS dist/bot/commands/conselhobData.js       2.08 KB
CJS dist/bot/commands/customCommandsStore.js 4.31 KB
CJS dist/bot/commands/conselhos.js           2.06 KB
CJS dist/bot/commands/feedback.js            5.17 KB
CJS dist/bot/commands/conselhob.js           2.44 KB
CJS dist/bot/commands/forca.js               3.30 KB
CJS dist/bot/commands/gameState.js           1.19 KB
CJS dist/bot/commands/grupos.js              3.55 KB
CJS dist/bot/commands/gtts.js                3.48 KB
CJS dist/bot/commands/help.js                1.74 KB
CJS dist/bot/commands/interacao.js           7.82 KB
CJS dist/bot/commands/info.js                1.58 KB
CJS dist/bot/commands/jogos.js               1.75 KB
CJS dist/bot/commands/jokes.js               2.62 KB
CJS dist/bot/commands/kick.js                7.07 KB
CJS dist/bot/commands/index.js               146.57 KB
CJS dist/bot/commands/lembrete.js            1.32 KB
CJS dist/bot/commands/lists.js               10.43 KB
CJS dist/bot/commands/menu.js                12.99 KB
CJS dist/bot/commands/mute.js                1.64 KB
CJS dist/bot/commands/migration.js           3.56 KB
CJS dist/bot/commands/nick.js                1.26 KB
CJS dist/bot/commands/ondeestou.js           2.54 KB
CJS dist/bot/commands/noticias.js            7.55 KB
CJS dist/bot/commands/piada.js               1.65 KB
CJS dist/bot/commands/ping.js                1.42 KB
CJS dist/bot/commands/promover.js            1.68 KB
CJS dist/bot/commands/sendMessage.js         6.24 KB
CJS dist/bot/commands/setwelcome.js          4.63 KB
CJS dist/bot/commands/stats.js               4.92 KB
CJS dist/bot/commands/sorteio.js             1.28 KB
CJS dist/bot/commands/shutdown.js            2.76 KB
CJS dist/bot/commands/types.js               771.00 B
CJS dist/bot/commands/velha.js               3.53 KB
CJS dist/bot/commands/vote.js                4.81 KB
CJS dist/bot/commands/welcome.js             4.40 KB
CJS dist/bot/commands/voteSystem.js          3.15 KB
CJS dist/bot/commands/piadas.js              2.29 KB
CJS dist/bot/commands/pergunta.js            10.13 KB
CJS ⚡️ Build success in 189ms

> bot-wpp@1.0.0 build:platforms
> tsup src/platforms/**/*.ts --out-dir dist/platforms --format cjs

CLI Building entry: src/platforms/base/PlatformTypes.ts, src/platforms/discord/DiscordAdapter.ts, src/platforms/whatsapp/WhatsAppAdapter.ts, src/platforms/whatsapp/index.ts, src/platforms/telegram/TelegramAdapter.ts
CLI Using tsconfig: tsconfig.json
CLI tsup v8.5.1
CLI Target: esnext
CJS Build start
CJS dist/platforms/base/PlatformTypes.js       797.00 B
CJS dist/platforms/whatsapp/WhatsAppAdapter.js 29.22 KB
CJS dist/platforms/whatsapp/index.js           29.23 KB
CJS dist/platforms/telegram/TelegramAdapter.js 8.52 KB
CJS dist/platforms/discord/DiscordAdapter.js   9.40 KB
CJS ⚡️ Build success in 30ms

> bot-wpp@1.0.0 build:main
> tsup src/whatsapp.ts --out-dir dist --format cjs

CLI Building entry: src/whatsapp.ts
CLI Using tsconfig: tsconfig.json
CLI tsup v8.5.1
CLI Target: esnext
CJS Build start
CJS dist/whatsapp.js 176.60 KB
CJS ⚡️ Build success in 62ms

> bot-wpp@1.0.0 build:core
> tsup src/core/index.ts src/core/multiPlatform.ts --out-dir dist/core --format cjs

CLI Building entry: src/core/index.ts, src/core/multiPlatform.ts
CLI Using tsconfig: tsconfig.json
CLI tsup v8.5.1
CLI Target: esnext
CJS Build start
CJS dist/core/index.js         182.38 KB
CJS dist/core/multiPlatform.js 182.70 KB
CJS ⚡️ Build success in 159ms
[2026-08-03 14:14:01] Reiniciando bot via PM2…
[2026-08-03 14:14:02] Deletando processo antigo do bot-wpp no PM2…
[2026-08-03 14:14:03] Iniciando bot-wpp a partir do ecosystem.config.js…
[2026-08-03 14:14:04] Salvando lista de processos do PM2…
[2026-08-03 14:14:04] === Sincronização concluída ===
[2026-08-03 14:16:28] === Iniciando sincronização ===
[2026-08-03 14:16:28] Descartando alterações locais no package.json/package-lock.json/linux_maintenance.sh para evitar conflitos de git pull…
[2026-08-03 14:16:29] Atualizando código…
Updating 334704c..3c4a42c
Created autostash: e8e2e07
Fast-forward
 src/services/autoModService.ts | 9 ++++++++-
 1 file changed, 8 insertions(+), 1 deletion(-)
[2026-08-03 14:16:34] Instalando dependências (npm ci)…

added 764 packages, and audited 765 packages in 42s

128 packages are looking for funding
  run `npm fund` for details

8 vulnerabilities (1 low, 2 moderate, 4 high, 1 critical)

To address all issues, run:
  npm audit fix

Run `npm audit` for details.
[2026-08-03 14:17:17] Garantindo Chrome compatível com Puppeteer…
chrome@146.0.7680.31 /home/solanojr/.cache/puppeteer/chrome/linux-146.0.7680.31/chrome-linux64/chrome
[2026-08-03 14:17:19] Compilando projeto (npm run build)…

> bot-wpp@1.0.0 build
> npm run build:relay && npm run build:services && npm run build:bot && npm run build:platforms && npm run build:main && npm run build:core


> bot-wpp@1.0.0 build:relay
> tsup src/relay/server.ts --out-dir dist/relay --format cjs

CLI Building entry: src/relay/server.ts
CLI Using tsconfig: tsconfig.json
CLI tsup v8.5.1
CLI Target: esnext
CJS Build start
CJS dist/relay/server.js 7.51 KB
CJS ⚡️ Build success in 54ms

> bot-wpp@1.0.0 build:services
> tsup src/services/*.ts --out-dir dist/services --format cjs

CLI Building entry: src/services/aiService.ts, src/services/autoModService.test.ts, src/services/autoModService.ts, src/services/commandConfigService.ts, src/services/commandExecutor.ts, src/services/databaseService.ts, src/services/keywordHandler.ts, src/services/loggerService.ts, src/services/messageHandler.ts, src/services/metricsService.ts, src/services/moderationService.ts, src/services/permissions.ts, src/services/queueService.ts, src/services/rateLimiter.ts, src/services/replyService.ts, src/services/usageService.ts, src/services/validationService.ts, src/services/whatsappSingleton.ts
CLI Using tsconfig: tsconfig.json
CLI tsup v8.5.1
CLI Target: esnext
CJS Build start
CJS dist/services/aiService.js            7.34 KB
CJS dist/services/commandExecutor.js      6.54 KB
CJS dist/services/commandConfigService.js 2.29 KB
CJS dist/services/databaseService.js      3.29 KB
CJS dist/services/loggerService.js        5.30 KB
CJS dist/services/messageHandler.js       11.36 KB
CJS dist/services/keywordHandler.js       3.39 KB
CJS dist/services/metricsService.js       11.21 KB
CJS dist/services/moderationService.js    8.21 KB
CJS dist/services/permissions.js          3.97 KB
CJS dist/services/queueService.js         7.29 KB
CJS dist/services/rateLimiter.js          2.68 KB
CJS dist/services/replyService.js         3.53 KB
CJS dist/services/usageService.js         2.23 KB
CJS dist/services/autoModService.js       8.34 KB
CJS dist/services/validationService.js    2.99 KB
CJS dist/services/whatsappSingleton.js    12.43 KB
CJS dist/services/autoModService.test.js  610.20 KB
CJS ⚡️ Build success in 536ms

> bot-wpp@1.0.0 build:bot
> tsup src/bot/index.ts src/bot/config.ts src/bot/customCommands.ts src/bot/relayClient.ts src/bot/commands/*.ts --out-dir dist/bot --format cjs

CLI Building entry: src/bot/config.ts, src/bot/customCommands.ts, src/bot/index.ts, src/bot/relayClient.ts, src/bot/commands/addcmd.ts, src/bot/commands/admin.ts, src/bot/commands/alarme.ts, src/bot/commands/aleatoria.ts, src/bot/commands/aleatoriaData.ts, src/bot/commands/alive.ts, src/bot/commands/antispam.ts, src/bot/commands/antispamStore.ts, src/bot/commands/automod.ts, src/bot/commands/ban.ts, src/bot/commands/banidos.ts, src/bot/commands/bemvindo.ts, src/bot/commands/cantada.ts, src/bot/commands/clima.ts, src/bot/commands/cmdToggle.ts, src/bot/commands/conselho.ts, src/bot/commands/conselhob.ts, src/bot/commands/conselhobData.ts, src/bot/commands/conselhos.ts, src/bot/commands/customCommandsStore.ts, src/bot/commands/feedback.ts, src/bot/commands/forca.ts, src/bot/commands/gameState.ts, src/bot/commands/grupos.ts, src/bot/commands/gtts.ts, src/bot/commands/help.ts, src/bot/commands/index.ts, src/bot/commands/info.ts, src/bot/commands/interacao.ts, src/bot/commands/jogos.ts, src/bot/commands/jokes.ts, src/bot/commands/kick.ts, src/bot/commands/lembrete.ts, src/bot/commands/lists.ts, src/bot/commands/menu.ts, src/bot/commands/migration.ts, src/bot/commands/mute.ts, src/bot/commands/nick.ts, src/bot/commands/noticias.ts, src/bot/commands/ondeestou.ts, src/bot/commands/pergunta.ts, src/bot/commands/piada.ts, src/bot/commands/piadas.ts, src/bot/commands/ping.ts, src/bot/commands/promover.ts, src/bot/commands/sendMessage.ts, src/bot/commands/setwelcome.ts, src/bot/commands/shutdown.ts, src/bot/commands/sorteio.ts, src/bot/commands/stats.ts, src/bot/commands/types.ts, src/bot/commands/velha.ts, src/bot/commands/vote.ts, src/bot/commands/voteSystem.ts, src/bot/commands/welcome.ts
CLI Using tsconfig: tsconfig.json
CLI tsup v8.5.1
CLI Target: esnext
CJS Build start
CJS dist/bot/config.js                       2.33 KB
CJS dist/bot/customCommands.js               1.33 KB
CJS dist/bot/index.js                        144.48 KB
CJS dist/bot/relayClient.js                  2.85 KB
CJS dist/bot/commands/addcmd.js              3.97 KB
CJS dist/bot/commands/admin.js               1.89 KB
CJS dist/bot/commands/aleatoriaData.js       1.87 KB
CJS dist/bot/commands/alive.js               1.38 KB
CJS dist/bot/commands/aleatoria.js           2.37 KB
CJS dist/bot/commands/alarme.js              1.30 KB
CJS dist/bot/commands/antispamStore.js       2.40 KB
CJS dist/bot/commands/ban.js                 8.91 KB
CJS dist/bot/commands/banidos.js             3.89 KB
CJS dist/bot/commands/automod.js             4.81 KB
CJS dist/bot/commands/antispam.js            2.30 KB
CJS dist/bot/commands/cantada.js             1.98 KB
CJS dist/bot/commands/cmdToggle.js           3.68 KB
CJS dist/bot/commands/clima.js               4.56 KB
CJS dist/bot/commands/bemvindo.js            1.36 KB
CJS dist/bot/commands/conselhob.js           2.44 KB
CJS dist/bot/commands/conselhos.js           2.06 KB
CJS dist/bot/commands/conselhobData.js       2.08 KB
CJS dist/bot/commands/conselho.js            2.41 KB
CJS dist/bot/commands/feedback.js            5.17 KB
CJS dist/bot/commands/gameState.js           1.19 KB
CJS dist/bot/commands/forca.js               3.30 KB
CJS dist/bot/commands/customCommandsStore.js 4.31 KB
CJS dist/bot/commands/gtts.js                3.48 KB
CJS dist/bot/commands/index.js               146.73 KB
CJS dist/bot/commands/info.js                1.58 KB
CJS dist/bot/commands/help.js                1.74 KB
CJS dist/bot/commands/grupos.js              3.55 KB
CJS dist/bot/commands/jokes.js               2.62 KB
CJS dist/bot/commands/kick.js                7.07 KB
CJS dist/bot/commands/lembrete.js            1.32 KB
CJS dist/bot/commands/lists.js               10.43 KB
CJS dist/bot/commands/menu.js                13.14 KB
CJS dist/bot/commands/jogos.js               1.75 KB
CJS dist/bot/commands/interacao.js           7.82 KB
CJS dist/bot/commands/nick.js                1.26 KB
CJS dist/bot/commands/noticias.js            7.55 KB
CJS dist/bot/commands/ondeestou.js           2.54 KB
CJS dist/bot/commands/ping.js                1.42 KB
CJS dist/bot/commands/promover.js            1.68 KB
CJS dist/bot/commands/sendMessage.js         6.24 KB
CJS dist/bot/commands/setwelcome.js          4.63 KB
CJS dist/bot/commands/shutdown.js            2.76 KB
CJS dist/bot/commands/sorteio.js             1.28 KB
CJS dist/bot/commands/stats.js               4.92 KB
CJS dist/bot/commands/types.js               771.00 B
CJS dist/bot/commands/velha.js               3.53 KB
CJS dist/bot/commands/vote.js                4.81 KB
CJS dist/bot/commands/voteSystem.js          3.15 KB
CJS dist/bot/commands/welcome.js             4.40 KB
CJS dist/bot/commands/migration.js           3.56 KB
CJS dist/bot/commands/mute.js                1.64 KB
CJS dist/bot/commands/piada.js               1.65 KB
CJS dist/bot/commands/pergunta.js            10.13 KB
CJS dist/bot/commands/piadas.js              2.29 KB
CJS ⚡️ Build success in 142ms

> bot-wpp@1.0.0 build:platforms
> tsup src/platforms/**/*.ts --out-dir dist/platforms --format cjs

CLI Building entry: src/platforms/base/PlatformTypes.ts, src/platforms/discord/DiscordAdapter.ts, src/platforms/whatsapp/WhatsAppAdapter.ts, src/platforms/whatsapp/index.ts, src/platforms/telegram/TelegramAdapter.ts
CLI Using tsconfig: tsconfig.json
CLI tsup v8.5.1
CLI Target: esnext
CJS Build start
CJS dist/platforms/base/PlatformTypes.js       797.00 B
CJS dist/platforms/whatsapp/WhatsAppAdapter.js 29.38 KB
CJS dist/platforms/whatsapp/index.js           29.39 KB
CJS dist/platforms/telegram/TelegramAdapter.js 8.52 KB
CJS dist/platforms/discord/DiscordAdapter.js   9.40 KB
CJS ⚡️ Build success in 32ms

> bot-wpp@1.0.0 build:main
> tsup src/whatsapp.ts --out-dir dist --format cjs

CLI Building entry: src/whatsapp.ts
CLI Using tsconfig: tsconfig.json
CLI tsup v8.5.1
CLI Target: esnext
CJS Build start
CJS dist/whatsapp.js 176.76 KB
CJS ⚡️ Build success in 63ms

> bot-wpp@1.0.0 build:core
> tsup src/core/index.ts src/core/multiPlatform.ts --out-dir dist/core --format cjs

CLI Building entry: src/core/index.ts, src/core/multiPlatform.ts
CLI Using tsconfig: tsconfig.json
CLI tsup v8.5.1
CLI Target: esnext
CJS Build start
CJS dist/core/multiPlatform.js 182.86 KB
CJS dist/core/index.js         182.54 KB
CJS ⚡️ Build success in 96ms
[2026-08-03 14:17:24] Reiniciando bot via PM2…
[2026-08-03 14:17:25] Deletando processo antigo do bot-wpp no PM2…
[2026-08-03 14:17:26] Iniciando bot-wpp a partir do ecosystem.config.js…
[2026-08-03 14:17:26] Salvando lista de processos do PM2…
[2026-08-03 14:17:26] === Sincronização concluída ===
[2026-08-03 14:20:05] === Iniciando sincronização ===
[2026-08-03 14:20:05] Descartando alterações locais no package.json/package-lock.json/linux_maintenance.sh para evitar conflitos de git pull…
[2026-08-03 14:20:05] Atualizando código…
Updating 3c4a42c..b8bab81
Created autostash: 6207e81
Fast-forward
 src/services/autoModService.ts | 24 ++++++++++++++++++------
 1 file changed, 18 insertions(+), 6 deletions(-)
[2026-08-03 14:20:08] Instalando dependências (npm ci)…

added 764 packages, and audited 765 packages in 41s

128 packages are looking for funding
  run `npm fund` for details

8 vulnerabilities (1 low, 2 moderate, 4 high, 1 critical)

To address all issues, run:
  npm audit fix

Run `npm audit` for details.
[2026-08-03 14:20:50] Garantindo Chrome compatível com Puppeteer…
chrome@146.0.7680.31 /home/solanojr/.cache/puppeteer/chrome/linux-146.0.7680.31/chrome-linux64/chrome
[2026-08-03 14:20:52] Compilando projeto (npm run build)…

> bot-wpp@1.0.0 build
> npm run build:relay && npm run build:services && npm run build:bot && npm run build:platforms && npm run build:main && npm run build:core


> bot-wpp@1.0.0 build:relay
> tsup src/relay/server.ts --out-dir dist/relay --format cjs

CLI Building entry: src/relay/server.ts
CLI Using tsconfig: tsconfig.json
CLI tsup v8.5.1
CLI Target: esnext
CJS Build start
CJS dist/relay/server.js 7.51 KB
CJS ⚡️ Build success in 62ms

> bot-wpp@1.0.0 build:services
> tsup src/services/*.ts --out-dir dist/services --format cjs

CLI Building entry: src/services/aiService.ts, src/services/autoModService.test.ts, src/services/autoModService.ts, src/services/commandConfigService.ts, src/services/commandExecutor.ts, src/services/databaseService.ts, src/services/keywordHandler.ts, src/services/loggerService.ts, src/services/messageHandler.ts, src/services/metricsService.ts, src/services/moderationService.ts, src/services/permissions.ts, src/services/queueService.ts, src/services/rateLimiter.ts, src/services/replyService.ts, src/services/usageService.ts, src/services/validationService.ts, src/services/whatsappSingleton.ts
CLI Using tsconfig: tsconfig.json
CLI tsup v8.5.1
CLI Target: esnext
CJS Build start
CJS dist/services/aiService.js            7.34 KB
CJS dist/services/autoModService.js       8.75 KB
CJS dist/services/commandConfigService.js 2.29 KB
CJS dist/services/commandExecutor.js      6.54 KB
CJS dist/services/keywordHandler.js       3.39 KB
CJS dist/services/loggerService.js        5.30 KB
CJS dist/services/messageHandler.js       11.78 KB
CJS dist/services/databaseService.js      3.29 KB
CJS dist/services/metricsService.js       11.21 KB
CJS dist/services/moderationService.js    8.21 KB
CJS dist/services/queueService.js         7.29 KB
CJS dist/services/permissions.js          3.97 KB
CJS dist/services/replyService.js         3.53 KB
CJS dist/services/rateLimiter.js          2.68 KB
CJS dist/services/usageService.js         2.23 KB
CJS dist/services/validationService.js    2.99 KB
CJS dist/services/whatsappSingleton.js    12.43 KB
CJS dist/services/autoModService.test.js  610.20 KB
CJS ⚡️ Build success in 582ms

> bot-wpp@1.0.0 build:bot
> tsup src/bot/index.ts src/bot/config.ts src/bot/customCommands.ts src/bot/relayClient.ts src/bot/commands/*.ts --out-dir dist/bot --format cjs

CLI Building entry: src/bot/config.ts, src/bot/customCommands.ts, src/bot/index.ts, src/bot/relayClient.ts, src/bot/commands/addcmd.ts, src/bot/commands/admin.ts, src/bot/commands/alarme.ts, src/bot/commands/aleatoria.ts, src/bot/commands/aleatoriaData.ts, src/bot/commands/alive.ts, src/bot/commands/antispam.ts, src/bot/commands/antispamStore.ts, src/bot/commands/automod.ts, src/bot/commands/ban.ts, src/bot/commands/banidos.ts, src/bot/commands/bemvindo.ts, src/bot/commands/cantada.ts, src/bot/commands/clima.ts, src/bot/commands/cmdToggle.ts, src/bot/commands/conselho.ts, src/bot/commands/conselhob.ts, src/bot/commands/conselhobData.ts, src/bot/commands/conselhos.ts, src/bot/commands/customCommandsStore.ts, src/bot/commands/feedback.ts, src/bot/commands/forca.ts, src/bot/commands/gameState.ts, src/bot/commands/grupos.ts, src/bot/commands/gtts.ts, src/bot/commands/help.ts, src/bot/commands/index.ts, src/bot/commands/info.ts, src/bot/commands/interacao.ts, src/bot/commands/jogos.ts, src/bot/commands/jokes.ts, src/bot/commands/kick.ts, src/bot/commands/lembrete.ts, src/bot/commands/lists.ts, src/bot/commands/menu.ts, src/bot/commands/migration.ts, src/bot/commands/mute.ts, src/bot/commands/nick.ts, src/bot/commands/noticias.ts, src/bot/commands/ondeestou.ts, src/bot/commands/pergunta.ts, src/bot/commands/piada.ts, src/bot/commands/piadas.ts, src/bot/commands/ping.ts, src/bot/commands/promover.ts, src/bot/commands/sendMessage.ts, src/bot/commands/setwelcome.ts, src/bot/commands/shutdown.ts, src/bot/commands/sorteio.ts, src/bot/commands/stats.ts, src/bot/commands/types.ts, src/bot/commands/velha.ts, src/bot/commands/vote.ts, src/bot/commands/voteSystem.ts, src/bot/commands/welcome.ts
CLI Using tsconfig: tsconfig.json
CLI tsup v8.5.1
CLI Target: esnext
CJS Build start
CJS dist/bot/customCommands.js               1.33 KB
CJS dist/bot/config.js                       2.33 KB
CJS dist/bot/relayClient.js                  2.85 KB
CJS dist/bot/commands/addcmd.js              3.97 KB
CJS dist/bot/commands/admin.js               1.89 KB
CJS dist/bot/commands/aleatoria.js           2.37 KB
CJS dist/bot/commands/aleatoriaData.js       1.87 KB
CJS dist/bot/commands/alarme.js              1.30 KB
CJS dist/bot/commands/alive.js               1.38 KB
CJS dist/bot/commands/antispam.js            2.30 KB
CJS dist/bot/commands/antispamStore.js       2.40 KB
CJS dist/bot/commands/automod.js             4.81 KB
CJS dist/bot/commands/ban.js                 8.91 KB
CJS dist/bot/index.js                        144.90 KB
CJS dist/bot/commands/banidos.js             3.89 KB
CJS dist/bot/commands/bemvindo.js            1.36 KB
CJS dist/bot/commands/cantada.js             1.98 KB
CJS dist/bot/commands/cmdToggle.js           3.68 KB
CJS dist/bot/commands/clima.js               4.56 KB
CJS dist/bot/commands/conselho.js            2.41 KB
CJS dist/bot/commands/conselhob.js           2.44 KB
CJS dist/bot/commands/conselhobData.js       2.08 KB
CJS dist/bot/commands/conselhos.js           2.06 KB
CJS dist/bot/commands/customCommandsStore.js 4.31 KB
CJS dist/bot/commands/feedback.js            5.17 KB
CJS dist/bot/commands/gameState.js           1.19 KB
CJS dist/bot/commands/grupos.js              3.55 KB
CJS dist/bot/commands/gtts.js                3.48 KB
CJS dist/bot/commands/forca.js               3.30 KB
CJS dist/bot/commands/help.js                1.74 KB
CJS dist/bot/commands/info.js                1.58 KB
CJS dist/bot/commands/interacao.js           7.82 KB
CJS dist/bot/commands/jogos.js               1.75 KB
CJS dist/bot/commands/jokes.js               2.62 KB
CJS dist/bot/commands/kick.js                7.07 KB
CJS dist/bot/commands/lembrete.js            1.32 KB
CJS dist/bot/commands/lists.js               10.43 KB
CJS dist/bot/commands/index.js               147.14 KB
CJS dist/bot/commands/menu.js                13.56 KB
CJS dist/bot/commands/migration.js           3.56 KB
CJS dist/bot/commands/mute.js                1.64 KB
CJS dist/bot/commands/nick.js                1.26 KB
CJS dist/bot/commands/noticias.js            7.55 KB
CJS dist/bot/commands/ondeestou.js           2.54 KB
CJS dist/bot/commands/ping.js                1.42 KB
CJS dist/bot/commands/promover.js            1.68 KB
CJS dist/bot/commands/sendMessage.js         6.24 KB
CJS dist/bot/commands/piadas.js              2.29 KB
CJS dist/bot/commands/setwelcome.js          4.63 KB
CJS dist/bot/commands/sorteio.js             1.28 KB
CJS dist/bot/commands/shutdown.js            2.76 KB
CJS dist/bot/commands/stats.js               4.92 KB
CJS dist/bot/commands/types.js               771.00 B
CJS dist/bot/commands/velha.js               3.53 KB
CJS dist/bot/commands/vote.js                4.81 KB
CJS dist/bot/commands/voteSystem.js          3.15 KB
CJS dist/bot/commands/welcome.js             4.40 KB
CJS dist/bot/commands/piada.js               1.65 KB
CJS dist/bot/commands/pergunta.js            10.13 KB
CJS ⚡️ Build success in 167ms

> bot-wpp@1.0.0 build:platforms
> tsup src/platforms/**/*.ts --out-dir dist/platforms --format cjs

CLI Building entry: src/platforms/base/PlatformTypes.ts, src/platforms/discord/DiscordAdapter.ts, src/platforms/whatsapp/WhatsAppAdapter.ts, src/platforms/whatsapp/index.ts, src/platforms/telegram/TelegramAdapter.ts
CLI Using tsconfig: tsconfig.json
CLI tsup v8.5.1
CLI Target: esnext
CJS Build start
CJS dist/platforms/base/PlatformTypes.js       797.00 B
CJS dist/platforms/whatsapp/WhatsAppAdapter.js 29.79 KB
CJS dist/platforms/whatsapp/index.js           29.81 KB
CJS dist/platforms/telegram/TelegramAdapter.js 8.52 KB
CJS dist/platforms/discord/DiscordAdapter.js   9.40 KB
CJS ⚡️ Build success in 37ms

> bot-wpp@1.0.0 build:main
> tsup src/whatsapp.ts --out-dir dist --format cjs

CLI Building entry: src/whatsapp.ts
CLI Using tsconfig: tsconfig.json
CLI tsup v8.5.1
CLI Target: esnext
CJS Build start
CJS dist/whatsapp.js 177.18 KB
CJS ⚡️ Build success in 65ms

> bot-wpp@1.0.0 build:core
> tsup src/core/index.ts src/core/multiPlatform.ts --out-dir dist/core --format cjs

CLI Building entry: src/core/index.ts, src/core/multiPlatform.ts
CLI Using tsconfig: tsconfig.json
CLI tsup v8.5.1
CLI Target: esnext
CJS Build start
CJS dist/core/index.js         182.95 KB
CJS dist/core/multiPlatform.js 183.28 KB
CJS ⚡️ Build success in 95ms
[2026-08-03 14:20:57] Reiniciando bot via PM2…
[2026-08-03 14:20:58] Deletando processo antigo do bot-wpp no PM2…
[2026-08-03 14:20:59] Iniciando bot-wpp a partir do ecosystem.config.js…
[2026-08-03 14:20:59] Salvando lista de processos do PM2…
[2026-08-03 14:21:00] === Sincronização concluída ===
[2026-08-03 14:22:51] === Iniciando sincronização ===
[2026-08-03 14:22:51] Descartando alterações locais no package.json/package-lock.json/linux_maintenance.sh para evitar conflitos de git pull…
[2026-08-03 14:22:52] Atualizando código…
Updating b8bab81..cbe97a5
Created autostash: 763d736
Fast-forward
 src/services/autoModService.ts | 15 +++++++++++++--
 1 file changed, 13 insertions(+), 2 deletions(-)
[2026-08-03 14:22:56] Instalando dependências (npm ci)…

added 764 packages, and audited 765 packages in 48s

128 packages are looking for funding
  run `npm fund` for details

8 vulnerabilities (1 low, 2 moderate, 4 high, 1 critical)

To address all issues, run:
  npm audit fix

Run `npm audit` for details.
[2026-08-03 14:23:45] Garantindo Chrome compatível com Puppeteer…
chrome@146.0.7680.31 /home/solanojr/.cache/puppeteer/chrome/linux-146.0.7680.31/chrome-linux64/chrome
[2026-08-03 14:23:47] Compilando projeto (npm run build)…

> bot-wpp@1.0.0 build
> npm run build:relay && npm run build:services && npm run build:bot && npm run build:platforms && npm run build:main && npm run build:core


> bot-wpp@1.0.0 build:relay
> tsup src/relay/server.ts --out-dir dist/relay --format cjs

CLI Building entry: src/relay/server.ts
CLI Using tsconfig: tsconfig.json
CLI tsup v8.5.1
CLI Target: esnext
CJS Build start
CJS dist/relay/server.js 7.51 KB
CJS ⚡️ Build success in 69ms

> bot-wpp@1.0.0 build:services
> tsup src/services/*.ts --out-dir dist/services --format cjs

CLI Building entry: src/services/aiService.ts, src/services/autoModService.test.ts, src/services/autoModService.ts, src/services/commandConfigService.ts, src/services/commandExecutor.ts, src/services/databaseService.ts, src/services/keywordHandler.ts, src/services/loggerService.ts, src/services/messageHandler.ts, src/services/metricsService.ts, src/services/moderationService.ts, src/services/permissions.ts, src/services/queueService.ts, src/services/rateLimiter.ts, src/services/replyService.ts, src/services/usageService.ts, src/services/validationService.ts, src/services/whatsappSingleton.ts
CLI Using tsconfig: tsconfig.json
CLI tsup v8.5.1
CLI Target: esnext
CJS Build start
CJS dist/services/aiService.js            7.34 KB
CJS dist/services/autoModService.js       9.44 KB
CJS dist/services/commandConfigService.js 2.29 KB
CJS dist/services/commandExecutor.js      6.54 KB
CJS dist/services/databaseService.js      3.29 KB
CJS dist/services/loggerService.js        5.30 KB
CJS dist/services/keywordHandler.js       3.39 KB
CJS dist/services/messageHandler.js       12.47 KB
CJS dist/services/permissions.js          3.97 KB
CJS dist/services/moderationService.js    8.21 KB
CJS dist/services/metricsService.js       11.21 KB
CJS dist/services/queueService.js         7.29 KB
CJS dist/services/rateLimiter.js          2.68 KB
CJS dist/services/replyService.js         3.53 KB
CJS dist/services/usageService.js         2.23 KB
CJS dist/services/validationService.js    2.99 KB
CJS dist/services/whatsappSingleton.js    12.43 KB
CJS dist/services/autoModService.test.js  610.20 KB
CJS ⚡️ Build success in 1202ms

> bot-wpp@1.0.0 build:bot
> tsup src/bot/index.ts src/bot/config.ts src/bot/customCommands.ts src/bot/relayClient.ts src/bot/commands/*.ts --out-dir dist/bot --format cjs

CLI Building entry: src/bot/config.ts, src/bot/customCommands.ts, src/bot/index.ts, src/bot/relayClient.ts, src/bot/commands/addcmd.ts, src/bot/commands/admin.ts, src/bot/commands/alarme.ts, src/bot/commands/aleatoria.ts, src/bot/commands/aleatoriaData.ts, src/bot/commands/alive.ts, src/bot/commands/antispam.ts, src/bot/commands/antispamStore.ts, src/bot/commands/automod.ts, src/bot/commands/ban.ts, src/bot/commands/banidos.ts, src/bot/commands/bemvindo.ts, src/bot/commands/cantada.ts, src/bot/commands/clima.ts, src/bot/commands/cmdToggle.ts, src/bot/commands/conselho.ts, src/bot/commands/conselhob.ts, src/bot/commands/conselhobData.ts, src/bot/commands/conselhos.ts, src/bot/commands/customCommandsStore.ts, src/bot/commands/feedback.ts, src/bot/commands/forca.ts, src/bot/commands/gameState.ts, src/bot/commands/grupos.ts, src/bot/commands/gtts.ts, src/bot/commands/help.ts, src/bot/commands/index.ts, src/bot/commands/info.ts, src/bot/commands/interacao.ts, src/bot/commands/jogos.ts, src/bot/commands/jokes.ts, src/bot/commands/kick.ts, src/bot/commands/lembrete.ts, src/bot/commands/lists.ts, src/bot/commands/menu.ts, src/bot/commands/migration.ts, src/bot/commands/mute.ts, src/bot/commands/nick.ts, src/bot/commands/noticias.ts, src/bot/commands/ondeestou.ts, src/bot/commands/pergunta.ts, src/bot/commands/piada.ts, src/bot/commands/piadas.ts, src/bot/commands/ping.ts, src/bot/commands/promover.ts, src/bot/commands/sendMessage.ts, src/bot/commands/setwelcome.ts, src/bot/commands/shutdown.ts, src/bot/commands/sorteio.ts, src/bot/commands/stats.ts, src/bot/commands/types.ts, src/bot/commands/velha.ts, src/bot/commands/vote.ts, src/bot/commands/voteSystem.ts, src/bot/commands/welcome.ts
CLI Using tsconfig: tsconfig.json
CLI tsup v8.5.1
CLI Target: esnext
CJS Build start
CJS dist/bot/commands/addcmd.js              3.97 KB
CJS dist/bot/commands/admin.js               1.89 KB
CJS dist/bot/commands/alarme.js              1.30 KB
CJS dist/bot/commands/aleatoria.js           2.37 KB
CJS dist/bot/commands/aleatoriaData.js       1.87 KB
CJS dist/bot/customCommands.js               1.33 KB
CJS dist/bot/config.js                       2.33 KB
CJS dist/bot/relayClient.js                  2.85 KB
CJS dist/bot/commands/alive.js               1.38 KB
CJS dist/bot/commands/antispam.js            2.30 KB
CJS dist/bot/commands/antispamStore.js       2.40 KB
CJS dist/bot/commands/automod.js             4.81 KB
CJS dist/bot/index.js                        145.59 KB
CJS dist/bot/commands/banidos.js             3.89 KB
CJS dist/bot/commands/ban.js                 8.91 KB
CJS dist/bot/commands/bemvindo.js            1.36 KB
CJS dist/bot/commands/cantada.js             1.98 KB
CJS dist/bot/commands/clima.js               4.56 KB
CJS dist/bot/commands/cmdToggle.js           3.68 KB
CJS dist/bot/commands/conselho.js            2.41 KB
CJS dist/bot/commands/conselhobData.js       2.08 KB
CJS dist/bot/commands/conselhos.js           2.06 KB
CJS dist/bot/commands/customCommandsStore.js 4.31 KB
CJS dist/bot/commands/feedback.js            5.17 KB
CJS dist/bot/commands/forca.js               3.30 KB
CJS dist/bot/commands/gameState.js           1.19 KB
CJS dist/bot/commands/grupos.js              3.55 KB
CJS dist/bot/commands/gtts.js                3.48 KB
CJS dist/bot/commands/help.js                1.74 KB
CJS dist/bot/commands/info.js                1.58 KB
CJS dist/bot/commands/interacao.js           7.82 KB
CJS dist/bot/commands/jogos.js               1.75 KB
CJS dist/bot/commands/jokes.js               2.62 KB
CJS dist/bot/commands/kick.js                7.07 KB
CJS dist/bot/commands/lembrete.js            1.32 KB
CJS dist/bot/commands/lists.js               10.43 KB
CJS dist/bot/commands/index.js               147.83 KB
CJS dist/bot/commands/menu.js                14.25 KB
CJS dist/bot/commands/migration.js           3.56 KB
CJS dist/bot/commands/mute.js                1.64 KB
CJS dist/bot/commands/nick.js                1.26 KB
CJS dist/bot/commands/noticias.js            7.55 KB
CJS dist/bot/commands/ondeestou.js           2.54 KB
CJS dist/bot/commands/piadas.js              2.29 KB
CJS dist/bot/commands/ping.js                1.42 KB
CJS dist/bot/commands/promover.js            1.68 KB
CJS dist/bot/commands/sendMessage.js         6.24 KB
CJS dist/bot/commands/setwelcome.js          4.63 KB
CJS dist/bot/commands/shutdown.js            2.76 KB
CJS dist/bot/commands/sorteio.js             1.28 KB
CJS dist/bot/commands/stats.js               4.92 KB
CJS dist/bot/commands/types.js               771.00 B
CJS dist/bot/commands/velha.js               3.53 KB
CJS dist/bot/commands/vote.js                4.81 KB
CJS dist/bot/commands/voteSystem.js          3.15 KB
CJS dist/bot/commands/welcome.js             4.40 KB
CJS dist/bot/commands/conselhob.js           2.44 KB
CJS dist/bot/commands/pergunta.js            10.13 KB
CJS dist/bot/commands/piada.js               1.65 KB
CJS ⚡️ Build success in 191ms

> bot-wpp@1.0.0 build:platforms
> tsup src/platforms/**/*.ts --out-dir dist/platforms --format cjs

CLI Building entry: src/platforms/base/PlatformTypes.ts, src/platforms/discord/DiscordAdapter.ts, src/platforms/whatsapp/WhatsAppAdapter.ts, src/platforms/whatsapp/index.ts, src/platforms/telegram/TelegramAdapter.ts
CLI Using tsconfig: tsconfig.json
CLI tsup v8.5.1
CLI Target: esnext
CJS Build start
CJS dist/platforms/whatsapp/WhatsAppAdapter.js 30.48 KB
CJS dist/platforms/whatsapp/index.js           30.50 KB
CJS dist/platforms/telegram/TelegramAdapter.js 8.52 KB
CJS dist/platforms/base/PlatformTypes.js       797.00 B
CJS dist/platforms/discord/DiscordAdapter.js   9.40 KB
CJS ⚡️ Build success in 40ms

> bot-wpp@1.0.0 build:main
> tsup src/whatsapp.ts --out-dir dist --format cjs

CLI Building entry: src/whatsapp.ts
CLI Using tsconfig: tsconfig.json
CLI tsup v8.5.1
CLI Target: esnext
CJS Build start
CJS dist/whatsapp.js 177.87 KB
CJS ⚡️ Build success in 60ms

> bot-wpp@1.0.0 build:core
> tsup src/core/index.ts src/core/multiPlatform.ts --out-dir dist/core --format cjs

CLI Building entry: src/core/index.ts, src/core/multiPlatform.ts
CLI Using tsconfig: tsconfig.json
CLI tsup v8.5.1
CLI Target: esnext
CJS Build start
CJS dist/core/index.js         183.64 KB
CJS dist/core/multiPlatform.js 183.97 KB
CJS ⚡️ Build success in 155ms
[2026-08-03 14:23:54] Reiniciando bot via PM2…
[2026-08-03 14:23:55] Deletando processo antigo do bot-wpp no PM2…
[2026-08-03 14:23:56] Iniciando bot-wpp a partir do ecosystem.config.js…
[2026-08-03 14:23:56] Salvando lista de processos do PM2…
[2026-08-03 14:23:56] === Sincronização concluída ===
[2026-08-03 14:26:30] === Iniciando sincronização ===
[2026-08-03 14:26:30] Descartando alterações locais no package.json/package-lock.json/linux_maintenance.sh para evitar conflitos de git pull…
[2026-08-03 14:26:30] Atualizando código…
Updating cbe97a5..da8e67d
Created autostash: e64bdc0
Fast-forward
 src/services/autoModService.ts | 6 ++++--
 1 file changed, 4 insertions(+), 2 deletions(-)
[2026-08-03 14:26:34] Instalando dependências (npm ci)…

added 764 packages, and audited 765 packages in 36s

128 packages are looking for funding
  run `npm fund` for details

8 vulnerabilities (1 low, 2 moderate, 4 high, 1 critical)

To address all issues, run:
  npm audit fix

Run `npm audit` for details.
[2026-08-03 14:27:10] Garantindo Chrome compatível com Puppeteer…
chrome@146.0.7680.31 /home/solanojr/.cache/puppeteer/chrome/linux-146.0.7680.31/chrome-linux64/chrome
[2026-08-03 14:27:13] Compilando projeto (npm run build)…

> bot-wpp@1.0.0 build
> npm run build:relay && npm run build:services && npm run build:bot && npm run build:platforms && npm run build:main && npm run build:core


> bot-wpp@1.0.0 build:relay
> tsup src/relay/server.ts --out-dir dist/relay --format cjs

CLI Building entry: src/relay/server.ts
CLI Using tsconfig: tsconfig.json
CLI tsup v8.5.1
CLI Target: esnext
CJS Build start
CJS dist/relay/server.js 7.51 KB
CJS ⚡️ Build success in 54ms

> bot-wpp@1.0.0 build:services
> tsup src/services/*.ts --out-dir dist/services --format cjs

CLI Building entry: src/services/aiService.ts, src/services/autoModService.test.ts, src/services/autoModService.ts, src/services/commandConfigService.ts, src/services/commandExecutor.ts, src/services/databaseService.ts, src/services/keywordHandler.ts, src/services/loggerService.ts, src/services/messageHandler.ts, src/services/metricsService.ts, src/services/moderationService.ts, src/services/permissions.ts, src/services/queueService.ts, src/services/rateLimiter.ts, src/services/replyService.ts, src/services/usageService.ts, src/services/validationService.ts, src/services/whatsappSingleton.ts
CLI Using tsconfig: tsconfig.json
CLI tsup v8.5.1
CLI Target: esnext
CJS Build start
CJS dist/services/autoModService.js       9.64 KB
CJS dist/services/aiService.js            7.34 KB
CJS dist/services/commandConfigService.js 2.29 KB
CJS dist/services/commandExecutor.js      6.54 KB
CJS dist/services/databaseService.js      3.29 KB
CJS dist/services/loggerService.js        5.30 KB
CJS dist/services/messageHandler.js       12.67 KB
CJS dist/services/metricsService.js       11.21 KB
CJS dist/services/keywordHandler.js       3.39 KB
CJS dist/services/moderationService.js    8.21 KB
CJS dist/services/queueService.js         7.29 KB
CJS dist/services/permissions.js          3.97 KB
CJS dist/services/rateLimiter.js          2.68 KB
CJS dist/services/replyService.js         3.53 KB
CJS dist/services/validationService.js    2.99 KB
CJS dist/services/usageService.js         2.23 KB
CJS dist/services/whatsappSingleton.js    12.43 KB
CJS dist/services/autoModService.test.js  610.20 KB
CJS ⚡️ Build success in 569ms

> bot-wpp@1.0.0 build:bot
> tsup src/bot/index.ts src/bot/config.ts src/bot/customCommands.ts src/bot/relayClient.ts src/bot/commands/*.ts --out-dir dist/bot --format cjs

CLI Building entry: src/bot/config.ts, src/bot/customCommands.ts, src/bot/index.ts, src/bot/relayClient.ts, src/bot/commands/addcmd.ts, src/bot/commands/admin.ts, src/bot/commands/alarme.ts, src/bot/commands/aleatoria.ts, src/bot/commands/aleatoriaData.ts, src/bot/commands/alive.ts, src/bot/commands/antispam.ts, src/bot/commands/antispamStore.ts, src/bot/commands/automod.ts, src/bot/commands/ban.ts, src/bot/commands/banidos.ts, src/bot/commands/bemvindo.ts, src/bot/commands/cantada.ts, src/bot/commands/clima.ts, src/bot/commands/cmdToggle.ts, src/bot/commands/conselho.ts, src/bot/commands/conselhob.ts, src/bot/commands/conselhobData.ts, src/bot/commands/conselhos.ts, src/bot/commands/customCommandsStore.ts, src/bot/commands/feedback.ts, src/bot/commands/forca.ts, src/bot/commands/gameState.ts, src/bot/commands/grupos.ts, src/bot/commands/gtts.ts, src/bot/commands/help.ts, src/bot/commands/index.ts, src/bot/commands/info.ts, src/bot/commands/interacao.ts, src/bot/commands/jogos.ts, src/bot/commands/jokes.ts, src/bot/commands/kick.ts, src/bot/commands/lembrete.ts, src/bot/commands/lists.ts, src/bot/commands/menu.ts, src/bot/commands/migration.ts, src/bot/commands/mute.ts, src/bot/commands/nick.ts, src/bot/commands/noticias.ts, src/bot/commands/ondeestou.ts, src/bot/commands/pergunta.ts, src/bot/commands/piada.ts, src/bot/commands/piadas.ts, src/bot/commands/ping.ts, src/bot/commands/promover.ts, src/bot/commands/sendMessage.ts, src/bot/commands/setwelcome.ts, src/bot/commands/shutdown.ts, src/bot/commands/sorteio.ts, src/bot/commands/stats.ts, src/bot/commands/types.ts, src/bot/commands/velha.ts, src/bot/commands/vote.ts, src/bot/commands/voteSystem.ts, src/bot/commands/welcome.ts
CLI Using tsconfig: tsconfig.json
CLI tsup v8.5.1
CLI Target: esnext
CJS Build start
CJS dist/bot/config.js                       2.33 KB
CJS dist/bot/customCommands.js               1.33 KB
CJS dist/bot/relayClient.js                  2.85 KB
CJS dist/bot/commands/addcmd.js              3.97 KB
CJS dist/bot/commands/admin.js               1.89 KB
CJS dist/bot/commands/alarme.js              1.30 KB
CJS dist/bot/commands/aleatoria.js           2.37 KB
CJS dist/bot/commands/alive.js               1.38 KB
CJS dist/bot/commands/antispamStore.js       2.40 KB
CJS dist/bot/commands/automod.js             4.81 KB
CJS dist/bot/commands/banidos.js             3.89 KB
CJS dist/bot/commands/ban.js                 8.91 KB
CJS dist/bot/commands/bemvindo.js            1.36 KB
CJS dist/bot/index.js                        145.79 KB
CJS dist/bot/commands/cantada.js             1.98 KB
CJS dist/bot/commands/clima.js               4.56 KB
CJS dist/bot/commands/aleatoriaData.js       1.87 KB
CJS dist/bot/commands/antispam.js            2.30 KB
CJS dist/bot/commands/conselhob.js           2.44 KB
CJS dist/bot/commands/conselhobData.js       2.08 KB
CJS dist/bot/commands/conselhos.js           2.06 KB
CJS dist/bot/commands/customCommandsStore.js 4.31 KB
CJS dist/bot/commands/forca.js               3.30 KB
CJS dist/bot/commands/feedback.js            5.17 KB
CJS dist/bot/commands/cmdToggle.js           3.68 KB
CJS dist/bot/commands/conselho.js            2.41 KB
CJS dist/bot/commands/gtts.js                3.48 KB
CJS dist/bot/commands/grupos.js              3.55 KB
CJS dist/bot/commands/gameState.js           1.19 KB
CJS dist/bot/commands/jogos.js               1.75 KB
CJS dist/bot/commands/interacao.js           7.82 KB
CJS dist/bot/commands/jokes.js               2.62 KB
CJS dist/bot/commands/kick.js                7.07 KB
CJS dist/bot/commands/lembrete.js            1.32 KB
CJS dist/bot/commands/lists.js               10.43 KB
CJS dist/bot/commands/migration.js           3.56 KB
CJS dist/bot/commands/index.js               148.03 KB
CJS dist/bot/commands/menu.js                14.45 KB
CJS dist/bot/commands/mute.js                1.64 KB
CJS dist/bot/commands/nick.js                1.26 KB
CJS dist/bot/commands/noticias.js            7.55 KB
CJS dist/bot/commands/info.js                1.58 KB
CJS dist/bot/commands/help.js                1.74 KB
CJS dist/bot/commands/ondeestou.js           2.54 KB
CJS dist/bot/commands/promover.js            1.68 KB
CJS dist/bot/commands/setwelcome.js          4.63 KB
CJS dist/bot/commands/sendMessage.js         6.24 KB
CJS dist/bot/commands/shutdown.js            2.76 KB
CJS dist/bot/commands/stats.js               4.92 KB
CJS dist/bot/commands/sorteio.js             1.28 KB
CJS dist/bot/commands/ping.js                1.42 KB
CJS dist/bot/commands/piadas.js              2.29 KB
CJS dist/bot/commands/velha.js               3.53 KB
CJS dist/bot/commands/types.js               771.00 B
CJS dist/bot/commands/voteSystem.js          3.15 KB
CJS dist/bot/commands/vote.js                4.81 KB
CJS dist/bot/commands/welcome.js             4.40 KB
CJS dist/bot/commands/piada.js               1.65 KB
CJS dist/bot/commands/pergunta.js            10.13 KB
CJS ⚡️ Build success in 172ms

> bot-wpp@1.0.0 build:platforms
> tsup src/platforms/**/*.ts --out-dir dist/platforms --format cjs

CLI Building entry: src/platforms/base/PlatformTypes.ts, src/platforms/discord/DiscordAdapter.ts, src/platforms/whatsapp/WhatsAppAdapter.ts, src/platforms/whatsapp/index.ts, src/platforms/telegram/TelegramAdapter.ts
CLI Using tsconfig: tsconfig.json
CLI tsup v8.5.1
CLI Target: esnext
CJS Build start
CJS dist/platforms/base/PlatformTypes.js       797.00 B
CJS dist/platforms/discord/DiscordAdapter.js   9.40 KB
CJS dist/platforms/whatsapp/WhatsAppAdapter.js 30.68 KB
CJS dist/platforms/whatsapp/index.js           30.69 KB
CJS dist/platforms/telegram/TelegramAdapter.js 8.52 KB
CJS ⚡️ Build success in 35ms

> bot-wpp@1.0.0 build:main
> tsup src/whatsapp.ts --out-dir dist --format cjs

CLI Building entry: src/whatsapp.ts
CLI Using tsconfig: tsconfig.json
CLI tsup v8.5.1
CLI Target: esnext
CJS Build start
CJS dist/whatsapp.js 178.07 KB
CJS ⚡️ Build success in 63ms

> bot-wpp@1.0.0 build:core
> tsup src/core/index.ts src/core/multiPlatform.ts --out-dir dist/core --format cjs

CLI Building entry: src/core/index.ts, src/core/multiPlatform.ts
CLI Using tsconfig: tsconfig.json
CLI tsup v8.5.1
CLI Target: esnext
CJS Build start
CJS dist/core/index.js         183.84 KB
CJS dist/core/multiPlatform.js 184.17 KB
CJS ⚡️ Build success in 87ms
[2026-08-03 14:27:18] Reiniciando bot via PM2…
[2026-08-03 14:27:19] Deletando processo antigo do bot-wpp no PM2…
[2026-08-03 14:27:20] Iniciando bot-wpp a partir do ecosystem.config.js…
[2026-08-03 14:27:21] Salvando lista de processos do PM2…
[2026-08-03 14:27:21] === Sincronização concluída ===
[2026-08-03 14:29:00] === Iniciando sincronização ===
[2026-08-03 14:29:00] Descartando alterações locais no package.json/package-lock.json/linux_maintenance.sh para evitar conflitos de git pull…
[2026-08-03 14:29:00] Atualizando código…
Updating da8e67d..1f92d63
Created autostash: 6c2b178
Fast-forward
 src/platforms/whatsapp/WhatsAppAdapter.ts | 3 +++
 1 file changed, 3 insertions(+)
[2026-08-03 14:29:04] Instalando dependências (npm ci)…

added 764 packages, and audited 765 packages in 56s

128 packages are looking for funding
  run `npm fund` for details

8 vulnerabilities (1 low, 2 moderate, 4 high, 1 critical)

To address all issues, run:
  npm audit fix

Run `npm audit` for details.
[2026-08-03 14:30:01] Garantindo Chrome compatível com Puppeteer…
chrome@146.0.7680.31 /home/solanojr/.cache/puppeteer/chrome/linux-146.0.7680.31/chrome-linux64/chrome
[2026-08-03 14:30:06] Compilando projeto (npm run build)…

> bot-wpp@1.0.0 build
> npm run build:relay && npm run build:services && npm run build:bot && npm run build:platforms && npm run build:main && npm run build:core


> bot-wpp@1.0.0 build:relay
> tsup src/relay/server.ts --out-dir dist/relay --format cjs

CLI Building entry: src/relay/server.ts
CLI Using tsconfig: tsconfig.json
CLI tsup v8.5.1
CLI Target: esnext
CJS Build start
CJS dist/relay/server.js 7.51 KB
CJS ⚡️ Build success in 53ms

> bot-wpp@1.0.0 build:services
> tsup src/services/*.ts --out-dir dist/services --format cjs

CLI Building entry: src/services/aiService.ts, src/services/autoModService.test.ts, src/services/autoModService.ts, src/services/commandConfigService.ts, src/services/commandExecutor.ts, src/services/databaseService.ts, src/services/keywordHandler.ts, src/services/loggerService.ts, src/services/messageHandler.ts, src/services/metricsService.ts, src/services/moderationService.ts, src/services/permissions.ts, src/services/queueService.ts, src/services/rateLimiter.ts, src/services/replyService.ts, src/services/usageService.ts, src/services/validationService.ts, src/services/whatsappSingleton.ts
CLI Using tsconfig: tsconfig.json
CLI tsup v8.5.1
CLI Target: esnext
CJS Build start
CJS dist/services/aiService.js            7.34 KB
CJS dist/services/autoModService.js       9.64 KB
CJS dist/services/commandConfigService.js 2.29 KB
CJS dist/services/commandExecutor.js      6.54 KB
CJS dist/services/databaseService.js      3.29 KB
CJS dist/services/keywordHandler.js       3.39 KB
CJS dist/services/loggerService.js        5.30 KB
CJS dist/services/messageHandler.js       12.67 KB
CJS dist/services/metricsService.js       11.21 KB
CJS dist/services/moderationService.js    8.21 KB
CJS dist/services/permissions.js          3.97 KB
CJS dist/services/queueService.js         7.29 KB
CJS dist/services/rateLimiter.js          2.68 KB
CJS dist/services/replyService.js         3.53 KB
CJS dist/services/usageService.js         2.23 KB
CJS dist/services/validationService.js    2.99 KB
CJS dist/services/whatsappSingleton.js    12.43 KB
CJS dist/services/autoModService.test.js  610.20 KB
CJS ⚡️ Build success in 747ms

> bot-wpp@1.0.0 build:bot
> tsup src/bot/index.ts src/bot/config.ts src/bot/customCommands.ts src/bot/relayClient.ts src/bot/commands/*.ts --out-dir dist/bot --format cjs

CLI Building entry: src/bot/config.ts, src/bot/customCommands.ts, src/bot/index.ts, src/bot/relayClient.ts, src/bot/commands/addcmd.ts, src/bot/commands/admin.ts, src/bot/commands/alarme.ts, src/bot/commands/aleatoria.ts, src/bot/commands/aleatoriaData.ts, src/bot/commands/alive.ts, src/bot/commands/antispam.ts, src/bot/commands/antispamStore.ts, src/bot/commands/automod.ts, src/bot/commands/ban.ts, src/bot/commands/banidos.ts, src/bot/commands/bemvindo.ts, src/bot/commands/cantada.ts, src/bot/commands/clima.ts, src/bot/commands/cmdToggle.ts, src/bot/commands/conselho.ts, src/bot/commands/conselhob.ts, src/bot/commands/conselhobData.ts, src/bot/commands/conselhos.ts, src/bot/commands/customCommandsStore.ts, src/bot/commands/feedback.ts, src/bot/commands/forca.ts, src/bot/commands/gameState.ts, src/bot/commands/grupos.ts, src/bot/commands/gtts.ts, src/bot/commands/help.ts, src/bot/commands/index.ts, src/bot/commands/info.ts, src/bot/commands/interacao.ts, src/bot/commands/jogos.ts, src/bot/commands/jokes.ts, src/bot/commands/kick.ts, src/bot/commands/lembrete.ts, src/bot/commands/lists.ts, src/bot/commands/menu.ts, src/bot/commands/migration.ts, src/bot/commands/mute.ts, src/bot/commands/nick.ts, src/bot/commands/noticias.ts, src/bot/commands/ondeestou.ts, src/bot/commands/pergunta.ts, src/bot/commands/piada.ts, src/bot/commands/piadas.ts, src/bot/commands/ping.ts, src/bot/commands/promover.ts, src/bot/commands/sendMessage.ts, src/bot/commands/setwelcome.ts, src/bot/commands/shutdown.ts, src/bot/commands/sorteio.ts, src/bot/commands/stats.ts, src/bot/commands/types.ts, src/bot/commands/velha.ts, src/bot/commands/vote.ts, src/bot/commands/voteSystem.ts, src/bot/commands/welcome.ts
CLI Using tsconfig: tsconfig.json
CLI tsup v8.5.1
CLI Target: esnext
CJS Build start
CJS dist/bot/config.js                       2.33 KB
CJS dist/bot/customCommands.js               1.33 KB
CJS dist/bot/relayClient.js                  2.85 KB
CJS dist/bot/commands/addcmd.js              3.97 KB
CJS dist/bot/commands/admin.js               1.89 KB
CJS dist/bot/commands/alarme.js              1.30 KB
CJS dist/bot/commands/aleatoria.js           2.37 KB
CJS dist/bot/commands/aleatoriaData.js       1.87 KB
CJS dist/bot/commands/alive.js               1.38 KB
CJS dist/bot/index.js                        145.98 KB
CJS dist/bot/commands/antispam.js            2.30 KB
CJS dist/bot/commands/antispamStore.js       2.40 KB
CJS dist/bot/commands/ban.js                 8.91 KB
CJS dist/bot/commands/automod.js             4.81 KB
CJS dist/bot/commands/banidos.js             3.89 KB
CJS dist/bot/commands/bemvindo.js            1.36 KB
CJS dist/bot/commands/cantada.js             1.98 KB
CJS dist/bot/commands/cmdToggle.js           3.68 KB
CJS dist/bot/commands/conselho.js            2.41 KB
CJS dist/bot/commands/clima.js               4.56 KB
CJS dist/bot/commands/conselhob.js           2.44 KB
CJS dist/bot/commands/conselhobData.js       2.08 KB
CJS dist/bot/commands/feedback.js            5.17 KB
CJS dist/bot/commands/conselhos.js           2.06 KB
CJS dist/bot/commands/customCommandsStore.js 4.31 KB
CJS dist/bot/commands/forca.js               3.30 KB
CJS dist/bot/commands/gameState.js           1.19 KB
CJS dist/bot/commands/grupos.js              3.55 KB
CJS dist/bot/commands/help.js                1.74 KB
CJS dist/bot/commands/gtts.js                3.48 KB
CJS dist/bot/commands/info.js                1.58 KB
CJS dist/bot/commands/interacao.js           7.82 KB
CJS dist/bot/commands/jogos.js               1.75 KB
CJS dist/bot/commands/kick.js                7.07 KB
CJS dist/bot/commands/jokes.js               2.62 KB
CJS dist/bot/commands/lembrete.js            1.32 KB
CJS dist/bot/commands/lists.js               10.43 KB
CJS dist/bot/commands/migration.js           3.56 KB
CJS dist/bot/commands/mute.js                1.64 KB
CJS dist/bot/commands/nick.js                1.26 KB
CJS dist/bot/commands/noticias.js            7.55 KB
CJS dist/bot/commands/ondeestou.js           2.54 KB
CJS dist/bot/commands/index.js               148.22 KB
CJS dist/bot/commands/pergunta.js            10.13 KB
CJS dist/bot/commands/piada.js               1.65 KB
CJS dist/bot/commands/promover.js            1.68 KB
CJS dist/bot/commands/ping.js                1.42 KB
CJS dist/bot/commands/setwelcome.js          4.63 KB
CJS dist/bot/commands/shutdown.js            2.76 KB
CJS dist/bot/commands/sendMessage.js         6.24 KB
CJS dist/bot/commands/sorteio.js             1.28 KB
CJS dist/bot/commands/velha.js               3.53 KB
CJS dist/bot/commands/stats.js               4.92 KB
CJS dist/bot/commands/types.js               771.00 B
CJS dist/bot/commands/vote.js                4.81 KB
CJS dist/bot/commands/voteSystem.js          3.15 KB
CJS dist/bot/commands/welcome.js             4.40 KB
CJS dist/bot/commands/piadas.js              2.29 KB
CJS dist/bot/commands/menu.js                14.45 KB
CJS ⚡️ Build success in 178ms

> bot-wpp@1.0.0 build:platforms
> tsup src/platforms/**/*.ts --out-dir dist/platforms --format cjs

CLI Building entry: src/platforms/base/PlatformTypes.ts, src/platforms/discord/DiscordAdapter.ts, src/platforms/whatsapp/WhatsAppAdapter.ts, src/platforms/whatsapp/index.ts, src/platforms/telegram/TelegramAdapter.ts
CLI Using tsconfig: tsconfig.json
CLI tsup v8.5.1
CLI Target: esnext
CJS Build start
CJS dist/platforms/base/PlatformTypes.js       797.00 B
CJS dist/platforms/discord/DiscordAdapter.js   9.40 KB
CJS dist/platforms/whatsapp/WhatsAppAdapter.js 30.87 KB
CJS dist/platforms/whatsapp/index.js           30.88 KB
CJS dist/platforms/telegram/TelegramAdapter.js 8.52 KB
CJS ⚡️ Build success in 33ms

> bot-wpp@1.0.0 build:main
> tsup src/whatsapp.ts --out-dir dist --format cjs

CLI Building entry: src/whatsapp.ts
CLI Using tsconfig: tsconfig.json
CLI tsup v8.5.1
CLI Target: esnext
CJS Build start
CJS dist/whatsapp.js 178.26 KB
CJS ⚡️ Build success in 67ms

> bot-wpp@1.0.0 build:core
> tsup src/core/index.ts src/core/multiPlatform.ts --out-dir dist/core --format cjs

CLI Building entry: src/core/index.ts, src/core/multiPlatform.ts
CLI Using tsconfig: tsconfig.json
CLI tsup v8.5.1
CLI Target: esnext
CJS Build start
CJS dist/core/index.js         184.03 KB
CJS dist/core/multiPlatform.js 184.36 KB
CJS ⚡️ Build success in 84ms
[2026-08-03 14:30:11] Reiniciando bot via PM2…
[2026-08-03 14:30:12] Deletando processo antigo do bot-wpp no PM2…
[2026-08-03 14:30:13] Iniciando bot-wpp a partir do ecosystem.config.js…
[2026-08-03 14:30:13] Salvando lista de processos do PM2…
[2026-08-03 14:30:14] === Sincronização concluída ===
[2026-08-03 14:33:15] === Iniciando sincronização ===
[2026-08-03 14:33:15] Descartando alterações locais no package.json/package-lock.json/linux_maintenance.sh para evitar conflitos de git pull…
[2026-08-03 14:33:15] Atualizando código…
Updating 1f92d63..041f7a0
Created autostash: f3db7e0
Fast-forward
 src/services/messageHandler.ts | 42 ++++++++++++++++++++++++------------------
 1 file changed, 24 insertions(+), 18 deletions(-)
[2026-08-03 14:33:19] Instalando dependências (npm ci)…

added 764 packages, and audited 765 packages in 28s

128 packages are looking for funding
  run `npm fund` for details

8 vulnerabilities (1 low, 2 moderate, 4 high, 1 critical)

To address all issues, run:
  npm audit fix

Run `npm audit` for details.
[2026-08-03 14:33:49] Garantindo Chrome compatível com Puppeteer…
chrome@146.0.7680.31 /home/solanojr/.cache/puppeteer/chrome/linux-146.0.7680.31/chrome-linux64/chrome
[2026-08-03 14:33:52] Compilando projeto (npm run build)…

> bot-wpp@1.0.0 build
> npm run build:relay && npm run build:services && npm run build:bot && npm run build:platforms && npm run build:main && npm run build:core


> bot-wpp@1.0.0 build:relay
> tsup src/relay/server.ts --out-dir dist/relay --format cjs

CLI Building entry: src/relay/server.ts
CLI Using tsconfig: tsconfig.json
CLI tsup v8.5.1
CLI Target: esnext
CJS Build start
CJS dist/relay/server.js 7.51 KB
CJS ⚡️ Build success in 53ms

> bot-wpp@1.0.0 build:services
> tsup src/services/*.ts --out-dir dist/services --format cjs

CLI Building entry: src/services/aiService.ts, src/services/autoModService.test.ts, src/services/autoModService.ts, src/services/commandConfigService.ts, src/services/commandExecutor.ts, src/services/databaseService.ts, src/services/keywordHandler.ts, src/services/loggerService.ts, src/services/messageHandler.ts, src/services/metricsService.ts, src/services/moderationService.ts, src/services/permissions.ts, src/services/queueService.ts, src/services/rateLimiter.ts, src/services/replyService.ts, src/services/usageService.ts, src/services/validationService.ts, src/services/whatsappSingleton.ts
CLI Using tsconfig: tsconfig.json
CLI tsup v8.5.1
CLI Target: esnext
CJS Build start
CJS dist/services/aiService.js            7.34 KB
CJS dist/services/commandExecutor.js      6.54 KB
CJS dist/services/autoModService.js       9.64 KB
CJS dist/services/keywordHandler.js       3.39 KB
CJS dist/services/loggerService.js        5.30 KB
CJS dist/services/messageHandler.js       12.91 KB
CJS dist/services/metricsService.js       11.21 KB
CJS dist/services/databaseService.js      3.29 KB
CJS dist/services/commandConfigService.js 2.29 KB
CJS dist/services/moderationService.js    8.21 KB
CJS dist/services/permissions.js          3.97 KB
CJS dist/services/queueService.js         7.29 KB
CJS dist/services/rateLimiter.js          2.68 KB
CJS dist/services/replyService.js         3.53 KB
CJS dist/services/usageService.js         2.23 KB
CJS dist/services/validationService.js    2.99 KB
CJS dist/services/whatsappSingleton.js    12.43 KB
CJS dist/services/autoModService.test.js  610.20 KB
CJS ⚡️ Build success in 602ms

> bot-wpp@1.0.0 build:bot
> tsup src/bot/index.ts src/bot/config.ts src/bot/customCommands.ts src/bot/relayClient.ts src/bot/commands/*.ts --out-dir dist/bot --format cjs

CLI Building entry: src/bot/config.ts, src/bot/customCommands.ts, src/bot/index.ts, src/bot/relayClient.ts, src/bot/commands/addcmd.ts, src/bot/commands/admin.ts, src/bot/commands/alarme.ts, src/bot/commands/aleatoria.ts, src/bot/commands/aleatoriaData.ts, src/bot/commands/alive.ts, src/bot/commands/antispam.ts, src/bot/commands/antispamStore.ts, src/bot/commands/automod.ts, src/bot/commands/ban.ts, src/bot/commands/banidos.ts, src/bot/commands/bemvindo.ts, src/bot/commands/cantada.ts, src/bot/commands/clima.ts, src/bot/commands/cmdToggle.ts, src/bot/commands/conselho.ts, src/bot/commands/conselhob.ts, src/bot/commands/conselhobData.ts, src/bot/commands/conselhos.ts, src/bot/commands/customCommandsStore.ts, src/bot/commands/feedback.ts, src/bot/commands/forca.ts, src/bot/commands/gameState.ts, src/bot/commands/grupos.ts, src/bot/commands/gtts.ts, src/bot/commands/help.ts, src/bot/commands/index.ts, src/bot/commands/info.ts, src/bot/commands/interacao.ts, src/bot/commands/jogos.ts, src/bot/commands/jokes.ts, src/bot/commands/kick.ts, src/bot/commands/lembrete.ts, src/bot/commands/lists.ts, src/bot/commands/menu.ts, src/bot/commands/migration.ts, src/bot/commands/mute.ts, src/bot/commands/nick.ts, src/bot/commands/noticias.ts, src/bot/commands/ondeestou.ts, src/bot/commands/pergunta.ts, src/bot/commands/piada.ts, src/bot/commands/piadas.ts, src/bot/commands/ping.ts, src/bot/commands/promover.ts, src/bot/commands/sendMessage.ts, src/bot/commands/setwelcome.ts, src/bot/commands/shutdown.ts, src/bot/commands/sorteio.ts, src/bot/commands/stats.ts, src/bot/commands/types.ts, src/bot/commands/velha.ts, src/bot/commands/vote.ts, src/bot/commands/voteSystem.ts, src/bot/commands/welcome.ts
CLI Using tsconfig: tsconfig.json
CLI tsup v8.5.1
CLI Target: esnext
CJS Build start
CJS dist/bot/config.js                       2.33 KB
CJS dist/bot/customCommands.js               1.33 KB
CJS dist/bot/index.js                        145.98 KB
CJS dist/bot/relayClient.js                  2.85 KB
CJS dist/bot/commands/addcmd.js              3.97 KB
CJS dist/bot/commands/admin.js               1.89 KB
CJS dist/bot/commands/alarme.js              1.30 KB
CJS dist/bot/commands/aleatoria.js           2.37 KB
CJS dist/bot/commands/aleatoriaData.js       1.87 KB
CJS dist/bot/commands/antispam.js            2.30 KB
CJS dist/bot/commands/alive.js               1.38 KB
CJS dist/bot/commands/automod.js             4.81 KB
CJS dist/bot/commands/banidos.js             3.89 KB
CJS dist/bot/commands/cantada.js             1.98 KB
CJS dist/bot/commands/clima.js               4.56 KB
CJS dist/bot/commands/cmdToggle.js           3.68 KB
CJS dist/bot/commands/bemvindo.js            1.36 KB
CJS dist/bot/commands/antispamStore.js       2.40 KB
CJS dist/bot/commands/ban.js                 8.91 KB
CJS dist/bot/commands/conselhob.js           2.44 KB
CJS dist/bot/commands/conselhos.js           2.06 KB
CJS dist/bot/commands/conselho.js            2.41 KB
CJS dist/bot/commands/customCommandsStore.js 4.31 KB
CJS dist/bot/commands/conselhobData.js       2.08 KB
CJS dist/bot/commands/feedback.js            5.17 KB
CJS dist/bot/commands/forca.js               3.30 KB
CJS dist/bot/commands/gtts.js                3.48 KB
CJS dist/bot/commands/grupos.js              3.55 KB
CJS dist/bot/commands/gameState.js           1.19 KB
CJS dist/bot/commands/info.js                1.58 KB
CJS dist/bot/commands/interacao.js           7.82 KB
CJS dist/bot/commands/jogos.js               1.75 KB
CJS dist/bot/commands/index.js               148.22 KB
CJS dist/bot/commands/kick.js                7.07 KB
CJS dist/bot/commands/help.js                1.74 KB
CJS dist/bot/commands/jokes.js               2.62 KB
CJS dist/bot/commands/lembrete.js            1.32 KB
CJS dist/bot/commands/lists.js               10.43 KB
CJS dist/bot/commands/mute.js                1.64 KB
CJS dist/bot/commands/nick.js                1.26 KB
CJS dist/bot/commands/menu.js                14.45 KB
CJS dist/bot/commands/noticias.js            7.55 KB
CJS dist/bot/commands/ondeestou.js           2.54 KB
CJS dist/bot/commands/ping.js                1.42 KB
CJS dist/bot/commands/promover.js            1.68 KB
CJS dist/bot/commands/sendMessage.js         6.24 KB
CJS dist/bot/commands/migration.js           3.56 KB
CJS dist/bot/commands/shutdown.js            2.76 KB
CJS dist/bot/commands/sorteio.js             1.28 KB
CJS dist/bot/commands/stats.js               4.92 KB
CJS dist/bot/commands/types.js               771.00 B
CJS dist/bot/commands/velha.js               3.53 KB
CJS dist/bot/commands/setwelcome.js          4.63 KB
CJS dist/bot/commands/voteSystem.js          3.15 KB
CJS dist/bot/commands/welcome.js             4.40 KB
CJS dist/bot/commands/piadas.js              2.29 KB
CJS dist/bot/commands/vote.js                4.81 KB
CJS dist/bot/commands/piada.js               1.65 KB
CJS dist/bot/commands/pergunta.js            10.13 KB
CJS ⚡️ Build success in 200ms

> bot-wpp@1.0.0 build:platforms
> tsup src/platforms/**/*.ts --out-dir dist/platforms --format cjs

CLI Building entry: src/platforms/base/PlatformTypes.ts, src/platforms/discord/DiscordAdapter.ts, src/platforms/whatsapp/WhatsAppAdapter.ts, src/platforms/whatsapp/index.ts, src/platforms/telegram/TelegramAdapter.ts
CLI Using tsconfig: tsconfig.json
CLI tsup v8.5.1
CLI Target: esnext
CJS Build start
CJS dist/platforms/base/PlatformTypes.js       797.00 B
CJS dist/platforms/discord/DiscordAdapter.js   9.40 KB
CJS dist/platforms/whatsapp/index.js           30.88 KB
CJS dist/platforms/whatsapp/WhatsAppAdapter.js 30.87 KB
CJS dist/platforms/telegram/TelegramAdapter.js 8.52 KB
CJS ⚡️ Build success in 177ms

> bot-wpp@1.0.0 build:main
> tsup src/whatsapp.ts --out-dir dist --format cjs

CLI Building entry: src/whatsapp.ts
CLI Using tsconfig: tsconfig.json
CLI tsup v8.5.1
CLI Target: esnext
CJS Build start
CJS dist/whatsapp.js 178.51 KB
CJS ⚡️ Build success in 67ms

> bot-wpp@1.0.0 build:core
> tsup src/core/index.ts src/core/multiPlatform.ts --out-dir dist/core --format cjs

CLI Building entry: src/core/index.ts, src/core/multiPlatform.ts
CLI Using tsconfig: tsconfig.json
CLI tsup v8.5.1
CLI Target: esnext
CJS Build start
CJS dist/core/index.js         184.03 KB
CJS dist/core/multiPlatform.js 184.36 KB
CJS ⚡️ Build success in 95ms
[2026-08-03 14:33:57] Reiniciando bot via PM2…
[2026-08-03 14:33:58] Deletando processo antigo do bot-wpp no PM2…
[2026-08-03 14:33:59] Iniciando bot-wpp a partir do ecosystem.config.js…
[2026-08-03 14:33:59] Salvando lista de processos do PM2…
[2026-08-03 14:33:59] === Sincronização concluída ===
[2026-08-03 14:37:26] === Iniciando sincronização ===
[2026-08-03 14:37:26] Descartando alterações locais no package.json/package-lock.json/linux_maintenance.sh para evitar conflitos de git pull…
[2026-08-03 14:37:26] Atualizando código…
Updating 041f7a0..44f8b7f
Created autostash: 4c7ef34
Fast-forward
 src/platforms/whatsapp/WhatsAppAdapter.ts | 6 +++++-
 src/services/autoModService.ts            | 3 +++
 2 files changed, 8 insertions(+), 1 deletion(-)
[2026-08-03 14:37:30] Instalando dependências (npm ci)…

added 764 packages, and audited 765 packages in 32s

128 packages are looking for funding
  run `npm fund` for details

8 vulnerabilities (1 low, 2 moderate, 4 high, 1 critical)

To address all issues, run:
  npm audit fix

Run `npm audit` for details.
[2026-08-03 14:38:03] Garantindo Chrome compatível com Puppeteer…
chrome@146.0.7680.31 /home/solanojr/.cache/puppeteer/chrome/linux-146.0.7680.31/chrome-linux64/chrome
[2026-08-03 14:38:05] Compilando projeto (npm run build)…

> bot-wpp@1.0.0 build
> npm run build:relay && npm run build:services && npm run build:bot && npm run build:platforms && npm run build:main && npm run build:core


> bot-wpp@1.0.0 build:relay
> tsup src/relay/server.ts --out-dir dist/relay --format cjs

CLI Building entry: src/relay/server.ts
CLI Using tsconfig: tsconfig.json
CLI tsup v8.5.1
CLI Target: esnext
CJS Build start
CJS dist/relay/server.js 7.51 KB
CJS ⚡️ Build success in 53ms

> bot-wpp@1.0.0 build:services
> tsup src/services/*.ts --out-dir dist/services --format cjs

CLI Building entry: src/services/aiService.ts, src/services/autoModService.test.ts, src/services/autoModService.ts, src/services/commandConfigService.ts, src/services/commandExecutor.ts, src/services/databaseService.ts, src/services/keywordHandler.ts, src/services/loggerService.ts, src/services/messageHandler.ts, src/services/metricsService.ts, src/services/moderationService.ts, src/services/permissions.ts, src/services/queueService.ts, src/services/rateLimiter.ts, src/services/replyService.ts, src/services/usageService.ts, src/services/validationService.ts, src/services/whatsappSingleton.ts
CLI Using tsconfig: tsconfig.json
CLI tsup v8.5.1
CLI Target: esnext
CJS Build start
CJS dist/services/aiService.js            7.34 KB
CJS dist/services/autoModService.js       9.81 KB
CJS dist/services/commandConfigService.js 2.29 KB
CJS dist/services/commandExecutor.js      6.54 KB
CJS dist/services/databaseService.js      3.29 KB
CJS dist/services/keywordHandler.js       3.39 KB
CJS dist/services/loggerService.js        5.30 KB
CJS dist/services/messageHandler.js       12.91 KB
CJS dist/services/metricsService.js       11.21 KB
CJS dist/services/moderationService.js    8.21 KB
CJS dist/services/permissions.js          3.97 KB
CJS dist/services/queueService.js         7.29 KB
CJS dist/services/rateLimiter.js          2.68 KB
CJS dist/services/usageService.js         2.23 KB
CJS dist/services/validationService.js    2.99 KB
CJS dist/services/whatsappSingleton.js    12.43 KB
CJS dist/services/replyService.js         3.53 KB
CJS dist/services/autoModService.test.js  610.20 KB
CJS ⚡️ Build success in 454ms

> bot-wpp@1.0.0 build:bot
> tsup src/bot/index.ts src/bot/config.ts src/bot/customCommands.ts src/bot/relayClient.ts src/bot/commands/*.ts --out-dir dist/bot --format cjs

CLI Building entry: src/bot/config.ts, src/bot/customCommands.ts, src/bot/index.ts, src/bot/relayClient.ts, src/bot/commands/addcmd.ts, src/bot/commands/admin.ts, src/bot/commands/alarme.ts, src/bot/commands/aleatoria.ts, src/bot/commands/aleatoriaData.ts, src/bot/commands/alive.ts, src/bot/commands/antispam.ts, src/bot/commands/antispamStore.ts, src/bot/commands/automod.ts, src/bot/commands/ban.ts, src/bot/commands/banidos.ts, src/bot/commands/bemvindo.ts, src/bot/commands/cantada.ts, src/bot/commands/clima.ts, src/bot/commands/cmdToggle.ts, src/bot/commands/conselho.ts, src/bot/commands/conselhob.ts, src/bot/commands/conselhobData.ts, src/bot/commands/conselhos.ts, src/bot/commands/customCommandsStore.ts, src/bot/commands/feedback.ts, src/bot/commands/forca.ts, src/bot/commands/gameState.ts, src/bot/commands/grupos.ts, src/bot/commands/gtts.ts, src/bot/commands/help.ts, src/bot/commands/index.ts, src/bot/commands/info.ts, src/bot/commands/interacao.ts, src/bot/commands/jogos.ts, src/bot/commands/jokes.ts, src/bot/commands/kick.ts, src/bot/commands/lembrete.ts, src/bot/commands/lists.ts, src/bot/commands/menu.ts, src/bot/commands/migration.ts, src/bot/commands/mute.ts, src/bot/commands/nick.ts, src/bot/commands/noticias.ts, src/bot/commands/ondeestou.ts, src/bot/commands/pergunta.ts, src/bot/commands/piada.ts, src/bot/commands/piadas.ts, src/bot/commands/ping.ts, src/bot/commands/promover.ts, src/bot/commands/sendMessage.ts, src/bot/commands/setwelcome.ts, src/bot/commands/shutdown.ts, src/bot/commands/sorteio.ts, src/bot/commands/stats.ts, src/bot/commands/types.ts, src/bot/commands/velha.ts, src/bot/commands/vote.ts, src/bot/commands/voteSystem.ts, src/bot/commands/welcome.ts
CLI Using tsconfig: tsconfig.json
CLI tsup v8.5.1
CLI Target: esnext
CJS Build start
CJS dist/bot/customCommands.js               1.33 KB
CJS dist/bot/config.js                       2.33 KB
CJS dist/bot/relayClient.js                  2.85 KB
CJS dist/bot/commands/addcmd.js              3.97 KB
CJS dist/bot/commands/admin.js               1.89 KB
CJS dist/bot/commands/alarme.js              1.30 KB
CJS dist/bot/commands/aleatoria.js           2.37 KB
CJS dist/bot/commands/alive.js               1.38 KB
CJS dist/bot/commands/antispam.js            2.30 KB
CJS dist/bot/commands/aleatoriaData.js       1.87 KB
CJS dist/bot/commands/antispamStore.js       2.40 KB
CJS dist/bot/commands/automod.js             4.81 KB
CJS dist/bot/commands/banidos.js             3.89 KB
CJS dist/bot/index.js                        146.45 KB
CJS dist/bot/commands/ban.js                 8.91 KB
CJS dist/bot/commands/cmdToggle.js           3.68 KB
CJS dist/bot/commands/bemvindo.js            1.36 KB
CJS dist/bot/commands/conselho.js            2.41 KB
CJS dist/bot/commands/clima.js               4.56 KB
CJS dist/bot/commands/cantada.js             1.98 KB
CJS dist/bot/commands/conselhobData.js       2.08 KB
CJS dist/bot/commands/conselhos.js           2.06 KB
CJS dist/bot/commands/customCommandsStore.js 4.31 KB
CJS dist/bot/commands/feedback.js            5.17 KB
CJS dist/bot/commands/forca.js               3.30 KB
CJS dist/bot/commands/gameState.js           1.19 KB
CJS dist/bot/commands/grupos.js              3.55 KB
CJS dist/bot/commands/gtts.js                3.48 KB
CJS dist/bot/commands/help.js                1.74 KB
CJS dist/bot/commands/info.js                1.58 KB
CJS dist/bot/commands/interacao.js           7.82 KB
CJS dist/bot/commands/jogos.js               1.75 KB
CJS dist/bot/commands/jokes.js               2.62 KB
CJS dist/bot/commands/kick.js                7.07 KB
CJS dist/bot/commands/lembrete.js            1.32 KB
CJS dist/bot/commands/lists.js               10.43 KB
CJS dist/bot/commands/index.js               148.69 KB
CJS dist/bot/commands/migration.js           3.56 KB
CJS dist/bot/commands/menu.js                14.62 KB
CJS dist/bot/commands/mute.js                1.64 KB
CJS dist/bot/commands/conselhob.js           2.44 KB
CJS dist/bot/commands/ondeestou.js           2.54 KB
CJS dist/bot/commands/ping.js                1.42 KB
CJS dist/bot/commands/promover.js            1.68 KB
CJS dist/bot/commands/sendMessage.js         6.24 KB
CJS dist/bot/commands/noticias.js            7.55 KB
CJS dist/bot/commands/nick.js                1.26 KB
CJS dist/bot/commands/shutdown.js            2.76 KB
CJS dist/bot/commands/stats.js               4.92 KB
CJS dist/bot/commands/setwelcome.js          4.63 KB
CJS dist/bot/commands/sorteio.js             1.28 KB
CJS dist/bot/commands/piadas.js              2.29 KB
CJS dist/bot/commands/vote.js                4.81 KB
CJS dist/bot/commands/velha.js               3.53 KB
CJS dist/bot/commands/types.js               771.00 B
CJS dist/bot/commands/voteSystem.js          3.15 KB
CJS dist/bot/commands/welcome.js             4.40 KB
CJS dist/bot/commands/pergunta.js            10.13 KB
CJS dist/bot/commands/piada.js               1.65 KB
CJS ⚡️ Build success in 175ms

> bot-wpp@1.0.0 build:platforms
> tsup src/platforms/**/*.ts --out-dir dist/platforms --format cjs

CLI Building entry: src/platforms/base/PlatformTypes.ts, src/platforms/discord/DiscordAdapter.ts, src/platforms/whatsapp/WhatsAppAdapter.ts, src/platforms/whatsapp/index.ts, src/platforms/telegram/TelegramAdapter.ts
CLI Using tsconfig: tsconfig.json
CLI tsup v8.5.1
CLI Target: esnext
CJS Build start
CJS dist/platforms/telegram/TelegramAdapter.js 8.52 KB
CJS dist/platforms/base/PlatformTypes.js       797.00 B
CJS dist/platforms/whatsapp/index.js           31.33 KB
CJS dist/platforms/whatsapp/WhatsAppAdapter.js 31.32 KB
CJS dist/platforms/discord/DiscordAdapter.js   9.40 KB
CJS ⚡️ Build success in 45ms

> bot-wpp@1.0.0 build:main
> tsup src/whatsapp.ts --out-dir dist --format cjs

CLI Building entry: src/whatsapp.ts
CLI Using tsconfig: tsconfig.json
CLI tsup v8.5.1
CLI Target: esnext
CJS Build start
CJS dist/whatsapp.js 178.98 KB
CJS ⚡️ Build success in 66ms

> bot-wpp@1.0.0 build:core
> tsup src/core/index.ts src/core/multiPlatform.ts --out-dir dist/core --format cjs

CLI Building entry: src/core/index.ts, src/core/multiPlatform.ts
CLI Using tsconfig: tsconfig.json
CLI tsup v8.5.1
CLI Target: esnext
CJS Build start
CJS dist/core/index.js         184.50 KB
CJS dist/core/multiPlatform.js 184.83 KB
CJS ⚡️ Build success in 91ms
[2026-08-03 14:38:10] Reiniciando bot via PM2…
[2026-08-03 14:38:11] Deletando processo antigo do bot-wpp no PM2…
[2026-08-03 14:38:13] Iniciando bot-wpp a partir do ecosystem.config.js…
[2026-08-03 14:38:13] Salvando lista de processos do PM2…
[2026-08-03 14:38:13] === Sincronização concluída ===
[2026-08-03 14:40:22] === Iniciando sincronização ===
[2026-08-03 14:40:22] Descartando alterações locais no package.json/package-lock.json/linux_maintenance.sh para evitar conflitos de git pull…
[2026-08-03 14:40:23] Atualizando código…
Updating 44f8b7f..df53386
Created autostash: 751cfcb
Fast-forward
 src/services/autoModService.ts | 4 ++++
 1 file changed, 4 insertions(+)
[2026-08-03 14:40:28] Instalando dependências (npm ci)…

added 764 packages, and audited 765 packages in 39s

128 packages are looking for funding
  run `npm fund` for details

8 vulnerabilities (1 low, 2 moderate, 4 high, 1 critical)

To address all issues, run:
  npm audit fix

Run `npm audit` for details.
[2026-08-03 14:41:13] Garantindo Chrome compatível com Puppeteer…
chrome@146.0.7680.31 /home/solanojr/.cache/puppeteer/chrome/linux-146.0.7680.31/chrome-linux64/chrome
[2026-08-03 14:41:17] Compilando projeto (npm run build)…

> bot-wpp@1.0.0 build
> npm run build:relay && npm run build:services && npm run build:bot && npm run build:platforms && npm run build:main && npm run build:core


> bot-wpp@1.0.0 build:relay
> tsup src/relay/server.ts --out-dir dist/relay --format cjs

CLI Building entry: src/relay/server.ts
CLI Using tsconfig: tsconfig.json
CLI tsup v8.5.1
CLI Target: esnext
CJS Build start
CJS dist/relay/server.js 7.51 KB
CJS ⚡️ Build success in 254ms

> bot-wpp@1.0.0 build:services
> tsup src/services/*.ts --out-dir dist/services --format cjs

CLI Building entry: src/services/aiService.ts, src/services/autoModService.test.ts, src/services/autoModService.ts, src/services/commandConfigService.ts, src/services/commandExecutor.ts, src/services/databaseService.ts, src/services/keywordHandler.ts, src/services/loggerService.ts, src/services/messageHandler.ts, src/services/metricsService.ts, src/services/moderationService.ts, src/services/permissions.ts, src/services/queueService.ts, src/services/rateLimiter.ts, src/services/replyService.ts, src/services/usageService.ts, src/services/validationService.ts, src/services/whatsappSingleton.ts
CLI Using tsconfig: tsconfig.json
CLI tsup v8.5.1
CLI Target: esnext
CJS Build start
CJS dist/services/aiService.js            7.34 KB
CJS dist/services/autoModService.js       10.08 KB
CJS dist/services/commandConfigService.js 2.29 KB
CJS dist/services/commandExecutor.js      6.54 KB
CJS dist/services/databaseService.js      3.29 KB
CJS dist/services/keywordHandler.js       3.39 KB
CJS dist/services/messageHandler.js       13.18 KB
CJS dist/services/metricsService.js       11.21 KB
CJS dist/services/loggerService.js        5.30 KB
CJS dist/services/permissions.js          3.97 KB
CJS dist/services/queueService.js         7.29 KB
CJS dist/services/moderationService.js    8.21 KB
CJS dist/services/rateLimiter.js          2.68 KB
CJS dist/services/replyService.js         3.53 KB
CJS dist/services/usageService.js         2.23 KB
CJS dist/services/validationService.js    2.99 KB
CJS dist/services/whatsappSingleton.js    12.43 KB
CJS dist/services/autoModService.test.js  610.20 KB
CJS ⚡️ Build success in 575ms

> bot-wpp@1.0.0 build:bot
> tsup src/bot/index.ts src/bot/config.ts src/bot/customCommands.ts src/bot/relayClient.ts src/bot/commands/*.ts --out-dir dist/bot --format cjs

CLI Building entry: src/bot/config.ts, src/bot/customCommands.ts, src/bot/index.ts, src/bot/relayClient.ts, src/bot/commands/addcmd.ts, src/bot/commands/admin.ts, src/bot/commands/alarme.ts, src/bot/commands/aleatoria.ts, src/bot/commands/aleatoriaData.ts, src/bot/commands/alive.ts, src/bot/commands/antispam.ts, src/bot/commands/antispamStore.ts, src/bot/commands/automod.ts, src/bot/commands/ban.ts, src/bot/commands/banidos.ts, src/bot/commands/bemvindo.ts, src/bot/commands/cantada.ts, src/bot/commands/clima.ts, src/bot/commands/cmdToggle.ts, src/bot/commands/conselho.ts, src/bot/commands/conselhob.ts, src/bot/commands/conselhobData.ts, src/bot/commands/conselhos.ts, src/bot/commands/customCommandsStore.ts, src/bot/commands/feedback.ts, src/bot/commands/forca.ts, src/bot/commands/gameState.ts, src/bot/commands/grupos.ts, src/bot/commands/gtts.ts, src/bot/commands/help.ts, src/bot/commands/index.ts, src/bot/commands/info.ts, src/bot/commands/interacao.ts, src/bot/commands/jogos.ts, src/bot/commands/jokes.ts, src/bot/commands/kick.ts, src/bot/commands/lembrete.ts, src/bot/commands/lists.ts, src/bot/commands/menu.ts, src/bot/commands/migration.ts, src/bot/commands/mute.ts, src/bot/commands/nick.ts, src/bot/commands/noticias.ts, src/bot/commands/ondeestou.ts, src/bot/commands/pergunta.ts, src/bot/commands/piada.ts, src/bot/commands/piadas.ts, src/bot/commands/ping.ts, src/bot/commands/promover.ts, src/bot/commands/sendMessage.ts, src/bot/commands/setwelcome.ts, src/bot/commands/shutdown.ts, src/bot/commands/sorteio.ts, src/bot/commands/stats.ts, src/bot/commands/types.ts, src/bot/commands/velha.ts, src/bot/commands/vote.ts, src/bot/commands/voteSystem.ts, src/bot/commands/welcome.ts
CLI Using tsconfig: tsconfig.json
CLI tsup v8.5.1
CLI Target: esnext
CJS Build start
CJS dist/bot/config.js                       2.33 KB
CJS dist/bot/customCommands.js               1.33 KB
CJS dist/bot/relayClient.js                  2.85 KB
CJS dist/bot/commands/addcmd.js              3.97 KB
CJS dist/bot/commands/alarme.js              1.30 KB
CJS dist/bot/commands/aleatoria.js           2.37 KB
CJS dist/bot/commands/aleatoriaData.js       1.87 KB
CJS dist/bot/commands/alive.js               1.38 KB
CJS dist/bot/commands/admin.js               1.89 KB
CJS dist/bot/index.js                        146.72 KB
CJS dist/bot/commands/antispam.js            2.30 KB
CJS dist/bot/commands/antispamStore.js       2.40 KB
CJS dist/bot/commands/automod.js             4.81 KB
CJS dist/bot/commands/ban.js                 8.91 KB
CJS dist/bot/commands/bemvindo.js            1.36 KB
CJS dist/bot/commands/banidos.js             3.89 KB
CJS dist/bot/commands/cantada.js             1.98 KB
CJS dist/bot/commands/cmdToggle.js           3.68 KB
CJS dist/bot/commands/conselhob.js           2.44 KB
CJS dist/bot/commands/conselho.js            2.41 KB
CJS dist/bot/commands/conselhobData.js       2.08 KB
CJS dist/bot/commands/conselhos.js           2.06 KB
CJS dist/bot/commands/customCommandsStore.js 4.31 KB
CJS dist/bot/commands/forca.js               3.30 KB
CJS dist/bot/commands/gameState.js           1.19 KB
CJS dist/bot/commands/feedback.js            5.17 KB
CJS dist/bot/commands/grupos.js              3.55 KB
CJS dist/bot/commands/help.js                1.74 KB
CJS dist/bot/commands/gtts.js                3.48 KB
CJS dist/bot/commands/info.js                1.58 KB
CJS dist/bot/commands/interacao.js           7.82 KB
CJS dist/bot/commands/jogos.js               1.75 KB
CJS dist/bot/commands/jokes.js               2.62 KB
CJS dist/bot/commands/kick.js                7.07 KB
CJS dist/bot/commands/lembrete.js            1.32 KB
CJS dist/bot/commands/index.js               148.96 KB
CJS dist/bot/commands/lists.js               10.43 KB
CJS dist/bot/commands/migration.js           3.56 KB
CJS dist/bot/commands/menu.js                14.89 KB
CJS dist/bot/commands/nick.js                1.26 KB
CJS dist/bot/commands/mute.js                1.64 KB
CJS dist/bot/commands/noticias.js            7.55 KB
CJS dist/bot/commands/piadas.js              2.29 KB
CJS dist/bot/commands/ping.js                1.42 KB
CJS dist/bot/commands/piada.js               1.65 KB
CJS dist/bot/commands/promover.js            1.68 KB
CJS dist/bot/commands/sendMessage.js         6.24 KB
CJS dist/bot/commands/setwelcome.js          4.63 KB
CJS dist/bot/commands/sorteio.js             1.28 KB
CJS dist/bot/commands/shutdown.js            2.76 KB
CJS dist/bot/commands/stats.js               4.92 KB
CJS dist/bot/commands/types.js               771.00 B
CJS dist/bot/commands/velha.js               3.53 KB
CJS dist/bot/commands/voteSystem.js          3.15 KB
CJS dist/bot/commands/vote.js                4.81 KB
CJS dist/bot/commands/welcome.js             4.40 KB
CJS dist/bot/commands/clima.js               4.56 KB
CJS dist/bot/commands/ondeestou.js           2.54 KB
CJS dist/bot/commands/pergunta.js            10.13 KB
CJS ⚡️ Build success in 315ms

> bot-wpp@1.0.0 build:platforms
> tsup src/platforms/**/*.ts --out-dir dist/platforms --format cjs

CLI Building entry: src/platforms/base/PlatformTypes.ts, src/platforms/discord/DiscordAdapter.ts, src/platforms/telegram/TelegramAdapter.ts, src/platforms/whatsapp/WhatsAppAdapter.ts, src/platforms/whatsapp/index.ts
CLI Using tsconfig: tsconfig.json
CLI tsup v8.5.1
CLI Target: esnext
CJS Build start
CJS dist/platforms/base/PlatformTypes.js       797.00 B
CJS dist/platforms/whatsapp/WhatsAppAdapter.js 31.58 KB
CJS dist/platforms/discord/DiscordAdapter.js   9.40 KB
CJS dist/platforms/whatsapp/index.js           31.60 KB
CJS dist/platforms/telegram/TelegramAdapter.js 8.52 KB
CJS ⚡️ Build success in 90ms

> bot-wpp@1.0.0 build:main
> tsup src/whatsapp.ts --out-dir dist --format cjs

CLI Building entry: src/whatsapp.ts
CLI Using tsconfig: tsconfig.json
CLI tsup v8.5.1
CLI Target: esnext
CJS Build start
CJS dist/whatsapp.js 179.24 KB
CJS ⚡️ Build success in 70ms

> bot-wpp@1.0.0 build:core
> tsup src/core/index.ts src/core/multiPlatform.ts --out-dir dist/core --format cjs

CLI Building entry: src/core/index.ts, src/core/multiPlatform.ts
CLI Using tsconfig: tsconfig.json
CLI tsup v8.5.1
CLI Target: esnext
CJS Build start
CJS dist/core/multiPlatform.js 185.09 KB
CJS dist/core/index.js         184.77 KB
CJS ⚡️ Build success in 82ms
[2026-08-03 14:41:22] Reiniciando bot via PM2…
[2026-08-03 14:41:23] Deletando processo antigo do bot-wpp no PM2…
[2026-08-03 14:41:24] Iniciando bot-wpp a partir do ecosystem.config.js…
[2026-08-03 14:41:25] Salvando lista de processos do PM2…
[2026-08-03 14:41:25] === Sincronização concluída ===
[2026-08-03 14:42:59] === Iniciando sincronização ===
[2026-08-03 14:42:59] Descartando alterações locais no package.json/package-lock.json/linux_maintenance.sh para evitar conflitos de git pull…
[2026-08-03 14:42:59] Atualizando código…
Updating df53386..e9b8ddf
Created autostash: aaa48d8
Fast-forward
 src/whatsapp.ts | 14 ++++++++++++++
 1 file changed, 14 insertions(+)
[2026-08-03 14:43:03] Instalando dependências (npm ci)…

added 764 packages, and audited 765 packages in 33s

128 packages are looking for funding
  run `npm fund` for details

8 vulnerabilities (1 low, 2 moderate, 4 high, 1 critical)

To address all issues, run:
  npm audit fix

Run `npm audit` for details.
[2026-08-03 14:43:36] Garantindo Chrome compatível com Puppeteer…
chrome@146.0.7680.31 /home/solanojr/.cache/puppeteer/chrome/linux-146.0.7680.31/chrome-linux64/chrome
[2026-08-03 14:43:41] Compilando projeto (npm run build)…

> bot-wpp@1.0.0 build
> npm run build:relay && npm run build:services && npm run build:bot && npm run build:platforms && npm run build:main && npm run build:core


> bot-wpp@1.0.0 build:relay
> tsup src/relay/server.ts --out-dir dist/relay --format cjs

CLI Building entry: src/relay/server.ts
CLI Using tsconfig: tsconfig.json
CLI tsup v8.5.1
CLI Target: esnext
CJS Build start
CJS dist/relay/server.js 7.51 KB
CJS ⚡️ Build success in 343ms

> bot-wpp@1.0.0 build:services
> tsup src/services/*.ts --out-dir dist/services --format cjs

CLI Building entry: src/services/aiService.ts, src/services/autoModService.test.ts, src/services/autoModService.ts, src/services/commandConfigService.ts, src/services/commandExecutor.ts, src/services/databaseService.ts, src/services/keywordHandler.ts, src/services/loggerService.ts, src/services/messageHandler.ts, src/services/metricsService.ts, src/services/moderationService.ts, src/services/permissions.ts, src/services/queueService.ts, src/services/rateLimiter.ts, src/services/replyService.ts, src/services/usageService.ts, src/services/validationService.ts, src/services/whatsappSingleton.ts
CLI Using tsconfig: tsconfig.json
CLI tsup v8.5.1
CLI Target: esnext
CJS Build start
CJS dist/services/aiService.js            7.34 KB
CJS dist/services/autoModService.js       10.08 KB
CJS dist/services/commandConfigService.js 2.29 KB
CJS dist/services/commandExecutor.js      6.54 KB
CJS dist/services/databaseService.js      3.29 KB
CJS dist/services/keywordHandler.js       3.39 KB
CJS dist/services/loggerService.js        5.30 KB
CJS dist/services/messageHandler.js       13.18 KB
CJS dist/services/metricsService.js       11.21 KB
CJS dist/services/moderationService.js    8.21 KB
CJS dist/services/permissions.js          3.97 KB
CJS dist/services/queueService.js         7.29 KB
CJS dist/services/rateLimiter.js          2.68 KB
CJS dist/services/validationService.js    2.99 KB
CJS dist/services/whatsappSingleton.js    12.43 KB
CJS dist/services/usageService.js         2.23 KB
CJS dist/services/replyService.js         3.53 KB
CJS dist/services/autoModService.test.js  610.20 KB
CJS ⚡️ Build success in 1279ms

> bot-wpp@1.0.0 build:bot
> tsup src/bot/index.ts src/bot/config.ts src/bot/customCommands.ts src/bot/relayClient.ts src/bot/commands/*.ts --out-dir dist/bot --format cjs

CLI Building entry: src/bot/config.ts, src/bot/customCommands.ts, src/bot/index.ts, src/bot/relayClient.ts, src/bot/commands/addcmd.ts, src/bot/commands/admin.ts, src/bot/commands/alarme.ts, src/bot/commands/aleatoria.ts, src/bot/commands/aleatoriaData.ts, src/bot/commands/alive.ts, src/bot/commands/antispam.ts, src/bot/commands/antispamStore.ts, src/bot/commands/automod.ts, src/bot/commands/ban.ts, src/bot/commands/banidos.ts, src/bot/commands/bemvindo.ts, src/bot/commands/cantada.ts, src/bot/commands/clima.ts, src/bot/commands/cmdToggle.ts, src/bot/commands/conselho.ts, src/bot/commands/conselhob.ts, src/bot/commands/conselhobData.ts, src/bot/commands/conselhos.ts, src/bot/commands/customCommandsStore.ts, src/bot/commands/feedback.ts, src/bot/commands/forca.ts, src/bot/commands/gameState.ts, src/bot/commands/grupos.ts, src/bot/commands/gtts.ts, src/bot/commands/help.ts, src/bot/commands/index.ts, src/bot/commands/info.ts, src/bot/commands/interacao.ts, src/bot/commands/jogos.ts, src/bot/commands/jokes.ts, src/bot/commands/kick.ts, src/bot/commands/lembrete.ts, src/bot/commands/lists.ts, src/bot/commands/menu.ts, src/bot/commands/migration.ts, src/bot/commands/mute.ts, src/bot/commands/nick.ts, src/bot/commands/noticias.ts, src/bot/commands/ondeestou.ts, src/bot/commands/pergunta.ts, src/bot/commands/piada.ts, src/bot/commands/piadas.ts, src/bot/commands/ping.ts, src/bot/commands/promover.ts, src/bot/commands/sendMessage.ts, src/bot/commands/setwelcome.ts, src/bot/commands/shutdown.ts, src/bot/commands/sorteio.ts, src/bot/commands/stats.ts, src/bot/commands/types.ts, src/bot/commands/velha.ts, src/bot/commands/vote.ts, src/bot/commands/voteSystem.ts, src/bot/commands/welcome.ts
CLI Using tsconfig: tsconfig.json
CLI tsup v8.5.1
CLI Target: esnext
CJS Build start
CJS dist/bot/customCommands.js               1.33 KB
CJS dist/bot/config.js                       2.33 KB
CJS dist/bot/relayClient.js                  2.85 KB
CJS dist/bot/commands/addcmd.js              3.97 KB
CJS dist/bot/commands/admin.js               1.89 KB
CJS dist/bot/commands/alarme.js              1.30 KB
CJS dist/bot/commands/aleatoriaData.js       1.87 KB
CJS dist/bot/commands/aleatoria.js           2.37 KB
CJS dist/bot/commands/alive.js               1.38 KB
CJS dist/bot/commands/antispam.js            2.30 KB
CJS dist/bot/commands/antispamStore.js       2.40 KB
CJS dist/bot/index.js                        146.72 KB
CJS dist/bot/commands/automod.js             4.81 KB
CJS dist/bot/commands/banidos.js             3.89 KB
CJS dist/bot/commands/ban.js                 8.91 KB
CJS dist/bot/commands/cantada.js             1.98 KB
CJS dist/bot/commands/clima.js               4.56 KB
CJS dist/bot/commands/cmdToggle.js           3.68 KB
CJS dist/bot/commands/conselho.js            2.41 KB
CJS dist/bot/commands/conselhob.js           2.44 KB
CJS dist/bot/commands/conselhobData.js       2.08 KB
CJS dist/bot/commands/conselhos.js           2.06 KB
CJS dist/bot/commands/customCommandsStore.js 4.31 KB
CJS dist/bot/commands/forca.js               3.30 KB
CJS dist/bot/commands/grupos.js              3.55 KB
CJS dist/bot/commands/gtts.js                3.48 KB
CJS dist/bot/commands/help.js                1.74 KB
CJS dist/bot/commands/info.js                1.58 KB
CJS dist/bot/commands/interacao.js           7.82 KB
CJS dist/bot/commands/jogos.js               1.75 KB
CJS dist/bot/commands/index.js               148.96 KB
CJS dist/bot/commands/jokes.js               2.62 KB
CJS dist/bot/commands/lembrete.js            1.32 KB
CJS dist/bot/commands/bemvindo.js            1.36 KB
CJS dist/bot/commands/feedback.js            5.17 KB
CJS dist/bot/commands/lists.js               10.43 KB
CJS dist/bot/commands/migration.js           3.56 KB
CJS dist/bot/commands/kick.js                7.07 KB
CJS dist/bot/commands/menu.js                14.89 KB
CJS dist/bot/commands/mute.js                1.64 KB
CJS dist/bot/commands/gameState.js           1.19 KB
CJS dist/bot/commands/piadas.js              2.29 KB
CJS dist/bot/commands/noticias.js            7.55 KB
CJS dist/bot/commands/nick.js                1.26 KB
CJS dist/bot/commands/promover.js            1.68 KB
CJS dist/bot/commands/sendMessage.js         6.24 KB
CJS dist/bot/commands/setwelcome.js          4.63 KB
CJS dist/bot/commands/sorteio.js             1.28 KB
CJS dist/bot/commands/stats.js               4.92 KB
CJS dist/bot/commands/shutdown.js            2.76 KB
CJS dist/bot/commands/types.js               771.00 B
CJS dist/bot/commands/velha.js               3.53 KB
CJS dist/bot/commands/vote.js                4.81 KB
CJS dist/bot/commands/voteSystem.js          3.15 KB
CJS dist/bot/commands/welcome.js             4.40 KB
CJS dist/bot/commands/ondeestou.js           2.54 KB
CJS dist/bot/commands/pergunta.js            10.13 KB
CJS dist/bot/commands/piada.js               1.65 KB
CJS dist/bot/commands/ping.js                1.42 KB
CJS ⚡️ Build success in 290ms

> bot-wpp@1.0.0 build:platforms
> tsup src/platforms/**/*.ts --out-dir dist/platforms --format cjs

CLI Building entry: src/platforms/base/PlatformTypes.ts, src/platforms/discord/DiscordAdapter.ts, src/platforms/whatsapp/WhatsAppAdapter.ts, src/platforms/whatsapp/index.ts, src/platforms/telegram/TelegramAdapter.ts
CLI Using tsconfig: tsconfig.json
CLI tsup v8.5.1
CLI Target: esnext
CJS Build start
CJS dist/platforms/base/PlatformTypes.js       797.00 B
CJS dist/platforms/discord/DiscordAdapter.js   9.40 KB
CJS dist/platforms/whatsapp/WhatsAppAdapter.js 31.58 KB
CJS dist/platforms/whatsapp/index.js           31.60 KB
CJS dist/platforms/telegram/TelegramAdapter.js 8.52 KB
CJS ⚡️ Build success in 55ms

> bot-wpp@1.0.0 build:main
> tsup src/whatsapp.ts --out-dir dist --format cjs

CLI Building entry: src/whatsapp.ts
CLI Using tsconfig: tsconfig.json
CLI tsup v8.5.1
CLI Target: esnext
CJS Build start
CJS dist/whatsapp.js 179.79 KB
CJS ⚡️ Build success in 71ms

> bot-wpp@1.0.0 build:core
> tsup src/core/index.ts src/core/multiPlatform.ts --out-dir dist/core --format cjs

CLI Building entry: src/core/index.ts, src/core/multiPlatform.ts
CLI Using tsconfig: tsconfig.json
CLI tsup v8.5.1
CLI Target: esnext
CJS Build start
CJS dist/core/multiPlatform.js 185.09 KB
CJS dist/core/index.js         184.77 KB
CJS ⚡️ Build success in 99ms
[2026-08-03 14:43:54] Reiniciando bot via PM2…
[2026-08-03 14:43:55] Deletando processo antigo do bot-wpp no PM2…
[2026-08-03 14:43:56] Iniciando bot-wpp a partir do ecosystem.config.js…
[2026-08-03 14:43:56] Salvando lista de processos do PM2…
[2026-08-03 14:43:56] === Sincronização concluída ===
[2026-09-03 17:10:08] === Iniciando sincronização ===
[2026-09-03 17:10:08] Descartando alterações locais no package.json/package-lock.json/linux_maintenance.sh para evitar conflitos de git pull…
[2026-09-03 17:10:08] Atualizando código…
[2026-09-03 17:15:13] === Iniciando sincronização ===
[2026-09-03 17:15:13] Descartando alterações locais no package.json/package-lock.json/linux_maintenance.sh para evitar conflitos de git pull…
[2026-09-03 17:15:13] Atualizando código…
[2026-09-03 17:17:08] === Iniciando sincronização ===
[2026-09-03 17:17:08] Descartando alterações locais no package.json/package-lock.json/linux_maintenance.sh para evitar conflitos de git pull…
[2026-09-03 17:17:08] Atualizando código…
Already up to date.
[2026-09-03 17:17:09] Instalando dependências (npm ci)…

added 699 packages, and audited 700 packages in 29s

134 packages are looking for funding
  run `npm fund` for details

7 vulnerabilities (1 low, 1 moderate, 5 high)

To address all issues, run:
  npm audit fix

Run `npm audit` for details.
[2026-09-03 17:17:39] Instalando dependências do screen share…
[2026-09-03 17:17:52] Compilando projeto (npm run build)…

> discord-screen@0.1.0 build
> npm -w client run build


> client@0.1.0 build
> vite build

vite v8.1.2 building client environment for production...
[2Ktransforming...✓ 9 modules transformed.
rendering chunks...
computing gzip size...
dist/index.html                  8.99 kB │ gzip:  2.16 kB
dist/assets/index-o_rWyqfW.css  15.22 kB │ gzip:  3.88 kB
dist/assets/index-BJV9StZb.js   49.40 kB │ gzip: 17.05 kB

[2026-09-03 17:24:08] === Iniciando sincronização ===
[2026-09-03 17:24:08] Descartando alterações locais no package.json/package-lock.json/linux_maintenance.sh para evitar conflitos de git pull…
[2026-09-03 17:24:08] Atualizando código…
Updating 44a4609..998f29f
Created autostash: 3a75087
Fast-forward
 discord-screen/client/package.json | 6 ++++--
 1 file changed, 4 insertions(+), 2 deletions(-)
[2026-09-03 17:24:10] Instalando dependências (npm ci)…

added 699 packages, and audited 700 packages in 20s

134 packages are looking for funding
  run `npm fund` for details

7 vulnerabilities (1 low, 1 moderate, 5 high)

To address all issues, run:
  npm audit fix

Run `npm audit` for details.
[2026-09-03 17:24:31] Instalando dependências do screen share…
[2026-09-03 17:24:39] Compilando projeto (npm run build)…

> discord-screen@0.1.0 build
> npm -w client run build


> client@0.1.0 build
> vite build

vite v8.1.2 building client environment for production...
[2Ktransforming...✓ 9 modules transformed.
rendering chunks...
computing gzip size...
dist/index.html                  8.99 kB │ gzip:  2.16 kB
dist/assets/index-o_rWyqfW.css  15.22 kB │ gzip:  3.88 kB
dist/assets/index-BJV9StZb.js   49.40 kB │ gzip: 17.05 kB

[2026-09-03 17:46:10] === Iniciando sincronização ===
[2026-09-03 17:46:10] Descartando alterações locais no package.json/package-lock.json/linux_maintenance.sh para evitar conflitos de git pull…
[2026-09-03 17:46:10] Atualizando código…
Updating 998f29f..46b4e21
Created autostash: 6cb6141
Fast-forward
 .env.example                                       |    2 +-
 ARCHITECTURE.md                                    |   12 +-
 CHANGELOG.md                                       |   18 +
 discord-screen/.env.example                        |    4 +-
 discord-screen/Dockerfile                          |    4 +-
 discord-screen/README.md                           |    4 +-
 discord-screen/client/vite.config.js               |    4 +-
 discord-screen/docs/como-funciona.md               |    2 +-
 discord-screen/docs/vps.md                         |    6 +-
 discord-screen/infra/Caddyfile                     |    2 +-
 discord-screen/package-lock.json                   | 3412 ++++++++++++++------
 discord-screen/scripts/configurar.mjs              |    2 +-
 discord-screen/scripts/env.mjs                     |    4 +-
 discord-screen/scripts/smoke-controle.mjs          |    4 +-
 discord-screen/scripts/smoke.mjs                   |    4 +-
 discord-screen/scripts/tunel-criar.mjs             |    2 +-
 discord-screen/scripts/tunel.mjs                   |    4 +-
 discord-screen/server/index.js                     |   17 +-
 ecosystem.config.js                                |    2 +-
 package.json                                       |   13 +-
 src/bot/commands/screen.ts                         |    2 +-
 .../discord-screen/DiscordScreenService.ts         |    2 +-
 src/services/discord-screen/admin.js               |  166 -
 src/services/discord-screen/admin.test.js          |  223 --
 src/services/discord-screen/client/index.html      |  231 --
 src/services/discord-screen/client/package.json    |   15 -
 src/services/discord-screen/client/src/audio.js    |  152 -
 src/services/discord-screen/client/src/main.js     | 2489 --------------
 src/services/discord-screen/client/src/player.js   |  350 --
 .../discord-screen/client/src/player.test.js       |  228 --
 src/services/discord-screen/client/src/style.css   | 1399 --------
 src/services/discord-screen/client/vite.config.js  |   19 -
 src/services/discord-screen/index-admin.test.js    |  383 ---
 src/services/discord-screen/index-ws.test.js       |  543 ----
 src/services/discord-screen/index.js               | 1281 --------
 src/services/discord-screen/index.test.js          |  752 -----
 src/services/discord-screen/package.json           |   15 -
 src/services/discord-screen/public/admin.css       |  504 ---
 src/services/discord-screen/public/admin.html      |  161 -
 src/services/discord-screen/public/admin.js        |  416 ---
 src/services/discord-screen/public/index.html      |  174 -
 src/services/discord-screen/public/politicas.css   |  148 -
 .../discord-screen/public/privacidade.html         |  225 --
 src/services/discord-screen/public/share.css       |  453 ---
 src/services/discord-screen/public/share.html      |  144 -
 src/services/discord-screen/public/share.js        |  180 --
 src/services/discord-screen/public/termos.html     |  167 -
 .../discord-screen/public/test-broadcaster.html    |  196 --
 .../discord-screen/public/test-complete.html       |  235 --
 src/services/discord-screen/public/test.html       |  190 --
 src/services/discord-screen/public/viewer.html     |   56 -
 src/services/discord-screen/public/viewer.js       |  227 --
 src/services/discord-screen/rooms-limpeza.test.js  |  128 -
 src/services/discord-screen/rooms.js               | 1091 -------
 src/services/discord-screen/rooms.test.js          |  995 ------
 src/services/discord-screen/shared/broadcaster.js  |  266 --
 .../discord-screen/shared/broadcaster.test.js      | 1453 ---------
 .../shared/media-recorder-fallback.js              |   67 -
 src/services/discord-screen/shared/rtc.js          |  150 -
 src/services/discord-screen/shared/rtc.test.js     |  354 --
 src/services/discord-screen/system.js              |  246 --
 src/services/discord-screen/system.test.js         |  194 --
 src/services/discord-screen/tokens.js              |   75 -
 src/services/discord-screen/tokens.test.js         |  125 -
 sync_and_deploy.sh                                 |    4 +-
 65 files changed, 2546 insertions(+), 17850 deletions(-)
 delete mode 100644 src/services/discord-screen/admin.js
 delete mode 100644 src/services/discord-screen/admin.test.js
 delete mode 100644 src/services/discord-screen/client/index.html
 delete mode 100644 src/services/discord-screen/client/package.json
 delete mode 100644 src/services/discord-screen/client/src/audio.js
 delete mode 100644 src/services/discord-screen/client/src/main.js
 delete mode 100644 src/services/discord-screen/client/src/player.js
 delete mode 100644 src/services/discord-screen/client/src/player.test.js
 delete mode 100644 src/services/discord-screen/client/src/style.css
 delete mode 100644 src/services/discord-screen/client/vite.config.js
 delete mode 100644 src/services/discord-screen/index-admin.test.js
 delete mode 100644 src/services/discord-screen/index-ws.test.js
 delete mode 100644 src/services/discord-screen/index.js
 delete mode 100644 src/services/discord-screen/index.test.js
 delete mode 100644 src/services/discord-screen/package.json
 delete mode 100644 src/services/discord-screen/public/admin.css
 delete mode 100644 src/services/discord-screen/public/admin.html
 delete mode 100644 src/services/discord-screen/public/admin.js
 delete mode 100644 src/services/discord-screen/public/index.html
 delete mode 100644 src/services/discord-screen/public/politicas.css
 delete mode 100644 src/services/discord-screen/public/privacidade.html
 delete mode 100644 src/services/discord-screen/public/share.css
 delete mode 100644 src/services/discord-screen/public/share.html
 delete mode 100644 src/services/discord-screen/public/share.js
 delete mode 100644 src/services/discord-screen/public/termos.html
 delete mode 100644 src/services/discord-screen/public/test-broadcaster.html
 delete mode 100644 src/services/discord-screen/public/test-complete.html
 delete mode 100644 src/services/discord-screen/public/test.html
 delete mode 100644 src/services/discord-screen/public/viewer.html
 delete mode 100644 src/services/discord-screen/public/viewer.js
 delete mode 100644 src/services/discord-screen/rooms-limpeza.test.js
 delete mode 100644 src/services/discord-screen/rooms.js
 delete mode 100644 src/services/discord-screen/rooms.test.js
 delete mode 100644 src/services/discord-screen/shared/broadcaster.js
 delete mode 100644 src/services/discord-screen/shared/broadcaster.test.js
 delete mode 100644 src/services/discord-screen/shared/media-recorder-fallback.js
 delete mode 100644 src/services/discord-screen/shared/rtc.js
 delete mode 100644 src/services/discord-screen/shared/rtc.test.js
 delete mode 100644 src/services/discord-screen/system.js
 delete mode 100644 src/services/discord-screen/system.test.js
 delete mode 100644 src/services/discord-screen/tokens.js
 delete mode 100644 src/services/discord-screen/tokens.test.js
[2026-09-03 17:46:12] Instalando dependências (npm ci)…

added 699 packages, and audited 700 packages in 22s

134 packages are looking for funding
  run `npm fund` for details

7 vulnerabilities (1 low, 1 moderate, 5 high)

To address all issues, run:
  npm audit fix

Run `npm audit` for details.
[2026-09-03 17:46:34] Instalando dependências do screen share…
[2026-09-03 17:46:35] Compilando projeto (npm run build)…

> discord-screen@0.1.0 build
> npm -w client run build


> client@0.1.0 build
> vite build

vite v8.1.2 building client environment for production...
[2Ktransforming...✓ 9 modules transformed.
rendering chunks...
computing gzip size...
dist/index.html                  8.99 kB │ gzip:  2.16 kB
dist/assets/index-o_rWyqfW.css  15.22 kB │ gzip:  3.88 kB
dist/assets/index-BJV9StZb.js   49.40 kB │ gzip: 17.05 kB

[2026-09-03 17:47:21] === Iniciando sincronização ===
[2026-09-03 17:47:21] Descartando alterações locais no package.json/package-lock.json/linux_maintenance.sh para evitar conflitos de git pull…
[2026-09-03 17:47:22] Atualizando código…
Updating 46b4e21..4b4e87e
Created autostash: 2cd1395
Fast-forward
 sync_and_deploy.sh | 5 ++++-
 1 file changed, 4 insertions(+), 1 deletion(-)
[2026-09-03 17:47:24] Instalando dependências (npm ci)…

added 699 packages, and audited 700 packages in 17s

134 packages are looking for funding
  run `npm fund` for details

7 vulnerabilities (1 low, 1 moderate, 5 high)

To address all issues, run:
  npm audit fix

Run `npm audit` for details.
[2026-09-03 17:47:42] Instalando dependências do screen share (workspace discord-screen)…
[2026-09-03 17:47:58] Compilando projeto (npm run build)…

> discord-screen@0.1.0 build
> npm -w client run build


> client@0.1.0 build
> vite build

vite v5.4.21 building for production...
transforming...
✓ 77 modules transformed.
rendering chunks...
computing gzip size...
dist/index.html                   8.96 kB │ gzip:  2.15 kB
dist/assets/index-CdyO4vzU.css   15.43 kB │ gzip:  3.83 kB
dist/assets/index-DXKOHIDO.js   202.25 kB │ gzip: 62.66 kB
✓ built in 1.51s
[2026-09-03 17:48:02] Reiniciando bot via PM2…
[2026-09-03 17:48:02] Deletando processo antigo do bot-wpp no PM2…
[2026-09-03 17:48:04] Iniciando bot-wpp e discord-screen a partir do ecosystem.config.js…
[2026-09-03 17:56:14] === Iniciando sincronização ===
[2026-09-03 17:56:14] Descartando alterações locais no package.json/package-lock.json/linux_maintenance.sh para evitar conflitos de git pull…
[2026-09-03 17:56:14] Atualizando código…
Updating 6a547ba..0fdb822
Created autostash: 12ab4aa
Fast-forward
 .env.example                                       |  3 ++
 ecosystem.config.js                                |  5 +-
 .../discord-screen/DiscordScreenService.ts         | 28 ++++++++--
 tests/unit/discordScreenService.test.ts            | 61 ++++++++++++++++++++++
 4 files changed, 92 insertions(+), 5 deletions(-)
 create mode 100644 tests/unit/discordScreenService.test.ts
[2026-09-03 17:56:16] Instalando dependências (npm ci)…

added 699 packages, and audited 700 packages in 25s

134 packages are looking for funding
  run `npm fund` for details

7 vulnerabilities (1 low, 1 moderate, 5 high)

To address all issues, run:
  npm audit fix

Run `npm audit` for details.
[2026-09-03 17:56:41] Instalando dependências do screen share (workspace discord-screen)…
npm warn EBADENGINE Unsupported engine {
npm warn EBADENGINE   package: '@asamuzakjp/css-color@6.0.7',
npm warn EBADENGINE   required: { node: '^22.13.0 || >=24.0.0' },
npm warn EBADENGINE   current: { node: 'v20.20.2', npm: '10.8.2' }
npm warn EBADENGINE }
npm warn EBADENGINE Unsupported engine {
npm warn EBADENGINE   package: '@asamuzakjp/dom-selector@8.3.2',
npm warn EBADENGINE   required: { node: '^22.13.0 || >=24.0.0' },
npm warn EBADENGINE   current: { node: 'v20.20.2', npm: '10.8.2' }
npm warn EBADENGINE }
npm warn EBADENGINE Unsupported engine {
npm warn EBADENGINE   package: 'jsdom@30.0.1',
npm warn EBADENGINE   required: { node: '^22.22.2 || ^24.15.0 || >=26.0.0' },
npm warn EBADENGINE   current: { node: 'v20.20.2', npm: '10.8.2' }
npm warn EBADENGINE }
npm warn EBADENGINE Unsupported engine {
npm warn EBADENGINE   package: 'undici@8.10.1',
npm warn EBADENGINE   required: { node: '>=22.19.0' },
npm warn EBADENGINE   current: { node: 'v20.20.2', npm: '10.8.2' }
npm warn EBADENGINE }
npm warn EBADENGINE Unsupported engine {
npm warn EBADENGINE   package: 'whatwg-url@17.1.0',
npm warn EBADENGINE   required: { node: '^22.14.0 || >=24.0.0' },
npm warn EBADENGINE   current: { node: 'v20.20.2', npm: '10.8.2' }
npm warn EBADENGINE }

> discord-screen@0.1.0 postinstall
> node -e "console.log('\n  Pronto. Agora rode:  npm run configurar\n')"


  Pronto. Agora rode:  npm run configurar


added 22 packages in 4s
[2026-09-03 17:56:46] Compilando projeto (npm run build)…

> bot-wpp@1.0.0 build
> npm run build:relay && npm run build:services && npm run build:platforms && npm run build:core && npm run build:screen


> bot-wpp@1.0.0 build:relay
> tsup src/relay/server.ts --out-dir dist/relay --format cjs

CLI Building entry: src/relay/server.ts
CLI Using tsconfig: tsconfig.json
CLI tsup v8.5.1
CLI Target: esnext
CJS Build start
CJS dist/relay/server.js 7.44 KB
CJS ⚡️ Build success in 20ms

> bot-wpp@1.0.0 build:services
> tsup src/services/*.ts src/services/discord-screen/DiscordScreenService.ts --out-dir dist/services --format cjs

CLI Building entry: src/services/aiService.ts, src/services/argParser.ts, src/services/autoModEngine.ts, src/services/circuitBreaker.ts, src/services/cleanupService.ts, src/services/commandConfigService.ts, src/services/databaseService.ts, src/services/healthStore.ts, src/services/infractions.ts, src/services/keywordHandler.ts, src/services/locationPoller.ts, src/services/loggerService.ts, src/services/memberJoinService.ts, src/services/memoryMonitor.ts, src/services/metricsService.ts, src/services/permissions.ts, src/services/rateLimiter.ts, src/services/retryWithBackoff.ts, src/services/sessionManager.ts, src/services/testServer.ts, src/services/validationService.ts, src/services/discord-screen/DiscordScreenService.ts
CLI Using tsconfig: tsconfig.json
CLI tsup v8.5.1
CLI Target: esnext
CJS Build start
CJS dist/services/autoModEngine.js                       30.03 KB
CJS dist/services/aiService.js                           11.78 KB
CJS dist/services/circuitBreaker.js                      8.96 KB
CJS dist/services/argParser.js                           1.27 KB
CJS dist/services/cleanupService.js                      14.05 KB
CJS dist/services/commandConfigService.js                2.29 KB
CJS dist/services/databaseService.js                     17.04 KB
CJS dist/services/infractions.js                         9.59 KB
CJS dist/services/healthStore.js                         1.45 KB
CJS dist/services/keywordHandler.js                      8.55 KB
CJS dist/services/locationPoller.js                      51.23 KB
CJS dist/services/loggerService.js                       5.30 KB
CJS dist/services/memberJoinService.js                   11.60 KB
CJS dist/services/memoryMonitor.js                       20.93 KB
CJS dist/services/metricsService.js                      16.45 KB
CJS dist/services/permissions.js                         8.13 KB
CJS dist/services/rateLimiter.js                         2.68 KB
CJS dist/services/retryWithBackoff.js                    7.59 KB
CJS dist/services/sessionManager.js                      240.01 KB
CJS dist/services/validationService.js                   5.19 KB
CJS dist/services/testServer.js                          49.58 KB
CJS dist/services/discord-screen/DiscordScreenService.js 8.58 KB
CJS ⚡️ Build success in 181ms

> bot-wpp@1.0.0 build:platforms
> tsup src/platforms/**/*.ts --out-dir dist/platforms --format cjs

CLI Building entry: src/platforms/base/PlatformTypes.ts, src/platforms/discord/DiscordAdapter.ts, src/platforms/telegram/TelegramAdapter.ts, src/platforms/whatsapp/BaileysAdapter.ts
CLI Using tsconfig: tsconfig.json
CLI tsup v8.5.1
CLI Target: esnext
CJS Build start
CJS dist/platforms/base/PlatformTypes.js       1.17 KB
CJS dist/platforms/discord/DiscordAdapter.js   14.12 KB
CJS dist/platforms/telegram/TelegramAdapter.js 14.13 KB
CJS dist/platforms/whatsapp/BaileysAdapter.js  201.42 KB
CJS ⚡️ Build success in 122ms

> bot-wpp@1.0.0 build:core
> tsup src/core/multiPlatform.ts --out-dir dist/core --format cjs

CLI Building entry: src/core/multiPlatform.ts
CLI Using tsconfig: tsconfig.json
CLI tsup v8.5.1
CLI Target: esnext
CJS Build start
CJS dist/core/multiPlatform.js 359.95 KB
CJS ⚡️ Build success in 124ms

> bot-wpp@1.0.0 build:screen
> npm --prefix discord-screen run build


> discord-screen@0.1.0 build
> npm -w client run build


> client@0.1.0 build
> vite build

vite v5.4.21 building for production...
transforming...
✓ 77 modules transformed.
rendering chunks...
computing gzip size...
dist/index.html                   8.96 kB │ gzip:  2.15 kB
dist/assets/index-CdyO4vzU.css   15.43 kB │ gzip:  3.83 kB
dist/assets/index-DXKOHIDO.js   202.25 kB │ gzip: 62.66 kB
✓ built in 1.69s
[2026-09-03 17:56:52] Reiniciando bot via PM2…
[2026-09-03 17:56:52] Deletando processo antigo do bot-wpp no PM2…
[2026-09-03 17:56:54] Deletando processo antigo do discord-screen no PM2…
[2026-09-03 17:56:54] Iniciando bot-wpp e discord-screen a partir do ecosystem.config.js…
[2026-09-03 17:56:54] Salvando lista de processos do PM2…
[2026-09-03 17:56:55] === Sincronização concluída ===
[2026-09-03 17:58:32] === Iniciando sincronização ===
[2026-09-03 17:58:32] Descartando alterações locais no package.json/package-lock.json/linux_maintenance.sh para evitar conflitos de git pull…
[2026-09-03 17:58:32] Atualizando código…
Updating 4526fa2..90a4adc
Created autostash: b563f67
Fast-forward
 discord-screen/package-lock.json   | 717 +------------------------------------
 discord-screen/server/package.json |   2 +-
 2 files changed, 2 insertions(+), 717 deletions(-)
[2026-09-03 17:58:34] Instalando dependências (npm ci)…

added 699 packages, and audited 700 packages in 28s

134 packages are looking for funding
  run `npm fund` for details

7 vulnerabilities (1 low, 1 moderate, 5 high)

To address all issues, run:
  npm audit fix

Run `npm audit` for details.
[2026-09-03 17:59:01] Instalando dependências do screen share (workspace discord-screen)…
npm warn EBADENGINE Unsupported engine {
npm warn EBADENGINE   package: '@asamuzakjp/css-color@6.0.7',
npm warn EBADENGINE   required: { node: '^22.13.0 || >=24.0.0' },
npm warn EBADENGINE   current: { node: 'v20.20.2', npm: '10.8.2' }
npm warn EBADENGINE }
npm warn EBADENGINE Unsupported engine {
npm warn EBADENGINE   package: '@asamuzakjp/dom-selector@8.3.2',
npm warn EBADENGINE   required: { node: '^22.13.0 || >=24.0.0' },
npm warn EBADENGINE   current: { node: 'v20.20.2', npm: '10.8.2' }
npm warn EBADENGINE }
npm warn EBADENGINE Unsupported engine {
npm warn EBADENGINE   package: 'jsdom@30.0.1',
npm warn EBADENGINE   required: { node: '^22.22.2 || ^24.15.0 || >=26.0.0' },
npm warn EBADENGINE   current: { node: 'v20.20.2', npm: '10.8.2' }
npm warn EBADENGINE }
npm warn EBADENGINE Unsupported engine {
npm warn EBADENGINE   package: 'undici@8.10.1',
npm warn EBADENGINE   required: { node: '>=22.19.0' },
npm warn EBADENGINE   current: { node: 'v20.20.2', npm: '10.8.2' }
npm warn EBADENGINE }
npm warn EBADENGINE Unsupported engine {
npm warn EBADENGINE   package: 'whatwg-url@17.1.0',
npm warn EBADENGINE   required: { node: '^22.14.0 || >=24.0.0' },
npm warn EBADENGINE   current: { node: 'v20.20.2', npm: '10.8.2' }
npm warn EBADENGINE }

> discord-screen@0.1.0 postinstall
> node -e "console.log('\n  Pronto. Agora rode:  npm run configurar\n')"


  Pronto. Agora rode:  npm run configurar


up to date in 2s
[2026-09-03 17:59:04] Compilando projeto (npm run build)…

> bot-wpp@1.0.0 build
> npm run build:relay && npm run build:services && npm run build:platforms && npm run build:core && npm run build:screen


> bot-wpp@1.0.0 build:relay
> tsup src/relay/server.ts --out-dir dist/relay --format cjs

CLI Building entry: src/relay/server.ts
CLI Using tsconfig: tsconfig.json
CLI tsup v8.5.1
CLI Target: esnext
CJS Build start
CJS dist/relay/server.js 7.44 KB
CJS ⚡️ Build success in 20ms

> bot-wpp@1.0.0 build:services
> tsup src/services/*.ts src/services/discord-screen/DiscordScreenService.ts --out-dir dist/services --format cjs

CLI Building entry: src/services/aiService.ts, src/services/argParser.ts, src/services/autoModEngine.ts, src/services/circuitBreaker.ts, src/services/cleanupService.ts, src/services/commandConfigService.ts, src/services/databaseService.ts, src/services/healthStore.ts, src/services/infractions.ts, src/services/keywordHandler.ts, src/services/locationPoller.ts, src/services/loggerService.ts, src/services/memberJoinService.ts, src/services/memoryMonitor.ts, src/services/metricsService.ts, src/services/permissions.ts, src/services/rateLimiter.ts, src/services/retryWithBackoff.ts, src/services/sessionManager.ts, src/services/testServer.ts, src/services/validationService.ts, src/services/discord-screen/DiscordScreenService.ts
CLI Using tsconfig: tsconfig.json
CLI tsup v8.5.1
CLI Target: esnext
CJS Build start
CJS dist/services/aiService.js                           11.78 KB
CJS dist/services/autoModEngine.js                       30.03 KB
CJS dist/services/circuitBreaker.js                      8.96 KB
CJS dist/services/argParser.js                           1.27 KB
CJS dist/services/cleanupService.js                      14.05 KB
CJS dist/services/commandConfigService.js                2.29 KB
CJS dist/services/databaseService.js                     17.04 KB
CJS dist/services/healthStore.js                         1.45 KB
CJS dist/services/infractions.js                         9.59 KB
CJS dist/services/keywordHandler.js                      8.55 KB
CJS dist/services/locationPoller.js                      51.23 KB
CJS dist/services/loggerService.js                       5.30 KB
CJS dist/services/memberJoinService.js                   11.60 KB
CJS dist/services/memoryMonitor.js                       20.93 KB
CJS dist/services/metricsService.js                      16.45 KB
CJS dist/services/permissions.js                         8.13 KB
CJS dist/services/rateLimiter.js                         2.68 KB
CJS dist/services/retryWithBackoff.js                    7.59 KB
CJS dist/services/validationService.js                   5.19 KB
CJS dist/services/sessionManager.js                      240.01 KB
CJS dist/services/testServer.js                          49.58 KB
CJS dist/services/discord-screen/DiscordScreenService.js 8.58 KB
CJS ⚡️ Build success in 262ms

> bot-wpp@1.0.0 build:platforms
> tsup src/platforms/**/*.ts --out-dir dist/platforms --format cjs

CLI Building entry: src/platforms/base/PlatformTypes.ts, src/platforms/discord/DiscordAdapter.ts, src/platforms/telegram/TelegramAdapter.ts, src/platforms/whatsapp/BaileysAdapter.ts
CLI Using tsconfig: tsconfig.json
CLI tsup v8.5.1
CLI Target: esnext
CJS Build start
CJS dist/platforms/discord/DiscordAdapter.js   14.12 KB
CJS dist/platforms/telegram/TelegramAdapter.js 14.13 KB
CJS dist/platforms/whatsapp/BaileysAdapter.js  201.42 KB
CJS dist/platforms/base/PlatformTypes.js       1.17 KB
CJS ⚡️ Build success in 84ms

> bot-wpp@1.0.0 build:core
> tsup src/core/multiPlatform.ts --out-dir dist/core --format cjs

CLI Building entry: src/core/multiPlatform.ts
CLI Using tsconfig: tsconfig.json
CLI tsup v8.5.1
CLI Target: esnext
CJS Build start
CJS dist/core/multiPlatform.js 359.95 KB
CJS ⚡️ Build success in 115ms

> bot-wpp@1.0.0 build:screen
> npm --prefix discord-screen run build


> discord-screen@0.1.0 build
> npm -w client run build


> client@0.1.0 build
> vite build

vite v5.4.21 building for production...
transforming...
✓ 77 modules transformed.
rendering chunks...
computing gzip size...
dist/index.html                   8.96 kB │ gzip:  2.15 kB
dist/assets/index-CdyO4vzU.css   15.43 kB │ gzip:  3.83 kB
dist/assets/index-DXKOHIDO.js   202.25 kB │ gzip: 62.66 kB
✓ built in 1.86s
[2026-09-03 17:59:10] Reiniciando bot via PM2…
[2026-09-03 17:59:10] Deletando processo antigo do bot-wpp no PM2…
[2026-09-03 17:59:12] Deletando processo antigo do discord-screen no PM2…
[2026-09-03 17:59:12] Iniciando bot-wpp e discord-screen a partir do ecosystem.config.js…
[2026-09-03 17:59:12] Salvando lista de processos do PM2…
[2026-09-03 17:59:12] === Sincronização concluída ===
[2026-09-04 10:12:47] === Iniciando sincronização ===
[2026-09-04 10:12:47] Descartando alterações locais no package.json/package-lock.json/linux_maintenance.sh para evitar conflitos de git pull…
[2026-09-04 10:12:47] Atualizando código…
Updating c02161e..d5b9208
Fast-forward
 discord-screen/Leiame.txt                   | 38 ++++++++++++++----------
 discord-screen/client/src/main.js           | 40 +++++++++++++++++++++----
 discord-screen/server/index.js              | 24 +++++++++++++++
 discord-screen/server/index.test.js         | 40 +++++++++++++++++++++++++
 discord-screen/server/rooms-limpeza.test.js | 35 ++++++++++++++++++++++
 discord-screen/server/rooms.js              | 12 ++++++--
 src/bot/commands/screen.ts                  | 45 +++++++++++++++++++++++++++--
 src/platforms/discord/DiscordAdapter.ts     | 34 ++++++++++++++++++++++
 8 files changed, 242 insertions(+), 26 deletions(-)
[2026-09-04 10:12:56] Instalando dependências (npm ci)…

added 699 packages, and audited 700 packages in 29s

134 packages are looking for funding
  run `npm fund` for details

7 vulnerabilities (1 low, 1 moderate, 5 high)

To address all issues, run:
  npm audit fix

Run `npm audit` for details.
[2026-09-04 10:13:25] Instalando dependências do screen share (workspace discord-screen)…
npm warn EBADENGINE Unsupported engine {
npm warn EBADENGINE   package: '@asamuzakjp/css-color@6.0.7',
npm warn EBADENGINE   required: { node: '^22.13.0 || >=24.0.0' },
npm warn EBADENGINE   current: { node: 'v20.20.2', npm: '10.8.2' }
npm warn EBADENGINE }
npm warn EBADENGINE Unsupported engine {
npm warn EBADENGINE   package: '@asamuzakjp/dom-selector@8.3.2',
npm warn EBADENGINE   required: { node: '^22.13.0 || >=24.0.0' },
npm warn EBADENGINE   current: { node: 'v20.20.2', npm: '10.8.2' }
npm warn EBADENGINE }
npm warn EBADENGINE Unsupported engine {
npm warn EBADENGINE   package: 'jsdom@30.0.1',
npm warn EBADENGINE   required: { node: '^22.22.2 || ^24.15.0 || >=26.0.0' },
npm warn EBADENGINE   current: { node: 'v20.20.2', npm: '10.8.2' }
npm warn EBADENGINE }
npm warn EBADENGINE Unsupported engine {
npm warn EBADENGINE   package: 'undici@8.10.1',
npm warn EBADENGINE   required: { node: '>=22.19.0' },
npm warn EBADENGINE   current: { node: 'v20.20.2', npm: '10.8.2' }
npm warn EBADENGINE }
npm warn EBADENGINE Unsupported engine {
npm warn EBADENGINE   package: 'whatwg-url@17.1.0',
npm warn EBADENGINE   required: { node: '^22.14.0 || >=24.0.0' },
npm warn EBADENGINE   current: { node: 'v20.20.2', npm: '10.8.2' }
npm warn EBADENGINE }

> discord-screen@0.1.0 postinstall
> node -e "console.log('\n  Pronto. Agora rode:  npm run configurar\n')"


  Pronto. Agora rode:  npm run configurar


removed 2 packages in 3s
[2026-09-04 10:13:28] Compilando projeto (npm run build)…

> bot-wpp@1.0.0 build
> npm run build:relay && npm run build:services && npm run build:platforms && npm run build:core && npm run build:screen


> bot-wpp@1.0.0 build:relay
> tsup src/relay/server.ts --out-dir dist/relay --format cjs

CLI Building entry: src/relay/server.ts
CLI Using tsconfig: tsconfig.json
CLI tsup v8.5.1
CLI Target: esnext
CJS Build start
CJS dist/relay/server.js 7.44 KB
CJS ⚡️ Build success in 23ms

> bot-wpp@1.0.0 build:services
> tsup src/services/*.ts src/services/discord-screen/DiscordScreenService.ts --out-dir dist/services --format cjs

CLI Building entry: src/services/aiService.ts, src/services/argParser.ts, src/services/autoModEngine.ts, src/services/circuitBreaker.ts, src/services/cleanupService.ts, src/services/commandConfigService.ts, src/services/databaseService.ts, src/services/healthStore.ts, src/services/infractions.ts, src/services/keywordHandler.ts, src/services/locationPoller.ts, src/services/loggerService.ts, src/services/memberJoinService.ts, src/services/memoryMonitor.ts, src/services/metricsService.ts, src/services/permissions.ts, src/services/rateLimiter.ts, src/services/retryWithBackoff.ts, src/services/sessionManager.ts, src/services/testServer.ts, src/services/validationService.ts, src/services/discord-screen/DiscordScreenService.ts
CLI Using tsconfig: tsconfig.json
CLI tsup v8.5.1
CLI Target: esnext
CJS Build start
CJS dist/services/aiService.js                           11.78 KB
CJS dist/services/autoModEngine.js                       30.03 KB
CJS dist/services/argParser.js                           1.27 KB
CJS dist/services/circuitBreaker.js                      8.96 KB
CJS dist/services/cleanupService.js                      14.05 KB
CJS dist/services/commandConfigService.js                2.29 KB
CJS dist/services/databaseService.js                     17.04 KB
CJS dist/services/healthStore.js                         1.45 KB
CJS dist/services/infractions.js                         9.59 KB
CJS dist/services/keywordHandler.js                      8.55 KB
CJS dist/services/locationPoller.js                      51.23 KB
CJS dist/services/loggerService.js                       5.30 KB
CJS dist/services/memberJoinService.js                   11.60 KB
CJS dist/services/memoryMonitor.js                       20.93 KB
CJS dist/services/metricsService.js                      16.45 KB
CJS dist/services/rateLimiter.js                         2.68 KB
CJS dist/services/permissions.js                         8.13 KB
CJS dist/services/retryWithBackoff.js                    7.59 KB
CJS dist/services/testServer.js                          49.58 KB
CJS dist/services/sessionManager.js                      240.60 KB
CJS dist/services/validationService.js                   5.19 KB
CJS dist/services/discord-screen/DiscordScreenService.js 8.58 KB
CJS ⚡️ Build success in 957ms

> bot-wpp@1.0.0 build:platforms
> tsup src/platforms/**/*.ts --out-dir dist/platforms --format cjs

CLI Building entry: src/platforms/base/PlatformTypes.ts, src/platforms/discord/DiscordAdapter.ts, src/platforms/whatsapp/BaileysAdapter.ts, src/platforms/telegram/TelegramAdapter.ts
CLI Using tsconfig: tsconfig.json
CLI tsup v8.5.1
CLI Target: esnext
CJS Build start
CJS dist/platforms/base/PlatformTypes.js       1.17 KB
CJS dist/platforms/discord/DiscordAdapter.js   15.36 KB
CJS dist/platforms/whatsapp/BaileysAdapter.js  201.96 KB
CJS dist/platforms/telegram/TelegramAdapter.js 14.13 KB
CJS ⚡️ Build success in 84ms

> bot-wpp@1.0.0 build:core
> tsup src/core/multiPlatform.ts --out-dir dist/core --format cjs

CLI Building entry: src/core/multiPlatform.ts
CLI Using tsconfig: tsconfig.json
CLI tsup v8.5.1
CLI Target: esnext
CJS Build start
CJS dist/core/multiPlatform.js 363.10 KB
CJS ⚡️ Build success in 241ms

> bot-wpp@1.0.0 build:screen
> npm --prefix discord-screen run build


> discord-screen@0.1.0 build
> npm -w client run build


> client@0.1.0 build
> vite build

vite v5.4.21 building for production...
transforming...
✓ 77 modules transformed.
rendering chunks...
computing gzip size...
dist/index.html                   8.96 kB │ gzip:  2.15 kB
dist/assets/index-CdyO4vzU.css   15.43 kB │ gzip:  3.83 kB
dist/assets/index-Cqc8_zL0.js   202.67 kB │ gzip: 62.80 kB
✓ built in 1.46s
[2026-09-04 10:13:35] Reiniciando bot via PM2…
[2026-09-04 10:13:36] Deletando processo antigo do bot-wpp no PM2…
[2026-09-04 10:13:37] Deletando processo antigo do discord-screen no PM2…
[2026-09-04 10:13:37] Iniciando bot-wpp e discord-screen a partir do ecosystem.config.js…
[2026-09-04 10:13:37] Salvando lista de processos do PM2…
[2026-09-04 10:13:38] === Sincronização concluída ===
[2026-09-04 10:21:53] === Iniciando sincronização ===
[2026-09-04 10:21:53] Descartando alterações locais no package.json/package-lock.json/linux_maintenance.sh para evitar conflitos de git pull…
[2026-09-04 10:21:53] Atualizando código…
Updating d5b9208..330872f
Created autostash: 032eda2
Fast-forward
 discord-screen/server/rooms-limpeza.test.js | 17 +++++++++++++++++
 discord-screen/server/rooms.js              |  6 +++++-
 src/bot/commands/screen.ts                  | 21 +++++++++++++--------
 3 files changed, 35 insertions(+), 9 deletions(-)
[2026-09-04 10:21:55] Instalando dependências (npm ci)…

added 699 packages, and audited 700 packages in 15s

134 packages are looking for funding
  run `npm fund` for details

7 vulnerabilities (1 low, 1 moderate, 5 high)

To address all issues, run:
  npm audit fix

Run `npm audit` for details.
[2026-09-04 10:22:10] Instalando dependências do screen share (workspace discord-screen)…
npm warn EBADENGINE Unsupported engine {
npm warn EBADENGINE   package: '@asamuzakjp/css-color@6.0.7',
npm warn EBADENGINE   required: { node: '^22.13.0 || >=24.0.0' },
npm warn EBADENGINE   current: { node: 'v20.20.2', npm: '10.8.2' }
npm warn EBADENGINE }
npm warn EBADENGINE Unsupported engine {
npm warn EBADENGINE   package: '@asamuzakjp/dom-selector@8.3.2',
npm warn EBADENGINE   required: { node: '^22.13.0 || >=24.0.0' },
npm warn EBADENGINE   current: { node: 'v20.20.2', npm: '10.8.2' }
npm warn EBADENGINE }
npm warn EBADENGINE Unsupported engine {
npm warn EBADENGINE   package: 'jsdom@30.0.1',
npm warn EBADENGINE   required: { node: '^22.22.2 || ^24.15.0 || >=26.0.0' },
npm warn EBADENGINE   current: { node: 'v20.20.2', npm: '10.8.2' }
npm warn EBADENGINE }
npm warn EBADENGINE Unsupported engine {
npm warn EBADENGINE   package: 'undici@8.10.1',
npm warn EBADENGINE   required: { node: '>=22.19.0' },
npm warn EBADENGINE   current: { node: 'v20.20.2', npm: '10.8.2' }
npm warn EBADENGINE }
npm warn EBADENGINE Unsupported engine {
npm warn EBADENGINE   package: 'whatwg-url@17.1.0',
npm warn EBADENGINE   required: { node: '^22.14.0 || >=24.0.0' },
npm warn EBADENGINE   current: { node: 'v20.20.2', npm: '10.8.2' }
npm warn EBADENGINE }

> discord-screen@0.1.0 postinstall
> node -e "console.log('\n  Pronto. Agora rode:  npm run configurar\n')"


  Pronto. Agora rode:  npm run configurar


up to date in 4s
[2026-09-04 10:22:15] Compilando projeto (npm run build)…

> bot-wpp@1.0.0 build
> npm run build:relay && npm run build:services && npm run build:platforms && npm run build:core && npm run build:screen


> bot-wpp@1.0.0 build:relay
> tsup src/relay/server.ts --out-dir dist/relay --format cjs

CLI Building entry: src/relay/server.ts
CLI Using tsconfig: tsconfig.json
CLI tsup v8.5.1
CLI Target: esnext
CJS Build start
CJS dist/relay/server.js 7.44 KB
CJS ⚡️ Build success in 22ms

> bot-wpp@1.0.0 build:services
> tsup src/services/*.ts src/services/discord-screen/DiscordScreenService.ts --out-dir dist/services --format cjs

CLI Building entry: src/services/aiService.ts, src/services/argParser.ts, src/services/autoModEngine.ts, src/services/circuitBreaker.ts, src/services/cleanupService.ts, src/services/commandConfigService.ts, src/services/databaseService.ts, src/services/healthStore.ts, src/services/infractions.ts, src/services/keywordHandler.ts, src/services/locationPoller.ts, src/services/loggerService.ts, src/services/memberJoinService.ts, src/services/memoryMonitor.ts, src/services/metricsService.ts, src/services/permissions.ts, src/services/rateLimiter.ts, src/services/retryWithBackoff.ts, src/services/sessionManager.ts, src/services/testServer.ts, src/services/validationService.ts, src/services/discord-screen/DiscordScreenService.ts
CLI Using tsconfig: tsconfig.json
CLI tsup v8.5.1
CLI Target: esnext
CJS Build start
CJS dist/services/argParser.js                           1.27 KB
CJS dist/services/autoModEngine.js                       30.03 KB
CJS dist/services/cleanupService.js                      14.05 KB
CJS dist/services/aiService.js                           11.78 KB
CJS dist/services/commandConfigService.js                2.29 KB
CJS dist/services/databaseService.js                     17.04 KB
CJS dist/services/circuitBreaker.js                      8.96 KB
CJS dist/services/healthStore.js                         1.45 KB
CJS dist/services/infractions.js                         9.59 KB
CJS dist/services/keywordHandler.js                      8.55 KB
CJS dist/services/loggerService.js                       5.30 KB
CJS dist/services/locationPoller.js                      51.23 KB
CJS dist/services/memberJoinService.js                   11.60 KB
CJS dist/services/metricsService.js                      16.45 KB
CJS dist/services/permissions.js                         8.13 KB
CJS dist/services/rateLimiter.js                         2.68 KB
CJS dist/services/sessionManager.js                      240.60 KB
CJS dist/services/testServer.js                          49.58 KB
CJS dist/services/validationService.js                   5.19 KB
CJS dist/services/discord-screen/DiscordScreenService.js 8.58 KB
CJS dist/services/memoryMonitor.js                       20.93 KB
CJS dist/services/retryWithBackoff.js                    7.59 KB
CJS ⚡️ Build success in 232ms

> bot-wpp@1.0.0 build:platforms
> tsup src/platforms/**/*.ts --out-dir dist/platforms --format cjs

CLI Building entry: src/platforms/base/PlatformTypes.ts, src/platforms/discord/DiscordAdapter.ts, src/platforms/telegram/TelegramAdapter.ts, src/platforms/whatsapp/BaileysAdapter.ts
CLI Using tsconfig: tsconfig.json
CLI tsup v8.5.1
CLI Target: esnext
CJS Build start
CJS dist/platforms/discord/DiscordAdapter.js   15.36 KB
CJS dist/platforms/base/PlatformTypes.js       1.17 KB
CJS dist/platforms/telegram/TelegramAdapter.js 14.13 KB
CJS dist/platforms/whatsapp/BaileysAdapter.js  201.96 KB
CJS ⚡️ Build success in 90ms

> bot-wpp@1.0.0 build:core
> tsup src/core/multiPlatform.ts --out-dir dist/core --format cjs

CLI Building entry: src/core/multiPlatform.ts
CLI Using tsconfig: tsconfig.json
CLI tsup v8.5.1
CLI Target: esnext
CJS Build start
CJS dist/core/multiPlatform.js 363.55 KB
CJS ⚡️ Build success in 113ms

> bot-wpp@1.0.0 build:screen
> npm --prefix discord-screen run build


> discord-screen@0.1.0 build
> npm -w client run build


> client@0.1.0 build
> vite build

vite v5.4.21 building for production...
transforming...
✓ 77 modules transformed.
rendering chunks...
computing gzip size...
dist/index.html                   8.96 kB │ gzip:  2.15 kB
dist/assets/index-CdyO4vzU.css   15.43 kB │ gzip:  3.83 kB
dist/assets/index-Cqc8_zL0.js   202.67 kB │ gzip: 62.80 kB
✓ built in 1.65s
[2026-09-04 10:22:21] Reiniciando bot via PM2…
[2026-09-04 10:22:22] Deletando processo antigo do bot-wpp no PM2…
[2026-09-04 10:22:23] Deletando processo antigo do discord-screen no PM2…
[2026-09-04 10:22:23] Iniciando bot-wpp e discord-screen a partir do ecosystem.config.js…
[2026-09-04 10:22:23] Salvando lista de processos do PM2…
[2026-09-04 10:22:24] === Sincronização concluída ===
[2026-09-08 10:05:23] === Iniciando sincronização ===
[2026-09-08 10:05:23] Descartando alterações locais no package.json/package-lock.json/linux_maintenance.sh para evitar conflitos de git pull…
[2026-09-08 10:05:23] Atualizando código…
Merge made by the 'ort' strategy.
 src/platforms/telegram/TelegramAdapter.ts | 9 ++++++---
 1 file changed, 6 insertions(+), 3 deletions(-)
[2026-09-08 10:05:36] Instalando dependências (npm ci)…

added 699 packages, and audited 700 packages in 38s

134 packages are looking for funding
  run `npm fund` for details

7 vulnerabilities (1 low, 1 moderate, 5 high)

To address all issues, run:
  npm audit fix

Run `npm audit` for details.
[2026-09-08 10:06:15] Instalando dependências do screen share (workspace discord-screen)…
npm warn EBADENGINE Unsupported engine {
npm warn EBADENGINE   package: '@asamuzakjp/css-color@6.0.7',
npm warn EBADENGINE   required: { node: '^22.13.0 || >=24.0.0' },
npm warn EBADENGINE   current: { node: 'v20.20.2', npm: '10.8.2' }
npm warn EBADENGINE }
npm warn EBADENGINE Unsupported engine {
npm warn EBADENGINE   package: '@asamuzakjp/dom-selector@8.3.2',
npm warn EBADENGINE   required: { node: '^22.13.0 || >=24.0.0' },
npm warn EBADENGINE   current: { node: 'v20.20.2', npm: '10.8.2' }
npm warn EBADENGINE }
npm warn EBADENGINE Unsupported engine {
npm warn EBADENGINE   package: 'jsdom@30.0.1',
npm warn EBADENGINE   required: { node: '^22.22.2 || ^24.15.0 || >=26.0.0' },
npm warn EBADENGINE   current: { node: 'v20.20.2', npm: '10.8.2' }
npm warn EBADENGINE }
npm warn EBADENGINE Unsupported engine {
npm warn EBADENGINE   package: 'undici@8.10.1',
npm warn EBADENGINE   required: { node: '>=22.19.0' },
npm warn EBADENGINE   current: { node: 'v20.20.2', npm: '10.8.2' }
npm warn EBADENGINE }
npm warn EBADENGINE Unsupported engine {
npm warn EBADENGINE   package: 'whatwg-url@17.1.0',
npm warn EBADENGINE   required: { node: '^22.14.0 || >=24.0.0' },
npm warn EBADENGINE   current: { node: 'v20.20.2', npm: '10.8.2' }
npm warn EBADENGINE }

> discord-screen@0.1.0 postinstall
> node -e "console.log('\n  Pronto. Agora rode:  npm run configurar\n')"


  Pronto. Agora rode:  npm run configurar


up to date in 3s
[2026-09-08 10:06:18] Compilando projeto (npm run build)…

> bot-wpp@1.0.0 build
> npm run build:relay && npm run build:services && npm run build:platforms && npm run build:core && npm run build:screen && npm run build:laboratorio


> bot-wpp@1.0.0 build:relay
> tsup src/relay/server.ts --out-dir dist/relay --format cjs

CLI Building entry: src/relay/server.ts
CLI Using tsconfig: tsconfig.json
CLI tsup v8.5.1
CLI Target: esnext
CJS Build start
CJS dist/relay/server.js 7.44 KB
CJS ⚡️ Build success in 38ms

> bot-wpp@1.0.0 build:services
> tsup src/services/*.ts src/services/discord-screen/DiscordScreenService.ts --out-dir dist/services --format cjs

CLI Building entry: src/services/aiService.ts, src/services/argParser.ts, src/services/autoModEngine.ts, src/services/circuitBreaker.ts, src/services/cleanupService.ts, src/services/commandConfigService.ts, src/services/databaseService.ts, src/services/healthStore.ts, src/services/infractions.ts, src/services/keywordHandler.ts, src/services/locationPoller.ts, src/services/loggerService.ts, src/services/memberJoinService.ts, src/services/memoryMonitor.ts, src/services/metricsService.ts, src/services/permissions.ts, src/services/rateLimiter.ts, src/services/retryWithBackoff.ts, src/services/sessionManager.ts, src/services/testServer.ts, src/services/validationService.ts, src/services/discord-screen/DiscordScreenService.ts
CLI Using tsconfig: tsconfig.json
CLI tsup v8.5.1
CLI Target: esnext
CJS Build start
CJS dist/services/aiService.js                           11.78 KB
CJS dist/services/autoModEngine.js                       30.03 KB
CJS dist/services/argParser.js                           1.27 KB
CJS dist/services/circuitBreaker.js                      8.96 KB
CJS dist/services/cleanupService.js                      14.05 KB
CJS dist/services/commandConfigService.js                2.29 KB
CJS dist/services/databaseService.js                     17.04 KB
CJS dist/services/healthStore.js                         1.45 KB
CJS dist/services/infractions.js                         9.59 KB
CJS dist/services/keywordHandler.js                      8.55 KB
CJS dist/services/locationPoller.js                      51.23 KB
CJS dist/services/loggerService.js                       5.30 KB
CJS dist/services/memberJoinService.js                   11.60 KB
CJS dist/services/memoryMonitor.js                       20.93 KB
CJS dist/services/metricsService.js                      16.45 KB
CJS dist/services/permissions.js                         8.13 KB
CJS dist/services/rateLimiter.js                         2.68 KB
CJS dist/services/retryWithBackoff.js                    7.59 KB
CJS dist/services/sessionManager.js                      241.69 KB
CJS dist/services/validationService.js                   5.19 KB
CJS dist/services/testServer.js                          56.61 KB
CJS dist/services/discord-screen/DiscordScreenService.js 8.58 KB
CJS ⚡️ Build success in 340ms

> bot-wpp@1.0.0 build:platforms
> tsup src/platforms/**/*.ts --out-dir dist/platforms --format cjs

CLI Building entry: src/platforms/base/PlatformTypes.ts, src/platforms/discord/DiscordAdapter.ts, src/platforms/whatsapp/BaileysAdapter.ts, src/platforms/telegram/TelegramAdapter.ts
CLI Using tsconfig: tsconfig.json
CLI tsup v8.5.1
CLI Target: esnext
CJS Build start
CJS dist/platforms/discord/DiscordAdapter.js   15.36 KB
CJS dist/platforms/base/PlatformTypes.js       1.17 KB
CJS dist/platforms/telegram/TelegramAdapter.js 14.11 KB
CJS dist/platforms/whatsapp/BaileysAdapter.js  202.94 KB
CJS ⚡️ Build success in 132ms

> bot-wpp@1.0.0 build:core
> tsup src/core/multiPlatform.ts --out-dir dist/core --format cjs

CLI Building entry: src/core/multiPlatform.ts
CLI Using tsconfig: tsconfig.json
CLI tsup v8.5.1
CLI Target: esnext
CJS Build start
CJS dist/core/multiPlatform.js 371.64 KB
CJS ⚡️ Build success in 253ms

> bot-wpp@1.0.0 build:screen
> npm --prefix discord-screen run build


> discord-screen@0.1.0 build
> npm -w client run build


> client@0.1.0 build
> vite build

vite v5.4.21 building for production...
transforming...
✓ 77 modules transformed.
rendering chunks...
computing gzip size...
dist/index.html                   8.96 kB │ gzip:  2.15 kB
dist/assets/index-CdyO4vzU.css   15.43 kB │ gzip:  3.83 kB
dist/assets/index-Cqc8_zL0.js   202.67 kB │ gzip: 62.80 kB
✓ built in 1.62s

> bot-wpp@1.0.0 build:laboratorio
> tsc -p tsconfig.laboratorio.json

[2026-09-08 10:06:29] Reiniciando bot via PM2…
[2026-09-08 10:06:29] Deletando processo antigo do bot-wpp no PM2…
[2026-09-08 10:06:30] Deletando processo antigo do discord-screen no PM2…
[2026-09-08 10:06:30] Iniciando bot-wpp e discord-screen a partir do ecosystem.config.js…
[2026-09-08 10:06:30] Salvando lista de processos do PM2…
[2026-09-08 10:06:31] === Sincronização concluída ===
[2026-09-09 11:33:48] === Iniciando sincronização ===
[2026-09-09 11:33:48] Descartando alterações locais no package.json/package-lock.json/linux_maintenance.sh para evitar conflitos de git pull…
[2026-09-09 11:33:48] Atualizando código…
Already up to date.
[2026-09-09 11:33:49] Instalando dependências (npm ci)…

added 699 packages, and audited 700 packages in 30s

134 packages are looking for funding
  run `npm fund` for details

10 vulnerabilities (1 low, 4 moderate, 5 high)

To address all issues, run:
  npm audit fix

Run `npm audit` for details.
[2026-09-09 11:34:19] Instalando dependências do screen share (workspace discord-screen)…
npm warn EBADENGINE Unsupported engine {
npm warn EBADENGINE   package: '@asamuzakjp/css-color@6.0.7',
npm warn EBADENGINE   required: { node: '^22.13.0 || >=24.0.0' },
npm warn EBADENGINE   current: { node: 'v20.20.2', npm: '10.8.2' }
npm warn EBADENGINE }
npm warn EBADENGINE Unsupported engine {
npm warn EBADENGINE   package: '@asamuzakjp/dom-selector@8.3.2',
npm warn EBADENGINE   required: { node: '^22.13.0 || >=24.0.0' },
npm warn EBADENGINE   current: { node: 'v20.20.2', npm: '10.8.2' }
npm warn EBADENGINE }
npm warn EBADENGINE Unsupported engine {
npm warn EBADENGINE   package: 'jsdom@30.0.1',
npm warn EBADENGINE   required: { node: '^22.22.2 || ^24.15.0 || >=26.0.0' },
npm warn EBADENGINE   current: { node: 'v20.20.2', npm: '10.8.2' }
npm warn EBADENGINE }
npm warn EBADENGINE Unsupported engine {
npm warn EBADENGINE   package: 'undici@8.10.1',
npm warn EBADENGINE   required: { node: '>=22.19.0' },
npm warn EBADENGINE   current: { node: 'v20.20.2', npm: '10.8.2' }
npm warn EBADENGINE }
npm warn EBADENGINE Unsupported engine {
npm warn EBADENGINE   package: 'whatwg-url@17.1.0',
npm warn EBADENGINE   required: { node: '^22.14.0 || >=24.0.0' },
npm warn EBADENGINE   current: { node: 'v20.20.2', npm: '10.8.2' }
npm warn EBADENGINE }

> discord-screen@0.1.0 postinstall
> node -e "console.log('\n  Pronto. Agora rode:  npm run configurar\n')"


  Pronto. Agora rode:  npm run configurar


up to date in 3s
[2026-09-09 11:34:22] Compilando projeto (npm run build)…

> bot-wpp@1.0.0 build
> npm run build:relay && npm run build:services && npm run build:platforms && npm run build:core && npm run build:screen && npm run build:laboratorio


> bot-wpp@1.0.0 build:relay
> tsup src/relay/server.ts --out-dir dist/relay --format cjs

CLI Building entry: src/relay/server.ts
CLI Using tsconfig: tsconfig.json
CLI tsup v8.5.1
CLI Target: esnext
CJS Build start
CJS dist/relay/server.js 7.44 KB
CJS ⚡️ Build success in 46ms

> bot-wpp@1.0.0 build:services
> tsup src/services/*.ts src/services/discord-screen/DiscordScreenService.ts --out-dir dist/services --format cjs

CLI Building entry: src/services/aiService.ts, src/services/argParser.ts, src/services/autoModEngine.ts, src/services/circuitBreaker.ts, src/services/cleanupService.ts, src/services/commandConfigService.ts, src/services/databaseService.ts, src/services/healthStore.ts, src/services/infractions.ts, src/services/keywordHandler.ts, src/services/locationPoller.ts, src/services/loggerService.ts, src/services/memberJoinService.ts, src/services/memoryMonitor.ts, src/services/metricsService.ts, src/services/permissions.ts, src/services/rateLimiter.ts, src/services/retryWithBackoff.ts, src/services/sessionManager.ts, src/services/testServer.ts, src/services/validationService.ts, src/services/discord-screen/DiscordScreenService.ts
CLI Using tsconfig: tsconfig.json
CLI tsup v8.5.1
CLI Target: esnext
CJS Build start
CJS dist/services/argParser.js                           1.27 KB
CJS dist/services/aiService.js                           11.78 KB
CJS dist/services/autoModEngine.js                       30.03 KB
CJS dist/services/circuitBreaker.js                      8.96 KB
CJS dist/services/cleanupService.js                      14.05 KB
CJS dist/services/commandConfigService.js                2.29 KB
CJS dist/services/databaseService.js                     17.04 KB
CJS dist/services/healthStore.js                         1.45 KB
CJS dist/services/infractions.js                         9.59 KB
CJS dist/services/keywordHandler.js                      8.55 KB
CJS dist/services/loggerService.js                       5.30 KB
CJS dist/services/locationPoller.js                      51.23 KB
CJS dist/services/memoryMonitor.js                       20.93 KB
CJS dist/services/permissions.js                         8.13 KB
CJS dist/services/memberJoinService.js                   11.60 KB
CJS dist/services/metricsService.js                      16.45 KB
CJS dist/services/rateLimiter.js                         2.68 KB
CJS dist/services/retryWithBackoff.js                    7.59 KB
CJS dist/services/sessionManager.js                      241.69 KB
CJS dist/services/testServer.js                          56.61 KB
CJS dist/services/validationService.js                   5.19 KB
CJS dist/services/discord-screen/DiscordScreenService.js 8.58 KB
CJS ⚡️ Build success in 526ms

> bot-wpp@1.0.0 build:platforms
> tsup src/platforms/**/*.ts --out-dir dist/platforms --format cjs

CLI Building entry: src/platforms/base/PlatformTypes.ts, src/platforms/discord/DiscordAdapter.ts, src/platforms/telegram/TelegramAdapter.ts, src/platforms/whatsapp/BaileysAdapter.ts
CLI Using tsconfig: tsconfig.json
CLI tsup v8.5.1
CLI Target: esnext
CJS Build start
CJS dist/platforms/base/PlatformTypes.js       1.17 KB
CJS dist/platforms/discord/DiscordAdapter.js   15.36 KB
CJS dist/platforms/telegram/TelegramAdapter.js 14.11 KB
CJS dist/platforms/whatsapp/BaileysAdapter.js  202.94 KB
CJS ⚡️ Build success in 74ms

> bot-wpp@1.0.0 build:core
> tsup src/core/multiPlatform.ts --out-dir dist/core --format cjs

CLI Building entry: src/core/multiPlatform.ts
CLI Using tsconfig: tsconfig.json
CLI tsup v8.5.1
CLI Target: esnext
CJS Build start
CJS dist/core/multiPlatform.js 371.64 KB
CJS ⚡️ Build success in 350ms

> bot-wpp@1.0.0 build:screen
> npm --prefix discord-screen run build


> discord-screen@0.1.0 build
> npm -w client run build


> client@0.1.0 build
> vite build

vite v5.4.21 building for production...
transforming...
✓ 77 modules transformed.
rendering chunks...
computing gzip size...
dist/index.html                   8.96 kB │ gzip:  2.15 kB
dist/assets/index-CdyO4vzU.css   15.43 kB │ gzip:  3.83 kB
dist/assets/index-Cqc8_zL0.js   202.67 kB │ gzip: 62.80 kB
✓ built in 1.62s

> bot-wpp@1.0.0 build:laboratorio
> tsc -p tsconfig.laboratorio.json

[2026-09-09 11:34:34] Reiniciando bot via PM2…
[2026-09-09 11:34:35] Deletando processo antigo do bot-wpp no PM2…
[2026-09-09 11:34:36] Deletando processo antigo do discord-screen no PM2…
[2026-09-09 11:34:37] Iniciando bot-wpp e discord-screen a partir do ecosystem.config.js…
[2026-09-09 11:34:37] Salvando lista de processos do PM2…
[2026-09-09 11:34:37] === Sincronização concluída ===
[2026-09-09 11:35:47] === Iniciando sincronização ===
[2026-09-09 11:35:47] Descartando alterações locais no package.json/package-lock.json/linux_maintenance.sh para evitar conflitos de git pull…
[2026-09-09 11:35:47] Atualizando código…
Already up to date.
[2026-09-09 11:35:57] Instalando dependências (npm ci)…
[2026-09-09 11:36:17] === Iniciando sincronização ===
[2026-09-09 11:36:17] Descartando alterações locais no package.json/package-lock.json/linux_maintenance.sh para evitar conflitos de git pull…
[2026-09-09 11:36:17] Atualizando código…

added 699 packages, and audited 700 packages in 26s

134 packages are looking for funding
  run `npm fund` for details

10 vulnerabilities (1 low, 4 moderate, 5 high)

To address all issues, run:
  npm audit fix

Run `npm audit` for details.
[2026-09-09 11:36:24] Instalando dependências do screen share (workspace discord-screen)…
Already up to date.
[2026-09-09 11:36:24] Instalando dependências (npm ci)…
npm warn EBADENGINE Unsupported engine {
npm warn EBADENGINE   package: '@asamuzakjp/css-color@6.0.7',
npm warn EBADENGINE   required: { node: '^22.13.0 || >=24.0.0' },
npm warn EBADENGINE   current: { node: 'v20.20.2', npm: '10.8.2' }
npm warn EBADENGINE }
npm warn EBADENGINE Unsupported engine {
npm warn EBADENGINE   package: '@asamuzakjp/dom-selector@8.3.2',
npm warn EBADENGINE   required: { node: '^22.13.0 || >=24.0.0' },
npm warn EBADENGINE   current: { node: 'v20.20.2', npm: '10.8.2' }
npm warn EBADENGINE }
npm warn EBADENGINE Unsupported engine {
npm warn EBADENGINE   package: 'jsdom@30.0.1',
npm warn EBADENGINE   required: { node: '^22.22.2 || ^24.15.0 || >=26.0.0' },
npm warn EBADENGINE   current: { node: 'v20.20.2', npm: '10.8.2' }
npm warn EBADENGINE }
npm warn EBADENGINE Unsupported engine {
npm warn EBADENGINE   package: 'undici@8.10.1',
npm warn EBADENGINE   required: { node: '>=22.19.0' },
npm warn EBADENGINE   current: { node: 'v20.20.2', npm: '10.8.2' }
npm warn EBADENGINE }
npm warn EBADENGINE Unsupported engine {
npm warn EBADENGINE   package: 'whatwg-url@17.1.0',
npm warn EBADENGINE   required: { node: '^22.14.0 || >=24.0.0' },
npm warn EBADENGINE   current: { node: 'v20.20.2', npm: '10.8.2' }
npm warn EBADENGINE }

> discord-screen@0.1.0 postinstall
> node -e "console.log('\n  Pronto. Agora rode:  npm run configurar\n')"


  Pronto. Agora rode:  npm run configurar


up to date in 3s
[2026-09-09 11:36:27] Compilando projeto (npm run build)…

> bot-wpp@1.0.0 build
> npm run build:relay && npm run build:services && npm run build:platforms && npm run build:core && npm run build:screen && npm run build:laboratorio


> bot-wpp@1.0.0 build:relay
> tsup src/relay/server.ts --out-dir dist/relay --format cjs

[2026-09-09 11:36:39] === Iniciando sincronização ===
[2026-09-09 11:36:40] Descartando alterações locais no package.json/package-lock.json/linux_maintenance.sh para evitar conflitos de git pull…
[2026-09-09 11:36:42] Atualizando código…

added 699 packages, and audited 700 packages in 33s

134 packages are looking for funding
  run `npm fund` for details

10 vulnerabilities (1 low, 4 moderate, 5 high)

To address all issues, run:
  npm audit fix

Run `npm audit` for details.
[2026-09-09 11:36:57] Instalando dependências do screen share (workspace discord-screen)…
[2026-09-09 11:36:59] === Iniciando sincronização ===
[2026-09-09 11:36:59] Descartando alterações locais no package.json/package-lock.json/linux_maintenance.sh para evitar conflitos de git pull…
[2026-09-09 11:36:59] Atualizando código…
Already up to date.
[2026-09-09 11:37:04] Instalando dependências (npm ci)…
npm warn EBADENGINE Unsupported engine {
npm warn EBADENGINE   package: '@asamuzakjp/css-color@6.0.7',
npm warn EBADENGINE   required: { node: '^22.13.0 || >=24.0.0' },
npm warn EBADENGINE   current: { node: 'v20.20.2', npm: '10.8.2' }
npm warn EBADENGINE }
npm warn EBADENGINE Unsupported engine {
npm warn EBADENGINE   package: '@asamuzakjp/dom-selector@8.3.2',
npm warn EBADENGINE   required: { node: '^22.13.0 || >=24.0.0' },
npm warn EBADENGINE   current: { node: 'v20.20.2', npm: '10.8.2' }
npm warn EBADENGINE }
npm warn EBADENGINE Unsupported engine {
npm warn EBADENGINE   package: 'jsdom@30.0.1',
npm warn EBADENGINE   required: { node: '^22.22.2 || ^24.15.0 || >=26.0.0' },
npm warn EBADENGINE   current: { node: 'v20.20.2', npm: '10.8.2' }
npm warn EBADENGINE }
npm warn EBADENGINE Unsupported engine {
npm warn EBADENGINE   package: 'undici@8.10.1',
npm warn EBADENGINE   required: { node: '>=22.19.0' },
npm warn EBADENGINE   current: { node: 'v20.20.2', npm: '10.8.2' }
npm warn EBADENGINE }
npm warn EBADENGINE Unsupported engine {
npm warn EBADENGINE   package: 'whatwg-url@17.1.0',
npm warn EBADENGINE   required: { node: '^22.14.0 || >=24.0.0' },
npm warn EBADENGINE   current: { node: 'v20.20.2', npm: '10.8.2' }
npm warn EBADENGINE }

> discord-screen@0.1.0 postinstall
> node -e "console.log('\n  Pronto. Agora rode:  npm run configurar\n')"


  Pronto. Agora rode:  npm run configurar


up to date in 16s
[2026-09-09 11:37:13] Compilando projeto (npm run build)…

> bot-wpp@1.0.0 build
> npm run build:relay && npm run build:services && npm run build:platforms && npm run build:core && npm run build:screen && npm run build:laboratorio


> bot-wpp@1.0.0 build:relay
> tsup src/relay/server.ts --out-dir dist/relay --format cjs

Already up to date.
[2026-09-09 11:37:17] Instalando dependências (npm ci)…

added 699 packages, and audited 700 packages in 1m

134 packages are looking for funding
  run `npm fund` for details

10 vulnerabilities (1 low, 4 moderate, 5 high)

To address all issues, run:
  npm audit fix

Run `npm audit` for details.
[2026-09-09 11:38:05] Instalando dependências do screen share (workspace discord-screen)…
npm warn EBADENGINE Unsupported engine {
npm warn EBADENGINE   package: '@asamuzakjp/css-color@6.0.7',
npm warn EBADENGINE   required: { node: '^22.13.0 || >=24.0.0' },
npm warn EBADENGINE   current: { node: 'v20.20.2', npm: '10.8.2' }
npm warn EBADENGINE }
npm warn EBADENGINE Unsupported engine {
npm warn EBADENGINE   package: '@asamuzakjp/dom-selector@8.3.2',
npm warn EBADENGINE   required: { node: '^22.13.0 || >=24.0.0' },
npm warn EBADENGINE   current: { node: 'v20.20.2', npm: '10.8.2' }
npm warn EBADENGINE }
npm warn EBADENGINE Unsupported engine {
npm warn EBADENGINE   package: 'jsdom@30.0.1',
npm warn EBADENGINE   required: { node: '^22.22.2 || ^24.15.0 || >=26.0.0' },
npm warn EBADENGINE   current: { node: 'v20.20.2', npm: '10.8.2' }
npm warn EBADENGINE }
npm warn EBADENGINE Unsupported engine {
npm warn EBADENGINE   package: 'undici@8.10.1',
npm warn EBADENGINE   required: { node: '>=22.19.0' },
npm warn EBADENGINE   current: { node: 'v20.20.2', npm: '10.8.2' }
npm warn EBADENGINE }
npm warn EBADENGINE Unsupported engine {
npm warn EBADENGINE   package: 'whatwg-url@17.1.0',
npm warn EBADENGINE   required: { node: '^22.14.0 || >=24.0.0' },
npm warn EBADENGINE   current: { node: 'v20.20.2', npm: '10.8.2' }
npm warn EBADENGINE }

> discord-screen@0.1.0 postinstall
> node -e "console.log('\n  Pronto. Agora rode:  npm run configurar\n')"


  Pronto. Agora rode:  npm run configurar


up to date in 3s
[2026-09-09 11:38:09] Compilando projeto (npm run build)…

> bot-wpp@1.0.0 build
> npm run build:relay && npm run build:services && npm run build:platforms && npm run build:core && npm run build:screen && npm run build:laboratorio


> bot-wpp@1.0.0 build:relay
> tsup src/relay/server.ts --out-dir dist/relay --format cjs

