2026-09-09 14:27:43 [ERROR]: [DB] Falha ao registrar infração
2026-09-09 14:27:43 [ERROR]: [DB] Falha ao registrar infração
2026-09-09 14:27:43 [ERROR]: [DB] Falha ao registrar infração
2026-09-09 14:27:43 [ERROR]: [DB] Falha ao registrar infração
2026-09-09 14:27:43 [ERROR]: [DB] Falha ao registrar infração
2026-09-09 14:27:43 [ERROR]: [DB] Falha ao registrar infração
2026-09-09 14:27:43 [ERROR]: [DB] Falha ao registrar infração
2026-09-09 14:27:43 [ERROR]: [DB] Falha ao registrar infração
2026-09-09 14:27:43 [ERROR]: [DB] Falha ao registrar infração
2026-09-09 14:27:50 [ERROR]: [memberJoinService] Erro ao processar entrada
2026-09-09 14:27:56 [INFO]: [DBG-quoted] enviando quoted: {"id":"123","remoteJid":"120363410094452673@g.us","fromMe":false,"participant":"6289562706508@s.whatsapp.net"} fromMe=false text="mensagem original ci" recoverStore=false 
2026-09-09 14:27:56 [INFO]: [DBG-quoted] enviando quoted: {"id":"123","remoteJid":"120363410094452673@g.us","fromMe":true} fromMe=true text="mensagem do próprio " recoverStore=true 
2026-09-09 14:27:56 [INFO]: [DBG-quoted] enviando quoted: {"id":"123","remoteJid":"120363410094452673@g.us","fromMe":false,"participant":"6289562706508@s.whatsapp.net"} fromMe=false text="msg de terceiro" recoverStore=false 
2026-09-09 14:28:09 [INFO]: [keywordHandler] Palavra-chave detectada, resposta enviada
2026-09-09 14:33:26 [INFO]: [TelegramAdapter] Inicializando... 
2026-09-09 14:33:26 [INFO]: [Telegram] Iniciando launch()... 
2026-09-09 14:33:26 [INFO]: [Telegram] ✅ Pronto como  () 
2026-09-09 14:33:26 [INFO]: [TelegramAdapter] Inicializando... 
2026-09-09 14:33:26 [INFO]: [Telegram] Iniciando launch()... 
2026-09-09 14:33:26 [INFO]: [Telegram] ✅ Pronto como  () 
2026-09-09 14:33:26 [INFO]: [TelegramAdapter] Inicializando... 
2026-09-09 14:33:26 [INFO]: [Telegram] Iniciando launch()... 
2026-09-09 14:33:26 [INFO]: [Telegram] ✅ Pronto como  () 
2026-09-09 14:33:26 [INFO]: [TelegramAdapter] Inicializando... 
2026-09-09 14:33:26 [INFO]: [TelegramAdapter] Já estava pronto 
2026-09-09 14:33:26 [INFO]: [TelegramAdapter] Inicializando... 
2026-09-09 14:33:26 [INFO]: [Telegram] Iniciando launch()... 
2026-09-09 14:33:26 [INFO]: [Telegram] ✅ Pronto como  () 
2026-09-09 14:33:26 [INFO]: [TelegramAdapter] Inicializando... 
2026-09-09 14:33:26 [INFO]: [Telegram] Iniciando launch()... 
2026-09-09 14:33:26 [INFO]: [Telegram] ✅ Pronto como  () 
2026-09-09 14:33:26 [INFO]: [Discord] Cliente v14 inicializado com intents, partials e presence 
2026-09-09 14:33:26 [INFO]: [Discord] Iniciando login... 
2026-09-09 14:33:26 [ERROR]: [DB] Falha ao registrar infração
2026-09-09 14:33:26 [INFO]: [Discord] ✅ Pronto como TestDiscordBot (1111) 
2026-09-09 14:33:26 [ERROR]: ❌ [[Discord] Erro ao definir presença:] this.client.user?.setPresence is not a function
2026-09-09 14:33:26 [INFO]: [Discord] Chamada de login concluída 
2026-09-09 14:33:26 [INFO]: [Discord] Cliente v14 inicializado com intents, partials e presence 
2026-09-09 14:33:26 [INFO]: [Discord] Iniciando login... 
2026-09-09 14:33:27 [INFO]: [Discord] ✅ Pronto como TestDiscordBot (1111) 
2026-09-09 14:33:27 [ERROR]: ❌ [[Discord] Erro ao definir presença:] this.client.user?.setPresence is not a function
2026-09-09 14:33:27 [INFO]: [Discord] Chamada de login concluída 
2026-09-09 14:33:27 [INFO]: [Discord] Iniciando login... 
2026-09-09 14:33:27 [INFO]: [Discord] Chamada de login concluída 
2026-09-09 14:33:27 [INFO]: [Discord] Cliente v14 inicializado com intents, partials e presence 
2026-09-09 14:33:27 [INFO]: [Discord] Iniciando login... 
2026-09-09 14:33:27 [INFO]: [Discord] ✅ Pronto como TestDiscordBot (1111) 
2026-09-09 14:33:27 [ERROR]: ❌ [[Discord] Erro ao definir presença:] this.client.user?.setPresence is not a function
2026-09-09 14:33:27 [INFO]: [Discord] Chamada de login concluída 
2026-09-09 14:33:27 [ERROR]: [DB] Falha ao registrar infração
2026-09-09 14:33:27 [ERROR]: [DB] Falha ao registrar infração
2026-09-09 14:33:27 [ERROR]: [DB] Falha ao registrar infração
2026-09-09 14:33:27 [ERROR]: [DB] Falha ao registrar infração
2026-09-09 14:33:27 [ERROR]: [DB] Falha ao registrar infração
2026-09-09 14:33:27 [ERROR]: [DB] Falha ao registrar infração
2026-09-09 14:33:27 [ERROR]: [DB] Falha ao registrar infração
2026-09-09 14:33:27 [ERROR]: [DB] Falha ao registrar infração
2026-09-09 14:33:29 [ERROR]: [memberJoinService] Erro ao processar entrada
2026-09-09 14:33:31 [INFO]: [keywordHandler] Palavra-chave detectada, resposta enviada
2026-09-09 14:33:32 [INFO]: [DBG-quoted] enviando quoted: {"id":"123","remoteJid":"120363410094452673@g.us","fromMe":false,"participant":"6289562706508@s.whatsapp.net"} fromMe=false text="mensagem original ci" recoverStore=false 
2026-09-09 14:33:33 [INFO]: [DBG-quoted] enviando quoted: {"id":"123","remoteJid":"120363410094452673@g.us","fromMe":true} fromMe=true text="mensagem do próprio " recoverStore=true 
2026-09-09 14:33:33 [INFO]: [DBG-quoted] enviando quoted: {"id":"123","remoteJid":"120363410094452673@g.us","fromMe":false,"participant":"6289562706508@s.whatsapp.net"} fromMe=false text="msg de terceiro" recoverStore=false 
2026-09-09 14:33:35 [INFO]: [Discord] Cliente v14 inicializado com intents, partials e presence 
2026-09-09 14:44:05 [ERROR]: [DB] Falha ao registrar infração
2026-09-09 14:44:12 [ERROR]: ❌ [Erro no comando $stats:] SQLITE_ERROR: no such table: feedbacks
2026-09-09 14:44:12 [ERROR]:    Stack: 
2026-09-09 14:44:12 [INFO]: 🛑 [SHUTDOWN] Comando executado por: 5588998314322@c.us 
2026-09-09 14:44:12 [ERROR]: ❌ [❌ Erro no $grupos:] ctx.client.getChats is not a function
2026-09-09 14:44:12 [ERROR]:    Stack: at Object.execute (D:/Desktop/Programas/bot-wpp/src/bot/commands/grupos.ts:17:44)
2026-09-09 14:44:12 [ERROR]: ❌ [[ScreenCommand] Erro:] connect ECONNREFUSED 127.0.0.1:3002
2026-09-09 14:44:12 [ERROR]:    Stack: at TCPConnectWrap.afterConnect [as oncomplete] (node:net:1638:16)
2026-09-09 14:44:12 [ERROR]: ❌ [[ScreenCommand] Erro:] connect ECONNREFUSED 127.0.0.1:3002
2026-09-09 14:44:12 [ERROR]:    Stack: at TCPConnectWrap.afterConnect [as oncomplete] (node:net:1638:16)
2026-09-09 14:44:12 [ERROR]: ❌ [[ScreenCommand] Erro:] connect ECONNREFUSED 127.0.0.1:3002
2026-09-09 14:44:12 [ERROR]:    Stack: at TCPConnectWrap.afterConnect [as oncomplete] (node:net:1638:16)
2026-09-09 14:44:12 [INFO]: 🛑 [SHUTDOWN] Comando executado por: 5588998314322@c.us 
2026-09-09 14:44:12 [INFO]: [TelegramAdapter] Inicializando... 
2026-09-09 14:44:12 [INFO]: [Telegram] Iniciando launch()... 
2026-09-09 14:44:12 [INFO]: [Telegram] ✅ Pronto como  () 
2026-09-09 14:44:12 [INFO]: [TelegramAdapter] Inicializando... 
2026-09-09 14:44:12 [INFO]: [Telegram] Iniciando launch()... 
2026-09-09 14:44:12 [INFO]: [Telegram] ✅ Pronto como  () 
2026-09-09 14:44:12 [INFO]: [TelegramAdapter] Inicializando... 
2026-09-09 14:44:12 [INFO]: [Telegram] Iniciando launch()... 
2026-09-09 14:44:12 [INFO]: [Telegram] ✅ Pronto como  () 
2026-09-09 14:44:12 [INFO]: [TelegramAdapter] Inicializando... 
2026-09-09 14:44:12 [INFO]: [TelegramAdapter] Já estava pronto 
2026-09-09 14:44:12 [INFO]: [TelegramAdapter] Inicializando... 
2026-09-09 14:44:12 [INFO]: [Telegram] Iniciando launch()... 
2026-09-09 14:44:12 [INFO]: [Telegram] ✅ Pronto como  () 
2026-09-09 14:44:12 [INFO]: [TelegramAdapter] Inicializando... 
2026-09-09 14:44:12 [INFO]: [Telegram] Iniciando launch()... 
2026-09-09 14:44:12 [INFO]: [Telegram] ✅ Pronto como  () 
2026-09-09 14:44:12 [INFO]: [Discord] Cliente v14 inicializado com intents, partials e presence 
2026-09-09 14:44:12 [INFO]: [Discord] Iniciando login... 
2026-09-09 14:44:12 [INFO]: [Discord] ✅ Pronto como TestDiscordBot (1111) 
2026-09-09 14:44:12 [ERROR]: ❌ [[Discord] Erro ao definir presença:] this.client.user?.setPresence is not a function
2026-09-09 14:44:12 [INFO]: [Discord] Chamada de login concluída 
2026-09-09 14:44:12 [INFO]: [Discord] Cliente v14 inicializado com intents, partials e presence 
2026-09-09 14:44:12 [INFO]: [Discord] Iniciando login... 
2026-09-09 14:44:12 [INFO]: [Discord] ✅ Pronto como TestDiscordBot (1111) 
2026-09-09 14:44:12 [ERROR]: ❌ [[Discord] Erro ao definir presença:] this.client.user?.setPresence is not a function
2026-09-09 14:44:12 [INFO]: [Discord] Chamada de login concluída 
2026-09-09 14:44:12 [INFO]: [Discord] Iniciando login... 
2026-09-09 14:44:12 [INFO]: [Discord] Chamada de login concluída 
2026-09-09 14:44:12 [INFO]: [Discord] Cliente v14 inicializado com intents, partials e presence 
2026-09-09 14:44:12 [INFO]: [Discord] Iniciando login... 
2026-09-09 14:44:12 [INFO]: [Discord] ✅ Pronto como TestDiscordBot (1111) 
2026-09-09 14:44:12 [ERROR]: ❌ [[Discord] Erro ao definir presença:] this.client.user?.setPresence is not a function
2026-09-09 14:44:12 [INFO]: [Discord] Chamada de login concluída 
2026-09-09 14:44:15 [INFO]: [Discord] Cliente v14 inicializado com intents, partials e presence 
2026-09-09 14:44:15 [INFO]: [keywordHandler] Palavra-chave detectada, resposta enviada
2026-09-09 14:44:20 [ERROR]: [memberJoinService] Erro ao processar entrada
2026-09-09 14:44:22 [INFO]: [DBG-quoted] enviando quoted: {"id":"123","remoteJid":"120363410094452673@g.us","fromMe":false,"participant":"6289562706508@s.whatsapp.net"} fromMe=false text="mensagem original ci" recoverStore=false 
2026-09-09 14:44:22 [INFO]: [DBG-quoted] enviando quoted: {"id":"123","remoteJid":"120363410094452673@g.us","fromMe":true} fromMe=true text="mensagem do próprio " recoverStore=true 
2026-09-09 14:44:22 [INFO]: [DBG-quoted] enviando quoted: {"id":"123","remoteJid":"120363410094452673@g.us","fromMe":false,"participant":"6289562706508@s.whatsapp.net"} fromMe=false text="msg de terceiro" recoverStore=false 
2026-09-09 14:44:23 [INFO]: [DiscordScreenService] Missing required Discord credentials, screen sharing disabled 
2026-09-09 14:44:23 [INFO]: [DiscordScreenService] Gerenciado externamente (DISCORD_SCREEN_EXTERNAL) — spawn interno desativado 
2026-09-09 14:44:23 [INFO]: [DiscordScreenService] Gerenciado externamente (DISCORD_SCREEN_EXTERNAL) — spawn interno desativado 
2026-09-09 15:04:11 [ERROR]: [DB] Falha ao registrar infração
2026-09-09 15:04:11 [ERROR]: [DB] Falha ao registrar infração
2026-09-09 15:04:11 [ERROR]: [DB] Falha ao registrar infração
2026-09-09 15:04:11 [ERROR]: [DB] Falha ao registrar infração
2026-09-09 15:04:11 [ERROR]: [DB] Falha ao registrar infração
2026-09-09 15:04:11 [ERROR]: [DB] Falha ao registrar infração
2026-09-09 15:04:11 [ERROR]: [DB] Falha ao registrar infração
2026-09-09 15:04:11 [ERROR]: [DB] Falha ao registrar infração
2026-09-09 15:04:11 [ERROR]: [DB] Falha ao registrar infração
2026-09-09 15:04:14 [INFO]: [TelegramAdapter] Inicializando... 
2026-09-09 15:04:14 [INFO]: [Telegram] Iniciando launch()... 
2026-09-09 15:04:14 [INFO]: [Telegram] ✅ Pronto como  () 
2026-09-09 15:04:14 [INFO]: [TelegramAdapter] Inicializando... 
2026-09-09 15:04:14 [INFO]: [Telegram] Iniciando launch()... 
2026-09-09 15:04:14 [INFO]: [Telegram] ✅ Pronto como  () 
2026-09-09 15:04:14 [INFO]: [TelegramAdapter] Inicializando... 
2026-09-09 15:04:14 [INFO]: [Telegram] Iniciando launch()... 
2026-09-09 15:04:14 [INFO]: [Telegram] ✅ Pronto como  () 
2026-09-09 15:04:14 [INFO]: [TelegramAdapter] Inicializando... 
2026-09-09 15:04:14 [INFO]: [TelegramAdapter] Já estava pronto 
2026-09-09 15:04:14 [INFO]: [TelegramAdapter] Inicializando... 
2026-09-09 15:04:14 [INFO]: [Telegram] Iniciando launch()... 
2026-09-09 15:04:14 [INFO]: [Telegram] ✅ Pronto como  () 
2026-09-09 15:04:14 [INFO]: [TelegramAdapter] Inicializando... 
2026-09-09 15:04:14 [INFO]: [Telegram] Iniciando launch()... 
2026-09-09 15:04:14 [INFO]: [Telegram] ✅ Pronto como  () 
2026-09-09 15:04:14 [INFO]: [Discord] Cliente v14 inicializado com intents, partials e presence 
2026-09-09 15:04:14 [INFO]: [Discord] Iniciando login... 
2026-09-09 15:04:14 [INFO]: [Discord] ✅ Pronto como TestDiscordBot (1111) 
2026-09-09 15:04:14 [ERROR]: ❌ [[Discord] Erro ao definir presença:] this.client.user?.setPresence is not a function
2026-09-09 15:04:14 [INFO]: [Discord] Chamada de login concluída 
2026-09-09 15:04:14 [INFO]: [Discord] Cliente v14 inicializado com intents, partials e presence 
2026-09-09 15:04:14 [INFO]: [Discord] Iniciando login... 
2026-09-09 15:04:14 [INFO]: [Discord] ✅ Pronto como TestDiscordBot (1111) 
2026-09-09 15:04:14 [ERROR]: ❌ [[Discord] Erro ao definir presença:] this.client.user?.setPresence is not a function
2026-09-09 15:04:14 [INFO]: [Discord] Chamada de login concluída 
2026-09-09 15:04:14 [INFO]: [Discord] Iniciando login... 
2026-09-09 15:04:14 [INFO]: [Discord] Chamada de login concluída 
2026-09-09 15:04:14 [INFO]: [Discord] Cliente v14 inicializado com intents, partials e presence 
2026-09-09 15:04:14 [INFO]: [Discord] Iniciando login... 
2026-09-09 15:04:14 [INFO]: [Discord] ✅ Pronto como TestDiscordBot (1111) 
2026-09-09 15:04:14 [ERROR]: ❌ [[Discord] Erro ao definir presença:] this.client.user?.setPresence is not a function
2026-09-09 15:04:14 [INFO]: [Discord] Chamada de login concluída 
2026-09-09 15:04:14 [ERROR]: ❌ [Erro no comando $stats:] SQLITE_ERROR: no such table: feedbacks
2026-09-09 15:04:14 [ERROR]:    Stack: 
2026-09-09 15:04:14 [INFO]: 🛑 [SHUTDOWN] Comando executado por: 5588998314322@c.us 
2026-09-09 15:04:14 [ERROR]: ❌ [❌ Erro no $grupos:] ctx.client.getChats is not a function
2026-09-09 15:04:14 [ERROR]:    Stack: at Object.execute (D:/Desktop/Programas/bot-wpp/src/bot/commands/grupos.ts:17:44)
2026-09-09 15:04:14 [ERROR]: ❌ [[ScreenCommand] Erro:] connect ECONNREFUSED 127.0.0.1:3002
2026-09-09 15:04:14 [ERROR]:    Stack: at TCPConnectWrap.afterConnect [as oncomplete] (node:net:1638:16)
2026-09-09 15:04:14 [ERROR]: ❌ [[ScreenCommand] Erro:] connect ECONNREFUSED 127.0.0.1:3002
2026-09-09 15:04:14 [ERROR]:    Stack: at TCPConnectWrap.afterConnect [as oncomplete] (node:net:1638:16)
2026-09-09 15:04:14 [ERROR]: ❌ [[ScreenCommand] Erro:] connect ECONNREFUSED 127.0.0.1:3002
2026-09-09 15:04:14 [ERROR]:    Stack: at TCPConnectWrap.afterConnect [as oncomplete] (node:net:1638:16)
2026-09-09 15:04:14 [INFO]: 🛑 [SHUTDOWN] Comando executado por: 5588998314322@c.us 
2026-09-09 15:04:15 [INFO]: [Discord] Cliente v14 inicializado com intents, partials e presence 
2026-09-09 15:04:15 [ERROR]: [memberJoinService] Erro ao processar entrada
2026-09-09 15:04:17 [INFO]: [keywordHandler] Palavra-chave detectada, resposta enviada
2026-09-09 15:04:17 [INFO]: [DBG-quoted] enviando quoted: {"id":"123","remoteJid":"120363410094452673@g.us","fromMe":false,"participant":"6289562706508@s.whatsapp.net"} fromMe=false text="mensagem original ci" recoverStore=false 
2026-09-09 15:04:17 [INFO]: [DBG-quoted] enviando quoted: {"id":"123","remoteJid":"120363410094452673@g.us","fromMe":true} fromMe=true text="mensagem do próprio " recoverStore=true 
2026-09-09 15:04:17 [INFO]: [DBG-quoted] enviando quoted: {"id":"123","remoteJid":"120363410094452673@g.us","fromMe":false,"participant":"6289562706508@s.whatsapp.net"} fromMe=false text="msg de terceiro" recoverStore=false 
2026-09-09 15:04:18 [INFO]: [DiscordScreenService] Missing required Discord credentials, screen sharing disabled 
2026-09-09 15:04:18 [INFO]: [DiscordScreenService] Gerenciado externamente (DISCORD_SCREEN_EXTERNAL) — spawn interno desativado 
2026-09-09 15:04:18 [INFO]: [DiscordScreenService] Gerenciado externamente (DISCORD_SCREEN_EXTERNAL) — spawn interno desativado 
2026-09-09 16:24:05 [ERROR]: [DB] Falha ao registrar infração
2026-09-09 16:24:05 [ERROR]: [DB] Falha ao registrar infração
2026-09-09 16:24:05 [ERROR]: [DB] Falha ao registrar infração
2026-09-09 16:24:05 [ERROR]: [DB] Falha ao registrar infração
2026-09-09 16:24:05 [ERROR]: [DB] Falha ao registrar infração
2026-09-09 16:24:05 [ERROR]: [DB] Falha ao registrar infração
2026-09-09 16:24:05 [ERROR]: [DB] Falha ao registrar infração
2026-09-09 16:24:05 [ERROR]: [DB] Falha ao registrar infração
2026-09-09 16:24:05 [ERROR]: [DB] Falha ao registrar infração
2026-09-09 16:24:09 [ERROR]: ❌ [Erro no comando $stats:] SQLITE_ERROR: no such table: feedbacks
2026-09-09 16:24:09 [ERROR]:    Stack: 
2026-09-09 16:24:09 [INFO]: 🛑 [SHUTDOWN] Comando executado por: 5588998314322@c.us 
2026-09-09 16:24:09 [ERROR]: ❌ [❌ Erro no $grupos:] ctx.client.getChats is not a function
2026-09-09 16:24:09 [ERROR]:    Stack: at Object.execute (D:/Desktop/Programas/bot-wpp/src/bot/commands/grupos.ts:17:44)
2026-09-09 16:24:09 [ERROR]: ❌ [[ScreenCommand] Erro:] connect ECONNREFUSED 127.0.0.1:3002
2026-09-09 16:24:09 [ERROR]:    Stack: at TCPConnectWrap.afterConnect [as oncomplete] (node:net:1638:16)
2026-09-09 16:24:09 [ERROR]: ❌ [[ScreenCommand] Erro:] connect ECONNREFUSED 127.0.0.1:3002
2026-09-09 16:24:09 [ERROR]:    Stack: at TCPConnectWrap.afterConnect [as oncomplete] (node:net:1638:16)
2026-09-09 16:24:09 [ERROR]: ❌ [[ScreenCommand] Erro:] connect ECONNREFUSED 127.0.0.1:3002
2026-09-09 16:24:09 [ERROR]:    Stack: at TCPConnectWrap.afterConnect [as oncomplete] (node:net:1638:16)
2026-09-09 16:24:10 [INFO]: 🛑 [SHUTDOWN] Comando executado por: 5588998314322@c.us 
2026-09-09 16:24:10 [INFO]: [TelegramAdapter] Inicializando... 
2026-09-09 16:24:10 [INFO]: [Telegram] Iniciando launch()... 
2026-09-09 16:24:10 [INFO]: [Telegram] ✅ Pronto como  () 
2026-09-09 16:24:10 [INFO]: [TelegramAdapter] Inicializando... 
2026-09-09 16:24:10 [INFO]: [Telegram] Iniciando launch()... 
2026-09-09 16:24:10 [INFO]: [Telegram] ✅ Pronto como  () 
2026-09-09 16:24:10 [INFO]: [TelegramAdapter] Inicializando... 
2026-09-09 16:24:10 [INFO]: [Telegram] Iniciando launch()... 
2026-09-09 16:24:10 [INFO]: [Telegram] ✅ Pronto como  () 
2026-09-09 16:24:10 [INFO]: [TelegramAdapter] Inicializando... 
2026-09-09 16:24:10 [INFO]: [TelegramAdapter] Já estava pronto 
2026-09-09 16:24:10 [INFO]: [TelegramAdapter] Inicializando... 
2026-09-09 16:24:10 [INFO]: [Telegram] Iniciando launch()... 
2026-09-09 16:24:10 [INFO]: [Telegram] ✅ Pronto como  () 
2026-09-09 16:24:10 [INFO]: [TelegramAdapter] Inicializando... 
2026-09-09 16:24:10 [INFO]: [Telegram] Iniciando launch()... 
2026-09-09 16:24:10 [INFO]: [Telegram] ✅ Pronto como  () 
2026-09-09 16:24:10 [INFO]: [Discord] Cliente v14 inicializado com intents, partials e presence 
2026-09-09 16:24:10 [INFO]: [Discord] Iniciando login... 
2026-09-09 16:24:10 [INFO]: [Discord] ✅ Pronto como TestDiscordBot (1111) 
2026-09-09 16:24:10 [ERROR]: ❌ [[Discord] Erro ao definir presença:] this.client.user?.setPresence is not a function
2026-09-09 16:24:10 [INFO]: [Discord] Chamada de login concluída 
2026-09-09 16:24:10 [INFO]: [Discord] Cliente v14 inicializado com intents, partials e presence 
2026-09-09 16:24:10 [INFO]: [Discord] Iniciando login... 
2026-09-09 16:24:10 [INFO]: [Discord] ✅ Pronto como TestDiscordBot (1111) 
2026-09-09 16:24:10 [ERROR]: ❌ [[Discord] Erro ao definir presença:] this.client.user?.setPresence is not a function
2026-09-09 16:24:10 [INFO]: [Discord] Chamada de login concluída 
2026-09-09 16:24:10 [INFO]: [Discord] Iniciando login... 
2026-09-09 16:24:10 [INFO]: [Discord] Chamada de login concluída 
2026-09-09 16:24:10 [INFO]: [Discord] Cliente v14 inicializado com intents, partials e presence 
2026-09-09 16:24:10 [INFO]: [Discord] Iniciando login... 
2026-09-09 16:24:10 [INFO]: [Discord] ✅ Pronto como TestDiscordBot (1111) 
2026-09-09 16:24:10 [ERROR]: ❌ [[Discord] Erro ao definir presença:] this.client.user?.setPresence is not a function
2026-09-09 16:24:10 [INFO]: [Discord] Chamada de login concluída 
2026-09-09 16:24:11 [ERROR]: [memberJoinService] Erro ao processar entrada
2026-09-09 16:24:12 [INFO]: [DiscordScreenService] Missing required Discord credentials, screen sharing disabled 
2026-09-09 16:24:12 [INFO]: [DiscordScreenService] Gerenciado externamente (DISCORD_SCREEN_EXTERNAL) — spawn interno desativado 
2026-09-09 16:24:12 [INFO]: [DiscordScreenService] Gerenciado externamente (DISCORD_SCREEN_EXTERNAL) — spawn interno desativado 
2026-09-09 16:24:13 [INFO]: [keywordHandler] Palavra-chave detectada, resposta enviada
2026-09-09 16:24:13 [INFO]: [Discord] Cliente v14 inicializado com intents, partials e presence 
2026-09-09 16:24:15 [INFO]: [DBG-quoted] enviando quoted: {"id":"123","remoteJid":"120363410094452673@g.us","fromMe":false,"participant":"6289562706508@s.whatsapp.net"} fromMe=false text="mensagem original ci" recoverStore=false 
2026-09-09 16:24:15 [INFO]: [DBG-quoted] enviando quoted: {"id":"123","remoteJid":"120363410094452673@g.us","fromMe":true} fromMe=true text="mensagem do próprio " recoverStore=true 
2026-09-09 16:24:15 [INFO]: [DBG-quoted] enviando quoted: {"id":"123","remoteJid":"120363410094452673@g.us","fromMe":false,"participant":"6289562706508@s.whatsapp.net"} fromMe=false text="msg de terceiro" recoverStore=false 
2026-09-10 11:21:05 [INFO]: 🛑 [SHUTDOWN] Comando executado por: 5588998314322@c.us 
2026-09-10 11:21:07 [INFO]: [TelegramAdapter] Inicializando... 
2026-09-10 11:21:07 [INFO]: [Telegram] Iniciando launch()... 
2026-09-10 11:21:07 [INFO]: [Telegram] ✅ Pronto como  () 
2026-09-10 11:21:07 [INFO]: [TelegramAdapter] Inicializando... 
2026-09-10 11:21:07 [INFO]: [Telegram] Iniciando launch()... 
2026-09-10 11:21:07 [INFO]: [Telegram] ✅ Pronto como  () 
2026-09-10 11:21:07 [INFO]: [TelegramAdapter] Inicializando... 
2026-09-10 11:21:07 [INFO]: [Telegram] Iniciando launch()... 
2026-09-10 11:21:07 [INFO]: [Telegram] ✅ Pronto como  () 
2026-09-10 11:21:07 [INFO]: [TelegramAdapter] Inicializando... 
2026-09-10 11:21:07 [INFO]: [TelegramAdapter] Já estava pronto 
2026-09-10 11:21:07 [INFO]: [TelegramAdapter] Inicializando... 
2026-09-10 11:21:07 [INFO]: [Telegram] Iniciando launch()... 
2026-09-10 11:21:07 [INFO]: [Telegram] ✅ Pronto como  () 
2026-09-10 11:21:07 [INFO]: [TelegramAdapter] Inicializando... 
2026-09-10 11:21:07 [INFO]: [Telegram] Iniciando launch()... 
2026-09-10 11:21:07 [INFO]: [Telegram] ✅ Pronto como  () 
2026-09-10 11:21:07 [INFO]: [Discord] Cliente v14 inicializado com intents, partials e presence 
2026-09-10 11:21:07 [INFO]: [Discord] Iniciando login... 
2026-09-10 11:21:07 [INFO]: [Discord] ✅ Pronto como TestDiscordBot (1111) 
2026-09-10 11:21:07 [ERROR]: ❌ [[Discord] Erro ao definir presença:] this.client.user?.setPresence is not a function
2026-09-10 11:21:07 [INFO]: [Discord] Chamada de login concluída 
2026-09-10 11:21:07 [INFO]: [Discord] Cliente v14 inicializado com intents, partials e presence 
2026-09-10 11:21:07 [INFO]: [Discord] Iniciando login... 
2026-09-10 11:21:07 [INFO]: [Discord] ✅ Pronto como TestDiscordBot (1111) 
2026-09-10 11:21:07 [ERROR]: ❌ [[Discord] Erro ao definir presença:] this.client.user?.setPresence is not a function
2026-09-10 11:21:07 [INFO]: [Discord] Chamada de login concluída 
2026-09-10 11:21:07 [INFO]: [Discord] Iniciando login... 
2026-09-10 11:21:07 [INFO]: [Discord] Chamada de login concluída 
2026-09-10 11:21:07 [INFO]: [Discord] Cliente v14 inicializado com intents, partials e presence 
2026-09-10 11:21:07 [INFO]: [Discord] Iniciando login... 
2026-09-10 11:21:07 [ERROR]: [DB] Falha ao registrar infração
2026-09-10 11:21:07 [INFO]: [Discord] ✅ Pronto como TestDiscordBot (1111) 
2026-09-10 11:21:07 [ERROR]: ❌ [[Discord] Erro ao definir presença:] this.client.user?.setPresence is not a function
2026-09-10 11:21:07 [INFO]: [Discord] Chamada de login concluída 
2026-09-10 11:21:07 [ERROR]: [DB] Falha ao registrar infração
2026-09-10 11:21:07 [ERROR]: [DB] Falha ao registrar infração
2026-09-10 11:21:07 [ERROR]: [DB] Falha ao registrar infração
2026-09-10 11:21:07 [ERROR]: [DB] Falha ao registrar infração
2026-09-10 11:21:07 [ERROR]: [DB] Falha ao registrar infração
2026-09-10 11:21:07 [ERROR]: [DB] Falha ao registrar infração
2026-09-10 11:21:07 [ERROR]: [DB] Falha ao registrar infração
2026-09-10 11:21:07 [ERROR]: [DB] Falha ao registrar infração
2026-09-10 11:21:08 [ERROR]: [memberJoinService] Erro ao processar entrada
2026-09-10 11:21:10 [INFO]: [DiscordScreenService] Missing required Discord credentials, screen sharing disabled 
2026-09-10 11:21:10 [INFO]: [DiscordScreenService] Gerenciado externamente (DISCORD_SCREEN_EXTERNAL) — spawn interno desativado 
2026-09-10 11:21:10 [INFO]: [DiscordScreenService] Gerenciado externamente (DISCORD_SCREEN_EXTERNAL) — spawn interno desativado 
2026-09-10 11:21:10 [INFO]: [keywordHandler] Palavra-chave detectada, resposta enviada
2026-09-10 11:21:11 [INFO]: [Discord] Cliente v14 inicializado com intents, partials e presence 
2026-09-10 11:26:13 [ERROR]: [DB] Falha ao registrar infração
2026-09-10 11:26:13 [ERROR]: [DB] Falha ao registrar infração
2026-09-10 11:26:13 [ERROR]: [DB] Falha ao registrar infração
2026-09-10 11:26:13 [ERROR]: [DB] Falha ao registrar infração
2026-09-10 11:26:13 [ERROR]: [DB] Falha ao registrar infração
2026-09-10 11:26:13 [ERROR]: [DB] Falha ao registrar infração
2026-09-10 11:26:13 [ERROR]: [DB] Falha ao registrar infração
2026-09-10 11:26:13 [ERROR]: [DB] Falha ao registrar infração
2026-09-10 11:26:13 [ERROR]: [DB] Falha ao registrar infração
2026-09-10 11:26:16 [ERROR]: ❌ [Erro no comando $stats:] SQLITE_ERROR: no such table: feedbacks
2026-09-10 11:26:16 [ERROR]:    Stack: 
2026-09-10 11:26:16 [INFO]: 🛑 [SHUTDOWN] Comando executado por: 5588998314322@c.us 
2026-09-10 11:26:16 [ERROR]: ❌ [❌ Erro no $grupos:] ctx.client.getChats is not a function
2026-09-10 11:26:16 [ERROR]:    Stack: at Object.execute (D:/Desktop/Programas/bot-wpp/src/bot/commands/grupos.ts:17:44)
2026-09-10 11:26:16 [ERROR]: ❌ [[ScreenCommand] Erro:] connect ECONNREFUSED 127.0.0.1:3002
2026-09-10 11:26:16 [ERROR]:    Stack: at TCPConnectWrap.afterConnect [as oncomplete] (node:net:1638:16)
2026-09-10 11:26:16 [ERROR]: ❌ [[ScreenCommand] Erro:] connect ECONNREFUSED 127.0.0.1:3002
2026-09-10 11:26:16 [ERROR]:    Stack: at TCPConnectWrap.afterConnect [as oncomplete] (node:net:1638:16)
2026-09-10 11:26:16 [ERROR]: ❌ [[ScreenCommand] Erro:] connect ECONNREFUSED 127.0.0.1:3002
2026-09-10 11:26:16 [ERROR]:    Stack: at TCPConnectWrap.afterConnect [as oncomplete] (node:net:1638:16)
2026-09-10 11:26:16 [INFO]: 🛑 [SHUTDOWN] Comando executado por: 5588998314322@c.us 
2026-09-10 11:26:18 [INFO]: [TelegramAdapter] Inicializando... 
2026-09-10 11:26:18 [INFO]: [Telegram] Iniciando launch()... 
2026-09-10 11:26:18 [INFO]: [Telegram] ✅ Pronto como  () 
2026-09-10 11:26:18 [INFO]: [TelegramAdapter] Inicializando... 
2026-09-10 11:26:18 [INFO]: [Telegram] Iniciando launch()... 
2026-09-10 11:26:18 [INFO]: [Telegram] ✅ Pronto como  () 
2026-09-10 11:26:18 [INFO]: [TelegramAdapter] Inicializando... 
2026-09-10 11:26:18 [INFO]: [Telegram] Iniciando launch()... 
2026-09-10 11:26:18 [INFO]: [Telegram] ✅ Pronto como  () 
2026-09-10 11:26:18 [INFO]: [TelegramAdapter] Inicializando... 
2026-09-10 11:26:18 [INFO]: [TelegramAdapter] Já estava pronto 
2026-09-10 11:26:18 [INFO]: [TelegramAdapter] Inicializando... 
2026-09-10 11:26:18 [INFO]: [Telegram] Iniciando launch()... 
2026-09-10 11:26:18 [INFO]: [Telegram] ✅ Pronto como  () 
2026-09-10 11:26:18 [INFO]: [TelegramAdapter] Inicializando... 
2026-09-10 11:26:18 [INFO]: [Telegram] Iniciando launch()... 
2026-09-10 11:26:18 [INFO]: [Telegram] ✅ Pronto como  () 
2026-09-10 11:26:18 [INFO]: [Discord] Cliente v14 inicializado com intents, partials e presence 
2026-09-10 11:26:18 [INFO]: [Discord] Iniciando login... 
2026-09-10 11:26:18 [INFO]: [Discord] ✅ Pronto como TestDiscordBot (1111) 
2026-09-10 11:26:18 [ERROR]: ❌ [[Discord] Erro ao definir presença:] this.client.user?.setPresence is not a function
2026-09-10 11:26:18 [INFO]: [Discord] Chamada de login concluída 
2026-09-10 11:26:18 [INFO]: [Discord] Cliente v14 inicializado com intents, partials e presence 
2026-09-10 11:26:18 [INFO]: [Discord] Iniciando login... 
2026-09-10 11:26:18 [INFO]: [Discord] ✅ Pronto como TestDiscordBot (1111) 
2026-09-10 11:26:18 [ERROR]: ❌ [[Discord] Erro ao definir presença:] this.client.user?.setPresence is not a function
2026-09-10 11:26:18 [INFO]: [Discord] Chamada de login concluída 
2026-09-10 11:26:18 [INFO]: [Discord] Iniciando login... 
2026-09-10 11:26:18 [INFO]: [Discord] Chamada de login concluída 
2026-09-10 11:26:18 [INFO]: [Discord] Cliente v14 inicializado com intents, partials e presence 
2026-09-10 11:26:18 [INFO]: [Discord] Iniciando login... 
2026-09-10 11:26:19 [INFO]: [Discord] ✅ Pronto como TestDiscordBot (1111) 
2026-09-10 11:26:19 [ERROR]: ❌ [[Discord] Erro ao definir presença:] this.client.user?.setPresence is not a function
2026-09-10 11:26:19 [INFO]: [Discord] Chamada de login concluída 
2026-09-10 11:26:19 [INFO]: [DiscordScreenService] Missing required Discord credentials, screen sharing disabled 
2026-09-10 11:26:19 [INFO]: [DiscordScreenService] Gerenciado externamente (DISCORD_SCREEN_EXTERNAL) — spawn interno desativado 
2026-09-10 11:26:19 [INFO]: [DiscordScreenService] Gerenciado externamente (DISCORD_SCREEN_EXTERNAL) — spawn interno desativado 
2026-09-10 11:26:24 [INFO]: [keywordHandler] Palavra-chave detectada, resposta enviada
2026-09-10 11:26:27 [INFO]: [Discord] Cliente v14 inicializado com intents, partials e presence 
2026-09-10 11:26:27 [ERROR]: [memberJoinService] Erro ao processar entrada
2026-09-10 11:27:22 [ERROR]: [DB] Falha ao registrar infração
2026-09-10 11:27:22 [ERROR]: [DB] Falha ao registrar infração
2026-09-10 11:27:22 [ERROR]: [DB] Falha ao registrar infração
2026-09-10 11:27:22 [ERROR]: [DB] Falha ao registrar infração
2026-09-10 11:27:22 [ERROR]: [DB] Falha ao registrar infração
2026-09-10 11:27:22 [ERROR]: [DB] Falha ao registrar infração
2026-09-10 11:27:22 [ERROR]: [DB] Falha ao registrar infração
2026-09-10 11:27:22 [ERROR]: [DB] Falha ao registrar infração
2026-09-10 11:27:22 [ERROR]: [DB] Falha ao registrar infração
2026-09-10 11:27:26 [ERROR]: ❌ [Erro no comando $stats:] SQLITE_ERROR: no such table: feedbacks
2026-09-10 11:27:26 [ERROR]:    Stack: 
2026-09-10 11:27:26 [INFO]: 🛑 [SHUTDOWN] Comando executado por: 5588998314322@c.us 
2026-09-10 11:27:26 [ERROR]: ❌ [❌ Erro no $grupos:] ctx.client.getChats is not a function
2026-09-10 11:27:26 [ERROR]:    Stack: at Object.execute (D:/Desktop/Programas/bot-wpp/src/bot/commands/grupos.ts:17:44)
2026-09-10 11:27:26 [ERROR]: ❌ [[ScreenCommand] Erro:] connect ECONNREFUSED 127.0.0.1:3002
2026-09-10 11:27:26 [ERROR]:    Stack: at TCPConnectWrap.afterConnect [as oncomplete] (node:net:1638:16)
2026-09-10 11:27:26 [ERROR]: ❌ [[ScreenCommand] Erro:] connect ECONNREFUSED 127.0.0.1:3002
2026-09-10 11:27:26 [ERROR]:    Stack: at TCPConnectWrap.afterConnect [as oncomplete] (node:net:1638:16)
2026-09-10 11:27:26 [ERROR]: ❌ [[ScreenCommand] Erro:] connect ECONNREFUSED 127.0.0.1:3002
2026-09-10 11:27:26 [ERROR]:    Stack: at TCPConnectWrap.afterConnect [as oncomplete] (node:net:1638:16)
2026-09-10 11:27:26 [INFO]: 🛑 [SHUTDOWN] Comando executado por: 5588998314322@c.us 
2026-09-10 11:27:26 [INFO]: [TelegramAdapter] Inicializando... 
2026-09-10 11:27:26 [INFO]: [Telegram] Iniciando launch()... 
2026-09-10 11:27:26 [INFO]: [Telegram] ✅ Pronto como  () 
2026-09-10 11:27:26 [INFO]: [TelegramAdapter] Inicializando... 
2026-09-10 11:27:26 [INFO]: [Telegram] Iniciando launch()... 
2026-09-10 11:27:26 [INFO]: [Telegram] ✅ Pronto como  () 
2026-09-10 11:27:26 [INFO]: [TelegramAdapter] Inicializando... 
2026-09-10 11:27:26 [INFO]: [Telegram] Iniciando launch()... 
2026-09-10 11:27:26 [INFO]: [Telegram] ✅ Pronto como  () 
2026-09-10 11:27:26 [INFO]: [TelegramAdapter] Inicializando... 
2026-09-10 11:27:26 [INFO]: [TelegramAdapter] Já estava pronto 
2026-09-10 11:27:26 [INFO]: [TelegramAdapter] Inicializando... 
2026-09-10 11:27:26 [INFO]: [Telegram] Iniciando launch()... 
2026-09-10 11:27:26 [INFO]: [Telegram] ✅ Pronto como  () 
2026-09-10 11:27:26 [INFO]: [TelegramAdapter] Inicializando... 
2026-09-10 11:27:26 [INFO]: [Telegram] Iniciando launch()... 
2026-09-10 11:27:26 [INFO]: [Telegram] ✅ Pronto como  () 
2026-09-10 11:27:26 [INFO]: [Discord] Cliente v14 inicializado com intents, partials e presence 
2026-09-10 11:27:26 [INFO]: [Discord] Iniciando login... 
2026-09-10 11:27:27 [INFO]: [Discord] ✅ Pronto como TestDiscordBot (1111) 
2026-09-10 11:27:27 [ERROR]: ❌ [[Discord] Erro ao definir presença:] this.client.user?.setPresence is not a function
2026-09-10 11:27:27 [INFO]: [Discord] Chamada de login concluída 
2026-09-10 11:27:27 [INFO]: [Discord] Cliente v14 inicializado com intents, partials e presence 
2026-09-10 11:27:27 [INFO]: [Discord] Iniciando login... 
2026-09-10 11:27:27 [INFO]: [Discord] ✅ Pronto como TestDiscordBot (1111) 
2026-09-10 11:27:27 [ERROR]: ❌ [[Discord] Erro ao definir presença:] this.client.user?.setPresence is not a function
2026-09-10 11:27:27 [INFO]: [Discord] Chamada de login concluída 
2026-09-10 11:27:27 [INFO]: [Discord] Iniciando login... 
2026-09-10 11:27:27 [INFO]: [Discord] Chamada de login concluída 
2026-09-10 11:27:27 [INFO]: [Discord] Cliente v14 inicializado com intents, partials e presence 
2026-09-10 11:27:27 [INFO]: [Discord] Iniciando login... 
2026-09-10 11:27:27 [INFO]: [Discord] ✅ Pronto como TestDiscordBot (1111) 
2026-09-10 11:27:27 [ERROR]: ❌ [[Discord] Erro ao definir presença:] this.client.user?.setPresence is not a function
2026-09-10 11:27:27 [INFO]: [Discord] Chamada de login concluída 
2026-09-10 11:27:31 [INFO]: [keywordHandler] Palavra-chave detectada, resposta enviada
2026-09-10 11:27:32 [INFO]: [DiscordScreenService] Missing required Discord credentials, screen sharing disabled 
2026-09-10 11:27:32 [INFO]: [DiscordScreenService] Gerenciado externamente (DISCORD_SCREEN_EXTERNAL) — spawn interno desativado 
2026-09-10 11:27:32 [INFO]: [DiscordScreenService] Gerenciado externamente (DISCORD_SCREEN_EXTERNAL) — spawn interno desativado 
2026-09-10 11:27:32 [ERROR]: [memberJoinService] Erro ao processar entrada
2026-09-10 11:27:33 [INFO]: [Discord] Cliente v14 inicializado com intents, partials e presence 
2026-09-10 12:21:27 [ERROR]: [DB] Falha ao registrar infração
2026-09-10 12:21:27 [ERROR]: [DB] Falha ao registrar infração
2026-09-10 12:21:27 [ERROR]: [DB] Falha ao registrar infração
2026-09-10 12:21:27 [ERROR]: [DB] Falha ao registrar infração
2026-09-10 12:21:27 [ERROR]: [DB] Falha ao registrar infração
2026-09-10 12:21:27 [ERROR]: [DB] Falha ao registrar infração
2026-09-10 12:21:27 [ERROR]: [DB] Falha ao registrar infração
2026-09-10 12:21:27 [ERROR]: [DB] Falha ao registrar infração
2026-09-10 12:21:27 [ERROR]: [DB] Falha ao registrar infração
2026-09-10 12:21:30 [ERROR]: ❌ [Erro no comando $stats:] SQLITE_ERROR: no such table: feedbacks
2026-09-10 12:21:30 [ERROR]:    Stack: 
2026-09-10 12:21:30 [INFO]: 🛑 [SHUTDOWN] Comando executado por: 5588998314322@c.us 
2026-09-10 12:21:30 [ERROR]: ❌ [❌ Erro no $grupos:] ctx.client.getChats is not a function
2026-09-10 12:21:30 [ERROR]:    Stack: at Object.execute (D:/Desktop/Programas/bot-wpp/src/bot/commands/grupos.ts:17:44)
2026-09-10 12:21:30 [INFO]: [TelegramAdapter] Inicializando... 
2026-09-10 12:21:30 [ERROR]: ❌ [[ScreenCommand] Erro:] connect ECONNREFUSED 127.0.0.1:3002
2026-09-10 12:21:30 [ERROR]:    Stack: at TCPConnectWrap.afterConnect [as oncomplete] (node:net:1638:16)
2026-09-10 12:21:30 [INFO]: [Telegram] Iniciando launch()... 
2026-09-10 12:21:30 [INFO]: [Telegram] ✅ Pronto como  () 
2026-09-10 12:21:30 [INFO]: [TelegramAdapter] Inicializando... 
2026-09-10 12:21:30 [INFO]: [Telegram] Iniciando launch()... 
2026-09-10 12:21:30 [INFO]: [Telegram] ✅ Pronto como  () 
2026-09-10 12:21:30 [INFO]: [TelegramAdapter] Inicializando... 
2026-09-10 12:21:30 [INFO]: [Telegram] Iniciando launch()... 
2026-09-10 12:21:30 [INFO]: [Telegram] ✅ Pronto como  () 
2026-09-10 12:21:30 [INFO]: [TelegramAdapter] Inicializando... 
2026-09-10 12:21:30 [INFO]: [TelegramAdapter] Já estava pronto 
2026-09-10 12:21:30 [INFO]: [TelegramAdapter] Inicializando... 
2026-09-10 12:21:30 [INFO]: [Telegram] Iniciando launch()... 
2026-09-10 12:21:30 [INFO]: [Telegram] ✅ Pronto como  () 
2026-09-10 12:21:30 [INFO]: [TelegramAdapter] Inicializando... 
2026-09-10 12:21:30 [INFO]: [Telegram] Iniciando launch()... 
2026-09-10 12:21:30 [INFO]: [Telegram] ✅ Pronto como  () 
2026-09-10 12:21:30 [INFO]: [Discord] Cliente v14 inicializado com intents, partials e presence 
2026-09-10 12:21:30 [INFO]: [Discord] Iniciando login... 
2026-09-10 12:21:30 [ERROR]: ❌ [[ScreenCommand] Erro:] connect ECONNREFUSED 127.0.0.1:3002
2026-09-10 12:21:30 [ERROR]:    Stack: at TCPConnectWrap.afterConnect [as oncomplete] (node:net:1638:16)
2026-09-10 12:21:30 [INFO]: [Discord] ✅ Pronto como TestDiscordBot (1111) 
2026-09-10 12:21:30 [ERROR]: ❌ [[Discord] Erro ao definir presença:] this.client.user?.setPresence is not a function
2026-09-10 12:21:30 [INFO]: [Discord] Chamada de login concluída 
2026-09-10 12:21:30 [INFO]: [Discord] Cliente v14 inicializado com intents, partials e presence 
2026-09-10 12:21:30 [INFO]: [Discord] Iniciando login... 
2026-09-10 12:21:30 [INFO]: [Discord] ✅ Pronto como TestDiscordBot (1111) 
2026-09-10 12:21:30 [ERROR]: ❌ [[Discord] Erro ao definir presença:] this.client.user?.setPresence is not a function
2026-09-10 12:21:30 [INFO]: [Discord] Chamada de login concluída 
2026-09-10 12:21:30 [INFO]: [Discord] Iniciando login... 
2026-09-10 12:21:30 [INFO]: [Discord] Chamada de login concluída 
2026-09-10 12:21:30 [INFO]: [Discord] Cliente v14 inicializado com intents, partials e presence 
2026-09-10 12:21:30 [INFO]: [Discord] Iniciando login... 
2026-09-10 12:21:30 [INFO]: [Discord] ✅ Pronto como TestDiscordBot (1111) 
2026-09-10 12:21:30 [ERROR]: ❌ [[Discord] Erro ao definir presença:] this.client.user?.setPresence is not a function
2026-09-10 12:21:30 [INFO]: [Discord] Chamada de login concluída 
2026-09-10 12:21:30 [ERROR]: ❌ [[ScreenCommand] Erro:] connect ECONNREFUSED 127.0.0.1:3002
2026-09-10 12:21:30 [ERROR]:    Stack: at TCPConnectWrap.afterConnect [as oncomplete] (node:net:1638:16)
2026-09-10 12:21:30 [INFO]: 🛑 [SHUTDOWN] Comando executado por: 5588998314322@c.us 
2026-09-10 12:21:32 [ERROR]: [memberJoinService] Erro ao processar entrada
2026-09-10 12:21:34 [INFO]: [Discord] Cliente v14 inicializado com intents, partials e presence 
2026-09-10 12:21:35 [INFO]: [DiscordScreenService] Missing required Discord credentials, screen sharing disabled 
2026-09-10 12:21:35 [INFO]: [DiscordScreenService] Gerenciado externamente (DISCORD_SCREEN_EXTERNAL) — spawn interno desativado 
2026-09-10 12:21:35 [INFO]: [DiscordScreenService] Gerenciado externamente (DISCORD_SCREEN_EXTERNAL) — spawn interno desativado 
2026-09-10 12:21:37 [INFO]: [keywordHandler] Palavra-chave detectada, resposta enviada
2026-09-10 12:24:07 [ERROR]: ❌ [Erro no comando $stats:] SQLITE_ERROR: no such table: feedbacks
2026-09-10 12:24:07 [ERROR]:    Stack: 
2026-09-10 12:24:07 [INFO]: 🛑 [SHUTDOWN] Comando executado por: 5588998314322@c.us 
2026-09-10 12:24:07 [ERROR]: ❌ [❌ Erro no $grupos:] ctx.client.getChats is not a function
2026-09-10 12:24:07 [ERROR]:    Stack: at Object.execute (D:/Desktop/Programas/bot-wpp/src/bot/commands/grupos.ts:17:44)
2026-09-10 12:24:07 [ERROR]: ❌ [[ScreenCommand] Erro:] connect ECONNREFUSED 127.0.0.1:3002
2026-09-10 12:24:07 [ERROR]:    Stack: at TCPConnectWrap.afterConnect [as oncomplete] (node:net:1638:16)
2026-09-10 12:24:07 [ERROR]: ❌ [[ScreenCommand] Erro:] connect ECONNREFUSED 127.0.0.1:3002
2026-09-10 12:24:07 [ERROR]:    Stack: at TCPConnectWrap.afterConnect [as oncomplete] (node:net:1638:16)
2026-09-10 12:24:07 [ERROR]: ❌ [[ScreenCommand] Erro:] connect ECONNREFUSED 127.0.0.1:3002
2026-09-10 12:24:07 [ERROR]:    Stack: at TCPConnectWrap.afterConnect [as oncomplete] (node:net:1638:16)
2026-09-10 12:24:07 [INFO]: 🛑 [SHUTDOWN] Comando executado por: 5588998314322@c.us 
2026-09-10 12:24:08 [ERROR]: [DB] Falha ao registrar infração
2026-09-10 12:24:08 [ERROR]: [DB] Falha ao registrar infração
2026-09-10 12:24:08 [ERROR]: [DB] Falha ao registrar infração
2026-09-10 12:24:08 [ERROR]: [DB] Falha ao registrar infração
2026-09-10 12:24:08 [ERROR]: [DB] Falha ao registrar infração
2026-09-10 12:24:08 [ERROR]: [DB] Falha ao registrar infração
2026-09-10 12:24:08 [ERROR]: [DB] Falha ao registrar infração
2026-09-10 12:24:08 [ERROR]: [DB] Falha ao registrar infração
2026-09-10 12:24:08 [ERROR]: [DB] Falha ao registrar infração
2026-09-10 12:24:08 [INFO]: [TelegramAdapter] Inicializando... 
2026-09-10 12:24:08 [INFO]: [Telegram] Iniciando launch()... 
2026-09-10 12:24:08 [INFO]: [Telegram] ✅ Pronto como  () 
2026-09-10 12:24:09 [INFO]: [TelegramAdapter] Inicializando... 
2026-09-10 12:24:09 [INFO]: [Telegram] Iniciando launch()... 
2026-09-10 12:24:09 [INFO]: [Telegram] ✅ Pronto como  () 
2026-09-10 12:24:09 [INFO]: [TelegramAdapter] Inicializando... 
2026-09-10 12:24:09 [INFO]: [Telegram] Iniciando launch()... 
2026-09-10 12:24:09 [INFO]: [Telegram] ✅ Pronto como  () 
2026-09-10 12:24:09 [INFO]: [TelegramAdapter] Inicializando... 
2026-09-10 12:24:09 [INFO]: [TelegramAdapter] Já estava pronto 
2026-09-10 12:24:09 [INFO]: [TelegramAdapter] Inicializando... 
2026-09-10 12:24:09 [INFO]: [Telegram] Iniciando launch()... 
2026-09-10 12:24:09 [INFO]: [Telegram] ✅ Pronto como  () 
2026-09-10 12:24:09 [INFO]: [TelegramAdapter] Inicializando... 
2026-09-10 12:24:09 [INFO]: [Telegram] Iniciando launch()... 
2026-09-10 12:24:09 [INFO]: [Telegram] ✅ Pronto como  () 
2026-09-10 12:24:09 [INFO]: [Discord] Cliente v14 inicializado com intents, partials e presence 
2026-09-10 12:24:09 [INFO]: [Discord] Iniciando login... 
2026-09-10 12:24:09 [INFO]: [Discord] ✅ Pronto como TestDiscordBot (1111) 
2026-09-10 12:24:09 [ERROR]: ❌ [[Discord] Erro ao definir presença:] this.client.user?.setPresence is not a function
2026-09-10 12:24:09 [INFO]: [Discord] Chamada de login concluída 
2026-09-10 12:24:09 [INFO]: [Discord] Cliente v14 inicializado com intents, partials e presence 
2026-09-10 12:24:09 [INFO]: [Discord] Iniciando login... 
2026-09-10 12:24:09 [INFO]: [Discord] ✅ Pronto como TestDiscordBot (1111) 
2026-09-10 12:24:09 [ERROR]: ❌ [[Discord] Erro ao definir presença:] this.client.user?.setPresence is not a function
2026-09-10 12:24:09 [INFO]: [Discord] Chamada de login concluída 
2026-09-10 12:24:09 [INFO]: [Discord] Iniciando login... 
2026-09-10 12:24:09 [INFO]: [Discord] Chamada de login concluída 
2026-09-10 12:24:09 [INFO]: [Discord] Cliente v14 inicializado com intents, partials e presence 
2026-09-10 12:24:09 [INFO]: [Discord] Iniciando login... 
2026-09-10 12:24:09 [INFO]: [Discord] ✅ Pronto como TestDiscordBot (1111) 
2026-09-10 12:24:09 [ERROR]: ❌ [[Discord] Erro ao definir presença:] this.client.user?.setPresence is not a function
2026-09-10 12:24:09 [INFO]: [Discord] Chamada de login concluída 
2026-09-10 12:24:09 [ERROR]: [memberJoinService] Erro ao processar entrada
2026-09-10 12:24:11 [INFO]: [DiscordScreenService] Missing required Discord credentials, screen sharing disabled 
2026-09-10 12:24:11 [INFO]: [DiscordScreenService] Gerenciado externamente (DISCORD_SCREEN_EXTERNAL) — spawn interno desativado 
2026-09-10 12:24:11 [INFO]: [DiscordScreenService] Gerenciado externamente (DISCORD_SCREEN_EXTERNAL) — spawn interno desativado 
2026-09-10 12:24:14 [INFO]: [keywordHandler] Palavra-chave detectada, resposta enviada
2026-09-10 12:24:14 [INFO]: [Discord] Cliente v14 inicializado com intents, partials e presence 
2026-09-10 12:31:55 [ERROR]: ❌ [Erro no comando $stats:] SQLITE_ERROR: no such table: feedbacks
2026-09-10 12:31:55 [ERROR]:    Stack: 
2026-09-10 12:31:55 [INFO]: 🛑 [SHUTDOWN] Comando executado por: 5588998314322@c.us 
2026-09-10 12:31:55 [ERROR]: ❌ [❌ Erro no $grupos:] ctx.client.getChats is not a function
2026-09-10 12:31:55 [ERROR]:    Stack: at Object.execute (D:/Desktop/Programas/bot-wpp/src/bot/commands/grupos.ts:17:44)
2026-09-10 12:31:55 [ERROR]: ❌ [[ScreenCommand] Erro:] connect ECONNREFUSED 127.0.0.1:3002
2026-09-10 12:31:55 [ERROR]:    Stack: at TCPConnectWrap.afterConnect [as oncomplete] (node:net:1638:16)
2026-09-10 12:31:55 [ERROR]: ❌ [[ScreenCommand] Erro:] connect ECONNREFUSED 127.0.0.1:3002
2026-09-10 12:31:55 [ERROR]:    Stack: at TCPConnectWrap.afterConnect [as oncomplete] (node:net:1638:16)
2026-09-10 12:31:55 [ERROR]: ❌ [[ScreenCommand] Erro:] connect ECONNREFUSED 127.0.0.1:3002
2026-09-10 12:31:55 [ERROR]:    Stack: at TCPConnectWrap.afterConnect [as oncomplete] (node:net:1638:16)
2026-09-10 12:31:56 [INFO]: 🛑 [SHUTDOWN] Comando executado por: 5588998314322@c.us 
2026-09-10 12:31:57 [ERROR]: [DB] Falha ao registrar infração
2026-09-10 12:31:57 [ERROR]: [DB] Falha ao registrar infração
2026-09-10 12:31:57 [ERROR]: [DB] Falha ao registrar infração
2026-09-10 12:31:57 [ERROR]: [DB] Falha ao registrar infração
2026-09-10 12:31:57 [ERROR]: [DB] Falha ao registrar infração
2026-09-10 12:31:57 [ERROR]: [DB] Falha ao registrar infração
2026-09-10 12:31:57 [ERROR]: [DB] Falha ao registrar infração
2026-09-10 12:31:57 [ERROR]: [DB] Falha ao registrar infração
2026-09-10 12:31:57 [ERROR]: [DB] Falha ao registrar infração
2026-09-10 12:31:57 [INFO]: [DiscordScreenService] Missing required Discord credentials, screen sharing disabled 
2026-09-10 12:31:57 [INFO]: [DiscordScreenService] Gerenciado externamente (DISCORD_SCREEN_EXTERNAL) — spawn interno desativado 
2026-09-10 12:31:57 [INFO]: [DiscordScreenService] Gerenciado externamente (DISCORD_SCREEN_EXTERNAL) — spawn interno desativado 
2026-09-10 12:31:58 [INFO]: [TelegramAdapter] Inicializando... 
2026-09-10 12:31:58 [INFO]: [Telegram] Iniciando launch()... 
2026-09-10 12:31:58 [INFO]: [Telegram] ✅ Pronto como  () 
2026-09-10 12:31:58 [INFO]: [TelegramAdapter] Inicializando... 
2026-09-10 12:31:58 [INFO]: [Telegram] Iniciando launch()... 
2026-09-10 12:31:58 [INFO]: [Telegram] ✅ Pronto como  () 
2026-09-10 12:31:58 [INFO]: [TelegramAdapter] Inicializando... 
2026-09-10 12:31:58 [INFO]: [Telegram] Iniciando launch()... 
2026-09-10 12:31:58 [INFO]: [Telegram] ✅ Pronto como  () 
2026-09-10 12:31:58 [INFO]: [TelegramAdapter] Inicializando... 
2026-09-10 12:31:58 [INFO]: [TelegramAdapter] Já estava pronto 
2026-09-10 12:31:58 [INFO]: [TelegramAdapter] Inicializando... 
2026-09-10 12:31:58 [INFO]: [Telegram] Iniciando launch()... 
2026-09-10 12:31:58 [INFO]: [Telegram] ✅ Pronto como  () 
2026-09-10 12:31:58 [INFO]: [TelegramAdapter] Inicializando... 
2026-09-10 12:31:58 [INFO]: [Telegram] Iniciando launch()... 
2026-09-10 12:31:58 [INFO]: [Telegram] ✅ Pronto como  () 
2026-09-10 12:31:58 [INFO]: [Discord] Cliente v14 inicializado com intents, partials e presence 
2026-09-10 12:31:58 [INFO]: [Discord] Iniciando login... 
2026-09-10 12:31:58 [INFO]: [Discord] ✅ Pronto como TestDiscordBot (1111) 
2026-09-10 12:31:58 [ERROR]: ❌ [[Discord] Erro ao definir presença:] this.client.user?.setPresence is not a function
2026-09-10 12:31:58 [INFO]: [Discord] Chamada de login concluída 
2026-09-10 12:31:58 [INFO]: [Discord] Cliente v14 inicializado com intents, partials e presence 
2026-09-10 12:31:58 [INFO]: [Discord] Iniciando login... 
2026-09-10 12:31:58 [INFO]: [Discord] ✅ Pronto como TestDiscordBot (1111) 
2026-09-10 12:31:58 [ERROR]: ❌ [[Discord] Erro ao definir presença:] this.client.user?.setPresence is not a function
2026-09-10 12:31:58 [INFO]: [Discord] Chamada de login concluída 
2026-09-10 12:31:58 [INFO]: [Discord] Iniciando login... 
2026-09-10 12:31:58 [INFO]: [Discord] Chamada de login concluída 
2026-09-10 12:31:58 [INFO]: [Discord] Cliente v14 inicializado com intents, partials e presence 
2026-09-10 12:31:58 [INFO]: [Discord] Iniciando login... 
2026-09-10 12:31:58 [INFO]: [Discord] ✅ Pronto como TestDiscordBot (1111) 
2026-09-10 12:31:58 [ERROR]: ❌ [[Discord] Erro ao definir presença:] this.client.user?.setPresence is not a function
2026-09-10 12:31:58 [INFO]: [Discord] Chamada de login concluída 
2026-09-10 12:32:00 [ERROR]: [memberJoinService] Erro ao processar entrada
2026-09-10 12:32:07 [INFO]: [Discord] Cliente v14 inicializado com intents, partials e presence 
2026-09-10 12:32:08 [INFO]: [keywordHandler] Palavra-chave detectada, resposta enviada
2026-09-10 12:38:34 [ERROR]: ❌ [Erro no comando $stats:] SQLITE_ERROR: no such table: feedbacks
2026-09-10 12:38:34 [ERROR]:    Stack: 
2026-09-10 12:38:34 [INFO]: 🛑 [SHUTDOWN] Comando executado por: 5588998314322@c.us 
2026-09-10 12:38:34 [ERROR]: ❌ [❌ Erro no $grupos:] ctx.client.getChats is not a function
2026-09-10 12:38:34 [ERROR]:    Stack: at Object.execute (D:/Desktop/Programas/bot-wpp/src/bot/commands/grupos.ts:17:44)
2026-09-10 12:38:34 [ERROR]: ❌ [[ScreenCommand] Erro:] connect ECONNREFUSED 127.0.0.1:3002
2026-09-10 12:38:34 [ERROR]:    Stack: at TCPConnectWrap.afterConnect [as oncomplete] (node:net:1638:16)
2026-09-10 12:38:34 [ERROR]: ❌ [[ScreenCommand] Erro:] connect ECONNREFUSED 127.0.0.1:3002
2026-09-10 12:38:34 [ERROR]:    Stack: at TCPConnectWrap.afterConnect [as oncomplete] (node:net:1638:16)
2026-09-10 12:38:34 [ERROR]: ❌ [[ScreenCommand] Erro:] connect ECONNREFUSED 127.0.0.1:3002
2026-09-10 12:38:34 [ERROR]:    Stack: at TCPConnectWrap.afterConnect [as oncomplete] (node:net:1638:16)
2026-09-10 12:38:35 [INFO]: 🛑 [SHUTDOWN] Comando executado por: 5588998314322@c.us 
2026-09-10 12:38:35 [ERROR]: [DB] Falha ao registrar infração
2026-09-10 12:38:35 [ERROR]: [DB] Falha ao registrar infração
2026-09-10 12:38:35 [ERROR]: [DB] Falha ao registrar infração
2026-09-10 12:38:35 [ERROR]: [DB] Falha ao registrar infração
2026-09-10 12:38:35 [ERROR]: [DB] Falha ao registrar infração
2026-09-10 12:38:35 [ERROR]: [DB] Falha ao registrar infração
2026-09-10 12:38:35 [ERROR]: [DB] Falha ao registrar infração
2026-09-10 12:38:35 [ERROR]: [DB] Falha ao registrar infração
2026-09-10 12:38:35 [ERROR]: [DB] Falha ao registrar infração
2026-09-10 12:38:36 [ERROR]: [memberJoinService] Erro ao processar entrada
2026-09-10 12:38:36 [INFO]: [Discord] Cliente v14 inicializado com intents, partials e presence 
2026-09-10 12:38:37 [INFO]: [TelegramAdapter] Inicializando... 
2026-09-10 12:38:37 [INFO]: [Telegram] Iniciando launch()... 
2026-09-10 12:38:37 [INFO]: [Telegram] ✅ Pronto como  () 
2026-09-10 12:38:37 [INFO]: [TelegramAdapter] Inicializando... 
2026-09-10 12:38:37 [INFO]: [Telegram] Iniciando launch()... 
2026-09-10 12:38:37 [INFO]: [Telegram] ✅ Pronto como  () 
2026-09-10 12:38:37 [INFO]: [TelegramAdapter] Inicializando... 
2026-09-10 12:38:37 [INFO]: [Telegram] Iniciando launch()... 
2026-09-10 12:38:37 [INFO]: [Telegram] ✅ Pronto como  () 
2026-09-10 12:38:37 [INFO]: [TelegramAdapter] Inicializando... 
2026-09-10 12:38:37 [INFO]: [TelegramAdapter] Já estava pronto 
2026-09-10 12:38:37 [INFO]: [TelegramAdapter] Inicializando... 
2026-09-10 12:38:37 [INFO]: [Telegram] Iniciando launch()... 
2026-09-10 12:38:37 [INFO]: [Telegram] ✅ Pronto como  () 
2026-09-10 12:38:37 [INFO]: [TelegramAdapter] Inicializando... 
2026-09-10 12:38:37 [INFO]: [Telegram] Iniciando launch()... 
2026-09-10 12:38:37 [INFO]: [Telegram] ✅ Pronto como  () 
2026-09-10 12:38:37 [INFO]: [Discord] Cliente v14 inicializado com intents, partials e presence 
2026-09-10 12:38:37 [INFO]: [Discord] Iniciando login... 
2026-09-10 12:38:37 [INFO]: [Discord] ✅ Pronto como TestDiscordBot (1111) 
2026-09-10 12:38:37 [ERROR]: ❌ [[Discord] Erro ao definir presença:] this.client.user?.setPresence is not a function
2026-09-10 12:38:37 [INFO]: [Discord] Chamada de login concluída 
2026-09-10 12:38:37 [INFO]: [Discord] Cliente v14 inicializado com intents, partials e presence 
2026-09-10 12:38:37 [INFO]: [Discord] Iniciando login... 
2026-09-10 12:38:37 [INFO]: [Discord] ✅ Pronto como TestDiscordBot (1111) 
2026-09-10 12:38:37 [ERROR]: ❌ [[Discord] Erro ao definir presença:] this.client.user?.setPresence is not a function
2026-09-10 12:38:37 [INFO]: [Discord] Chamada de login concluída 
2026-09-10 12:38:37 [INFO]: [Discord] Iniciando login... 
2026-09-10 12:38:37 [INFO]: [Discord] Chamada de login concluída 
2026-09-10 12:38:37 [INFO]: [Discord] Cliente v14 inicializado com intents, partials e presence 
2026-09-10 12:38:37 [INFO]: [Discord] Iniciando login... 
2026-09-10 12:38:37 [INFO]: [Discord] ✅ Pronto como TestDiscordBot (1111) 
2026-09-10 12:38:37 [ERROR]: ❌ [[Discord] Erro ao definir presença:] this.client.user?.setPresence is not a function
2026-09-10 12:38:37 [INFO]: [Discord] Chamada de login concluída 
2026-09-10 12:38:39 [INFO]: [keywordHandler] Palavra-chave detectada, resposta enviada
2026-09-10 12:38:40 [INFO]: [DiscordScreenService] Missing required Discord credentials, screen sharing disabled 
2026-09-10 12:38:40 [INFO]: [DiscordScreenService] Gerenciado externamente (DISCORD_SCREEN_EXTERNAL) — spawn interno desativado 
2026-09-10 12:38:40 [INFO]: [DiscordScreenService] Gerenciado externamente (DISCORD_SCREEN_EXTERNAL) — spawn interno desativado 
2026-09-10 12:44:16 [ERROR]: ❌ [Erro no comando $stats:] SQLITE_ERROR: no such table: feedbacks
2026-09-10 12:44:16 [ERROR]:    Stack: 
2026-09-10 12:44:16 [INFO]: 🛑 [SHUTDOWN] Comando executado por: 5588998314322@c.us 
2026-09-10 12:44:16 [ERROR]: ❌ [❌ Erro no $grupos:] ctx.client.getChats is not a function
2026-09-10 12:44:16 [ERROR]:    Stack: at Object.execute (D:/Desktop/Programas/bot-wpp/src/bot/commands/grupos.ts:17:44)
2026-09-10 12:44:16 [ERROR]: ❌ [[ScreenCommand] Erro:] connect ECONNREFUSED 127.0.0.1:3002
2026-09-10 12:44:16 [ERROR]:    Stack: at TCPConnectWrap.afterConnect [as oncomplete] (node:net:1638:16)
2026-09-10 12:44:16 [ERROR]: ❌ [[ScreenCommand] Erro:] connect ECONNREFUSED 127.0.0.1:3002
2026-09-10 12:44:16 [ERROR]:    Stack: at TCPConnectWrap.afterConnect [as oncomplete] (node:net:1638:16)
2026-09-10 12:44:16 [ERROR]: ❌ [[ScreenCommand] Erro:] connect ECONNREFUSED 127.0.0.1:3002
2026-09-10 12:44:16 [ERROR]:    Stack: at TCPConnectWrap.afterConnect [as oncomplete] (node:net:1638:16)
2026-09-10 12:44:16 [INFO]: 🛑 [SHUTDOWN] Comando executado por: 5588998314322@c.us 
2026-09-10 12:44:17 [ERROR]: [DB] Falha ao registrar infração
2026-09-10 12:44:17 [ERROR]: [DB] Falha ao registrar infração
2026-09-10 12:44:17 [ERROR]: [DB] Falha ao registrar infração
2026-09-10 12:44:17 [ERROR]: [DB] Falha ao registrar infração
2026-09-10 12:44:17 [ERROR]: [DB] Falha ao registrar infração
2026-09-10 12:44:17 [ERROR]: [DB] Falha ao registrar infração
2026-09-10 12:44:17 [ERROR]: [DB] Falha ao registrar infração
2026-09-10 12:44:17 [ERROR]: [DB] Falha ao registrar infração
2026-09-10 12:44:17 [ERROR]: [DB] Falha ao registrar infração
2026-09-10 12:44:17 [INFO]: [TelegramAdapter] Inicializando... 
2026-09-10 12:44:17 [INFO]: [Telegram] Iniciando launch()... 
2026-09-10 12:44:17 [INFO]: [Telegram] ✅ Pronto como  () 
2026-09-10 12:44:17 [INFO]: [TelegramAdapter] Inicializando... 
2026-09-10 12:44:17 [INFO]: [Telegram] Iniciando launch()... 
2026-09-10 12:44:17 [INFO]: [Telegram] ✅ Pronto como  () 
2026-09-10 12:44:17 [INFO]: [TelegramAdapter] Inicializando... 
2026-09-10 12:44:17 [INFO]: [Telegram] Iniciando launch()... 
2026-09-10 12:44:17 [INFO]: [Telegram] ✅ Pronto como  () 
2026-09-10 12:44:17 [INFO]: [TelegramAdapter] Inicializando... 
2026-09-10 12:44:17 [INFO]: [TelegramAdapter] Já estava pronto 
2026-09-10 12:44:17 [INFO]: [TelegramAdapter] Inicializando... 
2026-09-10 12:44:17 [INFO]: [Telegram] Iniciando launch()... 
2026-09-10 12:44:17 [INFO]: [Telegram] ✅ Pronto como  () 
2026-09-10 12:44:17 [INFO]: [TelegramAdapter] Inicializando... 
2026-09-10 12:44:17 [INFO]: [Telegram] Iniciando launch()... 
2026-09-10 12:44:17 [INFO]: [Telegram] ✅ Pronto como  () 
2026-09-10 12:44:17 [INFO]: [Discord] Cliente v14 inicializado com intents, partials e presence 
2026-09-10 12:44:17 [INFO]: [Discord] Iniciando login... 
2026-09-10 12:44:17 [INFO]: [Discord] ✅ Pronto como TestDiscordBot (1111) 
2026-09-10 12:44:17 [ERROR]: ❌ [[Discord] Erro ao definir presença:] this.client.user?.setPresence is not a function
2026-09-10 12:44:17 [INFO]: [Discord] Chamada de login concluída 
2026-09-10 12:44:17 [INFO]: [Discord] Cliente v14 inicializado com intents, partials e presence 
2026-09-10 12:44:17 [INFO]: [Discord] Iniciando login... 
2026-09-10 12:44:17 [INFO]: [Discord] ✅ Pronto como TestDiscordBot (1111) 
2026-09-10 12:44:17 [ERROR]: ❌ [[Discord] Erro ao definir presença:] this.client.user?.setPresence is not a function
2026-09-10 12:44:17 [INFO]: [Discord] Chamada de login concluída 
2026-09-10 12:44:17 [INFO]: [Discord] Iniciando login... 
2026-09-10 12:44:17 [INFO]: [Discord] Chamada de login concluída 
2026-09-10 12:44:17 [INFO]: [Discord] Cliente v14 inicializado com intents, partials e presence 
2026-09-10 12:44:17 [INFO]: [Discord] Iniciando login... 
2026-09-10 12:44:17 [INFO]: [Discord] ✅ Pronto como TestDiscordBot (1111) 
2026-09-10 12:44:17 [ERROR]: ❌ [[Discord] Erro ao definir presença:] this.client.user?.setPresence is not a function
2026-09-10 12:44:17 [INFO]: [Discord] Chamada de login concluída 
2026-09-10 12:44:17 [INFO]: [Discord] Cliente v14 inicializado com intents, partials e presence 
2026-09-10 12:44:19 [ERROR]: [memberJoinService] Erro ao processar entrada
2026-09-10 12:44:21 [INFO]: [DiscordScreenService] Missing required Discord credentials, screen sharing disabled 
2026-09-10 12:44:21 [INFO]: [DiscordScreenService] Gerenciado externamente (DISCORD_SCREEN_EXTERNAL) — spawn interno desativado 
2026-09-10 12:44:21 [INFO]: [DiscordScreenService] Gerenciado externamente (DISCORD_SCREEN_EXTERNAL) — spawn interno desativado 
2026-09-10 12:44:21 [INFO]: [keywordHandler] Palavra-chave detectada, resposta enviada
2026-09-10 12:48:15 [ERROR]: ❌ [Erro no comando $stats:] SQLITE_ERROR: no such table: feedbacks
2026-09-10 12:48:15 [ERROR]:    Stack: 
2026-09-10 12:48:15 [INFO]: 🛑 [SHUTDOWN] Comando executado por: 5588998314322@c.us 
2026-09-10 12:48:15 [ERROR]: ❌ [❌ Erro no $grupos:] ctx.client.getChats is not a function
2026-09-10 12:48:15 [ERROR]:    Stack: at Object.execute (D:/Desktop/Programas/bot-wpp/src/bot/commands/grupos.ts:17:44)
2026-09-10 12:48:15 [ERROR]: ❌ [[ScreenCommand] Erro:] connect ECONNREFUSED 127.0.0.1:3002
2026-09-10 12:48:15 [ERROR]:    Stack: at TCPConnectWrap.afterConnect [as oncomplete] (node:net:1638:16)
2026-09-10 12:48:15 [ERROR]: ❌ [[ScreenCommand] Erro:] connect ECONNREFUSED 127.0.0.1:3002
2026-09-10 12:48:15 [ERROR]:    Stack: at TCPConnectWrap.afterConnect [as oncomplete] (node:net:1638:16)
2026-09-10 12:48:15 [ERROR]: ❌ [[ScreenCommand] Erro:] connect ECONNREFUSED 127.0.0.1:3002
2026-09-10 12:48:15 [ERROR]:    Stack: at TCPConnectWrap.afterConnect [as oncomplete] (node:net:1638:16)
2026-09-10 12:48:16 [INFO]: 🛑 [SHUTDOWN] Comando executado por: 5588998314322@c.us 
2026-09-10 12:48:16 [ERROR]: [DB] Falha ao registrar infração
2026-09-10 12:48:16 [ERROR]: [DB] Falha ao registrar infração
2026-09-10 12:48:16 [ERROR]: [DB] Falha ao registrar infração
2026-09-10 12:48:16 [ERROR]: [DB] Falha ao registrar infração
2026-09-10 12:48:16 [ERROR]: [DB] Falha ao registrar infração
2026-09-10 12:48:16 [ERROR]: [DB] Falha ao registrar infração
2026-09-10 12:48:16 [ERROR]: [DB] Falha ao registrar infração
2026-09-10 12:48:16 [ERROR]: [DB] Falha ao registrar infração
2026-09-10 12:48:16 [ERROR]: [DB] Falha ao registrar infração
2026-09-10 12:48:17 [INFO]: [TelegramAdapter] Inicializando... 
2026-09-10 12:48:17 [INFO]: [Telegram] Iniciando launch()... 
2026-09-10 12:48:17 [INFO]: [Telegram] ✅ Pronto como  () 
2026-09-10 12:48:17 [INFO]: [TelegramAdapter] Inicializando... 
2026-09-10 12:48:17 [INFO]: [Telegram] Iniciando launch()... 
2026-09-10 12:48:17 [INFO]: [Telegram] ✅ Pronto como  () 
2026-09-10 12:48:17 [INFO]: [TelegramAdapter] Inicializando... 
2026-09-10 12:48:17 [INFO]: [Telegram] Iniciando launch()... 
2026-09-10 12:48:17 [INFO]: [Telegram] ✅ Pronto como  () 
2026-09-10 12:48:17 [INFO]: [TelegramAdapter] Inicializando... 
2026-09-10 12:48:17 [INFO]: [TelegramAdapter] Já estava pronto 
2026-09-10 12:48:17 [INFO]: [TelegramAdapter] Inicializando... 
2026-09-10 12:48:17 [INFO]: [Telegram] Iniciando launch()... 
2026-09-10 12:48:17 [INFO]: [Telegram] ✅ Pronto como  () 
2026-09-10 12:48:17 [INFO]: [TelegramAdapter] Inicializando... 
2026-09-10 12:48:17 [INFO]: [Telegram] Iniciando launch()... 
2026-09-10 12:48:17 [INFO]: [Telegram] ✅ Pronto como  () 
2026-09-10 12:48:17 [INFO]: [Discord] Cliente v14 inicializado com intents, partials e presence 
2026-09-10 12:48:17 [INFO]: [Discord] Iniciando login... 
2026-09-10 12:48:17 [INFO]: [Discord] ✅ Pronto como TestDiscordBot (1111) 
2026-09-10 12:48:17 [ERROR]: ❌ [[Discord] Erro ao definir presença:] this.client.user?.setPresence is not a function
2026-09-10 12:48:17 [INFO]: [Discord] Chamada de login concluída 
2026-09-10 12:48:17 [INFO]: [Discord] Cliente v14 inicializado com intents, partials e presence 
2026-09-10 12:48:17 [INFO]: [Discord] Iniciando login... 
2026-09-10 12:48:17 [INFO]: [Discord] ✅ Pronto como TestDiscordBot (1111) 
2026-09-10 12:48:17 [ERROR]: ❌ [[Discord] Erro ao definir presença:] this.client.user?.setPresence is not a function
2026-09-10 12:48:17 [INFO]: [Discord] Chamada de login concluída 
2026-09-10 12:48:17 [INFO]: [Discord] Iniciando login... 
2026-09-10 12:48:17 [INFO]: [Discord] Chamada de login concluída 
2026-09-10 12:48:17 [INFO]: [Discord] Cliente v14 inicializado com intents, partials e presence 
2026-09-10 12:48:17 [INFO]: [Discord] Iniciando login... 
2026-09-10 12:48:17 [INFO]: [Discord] ✅ Pronto como TestDiscordBot (1111) 
2026-09-10 12:48:17 [ERROR]: ❌ [[Discord] Erro ao definir presença:] this.client.user?.setPresence is not a function
2026-09-10 12:48:17 [INFO]: [Discord] Chamada de login concluída 
2026-09-10 12:48:18 [ERROR]: [memberJoinService] Erro ao processar entrada
2026-09-10 12:48:20 [INFO]: [DiscordScreenService] Missing required Discord credentials, screen sharing disabled 
2026-09-10 12:48:20 [INFO]: [DiscordScreenService] Gerenciado externamente (DISCORD_SCREEN_EXTERNAL) — spawn interno desativado 
2026-09-10 12:48:20 [INFO]: [DiscordScreenService] Gerenciado externamente (DISCORD_SCREEN_EXTERNAL) — spawn interno desativado 
2026-09-10 12:48:21 [INFO]: [keywordHandler] Palavra-chave detectada, resposta enviada
2026-09-10 12:48:22 [INFO]: [Discord] Cliente v14 inicializado com intents, partials e presence 
2026-09-10 13:00:10 [ERROR]: ❌ [Erro no comando $stats:] SQLITE_ERROR: no such table: feedbacks
2026-09-10 13:00:10 [ERROR]:    Stack: 
2026-09-10 13:00:10 [INFO]: 🛑 [SHUTDOWN] Comando executado por: 5588998314322@c.us 
2026-09-10 13:00:10 [ERROR]: ❌ [❌ Erro no $grupos:] ctx.client.getChats is not a function
2026-09-10 13:00:10 [ERROR]:    Stack: at Object.execute (D:/Desktop/Programas/bot-wpp/src/bot/commands/grupos.ts:17:44)
2026-09-10 13:00:10 [ERROR]: ❌ [[ScreenCommand] Erro:] connect ECONNREFUSED 127.0.0.1:3002
2026-09-10 13:00:10 [ERROR]:    Stack: at TCPConnectWrap.afterConnect [as oncomplete] (node:net:1638:16)
2026-09-10 13:00:10 [ERROR]: ❌ [[ScreenCommand] Erro:] connect ECONNREFUSED 127.0.0.1:3002
2026-09-10 13:00:10 [ERROR]:    Stack: at TCPConnectWrap.afterConnect [as oncomplete] (node:net:1638:16)
2026-09-10 13:00:10 [ERROR]: ❌ [[ScreenCommand] Erro:] connect ECONNREFUSED 127.0.0.1:3002
2026-09-10 13:00:10 [ERROR]:    Stack: at TCPConnectWrap.afterConnect [as oncomplete] (node:net:1638:16)
2026-09-10 13:00:10 [INFO]: 🛑 [SHUTDOWN] Comando executado por: 5588998314322@c.us 
2026-09-10 13:00:11 [ERROR]: [DB] Falha ao registrar infração
2026-09-10 13:00:11 [ERROR]: [DB] Falha ao registrar infração
2026-09-10 13:00:11 [ERROR]: [DB] Falha ao registrar infração
2026-09-10 13:00:11 [ERROR]: [DB] Falha ao registrar infração
2026-09-10 13:00:11 [ERROR]: [DB] Falha ao registrar infração
2026-09-10 13:00:11 [ERROR]: [DB] Falha ao registrar infração
2026-09-10 13:00:11 [ERROR]: [DB] Falha ao registrar infração
2026-09-10 13:00:11 [ERROR]: [DB] Falha ao registrar infração
2026-09-10 13:00:11 [ERROR]: [DB] Falha ao registrar infração
2026-09-10 13:00:11 [INFO]: [TelegramAdapter] Inicializando... 
2026-09-10 13:00:11 [INFO]: [Telegram] Iniciando launch()... 
2026-09-10 13:00:11 [INFO]: [Telegram] ✅ Pronto como  () 
2026-09-10 13:00:11 [INFO]: [TelegramAdapter] Inicializando... 
2026-09-10 13:00:11 [INFO]: [Telegram] Iniciando launch()... 
2026-09-10 13:00:11 [INFO]: [Telegram] ✅ Pronto como  () 
2026-09-10 13:00:11 [INFO]: [TelegramAdapter] Inicializando... 
2026-09-10 13:00:11 [INFO]: [Telegram] Iniciando launch()... 
2026-09-10 13:00:11 [INFO]: [Telegram] ✅ Pronto como  () 
2026-09-10 13:00:11 [INFO]: [TelegramAdapter] Inicializando... 
2026-09-10 13:00:11 [INFO]: [TelegramAdapter] Já estava pronto 
2026-09-10 13:00:11 [INFO]: [TelegramAdapter] Inicializando... 
2026-09-10 13:00:11 [INFO]: [Telegram] Iniciando launch()... 
2026-09-10 13:00:11 [INFO]: [Telegram] ✅ Pronto como  () 
2026-09-10 13:00:11 [INFO]: [TelegramAdapter] Inicializando... 
2026-09-10 13:00:11 [INFO]: [Telegram] Iniciando launch()... 
2026-09-10 13:00:11 [INFO]: [Telegram] ✅ Pronto como  () 
2026-09-10 13:00:11 [INFO]: [Discord] Cliente v14 inicializado com intents, partials e presence 
2026-09-10 13:00:11 [INFO]: [Discord] Iniciando login... 
2026-09-10 13:00:11 [INFO]: [Discord] ✅ Pronto como TestDiscordBot (1111) 
2026-09-10 13:00:11 [ERROR]: ❌ [[Discord] Erro ao definir presença:] this.client.user?.setPresence is not a function
2026-09-10 13:00:11 [INFO]: [Discord] Chamada de login concluída 
2026-09-10 13:00:11 [INFO]: [Discord] Cliente v14 inicializado com intents, partials e presence 
2026-09-10 13:00:11 [INFO]: [Discord] Iniciando login... 
2026-09-10 13:00:11 [INFO]: [Discord] ✅ Pronto como TestDiscordBot (1111) 
2026-09-10 13:00:11 [ERROR]: ❌ [[Discord] Erro ao definir presença:] this.client.user?.setPresence is not a function
2026-09-10 13:00:11 [INFO]: [Discord] Chamada de login concluída 
2026-09-10 13:00:11 [INFO]: [Discord] Iniciando login... 
2026-09-10 13:00:11 [INFO]: [Discord] Chamada de login concluída 
2026-09-10 13:00:11 [INFO]: [Discord] Cliente v14 inicializado com intents, partials e presence 
2026-09-10 13:00:11 [INFO]: [Discord] Iniciando login... 
2026-09-10 13:00:11 [INFO]: [Discord] ✅ Pronto como TestDiscordBot (1111) 
2026-09-10 13:00:11 [ERROR]: ❌ [[Discord] Erro ao definir presença:] this.client.user?.setPresence is not a function
2026-09-10 13:00:11 [INFO]: [Discord] Chamada de login concluída 
2026-09-10 13:00:12 [ERROR]: [memberJoinService] Erro ao processar entrada
2026-09-10 13:00:14 [INFO]: [DiscordScreenService] Missing required Discord credentials, screen sharing disabled 
2026-09-10 13:00:14 [INFO]: [DiscordScreenService] Gerenciado externamente (DISCORD_SCREEN_EXTERNAL) — spawn interno desativado 
2026-09-10 13:00:14 [INFO]: [DiscordScreenService] Gerenciado externamente (DISCORD_SCREEN_EXTERNAL) — spawn interno desativado 
2026-09-10 13:00:15 [INFO]: [Discord] Cliente v14 inicializado com intents, partials e presence 
2026-09-10 13:00:15 [INFO]: [keywordHandler] Palavra-chave detectada, resposta enviada
2026-09-10 13:11:18 [ERROR]: [DB] Falha ao registrar infração
2026-09-10 13:11:18 [ERROR]: [DB] Falha ao registrar infração
2026-09-10 13:11:18 [ERROR]: [DB] Falha ao registrar infração
2026-09-10 13:11:18 [ERROR]: [DB] Falha ao registrar infração
2026-09-10 13:11:18 [ERROR]: [DB] Falha ao registrar infração
2026-09-10 13:11:18 [ERROR]: [DB] Falha ao registrar infração
2026-09-10 13:11:18 [ERROR]: [DB] Falha ao registrar infração
2026-09-10 13:11:18 [ERROR]: [DB] Falha ao registrar infração
2026-09-10 13:11:18 [ERROR]: [DB] Falha ao registrar infração
2026-09-10 13:11:19 [INFO]: [TelegramAdapter] Inicializando... 
2026-09-10 13:11:19 [INFO]: [Telegram] Iniciando launch()... 
2026-09-10 13:11:19 [INFO]: [Telegram] ✅ Pronto como  () 
2026-09-10 13:11:19 [INFO]: [TelegramAdapter] Inicializando... 
2026-09-10 13:11:19 [INFO]: [Telegram] Iniciando launch()... 
2026-09-10 13:11:19 [INFO]: [Telegram] ✅ Pronto como  () 
2026-09-10 13:11:19 [INFO]: [TelegramAdapter] Inicializando... 
2026-09-10 13:11:19 [INFO]: [Telegram] Iniciando launch()... 
2026-09-10 13:11:19 [INFO]: [Telegram] ✅ Pronto como  () 
2026-09-10 13:11:19 [INFO]: [TelegramAdapter] Inicializando... 
2026-09-10 13:11:19 [INFO]: [TelegramAdapter] Já estava pronto 
2026-09-10 13:11:19 [INFO]: [TelegramAdapter] Inicializando... 
2026-09-10 13:11:19 [INFO]: [Telegram] Iniciando launch()... 
2026-09-10 13:11:19 [INFO]: [Telegram] ✅ Pronto como  () 
2026-09-10 13:11:19 [INFO]: [TelegramAdapter] Inicializando... 
2026-09-10 13:11:19 [INFO]: [Telegram] Iniciando launch()... 
2026-09-10 13:11:19 [INFO]: [Telegram] ✅ Pronto como  () 
2026-09-10 13:11:19 [INFO]: [Discord] Cliente v14 inicializado com intents, partials e presence 
2026-09-10 13:11:19 [INFO]: [Discord] Iniciando login... 
2026-09-10 13:11:19 [INFO]: [Discord] ✅ Pronto como TestDiscordBot (1111) 
2026-09-10 13:11:19 [ERROR]: ❌ [[Discord] Erro ao definir presença:] this.client.user?.setPresence is not a function
2026-09-10 13:11:19 [INFO]: [Discord] Chamada de login concluída 
2026-09-10 13:11:19 [INFO]: [Discord] Cliente v14 inicializado com intents, partials e presence 
2026-09-10 13:11:19 [INFO]: [Discord] Iniciando login... 
2026-09-10 13:11:19 [INFO]: [Discord] ✅ Pronto como TestDiscordBot (1111) 
2026-09-10 13:11:19 [ERROR]: ❌ [[Discord] Erro ao definir presença:] this.client.user?.setPresence is not a function
2026-09-10 13:11:19 [INFO]: [Discord] Chamada de login concluída 
2026-09-10 13:11:19 [INFO]: [Discord] Iniciando login... 
2026-09-10 13:11:19 [INFO]: [Discord] Chamada de login concluída 
2026-09-10 13:11:19 [INFO]: [Discord] Cliente v14 inicializado com intents, partials e presence 
2026-09-10 13:11:19 [INFO]: [Discord] Iniciando login... 
2026-09-10 13:11:19 [INFO]: [Discord] ✅ Pronto como TestDiscordBot (1111) 
2026-09-10 13:11:19 [ERROR]: ❌ [[Discord] Erro ao definir presença:] this.client.user?.setPresence is not a function
2026-09-10 13:11:19 [INFO]: [Discord] Chamada de login concluída 
2026-09-10 13:11:20 [ERROR]: ❌ [Erro no comando $stats:] SQLITE_ERROR: no such table: feedbacks
2026-09-10 13:11:20 [ERROR]:    Stack: 
2026-09-10 13:11:20 [INFO]: 🛑 [SHUTDOWN] Comando executado por: 5588998314322@c.us 
2026-09-10 13:11:20 [ERROR]: ❌ [❌ Erro no $grupos:] ctx.client.getChats is not a function
2026-09-10 13:11:20 [ERROR]:    Stack: at Object.execute (D:/Desktop/Programas/bot-wpp/src/bot/commands/grupos.ts:17:44)
2026-09-10 13:11:20 [ERROR]: ❌ [[ScreenCommand] Erro:] connect ECONNREFUSED 127.0.0.1:3002
2026-09-10 13:11:20 [ERROR]:    Stack: at TCPConnectWrap.afterConnect [as oncomplete] (node:net:1638:16)
2026-09-10 13:11:20 [ERROR]: ❌ [[ScreenCommand] Erro:] connect ECONNREFUSED 127.0.0.1:3002
2026-09-10 13:11:20 [ERROR]:    Stack: at TCPConnectWrap.afterConnect [as oncomplete] (node:net:1638:16)
2026-09-10 13:11:20 [ERROR]: ❌ [[ScreenCommand] Erro:] connect ECONNREFUSED 127.0.0.1:3002
2026-09-10 13:11:20 [ERROR]:    Stack: at TCPConnectWrap.afterConnect [as oncomplete] (node:net:1638:16)
2026-09-10 13:11:21 [INFO]: 🛑 [SHUTDOWN] Comando executado por: 5588998314322@c.us 
2026-09-10 13:11:22 [ERROR]: [memberJoinService] Erro ao processar entrada
2026-09-10 13:11:24 [INFO]: [DiscordScreenService] Missing required Discord credentials, screen sharing disabled 
2026-09-10 13:11:24 [INFO]: [DiscordScreenService] Gerenciado externamente (DISCORD_SCREEN_EXTERNAL) — spawn interno desativado 
2026-09-10 13:11:24 [INFO]: [DiscordScreenService] Gerenciado externamente (DISCORD_SCREEN_EXTERNAL) — spawn interno desativado 
2026-09-10 13:11:26 [INFO]: [keywordHandler] Palavra-chave detectada, resposta enviada
2026-09-10 13:11:28 [INFO]: [Discord] Cliente v14 inicializado com intents, partials e presence 
2026-09-10 13:51:54 [ERROR]: [DB] Falha ao registrar infração
2026-09-10 13:51:54 [ERROR]: [DB] Falha ao registrar infração
2026-09-10 13:51:54 [ERROR]: [DB] Falha ao registrar infração
2026-09-10 13:51:54 [ERROR]: [DB] Falha ao registrar infração
2026-09-10 13:51:54 [ERROR]: [DB] Falha ao registrar infração
2026-09-10 13:51:54 [ERROR]: [DB] Falha ao registrar infração
2026-09-10 13:51:54 [ERROR]: [DB] Falha ao registrar infração
2026-09-10 13:51:54 [ERROR]: [DB] Falha ao registrar infração
2026-09-10 13:51:54 [ERROR]: [DB] Falha ao registrar infração
2026-09-10 13:51:56 [ERROR]: ❌ [Erro no comando $stats:] SQLITE_ERROR: no such table: feedbacks
2026-09-10 13:51:56 [ERROR]:    Stack: 
2026-09-10 13:51:56 [INFO]: 🛑 [SHUTDOWN] Comando executado por: 5588998314322@c.us 
2026-09-10 13:51:56 [ERROR]: ❌ [❌ Erro no $grupos:] ctx.client.getChats is not a function
2026-09-10 13:51:56 [ERROR]:    Stack: at Object.execute (D:/Desktop/Programas/bot-wpp/src/bot/commands/grupos.ts:17:44)
2026-09-10 13:51:56 [ERROR]: ❌ [[ScreenCommand] Erro:] connect ECONNREFUSED 127.0.0.1:3002
2026-09-10 13:51:56 [ERROR]:    Stack: at TCPConnectWrap.afterConnect [as oncomplete] (node:net:1638:16)
2026-09-10 13:51:56 [ERROR]: ❌ [[ScreenCommand] Erro:] connect ECONNREFUSED 127.0.0.1:3002
2026-09-10 13:51:56 [ERROR]:    Stack: at TCPConnectWrap.afterConnect [as oncomplete] (node:net:1638:16)
2026-09-10 13:51:56 [ERROR]: ❌ [[ScreenCommand] Erro:] connect ECONNREFUSED 127.0.0.1:3002
2026-09-10 13:51:56 [ERROR]:    Stack: at TCPConnectWrap.afterConnect [as oncomplete] (node:net:1638:16)
2026-09-10 13:51:57 [INFO]: 🛑 [SHUTDOWN] Comando executado por: 5588998314322@c.us 
2026-09-10 13:51:58 [INFO]: [TelegramAdapter] Inicializando... 
2026-09-10 13:51:58 [INFO]: [Telegram] Iniciando launch()... 
2026-09-10 13:51:58 [INFO]: [Telegram] ✅ Pronto como  () 
2026-09-10 13:51:58 [INFO]: [TelegramAdapter] Inicializando... 
2026-09-10 13:51:58 [INFO]: [Telegram] Iniciando launch()... 
2026-09-10 13:51:58 [INFO]: [Telegram] ✅ Pronto como  () 
2026-09-10 13:51:58 [INFO]: [TelegramAdapter] Inicializando... 
2026-09-10 13:51:58 [INFO]: [Telegram] Iniciando launch()... 
2026-09-10 13:51:58 [INFO]: [Telegram] ✅ Pronto como  () 
2026-09-10 13:51:58 [INFO]: [TelegramAdapter] Inicializando... 
2026-09-10 13:51:58 [INFO]: [TelegramAdapter] Já estava pronto 
2026-09-10 13:51:58 [INFO]: [TelegramAdapter] Inicializando... 
2026-09-10 13:51:58 [INFO]: [Telegram] Iniciando launch()... 
2026-09-10 13:51:58 [INFO]: [Telegram] ✅ Pronto como  () 
2026-09-10 13:51:58 [INFO]: [TelegramAdapter] Inicializando... 
2026-09-10 13:51:58 [INFO]: [Telegram] Iniciando launch()... 
2026-09-10 13:51:58 [INFO]: [Telegram] ✅ Pronto como  () 
2026-09-10 13:51:58 [INFO]: [Discord] Cliente v14 inicializado com intents, partials e presence 
2026-09-10 13:51:58 [INFO]: [Discord] Iniciando login... 
2026-09-10 13:51:58 [INFO]: [Discord] ✅ Pronto como TestDiscordBot (1111) 
2026-09-10 13:51:58 [ERROR]: ❌ [[Discord] Erro ao definir presença:] this.client.user?.setPresence is not a function
2026-09-10 13:51:58 [INFO]: [Discord] Chamada de login concluída 
2026-09-10 13:51:58 [INFO]: [Discord] Cliente v14 inicializado com intents, partials e presence 
2026-09-10 13:51:58 [INFO]: [Discord] Iniciando login... 
2026-09-10 13:51:59 [INFO]: [Discord] ✅ Pronto como TestDiscordBot (1111) 
2026-09-10 13:51:59 [ERROR]: ❌ [[Discord] Erro ao definir presença:] this.client.user?.setPresence is not a function
2026-09-10 13:51:59 [INFO]: [Discord] Chamada de login concluída 
2026-09-10 13:51:59 [INFO]: [Discord] Iniciando login... 
2026-09-10 13:51:59 [INFO]: [Discord] Chamada de login concluída 
2026-09-10 13:51:59 [INFO]: [Discord] Cliente v14 inicializado com intents, partials e presence 
2026-09-10 13:51:59 [INFO]: [Discord] Iniciando login... 
2026-09-10 13:51:59 [INFO]: [Discord] ✅ Pronto como TestDiscordBot (1111) 
2026-09-10 13:51:59 [ERROR]: ❌ [[Discord] Erro ao definir presença:] this.client.user?.setPresence is not a function
2026-09-10 13:51:59 [INFO]: [Discord] Chamada de login concluída 
2026-09-10 13:52:01 [INFO]: [keywordHandler] Palavra-chave detectada, resposta enviada
2026-09-10 13:52:01 [INFO]: [DiscordScreenService] Missing required Discord credentials, screen sharing disabled 
2026-09-10 13:52:01 [INFO]: [DiscordScreenService] Gerenciado externamente (DISCORD_SCREEN_EXTERNAL) — spawn interno desativado 
2026-09-10 13:52:01 [INFO]: [DiscordScreenService] Gerenciado externamente (DISCORD_SCREEN_EXTERNAL) — spawn interno desativado 
2026-09-10 13:52:03 [ERROR]: [memberJoinService] Erro ao processar entrada
2026-09-10 13:52:06 [INFO]: [Discord] Cliente v14 inicializado com intents, partials e presence 
2026-09-10 14:33:33 [ERROR]: [DB] Falha ao registrar infração
2026-09-10 14:33:33 [ERROR]: [DB] Falha ao registrar infração
2026-09-10 14:33:33 [ERROR]: [DB] Falha ao registrar infração
2026-09-10 14:33:33 [ERROR]: [DB] Falha ao registrar infração
2026-09-10 14:33:33 [ERROR]: [DB] Falha ao registrar infração
2026-09-10 14:33:33 [ERROR]: [DB] Falha ao registrar infração
2026-09-10 14:33:33 [ERROR]: [DB] Falha ao registrar infração
2026-09-10 14:33:33 [ERROR]: [DB] Falha ao registrar infração
2026-09-10 14:33:33 [ERROR]: [DB] Falha ao registrar infração
2026-09-10 14:33:42 [INFO]: [TelegramAdapter] Inicializando... 
2026-09-10 14:33:42 [INFO]: [Telegram] Iniciando launch()... 
2026-09-10 14:33:42 [INFO]: [Telegram] ✅ Pronto como  () 
2026-09-10 14:33:42 [INFO]: [TelegramAdapter] Inicializando... 
2026-09-10 14:33:42 [INFO]: [Telegram] Iniciando launch()... 
2026-09-10 14:33:42 [INFO]: [Telegram] ✅ Pronto como  () 
2026-09-10 14:33:42 [INFO]: [TelegramAdapter] Inicializando... 
2026-09-10 14:33:42 [INFO]: [Telegram] Iniciando launch()... 
2026-09-10 14:33:42 [INFO]: [Telegram] ✅ Pronto como  () 
2026-09-10 14:33:42 [INFO]: [TelegramAdapter] Inicializando... 
2026-09-10 14:33:42 [INFO]: [TelegramAdapter] Já estava pronto 
2026-09-10 14:33:42 [INFO]: [TelegramAdapter] Inicializando... 
2026-09-10 14:33:42 [INFO]: [Telegram] Iniciando launch()... 
2026-09-10 14:33:42 [INFO]: [Telegram] ✅ Pronto como  () 
2026-09-10 14:33:42 [INFO]: [TelegramAdapter] Inicializando... 
2026-09-10 14:33:42 [INFO]: [Telegram] Iniciando launch()... 
2026-09-10 14:33:42 [INFO]: [Telegram] ✅ Pronto como  () 
2026-09-10 14:33:42 [INFO]: [Discord] Cliente v14 inicializado com intents, partials e presence 
2026-09-10 14:33:42 [INFO]: [Discord] Iniciando login... 
2026-09-10 14:33:42 [INFO]: [Discord] ✅ Pronto como TestDiscordBot (1111) 
2026-09-10 14:33:42 [ERROR]: ❌ [[Discord] Erro ao definir presença:] this.client.user?.setPresence is not a function
2026-09-10 14:33:42 [INFO]: [Discord] Chamada de login concluída 
2026-09-10 14:33:42 [INFO]: [Discord] Cliente v14 inicializado com intents, partials e presence 
2026-09-10 14:33:42 [INFO]: [Discord] Iniciando login... 
2026-09-10 14:33:42 [INFO]: [Discord] ✅ Pronto como TestDiscordBot (1111) 
2026-09-10 14:33:42 [ERROR]: ❌ [[Discord] Erro ao definir presença:] this.client.user?.setPresence is not a function
2026-09-10 14:33:42 [INFO]: [Discord] Chamada de login concluída 
2026-09-10 14:33:42 [INFO]: [Discord] Iniciando login... 
2026-09-10 14:33:42 [INFO]: [Discord] Chamada de login concluída 
2026-09-10 14:33:42 [INFO]: [Discord] Cliente v14 inicializado com intents, partials e presence 
2026-09-10 14:33:42 [INFO]: [Discord] Iniciando login... 
2026-09-10 14:33:42 [INFO]: [Discord] ✅ Pronto como TestDiscordBot (1111) 
2026-09-10 14:33:42 [ERROR]: ❌ [[Discord] Erro ao definir presença:] this.client.user?.setPresence is not a function
2026-09-10 14:33:42 [INFO]: [Discord] Chamada de login concluída 
2026-09-10 14:33:48 [ERROR]: ❌ [Erro no comando $stats:] SQLITE_ERROR: no such table: feedbacks
2026-09-10 14:33:48 [ERROR]:    Stack: 
2026-09-10 14:33:48 [INFO]: 🛑 [SHUTDOWN] Comando executado por: 5588998314322@c.us 
2026-09-10 14:33:48 [ERROR]: ❌ [❌ Erro no $grupos:] ctx.client.getChats is not a function
2026-09-10 14:33:48 [ERROR]:    Stack: at Object.execute (D:/Desktop/Programas/bot-wpp/src/bot/commands/grupos.ts:17:44)
2026-09-10 14:33:49 [ERROR]: ❌ [[ScreenCommand] Erro:] connect ECONNREFUSED 127.0.0.1:3002
2026-09-10 14:33:49 [ERROR]:    Stack: at TCPConnectWrap.afterConnect [as oncomplete] (node:net:1638:16)
2026-09-10 14:33:49 [ERROR]: ❌ [[ScreenCommand] Erro:] connect ECONNREFUSED 127.0.0.1:3002
2026-09-10 14:33:49 [ERROR]:    Stack: at TCPConnectWrap.afterConnect [as oncomplete] (node:net:1638:16)
2026-09-10 14:33:49 [ERROR]: ❌ [[ScreenCommand] Erro:] connect ECONNREFUSED 127.0.0.1:3002
2026-09-10 14:33:49 [ERROR]:    Stack: at TCPConnectWrap.afterConnect [as oncomplete] (node:net:1638:16)
2026-09-10 14:33:53 [INFO]: 🛑 [SHUTDOWN] Comando executado por: 5588998314322@c.us 
2026-09-10 14:33:53 [INFO]: 🛑 [SHUTDOWN] Encerrando processo... 
2026-09-10 14:33:57 [INFO]: [Discord] Cliente v14 inicializado com intents, partials e presence 
2026-09-10 14:34:09 [ERROR]: [memberJoinService] Erro ao processar entrada
2026-09-10 14:34:25 [INFO]: [keywordHandler] Palavra-chave detectada, resposta enviada
2026-09-10 14:34:25 [INFO]: [DiscordScreenService] Missing required Discord credentials, screen sharing disabled 
2026-09-10 14:34:25 [INFO]: [DiscordScreenService] Gerenciado externamente (DISCORD_SCREEN_EXTERNAL) — spawn interno desativado 
2026-09-10 14:34:25 [INFO]: [DiscordScreenService] Gerenciado externamente (DISCORD_SCREEN_EXTERNAL) — spawn interno desativado 
2026-09-10 14:37:30 [INFO]: 🛑 [SHUTDOWN] Comando executado por: 5588998314322@c.us 
2026-09-10 14:37:30 [INFO]: 🛑 [SHUTDOWN] Comando executado por: 5588998314322@c.us 
2026-09-10 14:37:38 [ERROR]: [memberJoinService] Erro ao processar entrada
2026-09-10 14:37:39 [ERROR]: [DB] Falha ao registrar infração
2026-09-10 14:37:39 [ERROR]: [DB] Falha ao registrar infração
2026-09-10 14:37:39 [ERROR]: [DB] Falha ao registrar infração
2026-09-10 14:37:39 [ERROR]: [DB] Falha ao registrar infração
2026-09-10 14:37:39 [ERROR]: [DB] Falha ao registrar infração
2026-09-10 14:37:39 [ERROR]: [DB] Falha ao registrar infração
2026-09-10 14:37:39 [ERROR]: [DB] Falha ao registrar infração
2026-09-10 14:37:39 [ERROR]: [DB] Falha ao registrar infração
2026-09-10 14:37:39 [ERROR]: [DB] Falha ao registrar infração
2026-09-10 14:37:41 [INFO]: [DiscordScreenService] Missing required Discord credentials, screen sharing disabled 
2026-09-10 14:37:41 [INFO]: [DiscordScreenService] Gerenciado externamente (DISCORD_SCREEN_EXTERNAL) — spawn interno desativado 
2026-09-10 14:37:41 [INFO]: [DiscordScreenService] Gerenciado externamente (DISCORD_SCREEN_EXTERNAL) — spawn interno desativado 
2026-09-10 14:37:43 [INFO]: [TelegramAdapter] Inicializando... 
2026-09-10 14:37:43 [INFO]: [Telegram] Iniciando launch()... 
2026-09-10 14:37:43 [INFO]: [Telegram] ✅ Pronto como  () 
2026-09-10 14:37:43 [INFO]: [TelegramAdapter] Inicializando... 
2026-09-10 14:37:43 [INFO]: [Telegram] Iniciando launch()... 
2026-09-10 14:37:43 [INFO]: [Telegram] ✅ Pronto como  () 
2026-09-10 14:37:43 [INFO]: [TelegramAdapter] Inicializando... 
2026-09-10 14:37:43 [INFO]: [Telegram] Iniciando launch()... 
2026-09-10 14:37:43 [INFO]: [Telegram] ✅ Pronto como  () 
2026-09-10 14:37:43 [INFO]: [TelegramAdapter] Inicializando... 
2026-09-10 14:37:43 [INFO]: [TelegramAdapter] Já estava pronto 
2026-09-10 14:37:43 [INFO]: [TelegramAdapter] Inicializando... 
2026-09-10 14:37:43 [INFO]: [Telegram] Iniciando launch()... 
2026-09-10 14:37:43 [INFO]: [Telegram] ✅ Pronto como  () 
2026-09-10 14:37:43 [INFO]: [TelegramAdapter] Inicializando... 
2026-09-10 14:37:43 [INFO]: [Telegram] Iniciando launch()... 
2026-09-10 14:37:43 [INFO]: [Telegram] ✅ Pronto como  () 
2026-09-10 14:37:43 [INFO]: [Discord] Cliente v14 inicializado com intents, partials e presence 
2026-09-10 14:37:43 [INFO]: [Discord] Iniciando login... 
2026-09-10 14:37:43 [INFO]: [Discord] ✅ Pronto como TestDiscordBot (1111) 
2026-09-10 14:37:43 [ERROR]: ❌ [[Discord] Erro ao definir presença:] this.client.user?.setPresence is not a function
2026-09-10 14:37:43 [INFO]: [Discord] Chamada de login concluída 
2026-09-10 14:37:43 [INFO]: [Discord] Cliente v14 inicializado com intents, partials e presence 
2026-09-10 14:37:43 [INFO]: [Discord] Iniciando login... 
2026-09-10 14:37:43 [INFO]: [Discord] ✅ Pronto como TestDiscordBot (1111) 
2026-09-10 14:37:43 [ERROR]: ❌ [[Discord] Erro ao definir presença:] this.client.user?.setPresence is not a function
2026-09-10 14:37:43 [INFO]: [Discord] Chamada de login concluída 
2026-09-10 14:37:43 [INFO]: [Discord] Iniciando login... 
2026-09-10 14:37:43 [INFO]: [Discord] Chamada de login concluída 
2026-09-10 14:37:43 [INFO]: [Discord] Cliente v14 inicializado com intents, partials e presence 
2026-09-10 14:37:43 [INFO]: [Discord] Iniciando login... 
2026-09-10 14:37:43 [INFO]: [Discord] ✅ Pronto como TestDiscordBot (1111) 
2026-09-10 14:37:43 [ERROR]: ❌ [[Discord] Erro ao definir presença:] this.client.user?.setPresence is not a function
2026-09-10 14:37:43 [INFO]: [Discord] Chamada de login concluída 
2026-09-10 14:37:48 [INFO]: [keywordHandler] Palavra-chave detectada, resposta enviada
2026-09-10 14:37:51 [INFO]: [Discord] Cliente v14 inicializado com intents, partials e presence 
2026-09-10 14:42:19 [ERROR]: ❌ [Erro no comando $stats:] SQLITE_ERROR: no such table: feedbacks
2026-09-10 14:42:19 [ERROR]:    Stack: 
2026-09-10 14:42:19 [INFO]: 🛑 [SHUTDOWN] Comando executado por: 5588998314322@c.us 
2026-09-10 14:42:20 [ERROR]: ❌ [❌ Erro no $grupos:] ctx.client.getChats is not a function
2026-09-10 14:42:20 [ERROR]:    Stack: at Object.execute (D:/Desktop/Programas/bot-wpp/src/bot/commands/grupos.ts:17:44)
2026-09-10 14:42:20 [ERROR]: ❌ [[ScreenCommand] Erro:] connect ECONNREFUSED 127.0.0.1:3002
2026-09-10 14:42:20 [ERROR]:    Stack: at TCPConnectWrap.afterConnect [as oncomplete] (node:net:1638:16)
2026-09-10 14:42:20 [ERROR]: ❌ [[ScreenCommand] Erro:] connect ECONNREFUSED 127.0.0.1:3002
2026-09-10 14:42:20 [ERROR]:    Stack: at TCPConnectWrap.afterConnect [as oncomplete] (node:net:1638:16)
2026-09-10 14:42:20 [ERROR]: ❌ [[ScreenCommand] Erro:] connect ECONNREFUSED 127.0.0.1:3002
2026-09-10 14:42:20 [ERROR]:    Stack: at TCPConnectWrap.afterConnect [as oncomplete] (node:net:1638:16)
2026-09-10 14:42:20 [INFO]: 🛑 [SHUTDOWN] Comando executado por: 5588998314322@c.us 
2026-09-10 14:42:21 [ERROR]: [DB] Falha ao registrar infração
2026-09-10 14:42:21 [ERROR]: [DB] Falha ao registrar infração
2026-09-10 14:42:21 [ERROR]: [DB] Falha ao registrar infração
2026-09-10 14:42:21 [ERROR]: [DB] Falha ao registrar infração
2026-09-10 14:42:21 [ERROR]: [DB] Falha ao registrar infração
2026-09-10 14:42:21 [ERROR]: [DB] Falha ao registrar infração
2026-09-10 14:42:21 [ERROR]: [DB] Falha ao registrar infração
2026-09-10 14:42:21 [ERROR]: [DB] Falha ao registrar infração
2026-09-10 14:42:21 [ERROR]: [DB] Falha ao registrar infração
2026-09-10 14:42:22 [INFO]: [TelegramAdapter] Inicializando... 
2026-09-10 14:42:22 [INFO]: [Telegram] Iniciando launch()... 
2026-09-10 14:42:22 [INFO]: [Telegram] ✅ Pronto como  () 
2026-09-10 14:42:22 [INFO]: [TelegramAdapter] Inicializando... 
2026-09-10 14:42:22 [INFO]: [Telegram] Iniciando launch()... 
2026-09-10 14:42:22 [INFO]: [Telegram] ✅ Pronto como  () 
2026-09-10 14:42:22 [INFO]: [TelegramAdapter] Inicializando... 
2026-09-10 14:42:22 [INFO]: [Telegram] Iniciando launch()... 
2026-09-10 14:42:22 [INFO]: [Telegram] ✅ Pronto como  () 
2026-09-10 14:42:22 [INFO]: [TelegramAdapter] Inicializando... 
2026-09-10 14:42:22 [INFO]: [TelegramAdapter] Já estava pronto 
2026-09-10 14:42:22 [INFO]: [TelegramAdapter] Inicializando... 
2026-09-10 14:42:22 [INFO]: [Telegram] Iniciando launch()... 
2026-09-10 14:42:22 [INFO]: [Telegram] ✅ Pronto como  () 
2026-09-10 14:42:22 [INFO]: [TelegramAdapter] Inicializando... 
2026-09-10 14:42:22 [INFO]: [Telegram] Iniciando launch()... 
2026-09-10 14:42:22 [INFO]: [Telegram] ✅ Pronto como  () 
2026-09-10 14:42:22 [INFO]: [Discord] Cliente v14 inicializado com intents, partials e presence 
2026-09-10 14:42:22 [INFO]: [Discord] Iniciando login... 
2026-09-10 14:42:22 [INFO]: [Discord] ✅ Pronto como TestDiscordBot (1111) 
2026-09-10 14:42:22 [ERROR]: ❌ [[Discord] Erro ao definir presença:] this.client.user?.setPresence is not a function
2026-09-10 14:42:22 [INFO]: [Discord] Chamada de login concluída 
2026-09-10 14:42:22 [INFO]: [Discord] Cliente v14 inicializado com intents, partials e presence 
2026-09-10 14:42:22 [INFO]: [Discord] Iniciando login... 
2026-09-10 14:42:22 [INFO]: [Discord] ✅ Pronto como TestDiscordBot (1111) 
2026-09-10 14:42:22 [ERROR]: ❌ [[Discord] Erro ao definir presença:] this.client.user?.setPresence is not a function
2026-09-10 14:42:22 [INFO]: [Discord] Chamada de login concluída 
2026-09-10 14:42:22 [INFO]: [Discord] Iniciando login... 
2026-09-10 14:42:22 [INFO]: [Discord] Chamada de login concluída 
2026-09-10 14:42:22 [INFO]: [Discord] Cliente v14 inicializado com intents, partials e presence 
2026-09-10 14:42:22 [INFO]: [Discord] Iniciando login... 
2026-09-10 14:42:22 [INFO]: [Discord] ✅ Pronto como TestDiscordBot (1111) 
2026-09-10 14:42:22 [ERROR]: ❌ [[Discord] Erro ao definir presença:] this.client.user?.setPresence is not a function
2026-09-10 14:42:22 [INFO]: [Discord] Chamada de login concluída 
2026-09-10 14:42:22 [INFO]: [Discord] Cliente v14 inicializado com intents, partials e presence 
2026-09-10 14:42:23 [INFO]: [DiscordScreenService] Missing required Discord credentials, screen sharing disabled 
2026-09-10 14:42:23 [INFO]: [DiscordScreenService] Gerenciado externamente (DISCORD_SCREEN_EXTERNAL) — spawn interno desativado 
2026-09-10 14:42:23 [INFO]: [DiscordScreenService] Gerenciado externamente (DISCORD_SCREEN_EXTERNAL) — spawn interno desativado 
2026-09-10 14:42:23 [ERROR]: [memberJoinService] Erro ao processar entrada
2026-09-10 14:42:27 [INFO]: [keywordHandler] Palavra-chave detectada, resposta enviada
2026-09-10 14:44:40 [ERROR]: [DB] Falha ao registrar infração
2026-09-10 14:44:40 [ERROR]: [DB] Falha ao registrar infração
2026-09-10 14:44:40 [ERROR]: [DB] Falha ao registrar infração
2026-09-10 14:44:40 [ERROR]: [DB] Falha ao registrar infração
2026-09-10 14:44:40 [ERROR]: [DB] Falha ao registrar infração
2026-09-10 14:44:40 [ERROR]: [DB] Falha ao registrar infração
2026-09-10 14:44:40 [ERROR]: [DB] Falha ao registrar infração
2026-09-10 14:44:40 [ERROR]: [DB] Falha ao registrar infração
2026-09-10 14:44:40 [ERROR]: [DB] Falha ao registrar infração
2026-09-10 14:44:44 [ERROR]: ❌ [Erro no comando $stats:] SQLITE_ERROR: no such table: feedbacks
2026-09-10 14:44:44 [ERROR]:    Stack: 
2026-09-10 14:44:44 [INFO]: 🛑 [SHUTDOWN] Comando executado por: 5588998314322@c.us 
2026-09-10 14:44:44 [ERROR]: ❌ [❌ Erro no $grupos:] ctx.client.getChats is not a function
2026-09-10 14:44:44 [ERROR]:    Stack: at Object.execute (D:/Desktop/Programas/bot-wpp/src/bot/commands/grupos.ts:17:44)
2026-09-10 14:44:44 [ERROR]: ❌ [[ScreenCommand] Erro:] connect ECONNREFUSED 127.0.0.1:3002
2026-09-10 14:44:44 [ERROR]:    Stack: at TCPConnectWrap.afterConnect [as oncomplete] (node:net:1638:16)
2026-09-10 14:44:44 [ERROR]: ❌ [[ScreenCommand] Erro:] connect ECONNREFUSED 127.0.0.1:3002
2026-09-10 14:44:44 [ERROR]:    Stack: at TCPConnectWrap.afterConnect [as oncomplete] (node:net:1638:16)
2026-09-10 14:44:44 [ERROR]: ❌ [[ScreenCommand] Erro:] connect ECONNREFUSED 127.0.0.1:3002
2026-09-10 14:44:44 [ERROR]:    Stack: at TCPConnectWrap.afterConnect [as oncomplete] (node:net:1638:16)
2026-09-10 14:44:45 [INFO]: 🛑 [SHUTDOWN] Comando executado por: 5588998314322@c.us 
2026-09-10 14:44:46 [INFO]: [TelegramAdapter] Inicializando... 
2026-09-10 14:44:46 [INFO]: [Telegram] Iniciando launch()... 
2026-09-10 14:44:46 [INFO]: [Telegram] ✅ Pronto como  () 
2026-09-10 14:44:46 [INFO]: [TelegramAdapter] Inicializando... 
2026-09-10 14:44:46 [INFO]: [Telegram] Iniciando launch()... 
2026-09-10 14:44:46 [INFO]: [Telegram] ✅ Pronto como  () 
2026-09-10 14:44:46 [INFO]: [TelegramAdapter] Inicializando... 
2026-09-10 14:44:46 [INFO]: [Telegram] Iniciando launch()... 
2026-09-10 14:44:46 [INFO]: [Telegram] ✅ Pronto como  () 
2026-09-10 14:44:46 [INFO]: [TelegramAdapter] Inicializando... 
2026-09-10 14:44:46 [INFO]: [TelegramAdapter] Já estava pronto 
2026-09-10 14:44:46 [INFO]: [TelegramAdapter] Inicializando... 
2026-09-10 14:44:46 [INFO]: [Telegram] Iniciando launch()... 
2026-09-10 14:44:46 [INFO]: [Telegram] ✅ Pronto como  () 
2026-09-10 14:44:46 [INFO]: [TelegramAdapter] Inicializando... 
2026-09-10 14:44:46 [INFO]: [Telegram] Iniciando launch()... 
2026-09-10 14:44:46 [INFO]: [Telegram] ✅ Pronto como  () 
2026-09-10 14:44:46 [INFO]: [Discord] Cliente v14 inicializado com intents, partials e presence 
2026-09-10 14:44:46 [INFO]: [Discord] Iniciando login... 
2026-09-10 14:44:46 [INFO]: [Discord] ✅ Pronto como TestDiscordBot (1111) 
2026-09-10 14:44:46 [ERROR]: ❌ [[Discord] Erro ao definir presença:] this.client.user?.setPresence is not a function
2026-09-10 14:44:46 [INFO]: [Discord] Chamada de login concluída 
2026-09-10 14:44:46 [INFO]: [Discord] Cliente v14 inicializado com intents, partials e presence 
2026-09-10 14:44:46 [INFO]: [Discord] Iniciando login... 
2026-09-10 14:44:46 [INFO]: [Discord] ✅ Pronto como TestDiscordBot (1111) 
2026-09-10 14:44:46 [ERROR]: ❌ [[Discord] Erro ao definir presença:] this.client.user?.setPresence is not a function
2026-09-10 14:44:46 [INFO]: [Discord] Chamada de login concluída 
2026-09-10 14:44:46 [INFO]: [Discord] Iniciando login... 
2026-09-10 14:44:46 [INFO]: [Discord] Chamada de login concluída 
2026-09-10 14:44:46 [INFO]: [Discord] Cliente v14 inicializado com intents, partials e presence 
2026-09-10 14:44:46 [INFO]: [Discord] Iniciando login... 
2026-09-10 14:44:46 [INFO]: [Discord] ✅ Pronto como TestDiscordBot (1111) 
2026-09-10 14:44:46 [ERROR]: ❌ [[Discord] Erro ao definir presença:] this.client.user?.setPresence is not a function
2026-09-10 14:44:46 [INFO]: [Discord] Chamada de login concluída 
2026-09-10 14:44:48 [INFO]: [DiscordScreenService] Missing required Discord credentials, screen sharing disabled 
2026-09-10 14:44:48 [INFO]: [DiscordScreenService] Gerenciado externamente (DISCORD_SCREEN_EXTERNAL) — spawn interno desativado 
2026-09-10 14:44:48 [INFO]: [DiscordScreenService] Gerenciado externamente (DISCORD_SCREEN_EXTERNAL) — spawn interno desativado 
2026-09-10 14:44:48 [ERROR]: [memberJoinService] Erro ao processar entrada
2026-09-10 14:44:53 [INFO]: [Discord] Cliente v14 inicializado com intents, partials e presence 
2026-09-10 14:44:55 [INFO]: [keywordHandler] Palavra-chave detectada, resposta enviada
2026-09-10 15:03:15 [ERROR]: [DB] Falha ao registrar infração
2026-09-10 15:03:15 [ERROR]: [DB] Falha ao registrar infração
2026-09-10 15:03:15 [ERROR]: [DB] Falha ao registrar infração
2026-09-10 15:03:15 [ERROR]: [DB] Falha ao registrar infração
2026-09-10 15:03:15 [ERROR]: [DB] Falha ao registrar infração
2026-09-10 15:03:15 [ERROR]: [DB] Falha ao registrar infração
2026-09-10 15:03:15 [ERROR]: [DB] Falha ao registrar infração
2026-09-10 15:03:15 [ERROR]: [DB] Falha ao registrar infração
2026-09-10 15:03:15 [ERROR]: [DB] Falha ao registrar infração
2026-09-10 15:03:16 [INFO]: [Discord] Cliente v14 inicializado com intents, partials e presence 
2026-09-10 15:03:23 [INFO]: [TelegramAdapter] Inicializando... 
2026-09-10 15:03:23 [INFO]: [Telegram] Iniciando launch()... 
2026-09-10 15:03:23 [INFO]: [Telegram] ✅ Pronto como  () 
2026-09-10 15:03:23 [INFO]: [TelegramAdapter] Inicializando... 
2026-09-10 15:03:23 [INFO]: [Telegram] Iniciando launch()... 
2026-09-10 15:03:23 [INFO]: [Telegram] ✅ Pronto como  () 
2026-09-10 15:03:23 [INFO]: [TelegramAdapter] Inicializando... 
2026-09-10 15:03:23 [INFO]: [Telegram] Iniciando launch()... 
2026-09-10 15:03:23 [INFO]: [Telegram] ✅ Pronto como  () 
2026-09-10 15:03:23 [INFO]: [TelegramAdapter] Inicializando... 
2026-09-10 15:03:23 [INFO]: [TelegramAdapter] Já estava pronto 
2026-09-10 15:03:23 [INFO]: [TelegramAdapter] Inicializando... 
2026-09-10 15:03:23 [INFO]: [Telegram] Iniciando launch()... 
2026-09-10 15:03:23 [INFO]: [Telegram] ✅ Pronto como  () 
2026-09-10 15:03:23 [INFO]: [TelegramAdapter] Inicializando... 
2026-09-10 15:03:23 [INFO]: [Telegram] Iniciando launch()... 
2026-09-10 15:03:23 [INFO]: [Telegram] ✅ Pronto como  () 
2026-09-10 15:03:23 [INFO]: [Discord] Cliente v14 inicializado com intents, partials e presence 
2026-09-10 15:03:23 [INFO]: [Discord] Iniciando login... 
2026-09-10 15:03:23 [INFO]: [Discord] ✅ Pronto como TestDiscordBot (1111) 
2026-09-10 15:03:23 [ERROR]: ❌ [[Discord] Erro ao definir presença:] this.client.user?.setPresence is not a function
2026-09-10 15:03:23 [INFO]: [Discord] Chamada de login concluída 
2026-09-10 15:03:23 [INFO]: [Discord] Cliente v14 inicializado com intents, partials e presence 
2026-09-10 15:03:23 [INFO]: [Discord] Iniciando login... 
2026-09-10 15:03:23 [INFO]: [Discord] ✅ Pronto como TestDiscordBot (1111) 
2026-09-10 15:03:23 [ERROR]: ❌ [[Discord] Erro ao definir presença:] this.client.user?.setPresence is not a function
2026-09-10 15:03:23 [INFO]: [Discord] Chamada de login concluída 
2026-09-10 15:03:23 [INFO]: [Discord] Iniciando login... 
2026-09-10 15:03:23 [INFO]: [Discord] Chamada de login concluída 
2026-09-10 15:03:23 [INFO]: [Discord] Cliente v14 inicializado com intents, partials e presence 
2026-09-10 15:03:23 [INFO]: [Discord] Iniciando login... 
2026-09-10 15:03:23 [INFO]: [Discord] ✅ Pronto como TestDiscordBot (1111) 
2026-09-10 15:03:23 [ERROR]: ❌ [[Discord] Erro ao definir presença:] this.client.user?.setPresence is not a function
2026-09-10 15:03:23 [INFO]: [Discord] Chamada de login concluída 
2026-09-10 15:03:23 [ERROR]: ❌ [Erro no comando $stats:] SQLITE_ERROR: no such table: feedbacks
2026-09-10 15:03:23 [ERROR]:    Stack: 
2026-09-10 15:03:23 [INFO]: 🛑 [SHUTDOWN] Comando executado por: 5588998314322@c.us 
2026-09-10 15:03:23 [ERROR]: ❌ [❌ Erro no $grupos:] ctx.client.getChats is not a function
2026-09-10 15:03:23 [ERROR]:    Stack: at Object.execute (D:/Desktop/Programas/bot-wpp/src/bot/commands/grupos.ts:17:44)
2026-09-10 15:03:24 [ERROR]: ❌ [[ScreenCommand] Erro:] connect ECONNREFUSED 127.0.0.1:3002
2026-09-10 15:03:24 [ERROR]:    Stack: at TCPConnectWrap.afterConnect [as oncomplete] (node:net:1638:16)
2026-09-10 15:03:24 [ERROR]: ❌ [[ScreenCommand] Erro:] connect ECONNREFUSED 127.0.0.1:3002
2026-09-10 15:03:24 [ERROR]:    Stack: at TCPConnectWrap.afterConnect [as oncomplete] (node:net:1638:16)
2026-09-10 15:03:24 [ERROR]: ❌ [[ScreenCommand] Erro:] connect ECONNREFUSED 127.0.0.1:3002
2026-09-10 15:03:24 [ERROR]:    Stack: at TCPConnectWrap.afterConnect [as oncomplete] (node:net:1638:16)
2026-09-10 15:03:24 [INFO]: 🛑 [SHUTDOWN] Comando executado por: 5588998314322@c.us 
2026-09-10 15:03:26 [INFO]: [keywordHandler] Palavra-chave detectada, resposta enviada
2026-09-10 15:03:30 [ERROR]: [memberJoinService] Erro ao processar entrada
2026-09-10 15:03:31 [INFO]: [DiscordScreenService] Missing required Discord credentials, screen sharing disabled 
2026-09-10 15:03:31 [INFO]: [DiscordScreenService] Gerenciado externamente (DISCORD_SCREEN_EXTERNAL) — spawn interno desativado 
2026-09-10 15:03:31 [INFO]: [DiscordScreenService] Gerenciado externamente (DISCORD_SCREEN_EXTERNAL) — spawn interno desativado 
2026-09-10 15:13:13 [ERROR]: [memberJoinService] Erro ao processar entrada
2026-09-10 15:13:14 [ERROR]: [DB] Falha ao registrar infração
2026-09-10 15:13:14 [ERROR]: [DB] Falha ao registrar infração
2026-09-10 15:13:14 [ERROR]: [DB] Falha ao registrar infração
2026-09-10 15:13:14 [ERROR]: [DB] Falha ao registrar infração
2026-09-10 15:13:14 [ERROR]: [DB] Falha ao registrar infração
2026-09-10 15:13:14 [ERROR]: [DB] Falha ao registrar infração
2026-09-10 15:13:14 [ERROR]: [DB] Falha ao registrar infração
2026-09-10 15:13:14 [ERROR]: [DB] Falha ao registrar infração
2026-09-10 15:13:14 [ERROR]: [DB] Falha ao registrar infração
2026-09-10 15:13:17 [INFO]: [TelegramAdapter] Inicializando... 
2026-09-10 15:13:17 [INFO]: [Telegram] Iniciando launch()... 
2026-09-10 15:13:17 [INFO]: [Telegram] ✅ Pronto como  () 
2026-09-10 15:13:17 [INFO]: [TelegramAdapter] Inicializando... 
2026-09-10 15:13:17 [INFO]: [Telegram] Iniciando launch()... 
2026-09-10 15:13:17 [INFO]: [Telegram] ✅ Pronto como  () 
2026-09-10 15:13:17 [INFO]: [TelegramAdapter] Inicializando... 
2026-09-10 15:13:17 [INFO]: [Telegram] Iniciando launch()... 
2026-09-10 15:13:17 [INFO]: [Telegram] ✅ Pronto como  () 
2026-09-10 15:13:17 [INFO]: [TelegramAdapter] Inicializando... 
2026-09-10 15:13:17 [INFO]: [TelegramAdapter] Já estava pronto 
2026-09-10 15:13:17 [INFO]: [TelegramAdapter] Inicializando... 
2026-09-10 15:13:17 [INFO]: [Telegram] Iniciando launch()... 
2026-09-10 15:13:17 [INFO]: [Telegram] ✅ Pronto como  () 
2026-09-10 15:13:17 [INFO]: [TelegramAdapter] Inicializando... 
2026-09-10 15:13:17 [INFO]: [Telegram] Iniciando launch()... 
2026-09-10 15:13:17 [INFO]: [Telegram] ✅ Pronto como  () 
2026-09-10 15:13:17 [INFO]: [Discord] Cliente v14 inicializado com intents, partials e presence 
2026-09-10 15:13:17 [INFO]: [Discord] Iniciando login... 
2026-09-10 15:13:17 [INFO]: [Discord] ✅ Pronto como TestDiscordBot (1111) 
2026-09-10 15:13:17 [ERROR]: ❌ [[Discord] Erro ao definir presença:] this.client.user?.setPresence is not a function
2026-09-10 15:13:17 [INFO]: [Discord] Chamada de login concluída 
2026-09-10 15:13:17 [INFO]: [Discord] Cliente v14 inicializado com intents, partials e presence 
2026-09-10 15:13:17 [INFO]: [Discord] Iniciando login... 
2026-09-10 15:13:17 [INFO]: [Discord] ✅ Pronto como TestDiscordBot (1111) 
2026-09-10 15:13:17 [ERROR]: ❌ [[Discord] Erro ao definir presença:] this.client.user?.setPresence is not a function
2026-09-10 15:13:17 [INFO]: [Discord] Chamada de login concluída 
2026-09-10 15:13:17 [INFO]: [Discord] Iniciando login... 
2026-09-10 15:13:17 [INFO]: [Discord] Chamada de login concluída 
2026-09-10 15:13:17 [INFO]: [Discord] Cliente v14 inicializado com intents, partials e presence 
2026-09-10 15:13:17 [INFO]: [Discord] Iniciando login... 
2026-09-10 15:13:17 [INFO]: [Discord] ✅ Pronto como TestDiscordBot (1111) 
2026-09-10 15:13:17 [ERROR]: ❌ [[Discord] Erro ao definir presença:] this.client.user?.setPresence is not a function
2026-09-10 15:13:17 [INFO]: [Discord] Chamada de login concluída 
2026-09-10 15:13:18 [INFO]: [DiscordScreenService] Missing required Discord credentials, screen sharing disabled 
2026-09-10 15:13:18 [INFO]: [DiscordScreenService] Gerenciado externamente (DISCORD_SCREEN_EXTERNAL) — spawn interno desativado 
2026-09-10 15:13:18 [INFO]: [DiscordScreenService] Gerenciado externamente (DISCORD_SCREEN_EXTERNAL) — spawn interno desativado 
2026-09-10 15:13:23 [ERROR]: ❌ [Erro no comando $stats:] SQLITE_ERROR: no such table: feedbacks
2026-09-10 15:13:23 [ERROR]:    Stack: 
2026-09-10 15:13:23 [INFO]: 🛑 [SHUTDOWN] Comando executado por: 5588998314322@c.us 
2026-09-10 15:13:23 [ERROR]: ❌ [❌ Erro no $grupos:] ctx.client.getChats is not a function
2026-09-10 15:13:23 [ERROR]:    Stack: at Object.execute (D:/Desktop/Programas/bot-wpp/src/bot/commands/grupos.ts:17:44)
2026-09-10 15:13:23 [ERROR]: ❌ [[ScreenCommand] Erro:] connect ECONNREFUSED 127.0.0.1:3002
2026-09-10 15:13:23 [ERROR]:    Stack: at TCPConnectWrap.afterConnect [as oncomplete] (node:net:1638:16)
2026-09-10 15:13:23 [ERROR]: ❌ [[ScreenCommand] Erro:] connect ECONNREFUSED 127.0.0.1:3002
2026-09-10 15:13:23 [ERROR]:    Stack: at TCPConnectWrap.afterConnect [as oncomplete] (node:net:1638:16)
2026-09-10 15:13:23 [ERROR]: ❌ [[ScreenCommand] Erro:] connect ECONNREFUSED 127.0.0.1:3002
2026-09-10 15:13:23 [ERROR]:    Stack: at TCPConnectWrap.afterConnect [as oncomplete] (node:net:1638:16)
2026-09-10 15:13:23 [INFO]: 🛑 [SHUTDOWN] Comando executado por: 5588998314322@c.us 
2026-09-10 15:13:24 [INFO]: [keywordHandler] Palavra-chave detectada, resposta enviada
2026-09-10 15:13:24 [INFO]: [Discord] Cliente v14 inicializado com intents, partials e presence 
2026-09-10 16:38:04 [ERROR]: [DB] Falha ao registrar infração
2026-09-10 16:38:04 [ERROR]: [DB] Falha ao registrar infração
2026-09-10 16:38:05 [ERROR]: [DB] Falha ao registrar infração
2026-09-10 16:38:05 [ERROR]: [DB] Falha ao registrar infração
2026-09-10 16:38:05 [ERROR]: [DB] Falha ao registrar infração
2026-09-10 16:38:05 [ERROR]: [DB] Falha ao registrar infração
2026-09-10 16:38:05 [ERROR]: [DB] Falha ao registrar infração
2026-09-10 16:38:05 [ERROR]: [DB] Falha ao registrar infração
2026-09-10 16:38:05 [ERROR]: [DB] Falha ao registrar infração
2026-09-10 16:38:09 [ERROR]: ❌ [Erro no comando $stats:] SQLITE_ERROR: no such table: feedbacks
2026-09-10 16:38:09 [ERROR]:    Stack: 
2026-09-10 16:38:09 [INFO]: 🛑 [SHUTDOWN] Comando executado por: 5588998314322@c.us 
2026-09-10 16:38:09 [ERROR]: ❌ [❌ Erro no $grupos:] ctx.client.getChats is not a function
2026-09-10 16:38:09 [ERROR]:    Stack: at Object.execute (D:/Desktop/Programas/bot-wpp/src/bot/commands/grupos.ts:17:44)
2026-09-10 16:38:10 [ERROR]: ❌ [[ScreenCommand] Erro:] connect ECONNREFUSED 127.0.0.1:3002
2026-09-10 16:38:10 [ERROR]:    Stack: at TCPConnectWrap.afterConnect [as oncomplete] (node:net:1638:16)
2026-09-10 16:38:10 [ERROR]: ❌ [[ScreenCommand] Erro:] connect ECONNREFUSED 127.0.0.1:3002
2026-09-10 16:38:10 [ERROR]:    Stack: at TCPConnectWrap.afterConnect [as oncomplete] (node:net:1638:16)
2026-09-10 16:38:10 [ERROR]: ❌ [[ScreenCommand] Erro:] connect ECONNREFUSED 127.0.0.1:3002
2026-09-10 16:38:10 [ERROR]:    Stack: at TCPConnectWrap.afterConnect [as oncomplete] (node:net:1638:16)
2026-09-10 16:38:10 [INFO]: 🛑 [SHUTDOWN] Comando executado por: 5588998314322@c.us 
2026-09-10 16:38:11 [INFO]: [TelegramAdapter] Inicializando... 
2026-09-10 16:38:11 [INFO]: [Telegram] Iniciando launch()... 
2026-09-10 16:38:11 [INFO]: [Telegram] ✅ Pronto como  () 
2026-09-10 16:38:11 [INFO]: [TelegramAdapter] Inicializando... 
2026-09-10 16:38:11 [INFO]: [Telegram] Iniciando launch()... 
2026-09-10 16:38:11 [INFO]: [Telegram] ✅ Pronto como  () 
2026-09-10 16:38:11 [INFO]: [TelegramAdapter] Inicializando... 
2026-09-10 16:38:11 [INFO]: [Telegram] Iniciando launch()... 
2026-09-10 16:38:11 [INFO]: [Telegram] ✅ Pronto como  () 
2026-09-10 16:38:11 [INFO]: [TelegramAdapter] Inicializando... 
2026-09-10 16:38:11 [INFO]: [TelegramAdapter] Já estava pronto 
2026-09-10 16:38:11 [INFO]: [TelegramAdapter] Inicializando... 
2026-09-10 16:38:11 [INFO]: [Telegram] Iniciando launch()... 
2026-09-10 16:38:11 [INFO]: [Telegram] ✅ Pronto como  () 
2026-09-10 16:38:11 [INFO]: [TelegramAdapter] Inicializando... 
2026-09-10 16:38:11 [INFO]: [Telegram] Iniciando launch()... 
2026-09-10 16:38:11 [INFO]: [Telegram] ✅ Pronto como  () 
2026-09-10 16:38:11 [INFO]: [Discord] Cliente v14 inicializado com intents, partials e presence 
2026-09-10 16:38:11 [INFO]: [Discord] Iniciando login... 
2026-09-10 16:38:11 [INFO]: [Discord] ✅ Pronto como TestDiscordBot (1111) 
2026-09-10 16:38:11 [ERROR]: [memberJoinService] Erro ao processar entrada
2026-09-10 16:38:11 [ERROR]: ❌ [[Discord] Erro ao definir presença:] this.client.user?.setPresence is not a function
2026-09-10 16:38:11 [INFO]: [Discord] Chamada de login concluída 
2026-09-10 16:38:11 [INFO]: [Discord] Cliente v14 inicializado com intents, partials e presence 
2026-09-10 16:38:11 [INFO]: [Discord] Iniciando login... 
2026-09-10 16:38:11 [INFO]: [Discord] ✅ Pronto como TestDiscordBot (1111) 
2026-09-10 16:38:11 [ERROR]: ❌ [[Discord] Erro ao definir presença:] this.client.user?.setPresence is not a function
2026-09-10 16:38:11 [INFO]: [Discord] Chamada de login concluída 
2026-09-10 16:38:11 [INFO]: [Discord] Iniciando login... 
2026-09-10 16:38:11 [INFO]: [Discord] Chamada de login concluída 
2026-09-10 16:38:11 [INFO]: [Discord] Cliente v14 inicializado com intents, partials e presence 
2026-09-10 16:38:11 [INFO]: [Discord] Iniciando login... 
2026-09-10 16:38:11 [INFO]: [Discord] ✅ Pronto como TestDiscordBot (1111) 
2026-09-10 16:38:11 [ERROR]: ❌ [[Discord] Erro ao definir presença:] this.client.user?.setPresence is not a function
2026-09-10 16:38:11 [INFO]: [Discord] Chamada de login concluída 
2026-09-10 16:38:14 [INFO]: [keywordHandler] Palavra-chave detectada, resposta enviada
2026-09-10 16:38:15 [INFO]: [DiscordScreenService] Missing required Discord credentials, screen sharing disabled 
2026-09-10 16:38:15 [INFO]: [DiscordScreenService] Gerenciado externamente (DISCORD_SCREEN_EXTERNAL) — spawn interno desativado 
2026-09-10 16:38:15 [INFO]: [DiscordScreenService] Gerenciado externamente (DISCORD_SCREEN_EXTERNAL) — spawn interno desativado 
2026-09-10 16:38:16 [INFO]: [Discord] Cliente v14 inicializado com intents, partials e presence 
2026-09-11 09:49:11 [ERROR]: [DB] Falha ao registrar infração
2026-09-11 09:49:11 [ERROR]: [DB] Falha ao registrar infração
2026-09-11 09:49:11 [ERROR]: [DB] Falha ao registrar infração
2026-09-11 09:49:11 [ERROR]: [DB] Falha ao registrar infração
2026-09-11 09:49:11 [ERROR]: [DB] Falha ao registrar infração
2026-09-11 09:49:11 [ERROR]: [DB] Falha ao registrar infração
2026-09-11 09:49:11 [ERROR]: [DB] Falha ao registrar infração
2026-09-11 09:49:11 [ERROR]: [DB] Falha ao registrar infração
2026-09-11 09:49:11 [ERROR]: [DB] Falha ao registrar infração
2026-09-11 09:49:25 [ERROR]: ❌ [Erro no comando $stats:] SQLITE_ERROR: no such table: feedbacks
2026-09-11 09:49:25 [ERROR]:    Stack: 
2026-09-11 09:49:25 [INFO]: 🛑 [SHUTDOWN] Comando executado por: 5588998314322@c.us 
2026-09-11 09:49:25 [ERROR]: ❌ [❌ Erro no $grupos:] ctx.client.getChats is not a function
2026-09-11 09:49:25 [ERROR]:    Stack: at Object.execute (D:/Desktop/Programas/bot-wpp/src/bot/commands/grupos.ts:17:44)
2026-09-11 09:49:25 [ERROR]: ❌ [[ScreenCommand] Erro:] connect ECONNREFUSED 127.0.0.1:3002
2026-09-11 09:49:25 [ERROR]:    Stack: at TCPConnectWrap.afterConnect [as oncomplete] (node:net:1638:16)
2026-09-11 09:49:25 [ERROR]: ❌ [[ScreenCommand] Erro:] connect ECONNREFUSED 127.0.0.1:3002
2026-09-11 09:49:25 [ERROR]:    Stack: at TCPConnectWrap.afterConnect [as oncomplete] (node:net:1638:16)
2026-09-11 09:49:25 [ERROR]: ❌ [[ScreenCommand] Erro:] connect ECONNREFUSED 127.0.0.1:3002
2026-09-11 09:49:25 [ERROR]:    Stack: at TCPConnectWrap.afterConnect [as oncomplete] (node:net:1638:16)
2026-09-11 09:49:25 [INFO]: 🛑 [SHUTDOWN] Comando executado por: 5588998314322@c.us 
2026-09-11 09:49:26 [INFO]: [TelegramAdapter] Inicializando... 
2026-09-11 09:49:26 [INFO]: [Telegram] Iniciando launch()... 
2026-09-11 09:49:26 [INFO]: [Telegram] ✅ Pronto como  () 
2026-09-11 09:49:26 [INFO]: [TelegramAdapter] Inicializando... 
2026-09-11 09:49:26 [INFO]: [Telegram] Iniciando launch()... 
2026-09-11 09:49:26 [INFO]: [Telegram] ✅ Pronto como  () 
2026-09-11 09:49:26 [INFO]: [TelegramAdapter] Inicializando... 
2026-09-11 09:49:26 [INFO]: [Telegram] Iniciando launch()... 
2026-09-11 09:49:26 [INFO]: [Telegram] ✅ Pronto como  () 
2026-09-11 09:49:26 [INFO]: [TelegramAdapter] Inicializando... 
2026-09-11 09:49:26 [INFO]: [TelegramAdapter] Já estava pronto 
2026-09-11 09:49:26 [INFO]: [TelegramAdapter] Inicializando... 
2026-09-11 09:49:26 [INFO]: [Telegram] Iniciando launch()... 
2026-09-11 09:49:26 [INFO]: [Telegram] ✅ Pronto como  () 
2026-09-11 09:49:26 [INFO]: [TelegramAdapter] Inicializando... 
2026-09-11 09:49:26 [INFO]: [Telegram] Iniciando launch()... 
2026-09-11 09:49:26 [INFO]: [Telegram] ✅ Pronto como  () 
2026-09-11 09:49:26 [INFO]: [Discord] Cliente v14 inicializado com intents, partials e presence 
2026-09-11 09:49:26 [INFO]: [Discord] Iniciando login... 
2026-09-11 09:49:26 [INFO]: [Discord] ✅ Pronto como TestDiscordBot (1111) 
2026-09-11 09:49:26 [ERROR]: ❌ [[Discord] Erro ao definir presença:] this.client.user?.setPresence is not a function
2026-09-11 09:49:26 [INFO]: [Discord] Chamada de login concluída 
2026-09-11 09:49:26 [INFO]: [Discord] Cliente v14 inicializado com intents, partials e presence 
2026-09-11 09:49:26 [INFO]: [Discord] Iniciando login... 
2026-09-11 09:49:26 [INFO]: [Discord] ✅ Pronto como TestDiscordBot (1111) 
2026-09-11 09:49:26 [ERROR]: ❌ [[Discord] Erro ao definir presença:] this.client.user?.setPresence is not a function
2026-09-11 09:49:26 [INFO]: [Discord] Chamada de login concluída 
2026-09-11 09:49:26 [INFO]: [Discord] Iniciando login... 
2026-09-11 09:49:26 [INFO]: [Discord] Chamada de login concluída 
2026-09-11 09:49:26 [INFO]: [Discord] Cliente v14 inicializado com intents, partials e presence 
2026-09-11 09:49:26 [INFO]: [Discord] Iniciando login... 
2026-09-11 09:49:26 [INFO]: [Discord] ✅ Pronto como TestDiscordBot (1111) 
2026-09-11 09:49:26 [ERROR]: ❌ [[Discord] Erro ao definir presença:] this.client.user?.setPresence is not a function
2026-09-11 09:49:26 [INFO]: [Discord] Chamada de login concluída 
2026-09-11 09:49:27 [ERROR]: [memberJoinService] Erro ao processar entrada
2026-09-11 09:49:27 [INFO]: [DiscordScreenService] Missing required Discord credentials, screen sharing disabled 
2026-09-11 09:49:27 [INFO]: [DiscordScreenService] Gerenciado externamente (DISCORD_SCREEN_EXTERNAL) — spawn interno desativado 
2026-09-11 09:49:27 [INFO]: [DiscordScreenService] Gerenciado externamente (DISCORD_SCREEN_EXTERNAL) — spawn interno desativado 
2026-09-11 09:49:28 [INFO]: [Discord] Cliente v14 inicializado com intents, partials e presence 
2026-09-11 09:49:28 [INFO]: [keywordHandler] Palavra-chave detectada, resposta enviada
2026-09-11 10:05:55 [ERROR]: ❌ [Erro no comando $stats:] SQLITE_ERROR: no such table: feedbacks
2026-09-11 10:05:55 [ERROR]:    Stack: 
2026-09-11 10:05:55 [INFO]: 🛑 [SHUTDOWN] Comando executado por: 5588998314322@c.us 
2026-09-11 10:05:55 [ERROR]: ❌ [❌ Erro no $grupos:] ctx.client.getChats is not a function
2026-09-11 10:05:55 [ERROR]:    Stack: at Object.execute (D:/Desktop/Programas/bot-wpp/src/bot/commands/grupos.ts:17:44)
2026-09-11 10:05:56 [ERROR]: ❌ [[ScreenCommand] Erro:] connect ECONNREFUSED 127.0.0.1:3002
2026-09-11 10:05:56 [ERROR]:    Stack: at TCPConnectWrap.afterConnect [as oncomplete] (node:net:1638:16)
2026-09-11 10:05:56 [ERROR]: ❌ [[ScreenCommand] Erro:] connect ECONNREFUSED 127.0.0.1:3002
2026-09-11 10:05:56 [ERROR]:    Stack: at TCPConnectWrap.afterConnect [as oncomplete] (node:net:1638:16)
2026-09-11 10:05:56 [ERROR]: ❌ [[ScreenCommand] Erro:] connect ECONNREFUSED 127.0.0.1:3002
2026-09-11 10:05:56 [ERROR]:    Stack: at TCPConnectWrap.afterConnect [as oncomplete] (node:net:1638:16)
2026-09-11 10:05:56 [INFO]: 🛑 [SHUTDOWN] Comando executado por: 5588998314322@c.us 
2026-09-11 10:05:57 [ERROR]: [DB] Falha ao registrar infração
2026-09-11 10:05:57 [INFO]: [TelegramAdapter] Inicializando... 
2026-09-11 10:05:57 [INFO]: [Telegram] Iniciando launch()... 
2026-09-11 10:05:57 [INFO]: [Telegram] ✅ Pronto como  () 
2026-09-11 10:05:57 [INFO]: [TelegramAdapter] Inicializando... 
2026-09-11 10:05:57 [INFO]: [Telegram] Iniciando launch()... 
2026-09-11 10:05:57 [INFO]: [Telegram] ✅ Pronto como  () 
2026-09-11 10:05:57 [INFO]: [TelegramAdapter] Inicializando... 
2026-09-11 10:05:57 [INFO]: [Telegram] Iniciando launch()... 
2026-09-11 10:05:57 [INFO]: [Telegram] ✅ Pronto como  () 
2026-09-11 10:05:57 [INFO]: [TelegramAdapter] Inicializando... 
2026-09-11 10:05:57 [INFO]: [TelegramAdapter] Já estava pronto 
2026-09-11 10:05:57 [INFO]: [TelegramAdapter] Inicializando... 
2026-09-11 10:05:57 [INFO]: [Telegram] Iniciando launch()... 
2026-09-11 10:05:57 [INFO]: [Telegram] ✅ Pronto como  () 
2026-09-11 10:05:57 [INFO]: [TelegramAdapter] Inicializando... 
2026-09-11 10:05:57 [INFO]: [Telegram] Iniciando launch()... 
2026-09-11 10:05:57 [INFO]: [Telegram] ✅ Pronto como  () 
2026-09-11 10:05:57 [INFO]: [Discord] Cliente v14 inicializado com intents, partials e presence 
2026-09-11 10:05:57 [INFO]: [Discord] Iniciando login... 
2026-09-11 10:05:57 [INFO]: [Discord] ✅ Pronto como TestDiscordBot (1111) 
2026-09-11 10:05:57 [ERROR]: ❌ [[Discord] Erro ao definir presença:] this.client.user?.setPresence is not a function
2026-09-11 10:05:57 [INFO]: [Discord] Chamada de login concluída 
2026-09-11 10:05:57 [INFO]: [Discord] Cliente v14 inicializado com intents, partials e presence 
2026-09-11 10:05:57 [INFO]: [Discord] Iniciando login... 
2026-09-11 10:05:57 [INFO]: [Discord] ✅ Pronto como TestDiscordBot (1111) 
2026-09-11 10:05:57 [ERROR]: ❌ [[Discord] Erro ao definir presença:] this.client.user?.setPresence is not a function
2026-09-11 10:05:57 [INFO]: [Discord] Chamada de login concluída 
2026-09-11 10:05:57 [INFO]: [Discord] Iniciando login... 
2026-09-11 10:05:57 [INFO]: [Discord] Chamada de login concluída 
2026-09-11 10:05:57 [INFO]: [Discord] Cliente v14 inicializado com intents, partials e presence 
2026-09-11 10:05:57 [INFO]: [Discord] Iniciando login... 
2026-09-11 10:05:57 [INFO]: [Discord] ✅ Pronto como TestDiscordBot (1111) 
2026-09-11 10:05:57 [ERROR]: [DB] Falha ao registrar infração
2026-09-11 10:05:57 [ERROR]: [DB] Falha ao registrar infração
2026-09-11 10:05:57 [ERROR]: [DB] Falha ao registrar infração
2026-09-11 10:05:57 [ERROR]: [DB] Falha ao registrar infração
2026-09-11 10:05:57 [ERROR]: [DB] Falha ao registrar infração
2026-09-11 10:05:57 [ERROR]: [DB] Falha ao registrar infração
2026-09-11 10:05:57 [ERROR]: [DB] Falha ao registrar infração
2026-09-11 10:05:57 [ERROR]: [DB] Falha ao registrar infração
2026-09-11 10:05:57 [ERROR]: ❌ [[Discord] Erro ao definir presença:] this.client.user?.setPresence is not a function
2026-09-11 10:05:57 [INFO]: [Discord] Chamada de login concluída 
2026-09-11 10:05:58 [ERROR]: [memberJoinService] Erro ao processar entrada
2026-09-11 10:05:59 [INFO]: [DiscordScreenService] Missing required Discord credentials, screen sharing disabled 
2026-09-11 10:05:59 [INFO]: [DiscordScreenService] Gerenciado externamente (DISCORD_SCREEN_EXTERNAL) — spawn interno desativado 
2026-09-11 10:05:59 [INFO]: [DiscordScreenService] Gerenciado externamente (DISCORD_SCREEN_EXTERNAL) — spawn interno desativado 
2026-09-11 10:06:01 [INFO]: [Discord] Cliente v14 inicializado com intents, partials e presence 
2026-09-11 10:06:02 [INFO]: [keywordHandler] Palavra-chave detectada, resposta enviada
2026-09-11 10:27:30 [ERROR]: [DB] Falha ao registrar infração
2026-09-11 10:27:30 [ERROR]: [DB] Falha ao registrar infração
2026-09-11 10:27:30 [ERROR]: [DB] Falha ao registrar infração
2026-09-11 10:27:30 [ERROR]: [DB] Falha ao registrar infração
2026-09-11 10:27:30 [ERROR]: [DB] Falha ao registrar infração
2026-09-11 10:27:30 [ERROR]: [DB] Falha ao registrar infração
2026-09-11 10:27:30 [ERROR]: [DB] Falha ao registrar infração
2026-09-11 10:27:30 [ERROR]: [DB] Falha ao registrar infração
2026-09-11 10:27:30 [ERROR]: [DB] Falha ao registrar infração
2026-09-11 10:27:31 [INFO]: [TelegramAdapter] Inicializando... 
2026-09-11 10:27:31 [INFO]: [Telegram] Iniciando launch()... 
2026-09-11 10:27:31 [INFO]: [Telegram] ✅ Pronto como  () 
2026-09-11 10:27:31 [INFO]: [TelegramAdapter] Inicializando... 
2026-09-11 10:27:31 [INFO]: [Telegram] Iniciando launch()... 
2026-09-11 10:27:31 [INFO]: [Telegram] ✅ Pronto como  () 
2026-09-11 10:27:31 [INFO]: [TelegramAdapter] Inicializando... 
2026-09-11 10:27:31 [INFO]: [Telegram] Iniciando launch()... 
2026-09-11 10:27:31 [INFO]: [Telegram] ✅ Pronto como  () 
2026-09-11 10:27:31 [INFO]: [TelegramAdapter] Inicializando... 
2026-09-11 10:27:31 [INFO]: [TelegramAdapter] Já estava pronto 
2026-09-11 10:27:31 [INFO]: [TelegramAdapter] Inicializando... 
2026-09-11 10:27:31 [INFO]: [Telegram] Iniciando launch()... 
2026-09-11 10:27:31 [INFO]: [Telegram] ✅ Pronto como  () 
2026-09-11 10:27:31 [INFO]: [TelegramAdapter] Inicializando... 
2026-09-11 10:27:31 [INFO]: [Telegram] Iniciando launch()... 
2026-09-11 10:27:31 [INFO]: [Telegram] ✅ Pronto como  () 
2026-09-11 10:27:31 [INFO]: [Discord] Cliente v14 inicializado com intents, partials e presence 
2026-09-11 10:27:31 [INFO]: [Discord] Iniciando login... 
2026-09-11 10:27:31 [INFO]: [Discord] ✅ Pronto como TestDiscordBot (1111) 
2026-09-11 10:27:31 [ERROR]: ❌ [[Discord] Erro ao definir presença:] this.client.user?.setPresence is not a function
2026-09-11 10:27:31 [INFO]: [Discord] Chamada de login concluída 
2026-09-11 10:27:31 [INFO]: [Discord] Cliente v14 inicializado com intents, partials e presence 
2026-09-11 10:27:31 [INFO]: [Discord] Iniciando login... 
2026-09-11 10:27:31 [INFO]: [Discord] ✅ Pronto como TestDiscordBot (1111) 
2026-09-11 10:27:31 [ERROR]: ❌ [[Discord] Erro ao definir presença:] this.client.user?.setPresence is not a function
2026-09-11 10:27:31 [INFO]: [Discord] Chamada de login concluída 
2026-09-11 10:27:31 [INFO]: [Discord] Iniciando login... 
2026-09-11 10:27:31 [INFO]: [Discord] Chamada de login concluída 
2026-09-11 10:27:31 [INFO]: [Discord] Cliente v14 inicializado com intents, partials e presence 
2026-09-11 10:27:31 [INFO]: [Discord] Iniciando login... 
2026-09-11 10:27:31 [INFO]: [Discord] ✅ Pronto como TestDiscordBot (1111) 
2026-09-11 10:27:31 [ERROR]: ❌ [[Discord] Erro ao definir presença:] this.client.user?.setPresence is not a function
2026-09-11 10:27:31 [INFO]: [Discord] Chamada de login concluída 
2026-09-11 10:27:37 [ERROR]: ❌ [Erro no comando $stats:] SQLITE_ERROR: no such table: feedbacks
2026-09-11 10:27:37 [ERROR]:    Stack: 
2026-09-11 10:27:37 [INFO]: 🛑 [SHUTDOWN] Comando executado por: 5588998314322@c.us 
2026-09-11 10:27:37 [ERROR]: ❌ [❌ Erro no $grupos:] ctx.client.getChats is not a function
2026-09-11 10:27:37 [ERROR]:    Stack: at Object.execute (D:/Desktop/Programas/bot-wpp/src/bot/commands/grupos.ts:17:44)
2026-09-11 10:27:38 [ERROR]: ❌ [[ScreenCommand] Erro:] connect ECONNREFUSED 127.0.0.1:3002
2026-09-11 10:27:38 [ERROR]:    Stack: at TCPConnectWrap.afterConnect [as oncomplete] (node:net:1638:16)
2026-09-11 10:27:38 [ERROR]: ❌ [[ScreenCommand] Erro:] connect ECONNREFUSED 127.0.0.1:3002
2026-09-11 10:27:38 [ERROR]:    Stack: at TCPConnectWrap.afterConnect [as oncomplete] (node:net:1638:16)
2026-09-11 10:27:38 [ERROR]: ❌ [[ScreenCommand] Erro:] connect ECONNREFUSED 127.0.0.1:3002
2026-09-11 10:27:38 [ERROR]:    Stack: at TCPConnectWrap.afterConnect [as oncomplete] (node:net:1638:16)
2026-09-11 10:27:38 [INFO]: 🛑 [SHUTDOWN] Comando executado por: 5588998314322@c.us 
2026-09-11 10:27:38 [ERROR]: [memberJoinService] Erro ao processar entrada
2026-09-11 10:27:39 [INFO]: [Discord] Cliente v14 inicializado com intents, partials e presence 
2026-09-11 10:27:39 [INFO]: [DiscordScreenService] Missing required Discord credentials, screen sharing disabled 
2026-09-11 10:27:39 [INFO]: [DiscordScreenService] Gerenciado externamente (DISCORD_SCREEN_EXTERNAL) — spawn interno desativado 
2026-09-11 10:27:39 [INFO]: [DiscordScreenService] Gerenciado externamente (DISCORD_SCREEN_EXTERNAL) — spawn interno desativado 
2026-09-11 10:27:41 [INFO]: [keywordHandler] Palavra-chave detectada, resposta enviada
2026-09-11 14:09:39 [ERROR]: [DB] Falha ao registrar infração
2026-09-11 14:09:39 [ERROR]: [DB] Falha ao registrar infração
2026-09-11 14:09:39 [ERROR]: [DB] Falha ao registrar infração
2026-09-11 14:09:39 [ERROR]: [DB] Falha ao registrar infração
2026-09-11 14:09:39 [ERROR]: [DB] Falha ao registrar infração
2026-09-11 14:09:39 [ERROR]: [DB] Falha ao registrar infração
2026-09-11 14:09:39 [ERROR]: [DB] Falha ao registrar infração
2026-09-11 14:09:39 [ERROR]: [DB] Falha ao registrar infração
2026-09-11 14:09:39 [ERROR]: [DB] Falha ao registrar infração
2026-09-11 14:09:42 [ERROR]: ❌ [Erro no comando $stats:] SQLITE_ERROR: no such table: feedbacks
2026-09-11 14:09:42 [ERROR]:    Stack: 
2026-09-11 14:09:42 [INFO]: 🛑 [SHUTDOWN] Comando executado por: 5588998314322@c.us 
2026-09-11 14:09:42 [ERROR]: ❌ [❌ Erro no $grupos:] ctx.client.getChats is not a function
2026-09-11 14:09:42 [ERROR]:    Stack: at Object.execute (D:/Desktop/Programas/bot-wpp/src/bot/commands/grupos.ts:17:44)
2026-09-11 14:09:42 [ERROR]: ❌ [[ScreenCommand] Erro:] connect ECONNREFUSED 127.0.0.1:3002
2026-09-11 14:09:42 [ERROR]:    Stack: at TCPConnectWrap.afterConnect [as oncomplete] (node:net:1638:16)
2026-09-11 14:09:42 [ERROR]: ❌ [[ScreenCommand] Erro:] connect ECONNREFUSED 127.0.0.1:3002
2026-09-11 14:09:42 [ERROR]:    Stack: at TCPConnectWrap.afterConnect [as oncomplete] (node:net:1638:16)
2026-09-11 14:09:42 [ERROR]: ❌ [[ScreenCommand] Erro:] connect ECONNREFUSED 127.0.0.1:3002
2026-09-11 14:09:42 [ERROR]:    Stack: at TCPConnectWrap.afterConnect [as oncomplete] (node:net:1638:16)
2026-09-11 14:09:42 [INFO]: 🛑 [SHUTDOWN] Comando executado por: 5588998314322@c.us 
2026-09-11 14:09:44 [INFO]: [TelegramAdapter] Inicializando... 
2026-09-11 14:09:44 [INFO]: [Telegram] Iniciando launch()... 
2026-09-11 14:09:44 [INFO]: [Telegram] ✅ Pronto como  () 
2026-09-11 14:09:44 [INFO]: [TelegramAdapter] Inicializando... 
2026-09-11 14:09:44 [INFO]: [Telegram] Iniciando launch()... 
2026-09-11 14:09:44 [INFO]: [Telegram] ✅ Pronto como  () 
2026-09-11 14:09:44 [INFO]: [TelegramAdapter] Inicializando... 
2026-09-11 14:09:44 [INFO]: [Telegram] Iniciando launch()... 
2026-09-11 14:09:44 [INFO]: [Telegram] ✅ Pronto como  () 
2026-09-11 14:09:44 [INFO]: [TelegramAdapter] Inicializando... 
2026-09-11 14:09:44 [INFO]: [TelegramAdapter] Já estava pronto 
2026-09-11 14:09:44 [INFO]: [TelegramAdapter] Inicializando... 
2026-09-11 14:09:44 [INFO]: [Telegram] Iniciando launch()... 
2026-09-11 14:09:44 [INFO]: [Telegram] ✅ Pronto como  () 
2026-09-11 14:09:44 [INFO]: [TelegramAdapter] Inicializando... 
2026-09-11 14:09:44 [INFO]: [Telegram] Iniciando launch()... 
2026-09-11 14:09:44 [INFO]: [Telegram] ✅ Pronto como  () 
2026-09-11 14:09:44 [INFO]: [Discord] Cliente v14 inicializado com intents, partials e presence 
2026-09-11 14:09:44 [INFO]: [Discord] Iniciando login... 
2026-09-11 14:09:44 [INFO]: [Discord] ✅ Pronto como TestDiscordBot (1111) 
2026-09-11 14:09:44 [ERROR]: ❌ [[Discord] Erro ao definir presença:] this.client.user?.setPresence is not a function
2026-09-11 14:09:44 [INFO]: [Discord] Chamada de login concluída 
2026-09-11 14:09:44 [INFO]: [Discord] Cliente v14 inicializado com intents, partials e presence 
2026-09-11 14:09:44 [INFO]: [Discord] Iniciando login... 
2026-09-11 14:09:44 [INFO]: [Discord] ✅ Pronto como TestDiscordBot (1111) 
2026-09-11 14:09:44 [ERROR]: ❌ [[Discord] Erro ao definir presença:] this.client.user?.setPresence is not a function
2026-09-11 14:09:44 [INFO]: [Discord] Chamada de login concluída 
2026-09-11 14:09:44 [INFO]: [Discord] Iniciando login... 
2026-09-11 14:09:44 [INFO]: [Discord] Chamada de login concluída 
2026-09-11 14:09:44 [INFO]: [Discord] Cliente v14 inicializado com intents, partials e presence 
2026-09-11 14:09:44 [INFO]: [Discord] Iniciando login... 
2026-09-11 14:09:44 [INFO]: [Discord] ✅ Pronto como TestDiscordBot (1111) 
2026-09-11 14:09:44 [ERROR]: ❌ [[Discord] Erro ao definir presença:] this.client.user?.setPresence is not a function
2026-09-11 14:09:44 [INFO]: [Discord] Chamada de login concluída 
2026-09-11 14:09:44 [ERROR]: [memberJoinService] Erro ao processar entrada
2026-09-11 14:09:45 [INFO]: [DiscordScreenService] Missing required Discord credentials, screen sharing disabled 
2026-09-11 14:09:45 [INFO]: [DiscordScreenService] Gerenciado externamente (DISCORD_SCREEN_EXTERNAL) — spawn interno desativado 
2026-09-11 14:09:45 [INFO]: [DiscordScreenService] Gerenciado externamente (DISCORD_SCREEN_EXTERNAL) — spawn interno desativado 
2026-09-11 14:09:47 [INFO]: [keywordHandler] Palavra-chave detectada, resposta enviada
2026-09-11 14:09:49 [INFO]: [Discord] Cliente v14 inicializado com intents, partials e presence 
2026-09-11 15:58:57 [ERROR]: [DB] Falha ao registrar infração
2026-09-11 15:58:57 [ERROR]: [DB] Falha ao registrar infração
2026-09-11 15:58:57 [ERROR]: [DB] Falha ao registrar infração
2026-09-11 15:58:57 [ERROR]: [DB] Falha ao registrar infração
2026-09-11 15:58:57 [ERROR]: [DB] Falha ao registrar infração
2026-09-11 15:58:57 [ERROR]: [DB] Falha ao registrar infração
2026-09-11 15:58:57 [ERROR]: [DB] Falha ao registrar infração
2026-09-11 15:58:57 [ERROR]: [DB] Falha ao registrar infração
2026-09-11 15:58:57 [ERROR]: [DB] Falha ao registrar infração
2026-09-11 15:59:00 [ERROR]: ❌ [Erro no comando $stats:] SQLITE_ERROR: no such table: feedbacks
2026-09-11 15:59:00 [ERROR]:    Stack: 
2026-09-11 15:59:00 [INFO]: 🛑 [SHUTDOWN] Comando executado por: 5588998314322@c.us 
2026-09-11 15:59:00 [ERROR]: ❌ [❌ Erro no $grupos:] ctx.client.getChats is not a function
2026-09-11 15:59:00 [ERROR]:    Stack: at Object.execute (D:/Desktop/Programas/bot-wpp/src/bot/commands/grupos.ts:17:44)
2026-09-11 15:59:00 [ERROR]: ❌ [[ScreenCommand] Erro:] connect ECONNREFUSED 127.0.0.1:3002
2026-09-11 15:59:00 [ERROR]:    Stack: at TCPConnectWrap.afterConnect [as oncomplete] (node:net:1638:16)
2026-09-11 15:59:00 [ERROR]: ❌ [[ScreenCommand] Erro:] connect ECONNREFUSED 127.0.0.1:3002
2026-09-11 15:59:00 [ERROR]:    Stack: at TCPConnectWrap.afterConnect [as oncomplete] (node:net:1638:16)
2026-09-11 15:59:00 [ERROR]: ❌ [[ScreenCommand] Erro:] connect ECONNREFUSED 127.0.0.1:3002
2026-09-11 15:59:00 [ERROR]:    Stack: at TCPConnectWrap.afterConnect [as oncomplete] (node:net:1638:16)
2026-09-11 15:59:01 [INFO]: 🛑 [SHUTDOWN] Comando executado por: 5588998314322@c.us 
2026-09-11 15:59:02 [INFO]: [TelegramAdapter] Inicializando... 
2026-09-11 15:59:02 [INFO]: [Telegram] Iniciando launch()... 
2026-09-11 15:59:02 [INFO]: [Telegram] ✅ Pronto como  () 
2026-09-11 15:59:02 [INFO]: [TelegramAdapter] Inicializando... 
2026-09-11 15:59:02 [INFO]: [Telegram] Iniciando launch()... 
2026-09-11 15:59:02 [INFO]: [Telegram] ✅ Pronto como  () 
2026-09-11 15:59:02 [INFO]: [TelegramAdapter] Inicializando... 
2026-09-11 15:59:02 [INFO]: [Telegram] Iniciando launch()... 
2026-09-11 15:59:02 [INFO]: [Telegram] ✅ Pronto como  () 
2026-09-11 15:59:02 [INFO]: [TelegramAdapter] Inicializando... 
2026-09-11 15:59:02 [INFO]: [TelegramAdapter] Já estava pronto 
2026-09-11 15:59:02 [INFO]: [TelegramAdapter] Inicializando... 
2026-09-11 15:59:02 [INFO]: [Telegram] Iniciando launch()... 
2026-09-11 15:59:02 [INFO]: [Telegram] ✅ Pronto como  () 
2026-09-11 15:59:02 [INFO]: [TelegramAdapter] Inicializando... 
2026-09-11 15:59:02 [INFO]: [Telegram] Iniciando launch()... 
2026-09-11 15:59:02 [INFO]: [Telegram] ✅ Pronto como  () 
2026-09-11 15:59:02 [INFO]: [Discord] Cliente v14 inicializado com intents, partials e presence 
2026-09-11 15:59:02 [INFO]: [Discord] Iniciando login... 
2026-09-11 15:59:02 [INFO]: [Discord] ✅ Pronto como TestDiscordBot (1111) 
2026-09-11 15:59:02 [INFO]: [DiscordScreenService] Missing required Discord credentials, screen sharing disabled 
2026-09-11 15:59:02 [INFO]: [DiscordScreenService] Gerenciado externamente (DISCORD_SCREEN_EXTERNAL) — spawn interno desativado 
2026-09-11 15:59:02 [INFO]: [DiscordScreenService] Gerenciado externamente (DISCORD_SCREEN_EXTERNAL) — spawn interno desativado 
2026-09-11 15:59:02 [ERROR]: ❌ [[Discord] Erro ao definir presença:] this.client.user?.setPresence is not a function
2026-09-11 15:59:02 [INFO]: [Discord] Chamada de login concluída 
2026-09-11 15:59:02 [INFO]: [Discord] Cliente v14 inicializado com intents, partials e presence 
2026-09-11 15:59:02 [INFO]: [Discord] Iniciando login... 
2026-09-11 15:59:02 [INFO]: [Discord] ✅ Pronto como TestDiscordBot (1111) 
2026-09-11 15:59:02 [ERROR]: ❌ [[Discord] Erro ao definir presença:] this.client.user?.setPresence is not a function
2026-09-11 15:59:02 [INFO]: [Discord] Chamada de login concluída 
2026-09-11 15:59:02 [INFO]: [Discord] Iniciando login... 
2026-09-11 15:59:02 [INFO]: [Discord] Chamada de login concluída 
2026-09-11 15:59:02 [INFO]: [Discord] Cliente v14 inicializado com intents, partials e presence 
2026-09-11 15:59:02 [INFO]: [Discord] Iniciando login... 
2026-09-11 15:59:02 [INFO]: [Discord] ✅ Pronto como TestDiscordBot (1111) 
2026-09-11 15:59:02 [ERROR]: ❌ [[Discord] Erro ao definir presença:] this.client.user?.setPresence is not a function
2026-09-11 15:59:02 [INFO]: [Discord] Chamada de login concluída 
2026-09-11 15:59:04 [ERROR]: [memberJoinService] Erro ao processar entrada
2026-09-11 15:59:04 [INFO]: [keywordHandler] Palavra-chave detectada, resposta enviada
2026-09-11 15:59:06 [INFO]: [Discord] Cliente v14 inicializado com intents, partials e presence 
2026-09-14 13:01:40 [ERROR]: [DB] Falha ao registrar infração
2026-09-14 13:01:40 [ERROR]: [DB] Falha ao registrar infração
2026-09-14 13:01:40 [ERROR]: [DB] Falha ao registrar infração
2026-09-14 13:01:40 [ERROR]: [DB] Falha ao registrar infração
2026-09-14 13:01:40 [ERROR]: [DB] Falha ao registrar infração
2026-09-14 13:01:40 [ERROR]: [DB] Falha ao registrar infração
2026-09-14 13:01:40 [ERROR]: [DB] Falha ao registrar infração
2026-09-14 13:01:40 [ERROR]: [DB] Falha ao registrar infração
2026-09-14 13:01:40 [ERROR]: [DB] Falha ao registrar infração
2026-09-14 13:01:42 [INFO]: [TelegramAdapter] Inicializando... 
2026-09-14 13:01:42 [INFO]: [Telegram] Iniciando launch()... 
2026-09-14 13:01:42 [INFO]: [Telegram] ✅ Pronto como  () 
2026-09-14 13:01:42 [INFO]: [TelegramAdapter] Inicializando... 
2026-09-14 13:01:42 [INFO]: [Telegram] Iniciando launch()... 
2026-09-14 13:01:42 [INFO]: [Telegram] ✅ Pronto como  () 
2026-09-14 13:01:42 [INFO]: [TelegramAdapter] Inicializando... 
2026-09-14 13:01:42 [INFO]: [Telegram] Iniciando launch()... 
2026-09-14 13:01:42 [INFO]: [Telegram] ✅ Pronto como  () 
2026-09-14 13:01:42 [INFO]: [TelegramAdapter] Inicializando... 
2026-09-14 13:01:42 [INFO]: [TelegramAdapter] Já estava pronto 
2026-09-14 13:01:42 [INFO]: [TelegramAdapter] Inicializando... 
2026-09-14 13:01:42 [INFO]: [Telegram] Iniciando launch()... 
2026-09-14 13:01:42 [INFO]: [Telegram] ✅ Pronto como  () 
2026-09-14 13:01:42 [INFO]: [TelegramAdapter] Inicializando... 
2026-09-14 13:01:42 [INFO]: [Telegram] Iniciando launch()... 
2026-09-14 13:01:42 [INFO]: [Telegram] ✅ Pronto como  () 
2026-09-14 13:01:42 [INFO]: [Discord] Cliente v14 inicializado com intents, partials e presence 
2026-09-14 13:01:42 [INFO]: [Discord] Iniciando login... 
2026-09-14 13:01:42 [INFO]: [Discord] ✅ Pronto como TestDiscordBot (1111) 
2026-09-14 13:01:42 [ERROR]: ❌ [[Discord] Erro ao definir presença:] this.client.user?.setPresence is not a function
2026-09-14 13:01:42 [INFO]: [Discord] Chamada de login concluída 
2026-09-14 13:01:42 [INFO]: [Discord] Cliente v14 inicializado com intents, partials e presence 
2026-09-14 13:01:42 [INFO]: [Discord] Iniciando login... 
2026-09-14 13:01:42 [INFO]: [Discord] ✅ Pronto como TestDiscordBot (1111) 
2026-09-14 13:01:42 [ERROR]: ❌ [[Discord] Erro ao definir presença:] this.client.user?.setPresence is not a function
2026-09-14 13:01:42 [INFO]: [Discord] Chamada de login concluída 
2026-09-14 13:01:42 [INFO]: [Discord] Iniciando login... 
2026-09-14 13:01:42 [INFO]: [Discord] Chamada de login concluída 
2026-09-14 13:01:42 [INFO]: [Discord] Cliente v14 inicializado com intents, partials e presence 
2026-09-14 13:01:42 [INFO]: [Discord] Iniciando login... 
2026-09-14 13:01:42 [INFO]: [Discord] ✅ Pronto como TestDiscordBot (1111) 
2026-09-14 13:01:42 [ERROR]: ❌ [[Discord] Erro ao definir presença:] this.client.user?.setPresence is not a function
2026-09-14 13:01:42 [INFO]: [Discord] Chamada de login concluída 
2026-09-14 13:01:57 [ERROR]: ❌ [Erro no comando $stats:] SQLITE_ERROR: no such table: feedbacks
2026-09-14 13:01:57 [ERROR]:    Stack: 
2026-09-14 13:01:57 [INFO]: 🛑 [SHUTDOWN] Comando executado por: 5588998314322@c.us 
2026-09-14 13:01:57 [ERROR]: ❌ [❌ Erro no $grupos:] ctx.client.getChats is not a function
2026-09-14 13:01:57 [ERROR]:    Stack: at Object.execute (D:/Desktop/Programas/bot-wpp/src/bot/commands/grupos.ts:17:44)
2026-09-14 13:01:57 [ERROR]: ❌ [[ScreenCommand] Erro:] connect ECONNREFUSED 127.0.0.1:3002
2026-09-14 13:01:57 [ERROR]:    Stack: at TCPConnectWrap.afterConnect [as oncomplete] (node:net:1638:16)
2026-09-14 13:01:57 [ERROR]: ❌ [[ScreenCommand] Erro:] connect ECONNREFUSED 127.0.0.1:3002
2026-09-14 13:01:57 [ERROR]:    Stack: at TCPConnectWrap.afterConnect [as oncomplete] (node:net:1638:16)
2026-09-14 13:01:57 [ERROR]: ❌ [[ScreenCommand] Erro:] connect ECONNREFUSED 127.0.0.1:3002
2026-09-14 13:01:57 [ERROR]:    Stack: at TCPConnectWrap.afterConnect [as oncomplete] (node:net:1638:16)
2026-09-14 13:01:58 [INFO]: 🛑 [SHUTDOWN] Comando executado por: 5588998314322@c.us 
2026-09-14 13:01:59 [ERROR]: [memberJoinService] Erro ao processar entrada
2026-09-14 13:01:59 [INFO]: [DiscordScreenService] Missing required Discord credentials, screen sharing disabled 
2026-09-14 13:01:59 [INFO]: [DiscordScreenService] Gerenciado externamente (DISCORD_SCREEN_EXTERNAL) — spawn interno desativado 
2026-09-14 13:01:59 [INFO]: [DiscordScreenService] Gerenciado externamente (DISCORD_SCREEN_EXTERNAL) — spawn interno desativado 
2026-09-14 13:02:01 [INFO]: [keywordHandler] Palavra-chave detectada, resposta enviada
2026-09-14 13:02:02 [INFO]: [Discord] Cliente v14 inicializado com intents, partials e presence 
2026-09-14 16:43:47 [ERROR]: ❌ [Erro no comando $stats:] SQLITE_ERROR: no such table: feedbacks
2026-09-14 16:43:47 [ERROR]:    Stack: 
2026-09-14 16:43:47 [INFO]: 🛑 [SHUTDOWN] Comando executado por: 5588998314322@c.us 
2026-09-14 16:43:47 [ERROR]: ❌ [❌ Erro no $grupos:] ctx.client.getChats is not a function
2026-09-14 16:43:47 [ERROR]:    Stack: at Object.execute (D:/Desktop/Programas/bot-wpp/src/bot/commands/grupos.ts:17:44)
2026-09-14 16:43:47 [ERROR]: ❌ [[ScreenCommand] Erro:] connect ECONNREFUSED 127.0.0.1:3002
2026-09-14 16:43:47 [ERROR]:    Stack: at TCPConnectWrap.afterConnect [as oncomplete] (node:net:1638:16)
2026-09-14 16:43:47 [ERROR]: ❌ [[ScreenCommand] Erro:] connect ECONNREFUSED 127.0.0.1:3002
2026-09-14 16:43:47 [ERROR]:    Stack: at TCPConnectWrap.afterConnect [as oncomplete] (node:net:1638:16)
2026-09-14 16:43:47 [ERROR]: ❌ [[ScreenCommand] Erro:] connect ECONNREFUSED 127.0.0.1:3002
2026-09-14 16:43:47 [ERROR]:    Stack: at TCPConnectWrap.afterConnect [as oncomplete] (node:net:1638:16)
2026-09-14 16:43:47 [INFO]: 🛑 [SHUTDOWN] Comando executado por: 5588998314322@c.us 
2026-09-14 16:43:48 [ERROR]: [DB] Falha ao registrar infração
2026-09-14 16:43:49 [ERROR]: [DB] Falha ao registrar infração
2026-09-14 16:43:49 [ERROR]: [DB] Falha ao registrar infração
2026-09-14 16:43:49 [ERROR]: [DB] Falha ao registrar infração
2026-09-14 16:43:49 [ERROR]: [DB] Falha ao registrar infração
2026-09-14 16:43:49 [ERROR]: [DB] Falha ao registrar infração
2026-09-14 16:43:49 [ERROR]: [DB] Falha ao registrar infração
2026-09-14 16:43:49 [ERROR]: [DB] Falha ao registrar infração
2026-09-14 16:43:49 [ERROR]: [DB] Falha ao registrar infração
2026-09-14 16:43:50 [ERROR]: [memberJoinService] Erro ao processar entrada
2026-09-14 16:43:50 [INFO]: [TelegramAdapter] Inicializando... 
2026-09-14 16:43:50 [INFO]: [Telegram] Iniciando launch()... 
2026-09-14 16:43:50 [INFO]: [Telegram] ✅ Pronto como  () 
2026-09-14 16:43:50 [INFO]: [TelegramAdapter] Inicializando... 
2026-09-14 16:43:50 [INFO]: [Telegram] Iniciando launch()... 
2026-09-14 16:43:50 [INFO]: [Telegram] ✅ Pronto como  () 
2026-09-14 16:43:50 [INFO]: [TelegramAdapter] Inicializando... 
2026-09-14 16:43:50 [INFO]: [Telegram] Iniciando launch()... 
2026-09-14 16:43:50 [INFO]: [Telegram] ✅ Pronto como  () 
2026-09-14 16:43:50 [INFO]: [TelegramAdapter] Inicializando... 
2026-09-14 16:43:50 [INFO]: [TelegramAdapter] Já estava pronto 
2026-09-14 16:43:50 [INFO]: [TelegramAdapter] Inicializando... 
2026-09-14 16:43:50 [INFO]: [Telegram] Iniciando launch()... 
2026-09-14 16:43:50 [INFO]: [Telegram] ✅ Pronto como  () 
2026-09-14 16:43:50 [INFO]: [TelegramAdapter] Inicializando... 
2026-09-14 16:43:50 [INFO]: [Telegram] Iniciando launch()... 
2026-09-14 16:43:50 [INFO]: [Telegram] ✅ Pronto como  () 
2026-09-14 16:43:50 [INFO]: [Discord] Cliente v14 inicializado com intents, partials e presence 
2026-09-14 16:43:50 [INFO]: [Discord] Iniciando login... 
2026-09-14 16:43:51 [INFO]: [Discord] ✅ Pronto como TestDiscordBot (1111) 
2026-09-14 16:43:51 [ERROR]: ❌ [[Discord] Erro ao definir presença:] this.client.user?.setPresence is not a function
2026-09-14 16:43:51 [INFO]: [Discord] Chamada de login concluída 
2026-09-14 16:43:51 [INFO]: [Discord] Cliente v14 inicializado com intents, partials e presence 
2026-09-14 16:43:51 [INFO]: [Discord] Iniciando login... 
2026-09-14 16:43:51 [INFO]: [Discord] ✅ Pronto como TestDiscordBot (1111) 
2026-09-14 16:43:51 [ERROR]: ❌ [[Discord] Erro ao definir presença:] this.client.user?.setPresence is not a function
2026-09-14 16:43:51 [INFO]: [Discord] Chamada de login concluída 
2026-09-14 16:43:51 [INFO]: [Discord] Iniciando login... 
2026-09-14 16:43:51 [INFO]: [Discord] Chamada de login concluída 
2026-09-14 16:43:51 [INFO]: [Discord] Cliente v14 inicializado com intents, partials e presence 
2026-09-14 16:43:51 [INFO]: [Discord] Iniciando login... 
2026-09-14 16:43:51 [INFO]: [Discord] ✅ Pronto como TestDiscordBot (1111) 
2026-09-14 16:43:51 [ERROR]: ❌ [[Discord] Erro ao definir presença:] this.client.user?.setPresence is not a function
2026-09-14 16:43:51 [INFO]: [Discord] Chamada de login concluída 
2026-09-14 16:43:52 [INFO]: [DiscordScreenService] Missing required Discord credentials, screen sharing disabled 
2026-09-14 16:43:52 [INFO]: [DiscordScreenService] Gerenciado externamente (DISCORD_SCREEN_EXTERNAL) — spawn interno desativado 
2026-09-14 16:43:52 [INFO]: [DiscordScreenService] Gerenciado externamente (DISCORD_SCREEN_EXTERNAL) — spawn interno desativado 
2026-09-14 16:43:52 [INFO]: [keywordHandler] Palavra-chave detectada, resposta enviada
2026-09-14 16:43:54 [INFO]: [Discord] Cliente v14 inicializado com intents, partials e presence 
2026-09-14 16:45:17 [ERROR]: ❌ [Erro no comando $stats:] SQLITE_ERROR: no such table: feedbacks
2026-09-14 16:45:17 [ERROR]:    Stack: 
2026-09-14 16:45:17 [INFO]: 🛑 [SHUTDOWN] Comando executado por: 5588998314322@c.us 
2026-09-14 16:45:17 [ERROR]: ❌ [❌ Erro no $grupos:] ctx.client.getChats is not a function
2026-09-14 16:45:17 [ERROR]:    Stack: at Object.execute (D:/Desktop/Programas/bot-wpp/src/bot/commands/grupos.ts:17:44)
2026-09-14 16:45:17 [ERROR]: ❌ [[ScreenCommand] Erro:] connect ECONNREFUSED 127.0.0.1:3002
2026-09-14 16:45:17 [ERROR]:    Stack: at TCPConnectWrap.afterConnect [as oncomplete] (node:net:1638:16)
2026-09-14 16:45:17 [ERROR]: ❌ [[ScreenCommand] Erro:] connect ECONNREFUSED 127.0.0.1:3002
2026-09-14 16:45:17 [ERROR]:    Stack: at TCPConnectWrap.afterConnect [as oncomplete] (node:net:1638:16)
2026-09-14 16:45:17 [ERROR]: ❌ [[ScreenCommand] Erro:] connect ECONNREFUSED 127.0.0.1:3002
2026-09-14 16:45:17 [ERROR]:    Stack: at TCPConnectWrap.afterConnect [as oncomplete] (node:net:1638:16)
2026-09-14 16:45:18 [INFO]: 🛑 [SHUTDOWN] Comando executado por: 5588998314322@c.us 
2026-09-14 16:45:18 [ERROR]: [DB] Falha ao registrar infração
2026-09-14 16:45:18 [ERROR]: [DB] Falha ao registrar infração
2026-09-14 16:45:18 [ERROR]: [DB] Falha ao registrar infração
2026-09-14 16:45:18 [ERROR]: [DB] Falha ao registrar infração
2026-09-14 16:45:18 [ERROR]: [DB] Falha ao registrar infração
2026-09-14 16:45:18 [ERROR]: [DB] Falha ao registrar infração
2026-09-14 16:45:18 [ERROR]: [DB] Falha ao registrar infração
2026-09-14 16:45:18 [ERROR]: [DB] Falha ao registrar infração
2026-09-14 16:45:18 [ERROR]: [DB] Falha ao registrar infração
2026-09-14 16:45:19 [INFO]: [TelegramAdapter] Inicializando... 
2026-09-14 16:45:19 [INFO]: [Telegram] Iniciando launch()... 
2026-09-14 16:45:19 [INFO]: [Telegram] ✅ Pronto como  () 
2026-09-14 16:45:19 [INFO]: [TelegramAdapter] Inicializando... 
2026-09-14 16:45:19 [INFO]: [Telegram] Iniciando launch()... 
2026-09-14 16:45:19 [INFO]: [Telegram] ✅ Pronto como  () 
2026-09-14 16:45:19 [INFO]: [TelegramAdapter] Inicializando... 
2026-09-14 16:45:19 [INFO]: [Telegram] Iniciando launch()... 
2026-09-14 16:45:19 [INFO]: [Telegram] ✅ Pronto como  () 
2026-09-14 16:45:19 [INFO]: [TelegramAdapter] Inicializando... 
2026-09-14 16:45:19 [INFO]: [TelegramAdapter] Já estava pronto 
2026-09-14 16:45:19 [INFO]: [TelegramAdapter] Inicializando... 
2026-09-14 16:45:19 [INFO]: [Telegram] Iniciando launch()... 
2026-09-14 16:45:19 [INFO]: [Telegram] ✅ Pronto como  () 
2026-09-14 16:45:19 [INFO]: [TelegramAdapter] Inicializando... 
2026-09-14 16:45:19 [INFO]: [Telegram] Iniciando launch()... 
2026-09-14 16:45:19 [INFO]: [Telegram] ✅ Pronto como  () 
2026-09-14 16:45:19 [INFO]: [Discord] Cliente v14 inicializado com intents, partials e presence 
2026-09-14 16:45:19 [INFO]: [Discord] Iniciando login... 
2026-09-14 16:45:19 [INFO]: [Discord] ✅ Pronto como TestDiscordBot (1111) 
2026-09-14 16:45:19 [ERROR]: ❌ [[Discord] Erro ao definir presença:] this.client.user?.setPresence is not a function
2026-09-14 16:45:19 [INFO]: [Discord] Chamada de login concluída 
2026-09-14 16:45:19 [INFO]: [Discord] Cliente v14 inicializado com intents, partials e presence 
2026-09-14 16:45:19 [INFO]: [Discord] Iniciando login... 
2026-09-14 16:45:19 [INFO]: [Discord] ✅ Pronto como TestDiscordBot (1111) 
2026-09-14 16:45:19 [ERROR]: ❌ [[Discord] Erro ao definir presença:] this.client.user?.setPresence is not a function
2026-09-14 16:45:19 [INFO]: [Discord] Chamada de login concluída 
2026-09-14 16:45:19 [INFO]: [Discord] Iniciando login... 
2026-09-14 16:45:19 [INFO]: [Discord] Chamada de login concluída 
2026-09-14 16:45:19 [INFO]: [Discord] Cliente v14 inicializado com intents, partials e presence 
2026-09-14 16:45:19 [INFO]: [Discord] Iniciando login... 
2026-09-14 16:45:19 [INFO]: [Discord] ✅ Pronto como TestDiscordBot (1111) 
2026-09-14 16:45:19 [ERROR]: ❌ [[Discord] Erro ao definir presença:] this.client.user?.setPresence is not a function
2026-09-14 16:45:19 [INFO]: [Discord] Chamada de login concluída 
2026-09-14 16:45:19 [ERROR]: [memberJoinService] Erro ao processar entrada
2026-09-14 16:45:20 [INFO]: [DiscordScreenService] Missing required Discord credentials, screen sharing disabled 
2026-09-14 16:45:20 [INFO]: [DiscordScreenService] Gerenciado externamente (DISCORD_SCREEN_EXTERNAL) — spawn interno desativado 
2026-09-14 16:45:20 [INFO]: [DiscordScreenService] Gerenciado externamente (DISCORD_SCREEN_EXTERNAL) — spawn interno desativado 
2026-09-14 16:45:21 [INFO]: [keywordHandler] Palavra-chave detectada, resposta enviada
2026-09-14 16:45:23 [INFO]: [Discord] Cliente v14 inicializado com intents, partials e presence 
2026-09-14 17:01:21 [ERROR]: [DB] Falha ao registrar infração
2026-09-14 17:01:22 [ERROR]: [DB] Falha ao registrar infração
2026-09-14 17:01:22 [ERROR]: [DB] Falha ao registrar infração
2026-09-14 17:01:22 [ERROR]: [DB] Falha ao registrar infração
2026-09-14 17:01:22 [ERROR]: [DB] Falha ao registrar infração
2026-09-14 17:01:22 [ERROR]: [DB] Falha ao registrar infração
2026-09-14 17:01:22 [ERROR]: [DB] Falha ao registrar infração
2026-09-14 17:01:22 [ERROR]: [DB] Falha ao registrar infração
2026-09-14 17:01:22 [ERROR]: [DB] Falha ao registrar infração
2026-09-14 17:01:24 [INFO]: [TelegramAdapter] Inicializando... 
2026-09-14 17:01:24 [INFO]: [Telegram] Iniciando launch()... 
2026-09-14 17:01:24 [INFO]: [Telegram] ✅ Pronto como  () 
2026-09-14 17:01:24 [INFO]: [TelegramAdapter] Inicializando... 
2026-09-14 17:01:24 [INFO]: [Telegram] Iniciando launch()... 
2026-09-14 17:01:24 [INFO]: [Telegram] ✅ Pronto como  () 
2026-09-14 17:01:24 [INFO]: [TelegramAdapter] Inicializando... 
2026-09-14 17:01:24 [INFO]: [Telegram] Iniciando launch()... 
2026-09-14 17:01:24 [INFO]: [Telegram] ✅ Pronto como  () 
2026-09-14 17:01:24 [INFO]: [TelegramAdapter] Inicializando... 
2026-09-14 17:01:24 [INFO]: [TelegramAdapter] Já estava pronto 
2026-09-14 17:01:24 [INFO]: [TelegramAdapter] Inicializando... 
2026-09-14 17:01:24 [INFO]: [Telegram] Iniciando launch()... 
2026-09-14 17:01:24 [INFO]: [Telegram] ✅ Pronto como  () 
2026-09-14 17:01:24 [INFO]: [TelegramAdapter] Inicializando... 
2026-09-14 17:01:24 [INFO]: [Telegram] Iniciando launch()... 
2026-09-14 17:01:24 [INFO]: [Telegram] ✅ Pronto como  () 
2026-09-14 17:01:24 [INFO]: [Discord] Cliente v14 inicializado com intents, partials e presence 
2026-09-14 17:01:24 [INFO]: [Discord] Iniciando login... 
2026-09-14 17:01:24 [INFO]: [Discord] ✅ Pronto como TestDiscordBot (1111) 
2026-09-14 17:01:24 [ERROR]: ❌ [[Discord] Erro ao definir presença:] this.client.user?.setPresence is not a function
2026-09-14 17:01:24 [INFO]: [Discord] Chamada de login concluída 
2026-09-14 17:01:24 [INFO]: [Discord] Cliente v14 inicializado com intents, partials e presence 
2026-09-14 17:01:24 [INFO]: [Discord] Iniciando login... 
2026-09-14 17:01:24 [INFO]: [Discord] ✅ Pronto como TestDiscordBot (1111) 
2026-09-14 17:01:24 [ERROR]: ❌ [[Discord] Erro ao definir presença:] this.client.user?.setPresence is not a function
2026-09-14 17:01:24 [INFO]: [Discord] Chamada de login concluída 
2026-09-14 17:01:24 [INFO]: [Discord] Iniciando login... 
2026-09-14 17:01:24 [INFO]: [Discord] Chamada de login concluída 
2026-09-14 17:01:24 [INFO]: [Discord] Cliente v14 inicializado com intents, partials e presence 
2026-09-14 17:01:24 [INFO]: [Discord] Iniciando login... 
2026-09-14 17:01:24 [INFO]: [Discord] ✅ Pronto como TestDiscordBot (1111) 
2026-09-14 17:01:24 [ERROR]: ❌ [[Discord] Erro ao definir presença:] this.client.user?.setPresence is not a function
2026-09-14 17:01:24 [INFO]: [Discord] Chamada de login concluída 
2026-09-14 17:01:24 [ERROR]: ❌ [Erro no comando $stats:] SQLITE_ERROR: no such table: feedbacks
2026-09-14 17:01:24 [ERROR]:    Stack: 
2026-09-14 17:01:24 [INFO]: 🛑 [SHUTDOWN] Comando executado por: 5588998314322@c.us 
2026-09-14 17:01:24 [ERROR]: ❌ [❌ Erro no $grupos:] ctx.client.getChats is not a function
2026-09-14 17:01:24 [ERROR]:    Stack: at Object.execute (D:/Desktop/Programas/bot-wpp/src/bot/commands/grupos.ts:17:44)
2026-09-14 17:01:25 [ERROR]: ❌ [[ScreenCommand] Erro:] connect ECONNREFUSED 127.0.0.1:3002
2026-09-14 17:01:25 [ERROR]:    Stack: at TCPConnectWrap.afterConnect [as oncomplete] (node:net:1638:16)
2026-09-14 17:01:25 [ERROR]: ❌ [[ScreenCommand] Erro:] connect ECONNREFUSED 127.0.0.1:3002
2026-09-14 17:01:25 [ERROR]:    Stack: at TCPConnectWrap.afterConnect [as oncomplete] (node:net:1638:16)
2026-09-14 17:01:25 [ERROR]: ❌ [[ScreenCommand] Erro:] connect ECONNREFUSED 127.0.0.1:3002
2026-09-14 17:01:25 [ERROR]:    Stack: at TCPConnectWrap.afterConnect [as oncomplete] (node:net:1638:16)
2026-09-14 17:01:25 [INFO]: 🛑 [SHUTDOWN] Comando executado por: 5588998314322@c.us 
2026-09-14 17:01:26 [ERROR]: [memberJoinService] Erro ao processar entrada
2026-09-14 17:01:26 [INFO]: [keywordHandler] Palavra-chave detectada, resposta enviada
2026-09-14 17:01:27 [INFO]: [DiscordScreenService] Missing required Discord credentials, screen sharing disabled 
2026-09-14 17:01:27 [INFO]: [DiscordScreenService] Gerenciado externamente (DISCORD_SCREEN_EXTERNAL) — spawn interno desativado 
2026-09-14 17:01:27 [INFO]: [DiscordScreenService] Gerenciado externamente (DISCORD_SCREEN_EXTERNAL) — spawn interno desativado 
2026-09-14 17:01:32 [INFO]: [Discord] Cliente v14 inicializado com intents, partials e presence 
2026-09-15 13:34:15 [ERROR]: [DB] Falha ao registrar infração
2026-09-15 13:34:15 [INFO]: [TelegramAdapter] Inicializando... 
2026-09-15 13:34:15 [INFO]: [Telegram] Iniciando launch()... 
2026-09-15 13:34:15 [INFO]: [Telegram] ✅ Pronto como  () 
2026-09-15 13:34:15 [INFO]: [TelegramAdapter] Inicializando... 
2026-09-15 13:34:15 [INFO]: [Telegram] Iniciando launch()... 
2026-09-15 13:34:15 [INFO]: [Telegram] ✅ Pronto como  () 
2026-09-15 13:34:15 [INFO]: [TelegramAdapter] Inicializando... 
2026-09-15 13:34:15 [INFO]: [Telegram] Iniciando launch()... 
2026-09-15 13:34:15 [INFO]: [Telegram] ✅ Pronto como  () 
2026-09-15 13:34:15 [INFO]: [TelegramAdapter] Inicializando... 
2026-09-15 13:34:15 [INFO]: [TelegramAdapter] Já estava pronto 
2026-09-15 13:34:15 [INFO]: [TelegramAdapter] Inicializando... 
2026-09-15 13:34:15 [INFO]: [Telegram] Iniciando launch()... 
2026-09-15 13:34:15 [INFO]: [Telegram] ✅ Pronto como  () 
2026-09-15 13:34:15 [INFO]: [TelegramAdapter] Inicializando... 
2026-09-15 13:34:15 [INFO]: [Telegram] Iniciando launch()... 
2026-09-15 13:34:15 [INFO]: [Telegram] ✅ Pronto como  () 
2026-09-15 13:34:15 [INFO]: [Discord] Cliente v14 inicializado com intents, partials e presence 
2026-09-15 13:34:15 [INFO]: [Discord] Iniciando login... 
2026-09-15 13:34:16 [INFO]: [Discord] ✅ Pronto como TestDiscordBot (1111) 
2026-09-15 13:34:16 [ERROR]: ❌ [[Discord] Erro ao definir presença:] this.client.user?.setPresence is not a function
2026-09-15 13:34:16 [INFO]: [Discord] Chamada de login concluída 
2026-09-15 13:34:16 [INFO]: [Discord] Cliente v14 inicializado com intents, partials e presence 
2026-09-15 13:34:16 [INFO]: [Discord] Iniciando login... 
2026-09-15 13:34:15 [ERROR]: [DB] Falha ao registrar infração
2026-09-15 13:34:15 [ERROR]: [DB] Falha ao registrar infração
2026-09-15 13:34:15 [ERROR]: [DB] Falha ao registrar infração
2026-09-15 13:34:15 [ERROR]: [DB] Falha ao registrar infração
2026-09-15 13:34:15 [ERROR]: [DB] Falha ao registrar infração
2026-09-15 13:34:15 [ERROR]: [DB] Falha ao registrar infração
2026-09-15 13:34:16 [ERROR]: [DB] Falha ao registrar infração
2026-09-15 13:34:16 [ERROR]: [DB] Falha ao registrar infração
2026-09-15 13:34:16 [INFO]: [Discord] ✅ Pronto como TestDiscordBot (1111) 
2026-09-15 13:34:16 [ERROR]: ❌ [[Discord] Erro ao definir presença:] this.client.user?.setPresence is not a function
2026-09-15 13:34:16 [INFO]: [Discord] Chamada de login concluída 
2026-09-15 13:34:16 [INFO]: [Discord] Iniciando login... 
2026-09-15 13:34:16 [INFO]: [Discord] Chamada de login concluída 
2026-09-15 13:34:16 [INFO]: [Discord] Cliente v14 inicializado com intents, partials e presence 
2026-09-15 13:34:16 [INFO]: [Discord] Iniciando login... 
2026-09-15 13:34:16 [INFO]: [Discord] ✅ Pronto como TestDiscordBot (1111) 
2026-09-15 13:34:16 [ERROR]: ❌ [[Discord] Erro ao definir presença:] this.client.user?.setPresence is not a function
2026-09-15 13:34:16 [INFO]: [Discord] Chamada de login concluída 
2026-09-15 13:34:31 [ERROR]: [memberJoinService] Erro ao processar entrada
2026-09-15 13:34:33 [INFO]: [DiscordScreenService] Missing required Discord credentials, screen sharing disabled 
2026-09-15 13:34:33 [INFO]: [DiscordScreenService] Gerenciado externamente (DISCORD_SCREEN_EXTERNAL) — spawn interno desativado 
2026-09-15 13:34:33 [INFO]: [DiscordScreenService] Gerenciado externamente (DISCORD_SCREEN_EXTERNAL) — spawn interno desativado 
2026-09-15 13:34:34 [INFO]: 🛑 [SHUTDOWN] Comando executado por: 5588998314322@c.us 
2026-09-15 13:34:36 [INFO]: [keywordHandler] Palavra-chave detectada, resposta enviada
2026-09-15 13:34:38 [INFO]: [Discord] Cliente v14 inicializado com intents, partials e presence 
2026-09-15 13:37:57 [ERROR]: [DB] Falha ao registrar infração
2026-09-15 13:37:57 [ERROR]: [DB] Falha ao registrar infração
2026-09-15 13:37:57 [ERROR]: [DB] Falha ao registrar infração
2026-09-15 13:37:57 [ERROR]: [DB] Falha ao registrar infração
2026-09-15 13:37:57 [ERROR]: [DB] Falha ao registrar infração
2026-09-15 13:37:57 [ERROR]: [DB] Falha ao registrar infração
2026-09-15 13:37:57 [ERROR]: [DB] Falha ao registrar infração
2026-09-15 13:37:57 [ERROR]: [DB] Falha ao registrar infração
2026-09-15 13:37:57 [ERROR]: [DB] Falha ao registrar infração
2026-09-15 13:38:00 [INFO]: [TelegramAdapter] Inicializando... 
2026-09-15 13:38:00 [INFO]: [Telegram] Iniciando launch()... 
2026-09-15 13:38:00 [INFO]: [Telegram] ✅ Pronto como  () 
2026-09-15 13:38:00 [INFO]: [TelegramAdapter] Inicializando... 
2026-09-15 13:38:00 [INFO]: [Telegram] Iniciando launch()... 
2026-09-15 13:38:00 [INFO]: [Telegram] ✅ Pronto como  () 
2026-09-15 13:38:00 [INFO]: [TelegramAdapter] Inicializando... 
2026-09-15 13:38:00 [INFO]: [Telegram] Iniciando launch()... 
2026-09-15 13:38:00 [INFO]: [Telegram] ✅ Pronto como  () 
2026-09-15 13:38:00 [INFO]: [TelegramAdapter] Inicializando... 
2026-09-15 13:38:00 [INFO]: [TelegramAdapter] Já estava pronto 
2026-09-15 13:38:00 [INFO]: [TelegramAdapter] Inicializando... 
2026-09-15 13:38:00 [INFO]: [Telegram] Iniciando launch()... 
2026-09-15 13:38:00 [INFO]: [Telegram] ✅ Pronto como  () 
2026-09-15 13:38:00 [INFO]: [TelegramAdapter] Inicializando... 
2026-09-15 13:38:00 [INFO]: [Telegram] Iniciando launch()... 
2026-09-15 13:38:00 [INFO]: [Telegram] ✅ Pronto como  () 
2026-09-15 13:38:00 [INFO]: [Discord] Cliente v14 inicializado com intents, partials e presence 
2026-09-15 13:38:00 [INFO]: [Discord] Iniciando login... 
2026-09-15 13:38:00 [INFO]: [Discord] ✅ Pronto como TestDiscordBot (1111) 
2026-09-15 13:38:00 [ERROR]: ❌ [[Discord] Erro ao definir presença:] this.client.user?.setPresence is not a function
2026-09-15 13:38:00 [INFO]: [Discord] Chamada de login concluída 
2026-09-15 13:38:00 [INFO]: [Discord] Cliente v14 inicializado com intents, partials e presence 
2026-09-15 13:38:00 [INFO]: [Discord] Iniciando login... 
2026-09-15 13:38:00 [INFO]: [Discord] ✅ Pronto como TestDiscordBot (1111) 
2026-09-15 13:38:00 [ERROR]: ❌ [[Discord] Erro ao definir presença:] this.client.user?.setPresence is not a function
2026-09-15 13:38:00 [INFO]: [Discord] Chamada de login concluída 
2026-09-15 13:38:00 [INFO]: [Discord] Iniciando login... 
2026-09-15 13:38:00 [INFO]: [Discord] Chamada de login concluída 
2026-09-15 13:38:00 [INFO]: [Discord] Cliente v14 inicializado com intents, partials e presence 
2026-09-15 13:38:00 [INFO]: [Discord] Iniciando login... 
2026-09-15 13:38:00 [INFO]: [Discord] ✅ Pronto como TestDiscordBot (1111) 
2026-09-15 13:38:00 [ERROR]: ❌ [[Discord] Erro ao definir presença:] this.client.user?.setPresence is not a function
2026-09-15 13:38:00 [INFO]: [Discord] Chamada de login concluída 
2026-09-15 13:38:01 [ERROR]: ❌ [Erro no comando $stats:] SQLITE_ERROR: no such table: feedbacks
2026-09-15 13:38:01 [ERROR]:    Stack: 
2026-09-15 13:38:01 [INFO]: 🛑 [SHUTDOWN] Comando executado por: 5588998314322@c.us 
2026-09-15 13:38:01 [ERROR]: ❌ [❌ Erro no $grupos:] ctx.client.getChats is not a function
2026-09-15 13:38:01 [ERROR]:    Stack: at Object.execute (D:/Desktop/Programas/bot-wpp/src/bot/commands/grupos.ts:17:44)
2026-09-15 13:38:01 [ERROR]: ❌ [[ScreenCommand] Erro:] connect ECONNREFUSED 127.0.0.1:3002
2026-09-15 13:38:01 [ERROR]:    Stack: at TCPConnectWrap.afterConnect [as oncomplete] (node:net:1638:16)
2026-09-15 13:38:01 [ERROR]: ❌ [[ScreenCommand] Erro:] connect ECONNREFUSED 127.0.0.1:3002
2026-09-15 13:38:01 [ERROR]:    Stack: at TCPConnectWrap.afterConnect [as oncomplete] (node:net:1638:16)
2026-09-15 13:38:01 [ERROR]: ❌ [[ScreenCommand] Erro:] connect ECONNREFUSED 127.0.0.1:3002
2026-09-15 13:38:01 [ERROR]:    Stack: at TCPConnectWrap.afterConnect [as oncomplete] (node:net:1638:16)
2026-09-15 13:38:02 [INFO]: 🛑 [SHUTDOWN] Comando executado por: 5588998314322@c.us 
2026-09-15 13:38:03 [INFO]: [DiscordScreenService] Missing required Discord credentials, screen sharing disabled 
2026-09-15 13:38:03 [INFO]: [DiscordScreenService] Gerenciado externamente (DISCORD_SCREEN_EXTERNAL) — spawn interno desativado 
2026-09-15 13:38:03 [INFO]: [DiscordScreenService] Gerenciado externamente (DISCORD_SCREEN_EXTERNAL) — spawn interno desativado 
2026-09-15 13:38:04 [ERROR]: [memberJoinService] Erro ao processar entrada
2026-09-15 13:38:07 [INFO]: [keywordHandler] Palavra-chave detectada, resposta enviada
2026-09-15 13:38:08 [INFO]: [Discord] Cliente v14 inicializado com intents, partials e presence 
2026-09-16 09:11:05 [ERROR]: [DB] Falha ao registrar infração
2026-09-16 09:11:05 [ERROR]: [DB] Falha ao registrar infração
2026-09-16 09:11:05 [ERROR]: [DB] Falha ao registrar infração
2026-09-16 09:11:05 [ERROR]: [DB] Falha ao registrar infração
2026-09-16 09:11:05 [ERROR]: [DB] Falha ao registrar infração
2026-09-16 09:11:05 [ERROR]: [DB] Falha ao registrar infração
2026-09-16 09:11:05 [ERROR]: [DB] Falha ao registrar infração
2026-09-16 09:11:05 [ERROR]: [DB] Falha ao registrar infração
2026-09-16 09:11:05 [ERROR]: [DB] Falha ao registrar infração
2026-09-16 09:11:07 [INFO]: [TelegramAdapter] Inicializando... 
2026-09-16 09:11:07 [INFO]: [Telegram] Iniciando launch()... 
2026-09-16 09:11:07 [INFO]: [Telegram] ✅ Pronto como  () 
2026-09-16 09:11:07 [INFO]: [TelegramAdapter] Inicializando... 
2026-09-16 09:11:07 [INFO]: [Telegram] Iniciando launch()... 
2026-09-16 09:11:07 [INFO]: [Telegram] ✅ Pronto como  () 
2026-09-16 09:11:07 [INFO]: [TelegramAdapter] Inicializando... 
2026-09-16 09:11:07 [INFO]: [Telegram] Iniciando launch()... 
2026-09-16 09:11:07 [INFO]: [Telegram] ✅ Pronto como  () 
2026-09-16 09:11:07 [INFO]: [TelegramAdapter] Inicializando... 
2026-09-16 09:11:07 [INFO]: [TelegramAdapter] Já estava pronto 
2026-09-16 09:11:07 [INFO]: [TelegramAdapter] Inicializando... 
2026-09-16 09:11:07 [INFO]: [Telegram] Iniciando launch()... 
2026-09-16 09:11:07 [INFO]: [Telegram] ✅ Pronto como  () 
2026-09-16 09:11:07 [INFO]: [TelegramAdapter] Inicializando... 
2026-09-16 09:11:07 [INFO]: [Telegram] Iniciando launch()... 
2026-09-16 09:11:07 [INFO]: [Telegram] ✅ Pronto como  () 
2026-09-16 09:11:07 [INFO]: [Discord] Cliente v14 inicializado com intents, partials e presence 
2026-09-16 09:11:07 [INFO]: [Discord] Iniciando login... 
2026-09-16 09:11:07 [INFO]: [Discord] ✅ Pronto como TestDiscordBot (1111) 
2026-09-16 09:11:07 [ERROR]: ❌ [[Discord] Erro ao definir presença:] this.client.user?.setPresence is not a function
2026-09-16 09:11:07 [INFO]: [Discord] Chamada de login concluída 
2026-09-16 09:11:07 [INFO]: [Discord] Cliente v14 inicializado com intents, partials e presence 
2026-09-16 09:11:07 [INFO]: [Discord] Iniciando login... 
2026-09-16 09:11:07 [INFO]: [Discord] ✅ Pronto como TestDiscordBot (1111) 
2026-09-16 09:11:07 [ERROR]: ❌ [[Discord] Erro ao definir presença:] this.client.user?.setPresence is not a function
2026-09-16 09:11:07 [INFO]: [Discord] Chamada de login concluída 
2026-09-16 09:11:07 [INFO]: [Discord] Iniciando login... 
2026-09-16 09:11:07 [INFO]: [Discord] Chamada de login concluída 
2026-09-16 09:11:07 [INFO]: [Discord] Cliente v14 inicializado com intents, partials e presence 
2026-09-16 09:11:07 [INFO]: [Discord] Iniciando login... 
2026-09-16 09:11:07 [INFO]: [Discord] ✅ Pronto como TestDiscordBot (1111) 
2026-09-16 09:11:07 [ERROR]: ❌ [[Discord] Erro ao definir presença:] this.client.user?.setPresence is not a function
2026-09-16 09:11:07 [INFO]: [Discord] Chamada de login concluída 
2026-09-16 09:11:19 [INFO]: 🛑 [SHUTDOWN] Comando executado por: 5588998314322@c.us 
2026-09-16 09:11:20 [INFO]: [DiscordScreenService] Missing required Discord credentials, screen sharing disabled 
2026-09-16 09:11:20 [INFO]: [DiscordScreenService] Gerenciado externamente (DISCORD_SCREEN_EXTERNAL) — spawn interno desativado 
2026-09-16 09:11:20 [INFO]: [DiscordScreenService] Gerenciado externamente (DISCORD_SCREEN_EXTERNAL) — spawn interno desativado 
2026-09-16 09:11:20 [ERROR]: [memberJoinService] Erro ao processar entrada
2026-09-16 09:11:21 [INFO]: [keywordHandler] Palavra-chave detectada, resposta enviada
2026-09-16 09:11:23 [INFO]: [Discord] Cliente v14 inicializado com intents, partials e presence 
2026-09-16 09:15:55 [ERROR]: [DB] Falha ao registrar infração
2026-09-16 09:15:55 [ERROR]: [DB] Falha ao registrar infração
2026-09-16 09:15:55 [ERROR]: [DB] Falha ao registrar infração
2026-09-16 09:15:55 [ERROR]: [DB] Falha ao registrar infração
2026-09-16 09:15:55 [ERROR]: [DB] Falha ao registrar infração
2026-09-16 09:15:55 [ERROR]: [DB] Falha ao registrar infração
2026-09-16 09:15:55 [ERROR]: [DB] Falha ao registrar infração
2026-09-16 09:15:55 [ERROR]: [DB] Falha ao registrar infração
2026-09-16 09:15:55 [ERROR]: [DB] Falha ao registrar infração
2026-09-16 09:16:00 [ERROR]: ❌ [Erro no comando $stats:] SQLITE_ERROR: no such table: feedbacks
2026-09-16 09:16:00 [ERROR]:    Stack: 
2026-09-16 09:16:00 [INFO]: 🛑 [SHUTDOWN] Comando executado por: 5588998314322@c.us 
2026-09-16 09:16:00 [ERROR]: ❌ [❌ Erro no $grupos:] ctx.client.getChats is not a function
2026-09-16 09:16:00 [ERROR]:    Stack: at Object.execute (D:/Desktop/Programas/bot-wpp/src/bot/commands/grupos.ts:17:44)
2026-09-16 09:16:00 [ERROR]: ❌ [[ScreenCommand] Erro:] connect ECONNREFUSED 127.0.0.1:3002
2026-09-16 09:16:00 [ERROR]:    Stack: at TCPConnectWrap.afterConnect [as oncomplete] (node:net:1638:16)
2026-09-16 09:16:00 [ERROR]: ❌ [[ScreenCommand] Erro:] connect ECONNREFUSED 127.0.0.1:3002
2026-09-16 09:16:00 [ERROR]:    Stack: at TCPConnectWrap.afterConnect [as oncomplete] (node:net:1638:16)
2026-09-16 09:16:00 [ERROR]: ❌ [[ScreenCommand] Erro:] connect ECONNREFUSED 127.0.0.1:3002
2026-09-16 09:16:00 [ERROR]:    Stack: at TCPConnectWrap.afterConnect [as oncomplete] (node:net:1638:16)
2026-09-16 09:16:00 [INFO]: 🛑 [SHUTDOWN] Comando executado por: 5588998314322@c.us 
2026-09-16 09:16:01 [INFO]: [DiscordScreenService] Missing required Discord credentials, screen sharing disabled 
2026-09-16 09:16:01 [INFO]: [DiscordScreenService] Gerenciado externamente (DISCORD_SCREEN_EXTERNAL) — spawn interno desativado 
2026-09-16 09:16:01 [INFO]: [DiscordScreenService] Gerenciado externamente (DISCORD_SCREEN_EXTERNAL) — spawn interno desativado 
2026-09-16 09:16:01 [INFO]: [TelegramAdapter] Inicializando... 
2026-09-16 09:16:01 [INFO]: [Telegram] Iniciando launch()... 
2026-09-16 09:16:01 [INFO]: [Telegram] ✅ Pronto como  () 
2026-09-16 09:16:01 [INFO]: [TelegramAdapter] Inicializando... 
2026-09-16 09:16:01 [INFO]: [Telegram] Iniciando launch()... 
2026-09-16 09:16:01 [INFO]: [Telegram] ✅ Pronto como  () 
2026-09-16 09:16:02 [INFO]: [TelegramAdapter] Inicializando... 
2026-09-16 09:16:02 [INFO]: [Telegram] Iniciando launch()... 
2026-09-16 09:16:02 [INFO]: [Telegram] ✅ Pronto como  () 
2026-09-16 09:16:02 [INFO]: [TelegramAdapter] Inicializando... 
2026-09-16 09:16:02 [INFO]: [TelegramAdapter] Já estava pronto 
2026-09-16 09:16:02 [INFO]: [TelegramAdapter] Inicializando... 
2026-09-16 09:16:02 [INFO]: [Telegram] Iniciando launch()... 
2026-09-16 09:16:02 [INFO]: [Telegram] ✅ Pronto como  () 
2026-09-16 09:16:02 [INFO]: [TelegramAdapter] Inicializando... 
2026-09-16 09:16:02 [INFO]: [Telegram] Iniciando launch()... 
2026-09-16 09:16:02 [INFO]: [Telegram] ✅ Pronto como  () 
2026-09-16 09:16:02 [INFO]: [Discord] Cliente v14 inicializado com intents, partials e presence 
2026-09-16 09:16:02 [INFO]: [Discord] Iniciando login... 
2026-09-16 09:16:02 [INFO]: [Discord] ✅ Pronto como TestDiscordBot (1111) 
2026-09-16 09:16:02 [ERROR]: ❌ [[Discord] Erro ao definir presença:] this.client.user?.setPresence is not a function
2026-09-16 09:16:02 [INFO]: [Discord] Chamada de login concluída 
2026-09-16 09:16:02 [INFO]: [Discord] Cliente v14 inicializado com intents, partials e presence 
2026-09-16 09:16:02 [INFO]: [Discord] Iniciando login... 
2026-09-16 09:16:02 [INFO]: [Discord] ✅ Pronto como TestDiscordBot (1111) 
2026-09-16 09:16:02 [ERROR]: ❌ [[Discord] Erro ao definir presença:] this.client.user?.setPresence is not a function
2026-09-16 09:16:02 [INFO]: [Discord] Chamada de login concluída 
2026-09-16 09:16:02 [INFO]: [Discord] Iniciando login... 
2026-09-16 09:16:02 [INFO]: [Discord] Chamada de login concluída 
2026-09-16 09:16:02 [INFO]: [Discord] Cliente v14 inicializado com intents, partials e presence 
2026-09-16 09:16:02 [INFO]: [Discord] Iniciando login... 
2026-09-16 09:16:02 [INFO]: [Discord] ✅ Pronto como TestDiscordBot (1111) 
2026-09-16 09:16:02 [ERROR]: ❌ [[Discord] Erro ao definir presença:] this.client.user?.setPresence is not a function
2026-09-16 09:16:02 [INFO]: [Discord] Chamada de login concluída 
2026-09-16 09:16:03 [ERROR]: [memberJoinService] Erro ao processar entrada
2026-09-16 09:16:04 [INFO]: [keywordHandler] Palavra-chave detectada, resposta enviada
2026-09-16 09:16:05 [INFO]: [Discord] Cliente v14 inicializado com intents, partials e presence 
2026-09-16 09:54:22 [ERROR]: [DB] Falha ao registrar infração
2026-09-16 09:54:22 [ERROR]: [DB] Falha ao registrar infração
2026-09-16 09:54:22 [ERROR]: [DB] Falha ao registrar infração
2026-09-16 09:54:22 [ERROR]: [DB] Falha ao registrar infração
2026-09-16 09:54:22 [ERROR]: [DB] Falha ao registrar infração
2026-09-16 09:54:22 [ERROR]: [DB] Falha ao registrar infração
2026-09-16 09:54:22 [ERROR]: [DB] Falha ao registrar infração
2026-09-16 09:54:22 [ERROR]: [DB] Falha ao registrar infração
2026-09-16 09:54:22 [ERROR]: [DB] Falha ao registrar infração
2026-09-16 10:42:17 [INFO]: [TelegramAdapter] Inicializando... 
2026-09-16 10:42:17 [INFO]: [Telegram] Iniciando launch()... 
2026-09-16 10:42:17 [INFO]: [Telegram] ✅ Pronto como  () 
2026-09-16 10:42:17 [INFO]: [TelegramAdapter] Inicializando... 
2026-09-16 10:42:17 [INFO]: [Telegram] Iniciando launch()... 
2026-09-16 10:42:17 [INFO]: [Telegram] ✅ Pronto como  () 
2026-09-16 10:42:17 [INFO]: [TelegramAdapter] Inicializando... 
2026-09-16 10:42:17 [INFO]: [Telegram] Iniciando launch()... 
2026-09-16 10:42:17 [INFO]: [Telegram] ✅ Pronto como  () 
2026-09-16 10:42:17 [INFO]: [TelegramAdapter] Inicializando... 
2026-09-16 10:42:17 [INFO]: [TelegramAdapter] Já estava pronto 
2026-09-16 10:42:17 [INFO]: [TelegramAdapter] Inicializando... 
2026-09-16 10:42:17 [INFO]: [Telegram] Iniciando launch()... 
2026-09-16 10:42:17 [INFO]: [Telegram] ✅ Pronto como  () 
2026-09-16 10:42:17 [INFO]: [TelegramAdapter] Inicializando... 
2026-09-16 10:42:17 [INFO]: [Telegram] Iniciando launch()... 
2026-09-16 10:42:17 [INFO]: [Telegram] ✅ Pronto como  () 
2026-09-16 10:42:17 [INFO]: [Discord] Cliente v14 inicializado com intents, partials e presence 
2026-09-16 10:42:17 [INFO]: [Discord] Iniciando login... 
2026-09-16 10:42:17 [INFO]: [Discord] ✅ Pronto como TestDiscordBot (1111) 
2026-09-16 10:42:17 [ERROR]: ❌ [[Discord] Erro ao definir presença:] this.client.user?.setPresence is not a function
2026-09-16 10:42:17 [INFO]: [Discord] Chamada de login concluída 
2026-09-16 10:42:17 [INFO]: [Discord] Cliente v14 inicializado com intents, partials e presence 
2026-09-16 10:42:17 [INFO]: [Discord] Iniciando login... 
2026-09-16 10:42:17 [INFO]: [Discord] ✅ Pronto como TestDiscordBot (1111) 
2026-09-16 10:42:17 [ERROR]: ❌ [[Discord] Erro ao definir presença:] this.client.user?.setPresence is not a function
2026-09-16 10:42:17 [INFO]: [Discord] Chamada de login concluída 
2026-09-16 10:42:17 [INFO]: [Discord] Iniciando login... 
2026-09-16 10:42:17 [INFO]: [Discord] Chamada de login concluída 
2026-09-16 10:42:17 [INFO]: [Discord] Cliente v14 inicializado com intents, partials e presence 
2026-09-16 10:42:17 [INFO]: [Discord] Iniciando login... 
2026-09-16 10:42:17 [INFO]: [Discord] ✅ Pronto como TestDiscordBot (1111) 
2026-09-16 10:42:17 [ERROR]: ❌ [[Discord] Erro ao definir presença:] this.client.user?.setPresence is not a function
2026-09-16 10:42:17 [INFO]: [Discord] Chamada de login concluída 
2026-09-16 10:42:20 [ERROR]: ❌ [Erro no comando $stats:] SQLITE_ERROR: no such table: feedbacks
2026-09-16 10:42:20 [ERROR]:    Stack: 
2026-09-16 10:42:20 [INFO]: 🛑 [SHUTDOWN] Comando executado por: 5588998314322@c.us 
2026-09-16 10:42:20 [ERROR]: ❌ [❌ Erro no $grupos:] ctx.client.getChats is not a function
2026-09-16 10:42:20 [ERROR]:    Stack: at Object.execute (D:/Desktop/Programas/bot-wpp/src/bot/commands/grupos.ts:17:44)
2026-09-16 10:42:20 [ERROR]: ❌ [[ScreenCommand] Erro:] connect ECONNREFUSED 127.0.0.1:3002
2026-09-16 10:42:20 [ERROR]:    Stack: at TCPConnectWrap.afterConnect [as oncomplete] (node:net:1638:16)
2026-09-16 10:42:20 [ERROR]: ❌ [[ScreenCommand] Erro:] connect ECONNREFUSED 127.0.0.1:3002
2026-09-16 10:42:20 [ERROR]:    Stack: at TCPConnectWrap.afterConnect [as oncomplete] (node:net:1638:16)
2026-09-16 10:42:20 [ERROR]: ❌ [[ScreenCommand] Erro:] connect ECONNREFUSED 127.0.0.1:3002
2026-09-16 10:42:20 [ERROR]:    Stack: at TCPConnectWrap.afterConnect [as oncomplete] (node:net:1638:16)
2026-09-16 10:42:20 [INFO]: 🛑 [SHUTDOWN] Comando executado por: 5588998314322@c.us 
2026-09-16 10:42:21 [ERROR]: [DB] Falha ao registrar infração
2026-09-16 10:42:21 [ERROR]: [DB] Falha ao registrar infração
2026-09-16 10:42:21 [ERROR]: [DB] Falha ao registrar infração
2026-09-16 10:42:21 [ERROR]: [DB] Falha ao registrar infração
2026-09-16 10:42:21 [ERROR]: [DB] Falha ao registrar infração
2026-09-16 10:42:21 [ERROR]: [DB] Falha ao registrar infração
2026-09-16 10:42:21 [ERROR]: [DB] Falha ao registrar infração
2026-09-16 10:42:21 [ERROR]: [DB] Falha ao registrar infração
2026-09-16 10:42:21 [ERROR]: [DB] Falha ao registrar infração
2026-09-16 10:42:22 [ERROR]: [memberJoinService] Erro ao processar entrada
2026-09-16 10:42:22 [INFO]: [DiscordScreenService] Missing required Discord credentials, screen sharing disabled 
2026-09-16 10:42:22 [INFO]: [DiscordScreenService] Gerenciado externamente (DISCORD_SCREEN_EXTERNAL) — spawn interno desativado 
2026-09-16 10:42:23 [INFO]: [DiscordScreenService] Gerenciado externamente (DISCORD_SCREEN_EXTERNAL) — spawn interno desativado 
2026-09-16 10:42:24 [INFO]: [keywordHandler] Palavra-chave detectada, resposta enviada
2026-09-16 10:42:26 [INFO]: [Discord] Cliente v14 inicializado com intents, partials e presence 
2026-09-16 10:44:29 [ERROR]: [DB] Falha ao registrar infração
2026-09-16 10:44:29 [ERROR]: [DB] Falha ao registrar infração
2026-09-16 10:44:29 [ERROR]: [DB] Falha ao registrar infração
2026-09-16 10:44:29 [ERROR]: [DB] Falha ao registrar infração
2026-09-16 10:44:29 [ERROR]: [DB] Falha ao registrar infração
2026-09-16 10:44:29 [ERROR]: [DB] Falha ao registrar infração
2026-09-16 10:44:29 [ERROR]: [DB] Falha ao registrar infração
2026-09-16 10:44:29 [ERROR]: [DB] Falha ao registrar infração
2026-09-16 10:44:29 [ERROR]: [DB] Falha ao registrar infração
2026-09-16 10:44:31 [ERROR]: ❌ [Erro no comando $stats:] SQLITE_ERROR: no such table: feedbacks
2026-09-16 10:44:31 [ERROR]:    Stack: 
2026-09-16 10:44:31 [INFO]: 🛑 [SHUTDOWN] Comando executado por: 5588998314322@c.us 
2026-09-16 10:44:31 [ERROR]: ❌ [❌ Erro no $grupos:] ctx.client.getChats is not a function
2026-09-16 10:44:31 [ERROR]:    Stack: at Object.execute (D:/Desktop/Programas/bot-wpp/src/bot/commands/grupos.ts:17:44)
2026-09-16 10:44:31 [INFO]: [TelegramAdapter] Inicializando... 
2026-09-16 10:44:31 [INFO]: [Telegram] Iniciando launch()... 
2026-09-16 10:44:31 [INFO]: [Telegram] ✅ Pronto como  () 
2026-09-16 10:44:31 [INFO]: [TelegramAdapter] Inicializando... 
2026-09-16 10:44:31 [INFO]: [Telegram] Iniciando launch()... 
2026-09-16 10:44:31 [INFO]: [Telegram] ✅ Pronto como  () 
2026-09-16 10:44:31 [INFO]: [TelegramAdapter] Inicializando... 
2026-09-16 10:44:31 [INFO]: [Telegram] Iniciando launch()... 
2026-09-16 10:44:31 [INFO]: [Telegram] ✅ Pronto como  () 
2026-09-16 10:44:31 [INFO]: [TelegramAdapter] Inicializando... 
2026-09-16 10:44:31 [INFO]: [TelegramAdapter] Já estava pronto 
2026-09-16 10:44:31 [INFO]: [TelegramAdapter] Inicializando... 
2026-09-16 10:44:31 [INFO]: [Telegram] Iniciando launch()... 
2026-09-16 10:44:31 [INFO]: [Telegram] ✅ Pronto como  () 
2026-09-16 10:44:31 [INFO]: [TelegramAdapter] Inicializando... 
2026-09-16 10:44:31 [INFO]: [Telegram] Iniciando launch()... 
2026-09-16 10:44:31 [INFO]: [Telegram] ✅ Pronto como  () 
2026-09-16 10:44:31 [INFO]: [Discord] Cliente v14 inicializado com intents, partials e presence 
2026-09-16 10:44:31 [INFO]: [Discord] Iniciando login... 
2026-09-16 10:44:31 [INFO]: [Discord] ✅ Pronto como TestDiscordBot (1111) 
2026-09-16 10:44:31 [ERROR]: ❌ [[Discord] Erro ao definir presença:] this.client.user?.setPresence is not a function
2026-09-16 10:44:31 [INFO]: [Discord] Chamada de login concluída 
2026-09-16 10:44:31 [INFO]: [Discord] Cliente v14 inicializado com intents, partials e presence 
2026-09-16 10:44:31 [INFO]: [Discord] Iniciando login... 
2026-09-16 10:44:31 [INFO]: [Discord] ✅ Pronto como TestDiscordBot (1111) 
2026-09-16 10:44:31 [ERROR]: ❌ [[ScreenCommand] Erro:] connect ECONNREFUSED 127.0.0.1:3002
2026-09-16 10:44:31 [ERROR]: ❌ [[Discord] Erro ao definir presença:] this.client.user?.setPresence is not a function
2026-09-16 10:44:31 [INFO]: [Discord] Chamada de login concluída 
2026-09-16 10:44:31 [INFO]: [Discord] Iniciando login... 
2026-09-16 10:44:31 [INFO]: [Discord] Chamada de login concluída 
2026-09-16 10:44:31 [INFO]: [Discord] Cliente v14 inicializado com intents, partials e presence 
2026-09-16 10:44:31 [INFO]: [Discord] Iniciando login... 
2026-09-16 10:44:31 [ERROR]:    Stack: at TCPConnectWrap.afterConnect [as oncomplete] (node:net:1638:16)
2026-09-16 10:44:31 [ERROR]: ❌ [[ScreenCommand] Erro:] connect ECONNREFUSED 127.0.0.1:3002
2026-09-16 10:44:31 [ERROR]:    Stack: at TCPConnectWrap.afterConnect [as oncomplete] (node:net:1638:16)
2026-09-16 10:44:31 [INFO]: [Discord] ✅ Pronto como TestDiscordBot (1111) 
2026-09-16 10:44:31 [ERROR]: ❌ [[Discord] Erro ao definir presença:] this.client.user?.setPresence is not a function
2026-09-16 10:44:31 [INFO]: [Discord] Chamada de login concluída 
2026-09-16 10:44:31 [ERROR]: ❌ [[ScreenCommand] Erro:] connect ECONNREFUSED 127.0.0.1:3002
2026-09-16 10:44:31 [ERROR]:    Stack: at TCPConnectWrap.afterConnect [as oncomplete] (node:net:1638:16)
2026-09-16 10:44:31 [INFO]: 🛑 [SHUTDOWN] Comando executado por: 5588998314322@c.us 
2026-09-16 10:44:32 [ERROR]: [memberJoinService] Erro ao processar entrada
2026-09-16 10:44:35 [INFO]: [DiscordScreenService] Missing required Discord credentials, screen sharing disabled 
2026-09-16 10:44:35 [INFO]: [DiscordScreenService] Gerenciado externamente (DISCORD_SCREEN_EXTERNAL) — spawn interno desativado 
2026-09-16 10:44:35 [INFO]: [DiscordScreenService] Gerenciado externamente (DISCORD_SCREEN_EXTERNAL) — spawn interno desativado 
2026-09-16 10:44:35 [INFO]: [keywordHandler] Palavra-chave detectada, resposta enviada
2026-09-16 10:44:36 [INFO]: [Discord] Cliente v14 inicializado com intents, partials e presence 
2026-09-16 10:45:16 [ERROR]: [DB] Falha ao registrar infração
2026-09-16 10:45:16 [ERROR]: [DB] Falha ao registrar infração
2026-09-16 10:45:16 [ERROR]: [DB] Falha ao registrar infração
2026-09-16 10:45:16 [ERROR]: [DB] Falha ao registrar infração
2026-09-16 10:45:16 [ERROR]: [DB] Falha ao registrar infração
2026-09-16 10:45:16 [ERROR]: [DB] Falha ao registrar infração
2026-09-16 10:45:16 [ERROR]: [DB] Falha ao registrar infração
2026-09-16 10:45:16 [ERROR]: [DB] Falha ao registrar infração
2026-09-16 10:45:16 [ERROR]: [DB] Falha ao registrar infração
2026-09-16 10:45:17 [ERROR]: ❌ [Erro no comando $stats:] SQLITE_ERROR: no such table: feedbacks
2026-09-16 10:45:17 [ERROR]:    Stack: 
2026-09-16 10:45:17 [INFO]: 🛑 [SHUTDOWN] Comando executado por: 5588998314322@c.us 
2026-09-16 10:45:17 [ERROR]: ❌ [❌ Erro no $grupos:] ctx.client.getChats is not a function
2026-09-16 10:45:17 [ERROR]:    Stack: at Object.execute (D:/Desktop/Programas/bot-wpp/src/bot/commands/grupos.ts:17:44)
2026-09-16 10:45:17 [ERROR]: ❌ [[ScreenCommand] Erro:] connect ECONNREFUSED 127.0.0.1:3002
2026-09-16 10:45:17 [ERROR]:    Stack: at TCPConnectWrap.afterConnect [as oncomplete] (node:net:1638:16)
2026-09-16 10:45:17 [ERROR]: ❌ [[ScreenCommand] Erro:] connect ECONNREFUSED 127.0.0.1:3002
2026-09-16 10:45:17 [ERROR]:    Stack: at TCPConnectWrap.afterConnect [as oncomplete] (node:net:1638:16)
2026-09-16 10:45:17 [INFO]: [TelegramAdapter] Inicializando... 
2026-09-16 10:45:17 [INFO]: [Telegram] Iniciando launch()... 
2026-09-16 10:45:17 [INFO]: [Telegram] ✅ Pronto como  () 
2026-09-16 10:45:17 [INFO]: [TelegramAdapter] Inicializando... 
2026-09-16 10:45:17 [INFO]: [Telegram] Iniciando launch()... 
2026-09-16 10:45:17 [INFO]: [Telegram] ✅ Pronto como  () 
2026-09-16 10:45:17 [INFO]: [TelegramAdapter] Inicializando... 
2026-09-16 10:45:17 [INFO]: [Telegram] Iniciando launch()... 
2026-09-16 10:45:17 [INFO]: [Telegram] ✅ Pronto como  () 
2026-09-16 10:45:17 [INFO]: [TelegramAdapter] Inicializando... 
2026-09-16 10:45:17 [INFO]: [TelegramAdapter] Já estava pronto 
2026-09-16 10:45:17 [INFO]: [TelegramAdapter] Inicializando... 
2026-09-16 10:45:17 [INFO]: [Telegram] Iniciando launch()... 
2026-09-16 10:45:17 [INFO]: [Telegram] ✅ Pronto como  () 
2026-09-16 10:45:17 [INFO]: [TelegramAdapter] Inicializando... 
2026-09-16 10:45:17 [INFO]: [Telegram] Iniciando launch()... 
2026-09-16 10:45:17 [INFO]: [Telegram] ✅ Pronto como  () 
2026-09-16 10:45:17 [INFO]: [Discord] Cliente v14 inicializado com intents, partials e presence 
2026-09-16 10:45:17 [INFO]: [Discord] Iniciando login... 
2026-09-16 10:45:17 [INFO]: [Discord] ✅ Pronto como TestDiscordBot (1111) 
2026-09-16 10:45:17 [ERROR]: ❌ [[Discord] Erro ao definir presença:] this.client.user?.setPresence is not a function
2026-09-16 10:45:17 [INFO]: [Discord] Chamada de login concluída 
2026-09-16 10:45:17 [INFO]: [Discord] Cliente v14 inicializado com intents, partials e presence 
2026-09-16 10:45:17 [INFO]: [Discord] Iniciando login... 
2026-09-16 10:45:17 [INFO]: [Discord] ✅ Pronto como TestDiscordBot (1111) 
2026-09-16 10:45:17 [ERROR]: ❌ [[Discord] Erro ao definir presença:] this.client.user?.setPresence is not a function
2026-09-16 10:45:17 [INFO]: [Discord] Chamada de login concluída 
2026-09-16 10:45:17 [INFO]: [Discord] Iniciando login... 
2026-09-16 10:45:17 [INFO]: [Discord] Chamada de login concluída 
2026-09-16 10:45:17 [INFO]: [Discord] Cliente v14 inicializado com intents, partials e presence 
2026-09-16 10:45:17 [INFO]: [Discord] Iniciando login... 
2026-09-16 10:45:17 [INFO]: [Discord] ✅ Pronto como TestDiscordBot (1111) 
2026-09-16 10:45:17 [ERROR]: ❌ [[Discord] Erro ao definir presença:] this.client.user?.setPresence is not a function
2026-09-16 10:45:17 [INFO]: [Discord] Chamada de login concluída 
2026-09-16 10:45:17 [ERROR]: ❌ [[ScreenCommand] Erro:] connect ECONNREFUSED 127.0.0.1:3002
2026-09-16 10:45:17 [ERROR]:    Stack: at TCPConnectWrap.afterConnect [as oncomplete] (node:net:1638:16)
2026-09-16 10:45:17 [INFO]: 🛑 [SHUTDOWN] Comando executado por: 5588998314322@c.us 
2026-09-16 10:45:20 [INFO]: [DiscordScreenService] Missing required Discord credentials, screen sharing disabled 
2026-09-16 10:45:20 [INFO]: [DiscordScreenService] Gerenciado externamente (DISCORD_SCREEN_EXTERNAL) — spawn interno desativado 
2026-09-16 10:45:20 [INFO]: [DiscordScreenService] Gerenciado externamente (DISCORD_SCREEN_EXTERNAL) — spawn interno desativado 
2026-09-16 10:45:20 [ERROR]: [memberJoinService] Erro ao processar entrada
2026-09-16 10:45:22 [INFO]: [keywordHandler] Palavra-chave detectada, resposta enviada
2026-09-16 10:45:23 [INFO]: [Discord] Cliente v14 inicializado com intents, partials e presence 
2026-09-16 12:26:39 [ERROR]: [DB] Falha ao registrar infração
2026-09-16 12:26:39 [ERROR]: [DB] Falha ao registrar infração
2026-09-16 12:26:39 [ERROR]: [DB] Falha ao registrar infração
2026-09-16 12:26:39 [ERROR]: [DB] Falha ao registrar infração
2026-09-16 12:26:39 [ERROR]: [DB] Falha ao registrar infração
2026-09-16 12:26:39 [ERROR]: [DB] Falha ao registrar infração
2026-09-16 12:26:39 [ERROR]: [DB] Falha ao registrar infração
2026-09-16 12:26:39 [ERROR]: [DB] Falha ao registrar infração
2026-09-16 12:26:39 [ERROR]: [DB] Falha ao registrar infração
2026-09-16 12:26:40 [INFO]: [TelegramAdapter] Inicializando... 
2026-09-16 12:26:40 [INFO]: [Telegram] Iniciando launch()... 
2026-09-16 12:26:40 [INFO]: [Telegram] ✅ Pronto como  () 
2026-09-16 12:26:40 [INFO]: [TelegramAdapter] Inicializando... 
2026-09-16 12:26:40 [INFO]: [Telegram] Iniciando launch()... 
2026-09-16 12:26:40 [INFO]: [Telegram] ✅ Pronto como  () 
2026-09-16 12:26:40 [INFO]: [TelegramAdapter] Inicializando... 
2026-09-16 12:26:40 [INFO]: [Telegram] Iniciando launch()... 
2026-09-16 12:26:40 [INFO]: [Telegram] ✅ Pronto como  () 
2026-09-16 12:26:40 [INFO]: [TelegramAdapter] Inicializando... 
2026-09-16 12:26:40 [INFO]: [TelegramAdapter] Já estava pronto 
2026-09-16 12:26:40 [INFO]: [TelegramAdapter] Inicializando... 
2026-09-16 12:26:40 [INFO]: [Telegram] Iniciando launch()... 
2026-09-16 12:26:40 [INFO]: [Telegram] ✅ Pronto como  () 
2026-09-16 12:26:40 [INFO]: [TelegramAdapter] Inicializando... 
2026-09-16 12:26:40 [INFO]: [Telegram] Iniciando launch()... 
2026-09-16 12:26:40 [INFO]: [Telegram] ✅ Pronto como  () 
2026-09-16 12:26:40 [INFO]: [Discord] Cliente v14 inicializado com intents, partials e presence 
2026-09-16 12:26:40 [INFO]: [Discord] Iniciando login... 
2026-09-16 12:26:40 [INFO]: [Discord] ✅ Pronto como TestDiscordBot (1111) 
2026-09-16 12:26:40 [ERROR]: ❌ [[Discord] Erro ao definir presença:] this.client.user?.setPresence is not a function
2026-09-16 12:26:40 [INFO]: [Discord] Chamada de login concluída 
2026-09-16 12:26:40 [INFO]: [Discord] Cliente v14 inicializado com intents, partials e presence 
2026-09-16 12:26:40 [INFO]: [Discord] Iniciando login... 
2026-09-16 12:26:40 [INFO]: [Discord] ✅ Pronto como TestDiscordBot (1111) 
2026-09-16 12:26:40 [ERROR]: ❌ [[Discord] Erro ao definir presença:] this.client.user?.setPresence is not a function
2026-09-16 12:26:40 [INFO]: [Discord] Chamada de login concluída 
2026-09-16 12:26:40 [INFO]: [Discord] Iniciando login... 
2026-09-16 12:26:40 [INFO]: [Discord] Chamada de login concluída 
2026-09-16 12:26:40 [INFO]: [Discord] Cliente v14 inicializado com intents, partials e presence 
2026-09-16 12:26:40 [INFO]: [Discord] Iniciando login... 
2026-09-16 12:26:40 [INFO]: [Discord] ✅ Pronto como TestDiscordBot (1111) 
2026-09-16 12:26:40 [ERROR]: ❌ [[Discord] Erro ao definir presença:] this.client.user?.setPresence is not a function
2026-09-16 12:26:40 [INFO]: [Discord] Chamada de login concluída 
2026-09-16 12:26:44 [ERROR]: ❌ [Erro no comando $stats:] SQLITE_ERROR: no such table: feedbacks
2026-09-16 12:26:44 [ERROR]:    Stack: 
2026-09-16 12:26:44 [INFO]: 🛑 [SHUTDOWN] Comando executado por: 5588998314322@c.us 
2026-09-16 12:26:44 [ERROR]: ❌ [❌ Erro no $grupos:] ctx.client.getChats is not a function
2026-09-16 12:26:44 [ERROR]:    Stack: at Object.execute (D:/Desktop/Programas/bot-wpp/src/bot/commands/grupos.ts:17:44)
2026-09-16 12:26:44 [ERROR]: ❌ [[ScreenCommand] Erro:] connect ECONNREFUSED 127.0.0.1:3002
2026-09-16 12:26:44 [ERROR]:    Stack: at TCPConnectWrap.afterConnect [as oncomplete] (node:net:1638:16)
2026-09-16 12:26:44 [ERROR]: ❌ [[ScreenCommand] Erro:] connect ECONNREFUSED 127.0.0.1:3002
2026-09-16 12:26:44 [ERROR]:    Stack: at TCPConnectWrap.afterConnect [as oncomplete] (node:net:1638:16)
2026-09-16 12:26:44 [ERROR]: ❌ [[ScreenCommand] Erro:] connect ECONNREFUSED 127.0.0.1:3002
2026-09-16 12:26:44 [ERROR]:    Stack: at TCPConnectWrap.afterConnect [as oncomplete] (node:net:1638:16)
2026-09-16 12:26:45 [INFO]: 🛑 [SHUTDOWN] Comando executado por: 5588998314322@c.us 
2026-09-16 12:26:46 [ERROR]: [memberJoinService] Erro ao processar entrada
2026-09-16 12:26:47 [INFO]: [DiscordScreenService] Missing required Discord credentials, screen sharing disabled 
2026-09-16 12:26:47 [INFO]: [DiscordScreenService] Gerenciado externamente (DISCORD_SCREEN_EXTERNAL) — spawn interno desativado 
2026-09-16 12:26:47 [INFO]: [DiscordScreenService] Gerenciado externamente (DISCORD_SCREEN_EXTERNAL) — spawn interno desativado 
2026-09-16 12:26:48 [INFO]: [keywordHandler] Palavra-chave detectada, resposta enviada
2026-09-16 12:26:49 [INFO]: [Discord] Cliente v14 inicializado com intents, partials e presence 
2026-09-16 12:27:04 [ERROR]: [DB] Falha ao registrar infração
2026-09-16 12:27:05 [ERROR]: [DB] Falha ao registrar infração
2026-09-16 12:27:05 [ERROR]: [DB] Falha ao registrar infração
2026-09-16 12:27:05 [ERROR]: [DB] Falha ao registrar infração
2026-09-16 12:27:05 [ERROR]: [DB] Falha ao registrar infração
2026-09-16 12:27:05 [ERROR]: [DB] Falha ao registrar infração
2026-09-16 12:27:05 [ERROR]: [DB] Falha ao registrar infração
2026-09-16 12:27:05 [ERROR]: [DB] Falha ao registrar infração
2026-09-16 12:27:05 [ERROR]: [DB] Falha ao registrar infração
2026-09-16 12:27:09 [ERROR]: ❌ [Erro no comando $stats:] SQLITE_ERROR: no such table: feedbacks
2026-09-16 12:27:09 [ERROR]:    Stack: 
2026-09-16 12:27:09 [INFO]: 🛑 [SHUTDOWN] Comando executado por: 5588998314322@c.us 
2026-09-16 12:27:09 [ERROR]: ❌ [❌ Erro no $grupos:] ctx.client.getChats is not a function
2026-09-16 12:27:09 [ERROR]:    Stack: at Object.execute (D:/Desktop/Programas/bot-wpp/src/bot/commands/grupos.ts:17:44)
2026-09-16 12:27:09 [ERROR]: ❌ [[ScreenCommand] Erro:] connect ECONNREFUSED 127.0.0.1:3002
2026-09-16 12:27:09 [ERROR]:    Stack: at TCPConnectWrap.afterConnect [as oncomplete] (node:net:1638:16)
2026-09-16 12:27:09 [ERROR]: ❌ [[ScreenCommand] Erro:] connect ECONNREFUSED 127.0.0.1:3002
2026-09-16 12:27:09 [ERROR]:    Stack: at TCPConnectWrap.afterConnect [as oncomplete] (node:net:1638:16)
2026-09-16 12:27:09 [ERROR]: ❌ [[ScreenCommand] Erro:] connect ECONNREFUSED 127.0.0.1:3002
2026-09-16 12:27:09 [ERROR]:    Stack: at TCPConnectWrap.afterConnect [as oncomplete] (node:net:1638:16)
2026-09-16 12:27:09 [INFO]: 🛑 [SHUTDOWN] Comando executado por: 5588998314322@c.us 
2026-09-16 12:27:10 [INFO]: [TelegramAdapter] Inicializando... 
2026-09-16 12:27:10 [INFO]: [Telegram] Iniciando launch()... 
2026-09-16 12:27:10 [INFO]: [Telegram] ✅ Pronto como  () 
2026-09-16 12:27:10 [INFO]: [TelegramAdapter] Inicializando... 
2026-09-16 12:27:10 [INFO]: [Telegram] Iniciando launch()... 
2026-09-16 12:27:10 [INFO]: [Telegram] ✅ Pronto como  () 
2026-09-16 12:27:10 [INFO]: [TelegramAdapter] Inicializando... 
2026-09-16 12:27:10 [INFO]: [Telegram] Iniciando launch()... 
2026-09-16 12:27:10 [INFO]: [Telegram] ✅ Pronto como  () 
2026-09-16 12:27:10 [INFO]: [TelegramAdapter] Inicializando... 
2026-09-16 12:27:10 [INFO]: [TelegramAdapter] Já estava pronto 
2026-09-16 12:27:10 [INFO]: [TelegramAdapter] Inicializando... 
2026-09-16 12:27:10 [INFO]: [Telegram] Iniciando launch()... 
2026-09-16 12:27:10 [INFO]: [Telegram] ✅ Pronto como  () 
2026-09-16 12:27:10 [INFO]: [TelegramAdapter] Inicializando... 
2026-09-16 12:27:10 [INFO]: [Telegram] Iniciando launch()... 
2026-09-16 12:27:10 [INFO]: [Telegram] ✅ Pronto como  () 
2026-09-16 12:27:10 [INFO]: [Discord] Cliente v14 inicializado com intents, partials e presence 
2026-09-16 12:27:10 [INFO]: [Discord] Iniciando login... 
2026-09-16 12:27:10 [INFO]: [Discord] ✅ Pronto como TestDiscordBot (1111) 
2026-09-16 12:27:10 [ERROR]: ❌ [[Discord] Erro ao definir presença:] this.client.user?.setPresence is not a function
2026-09-16 12:27:10 [INFO]: [Discord] Chamada de login concluída 
2026-09-16 12:27:10 [INFO]: [Discord] Cliente v14 inicializado com intents, partials e presence 
2026-09-16 12:27:10 [INFO]: [Discord] Iniciando login... 
2026-09-16 12:27:10 [INFO]: [Discord] ✅ Pronto como TestDiscordBot (1111) 
2026-09-16 12:27:10 [ERROR]: ❌ [[Discord] Erro ao definir presença:] this.client.user?.setPresence is not a function
2026-09-16 12:27:10 [INFO]: [Discord] Chamada de login concluída 
2026-09-16 12:27:10 [INFO]: [Discord] Iniciando login... 
2026-09-16 12:27:10 [INFO]: [Discord] Chamada de login concluída 
2026-09-16 12:27:10 [INFO]: [Discord] Cliente v14 inicializado com intents, partials e presence 
2026-09-16 12:27:10 [INFO]: [Discord] Iniciando login... 
2026-09-16 12:27:10 [INFO]: [Discord] ✅ Pronto como TestDiscordBot (1111) 
2026-09-16 12:27:10 [ERROR]: ❌ [[Discord] Erro ao definir presença:] this.client.user?.setPresence is not a function
2026-09-16 12:27:10 [INFO]: [Discord] Chamada de login concluída 
2026-09-16 12:27:10 [ERROR]: [memberJoinService] Erro ao processar entrada
2026-09-16 12:27:11 [INFO]: [DiscordScreenService] Missing required Discord credentials, screen sharing disabled 
2026-09-16 12:27:11 [INFO]: [DiscordScreenService] Gerenciado externamente (DISCORD_SCREEN_EXTERNAL) — spawn interno desativado 
2026-09-16 12:27:11 [INFO]: [DiscordScreenService] Gerenciado externamente (DISCORD_SCREEN_EXTERNAL) — spawn interno desativado 
2026-09-16 12:27:12 [INFO]: [keywordHandler] Palavra-chave detectada, resposta enviada
2026-09-16 12:27:13 [INFO]: [Discord] Cliente v14 inicializado com intents, partials e presence 
2026-09-16 12:28:54 [ERROR]: [DB] Falha ao registrar infração
2026-09-16 12:28:54 [ERROR]: [DB] Falha ao registrar infração
2026-09-16 12:28:54 [ERROR]: [DB] Falha ao registrar infração
2026-09-16 12:28:54 [ERROR]: [DB] Falha ao registrar infração
2026-09-16 12:28:54 [ERROR]: [DB] Falha ao registrar infração
2026-09-16 12:28:54 [ERROR]: [DB] Falha ao registrar infração
2026-09-16 12:28:54 [ERROR]: [DB] Falha ao registrar infração
2026-09-16 12:28:54 [ERROR]: [DB] Falha ao registrar infração
2026-09-16 12:28:54 [ERROR]: [DB] Falha ao registrar infração
2026-09-16 12:28:56 [INFO]: [TelegramAdapter] Inicializando... 
2026-09-16 12:28:56 [INFO]: [Telegram] Iniciando launch()... 
2026-09-16 12:28:56 [INFO]: [Telegram] ✅ Pronto como  () 
2026-09-16 12:28:56 [INFO]: [TelegramAdapter] Inicializando... 
2026-09-16 12:28:56 [INFO]: [Telegram] Iniciando launch()... 
2026-09-16 12:28:56 [INFO]: [Telegram] ✅ Pronto como  () 
2026-09-16 12:28:56 [INFO]: [TelegramAdapter] Inicializando... 
2026-09-16 12:28:56 [INFO]: [Telegram] Iniciando launch()... 
2026-09-16 12:28:56 [INFO]: [Telegram] ✅ Pronto como  () 
2026-09-16 12:28:56 [INFO]: [TelegramAdapter] Inicializando... 
2026-09-16 12:28:56 [INFO]: [TelegramAdapter] Já estava pronto 
2026-09-16 12:28:56 [INFO]: [TelegramAdapter] Inicializando... 
2026-09-16 12:28:56 [INFO]: [Telegram] Iniciando launch()... 
2026-09-16 12:28:56 [INFO]: [Telegram] ✅ Pronto como  () 
2026-09-16 12:28:56 [INFO]: [TelegramAdapter] Inicializando... 
2026-09-16 12:28:56 [INFO]: [Telegram] Iniciando launch()... 
2026-09-16 12:28:56 [INFO]: [Telegram] ✅ Pronto como  () 
2026-09-16 12:28:56 [INFO]: [Discord] Cliente v14 inicializado com intents, partials e presence 
2026-09-16 12:28:56 [INFO]: [Discord] Iniciando login... 
2026-09-16 12:28:56 [INFO]: [Discord] ✅ Pronto como TestDiscordBot (1111) 
2026-09-16 12:28:56 [ERROR]: ❌ [[Discord] Erro ao definir presença:] this.client.user?.setPresence is not a function
2026-09-16 12:28:56 [INFO]: [Discord] Chamada de login concluída 
2026-09-16 12:28:56 [INFO]: [Discord] Cliente v14 inicializado com intents, partials e presence 
2026-09-16 12:28:56 [INFO]: [Discord] Iniciando login... 
2026-09-16 12:28:56 [INFO]: [Discord] ✅ Pronto como TestDiscordBot (1111) 
2026-09-16 12:28:56 [ERROR]: ❌ [[Discord] Erro ao definir presença:] this.client.user?.setPresence is not a function
2026-09-16 12:28:56 [INFO]: [Discord] Chamada de login concluída 
2026-09-16 12:28:56 [INFO]: [Discord] Iniciando login... 
2026-09-16 12:28:56 [INFO]: [Discord] Chamada de login concluída 
2026-09-16 12:28:56 [INFO]: [Discord] Cliente v14 inicializado com intents, partials e presence 
2026-09-16 12:28:56 [INFO]: [Discord] Iniciando login... 
2026-09-16 12:28:56 [INFO]: [Discord] ✅ Pronto como TestDiscordBot (1111) 
2026-09-16 12:28:56 [ERROR]: ❌ [[Discord] Erro ao definir presença:] this.client.user?.setPresence is not a function
2026-09-16 12:28:56 [INFO]: [Discord] Chamada de login concluída 
2026-09-16 12:28:57 [ERROR]: ❌ [Erro no comando $stats:] SQLITE_ERROR: no such table: feedbacks
2026-09-16 12:28:57 [ERROR]:    Stack: 
2026-09-16 12:28:57 [INFO]: 🛑 [SHUTDOWN] Comando executado por: 5588998314322@c.us 
2026-09-16 12:28:57 [ERROR]: ❌ [❌ Erro no $grupos:] ctx.client.getChats is not a function
2026-09-16 12:28:57 [ERROR]:    Stack: at Object.execute (D:/Desktop/Programas/bot-wpp/src/bot/commands/grupos.ts:17:44)
2026-09-16 12:28:57 [ERROR]: ❌ [[ScreenCommand] Erro:] connect ECONNREFUSED 127.0.0.1:3002
2026-09-16 12:28:57 [ERROR]:    Stack: at TCPConnectWrap.afterConnect [as oncomplete] (node:net:1638:16)
2026-09-16 12:28:57 [ERROR]: ❌ [[ScreenCommand] Erro:] connect ECONNREFUSED 127.0.0.1:3002
2026-09-16 12:28:57 [ERROR]:    Stack: at TCPConnectWrap.afterConnect [as oncomplete] (node:net:1638:16)
2026-09-16 12:28:57 [ERROR]: ❌ [[ScreenCommand] Erro:] connect ECONNREFUSED 127.0.0.1:3002
2026-09-16 12:28:57 [ERROR]:    Stack: at TCPConnectWrap.afterConnect [as oncomplete] (node:net:1638:16)
2026-09-16 12:28:57 [INFO]: 🛑 [SHUTDOWN] Comando executado por: 5588998314322@c.us 
2026-09-16 12:28:59 [ERROR]: [memberJoinService] Erro ao processar entrada
2026-09-16 12:28:59 [INFO]: [DiscordScreenService] Missing required Discord credentials, screen sharing disabled 
2026-09-16 12:28:59 [INFO]: [DiscordScreenService] Gerenciado externamente (DISCORD_SCREEN_EXTERNAL) — spawn interno desativado 
2026-09-16 12:28:59 [INFO]: [DiscordScreenService] Gerenciado externamente (DISCORD_SCREEN_EXTERNAL) — spawn interno desativado 
2026-09-16 12:29:00 [INFO]: [keywordHandler] Palavra-chave detectada, resposta enviada
2026-09-16 12:29:01 [INFO]: [Discord] Cliente v14 inicializado com intents, partials e presence 
2026-09-16 12:29:24 [ERROR]: [DB] Falha ao registrar infração
2026-09-16 12:29:24 [ERROR]: [DB] Falha ao registrar infração
2026-09-16 12:29:24 [ERROR]: [DB] Falha ao registrar infração
2026-09-16 12:29:24 [ERROR]: [DB] Falha ao registrar infração
2026-09-16 12:29:24 [ERROR]: [DB] Falha ao registrar infração
2026-09-16 12:29:24 [ERROR]: [DB] Falha ao registrar infração
2026-09-16 12:29:24 [ERROR]: [DB] Falha ao registrar infração
2026-09-16 12:29:25 [ERROR]: [DB] Falha ao registrar infração
2026-09-16 12:29:25 [ERROR]: [DB] Falha ao registrar infração
2026-09-16 12:29:27 [ERROR]: ❌ [Erro no comando $stats:] SQLITE_ERROR: no such table: feedbacks
2026-09-16 12:29:27 [ERROR]:    Stack: 
2026-09-16 12:29:27 [INFO]: 🛑 [SHUTDOWN] Comando executado por: 5588998314322@c.us 
2026-09-16 12:29:27 [ERROR]: ❌ [❌ Erro no $grupos:] ctx.client.getChats is not a function
2026-09-16 12:29:27 [ERROR]:    Stack: at Object.execute (D:/Desktop/Programas/bot-wpp/src/bot/commands/grupos.ts:17:44)
2026-09-16 12:29:27 [ERROR]: ❌ [[ScreenCommand] Erro:] connect ECONNREFUSED 127.0.0.1:3002
2026-09-16 12:29:27 [ERROR]:    Stack: at TCPConnectWrap.afterConnect [as oncomplete] (node:net:1638:16)
2026-09-16 12:29:27 [ERROR]: ❌ [[ScreenCommand] Erro:] connect ECONNREFUSED 127.0.0.1:3002
2026-09-16 12:29:27 [ERROR]:    Stack: at TCPConnectWrap.afterConnect [as oncomplete] (node:net:1638:16)
2026-09-16 12:29:27 [ERROR]: ❌ [[ScreenCommand] Erro:] connect ECONNREFUSED 127.0.0.1:3002
2026-09-16 12:29:27 [ERROR]:    Stack: at TCPConnectWrap.afterConnect [as oncomplete] (node:net:1638:16)
2026-09-16 12:29:27 [INFO]: 🛑 [SHUTDOWN] Comando executado por: 5588998314322@c.us 
2026-09-16 12:29:27 [INFO]: [TelegramAdapter] Inicializando... 
2026-09-16 12:29:27 [INFO]: [Telegram] Iniciando launch()... 
2026-09-16 12:29:27 [INFO]: [Telegram] ✅ Pronto como  () 
2026-09-16 12:29:27 [INFO]: [TelegramAdapter] Inicializando... 
2026-09-16 12:29:27 [INFO]: [Telegram] Iniciando launch()... 
2026-09-16 12:29:27 [INFO]: [Telegram] ✅ Pronto como  () 
2026-09-16 12:29:27 [INFO]: [TelegramAdapter] Inicializando... 
2026-09-16 12:29:27 [INFO]: [Telegram] Iniciando launch()... 
2026-09-16 12:29:27 [INFO]: [Telegram] ✅ Pronto como  () 
2026-09-16 12:29:27 [INFO]: [TelegramAdapter] Inicializando... 
2026-09-16 12:29:27 [INFO]: [TelegramAdapter] Já estava pronto 
2026-09-16 12:29:27 [INFO]: [TelegramAdapter] Inicializando... 
2026-09-16 12:29:27 [INFO]: [Telegram] Iniciando launch()... 
2026-09-16 12:29:27 [INFO]: [Telegram] ✅ Pronto como  () 
2026-09-16 12:29:27 [INFO]: [TelegramAdapter] Inicializando... 
2026-09-16 12:29:27 [INFO]: [Telegram] Iniciando launch()... 
2026-09-16 12:29:27 [INFO]: [Telegram] ✅ Pronto como  () 
2026-09-16 12:29:27 [INFO]: [Discord] Cliente v14 inicializado com intents, partials e presence 
2026-09-16 12:29:27 [INFO]: [Discord] Iniciando login... 
2026-09-16 12:29:27 [INFO]: [Discord] ✅ Pronto como TestDiscordBot (1111) 
2026-09-16 12:29:27 [ERROR]: ❌ [[Discord] Erro ao definir presença:] this.client.user?.setPresence is not a function
2026-09-16 12:29:27 [INFO]: [Discord] Chamada de login concluída 
2026-09-16 12:29:27 [INFO]: [Discord] Cliente v14 inicializado com intents, partials e presence 
2026-09-16 12:29:27 [INFO]: [Discord] Iniciando login... 
2026-09-16 12:29:27 [INFO]: [Discord] ✅ Pronto como TestDiscordBot (1111) 
2026-09-16 12:29:27 [ERROR]: ❌ [[Discord] Erro ao definir presença:] this.client.user?.setPresence is not a function
2026-09-16 12:29:27 [INFO]: [Discord] Chamada de login concluída 
2026-09-16 12:29:27 [INFO]: [Discord] Iniciando login... 
2026-09-16 12:29:27 [INFO]: [Discord] Chamada de login concluída 
2026-09-16 12:29:27 [INFO]: [Discord] Cliente v14 inicializado com intents, partials e presence 
2026-09-16 12:29:27 [INFO]: [Discord] Iniciando login... 
2026-09-16 12:29:27 [INFO]: [Discord] ✅ Pronto como TestDiscordBot (1111) 
2026-09-16 12:29:27 [ERROR]: ❌ [[Discord] Erro ao definir presença:] this.client.user?.setPresence is not a function
2026-09-16 12:29:27 [INFO]: [Discord] Chamada de login concluída 
2026-09-16 12:29:30 [ERROR]: [memberJoinService] Erro ao processar entrada
2026-09-16 12:29:31 [INFO]: [DiscordScreenService] Missing required Discord credentials, screen sharing disabled 
2026-09-16 12:29:31 [INFO]: [DiscordScreenService] Gerenciado externamente (DISCORD_SCREEN_EXTERNAL) — spawn interno desativado 
2026-09-16 12:29:31 [INFO]: [DiscordScreenService] Gerenciado externamente (DISCORD_SCREEN_EXTERNAL) — spawn interno desativado 
2026-09-16 12:29:32 [INFO]: [keywordHandler] Palavra-chave detectada, resposta enviada
2026-09-16 12:29:32 [INFO]: [Discord] Cliente v14 inicializado com intents, partials e presence 
2026-09-16 12:31:00 [ERROR]: [DB] Falha ao registrar infração
2026-09-16 12:31:00 [ERROR]: [DB] Falha ao registrar infração
2026-09-16 12:31:00 [ERROR]: [DB] Falha ao registrar infração
2026-09-16 12:31:00 [ERROR]: [DB] Falha ao registrar infração
2026-09-16 12:31:00 [ERROR]: [DB] Falha ao registrar infração
2026-09-16 12:31:00 [ERROR]: [DB] Falha ao registrar infração
2026-09-16 12:31:00 [ERROR]: [DB] Falha ao registrar infração
2026-09-16 12:31:00 [ERROR]: [DB] Falha ao registrar infração
2026-09-16 12:31:00 [ERROR]: [DB] Falha ao registrar infração
2026-09-16 12:31:01 [ERROR]: ❌ [Erro no comando $stats:] SQLITE_ERROR: no such table: feedbacks
2026-09-16 12:31:01 [ERROR]:    Stack: 
2026-09-16 12:31:01 [INFO]: 🛑 [SHUTDOWN] Comando executado por: 5588998314322@c.us 
2026-09-16 12:31:01 [ERROR]: ❌ [❌ Erro no $grupos:] ctx.client.getChats is not a function
2026-09-16 12:31:01 [ERROR]:    Stack: at Object.execute (D:/Desktop/Programas/bot-wpp/src/bot/commands/grupos.ts:17:44)
2026-09-16 12:31:01 [ERROR]: ❌ [[ScreenCommand] Erro:] connect ECONNREFUSED 127.0.0.1:3002
2026-09-16 12:31:01 [ERROR]:    Stack: at TCPConnectWrap.afterConnect [as oncomplete] (node:net:1638:16)
2026-09-16 12:31:01 [ERROR]: ❌ [[ScreenCommand] Erro:] connect ECONNREFUSED 127.0.0.1:3002
2026-09-16 12:31:01 [ERROR]:    Stack: at TCPConnectWrap.afterConnect [as oncomplete] (node:net:1638:16)
2026-09-16 12:31:02 [ERROR]: ❌ [[ScreenCommand] Erro:] connect ECONNREFUSED 127.0.0.1:3002
2026-09-16 12:31:02 [ERROR]:    Stack: at TCPConnectWrap.afterConnect [as oncomplete] (node:net:1638:16)
2026-09-16 12:31:02 [INFO]: 🛑 [SHUTDOWN] Comando executado por: 5588998314322@c.us 
2026-09-16 12:31:02 [INFO]: [TelegramAdapter] Inicializando... 
2026-09-16 12:31:02 [INFO]: [Telegram] Iniciando launch()... 
2026-09-16 12:31:02 [INFO]: [Telegram] ✅ Pronto como  () 
2026-09-16 12:31:02 [INFO]: [TelegramAdapter] Inicializando... 
2026-09-16 12:31:02 [INFO]: [Telegram] Iniciando launch()... 
2026-09-16 12:31:02 [INFO]: [Telegram] ✅ Pronto como  () 
2026-09-16 12:31:02 [INFO]: [TelegramAdapter] Inicializando... 
2026-09-16 12:31:02 [INFO]: [Telegram] Iniciando launch()... 
2026-09-16 12:31:02 [INFO]: [Telegram] ✅ Pronto como  () 
2026-09-16 12:31:02 [INFO]: [TelegramAdapter] Inicializando... 
2026-09-16 12:31:02 [INFO]: [TelegramAdapter] Já estava pronto 
2026-09-16 12:31:02 [INFO]: [TelegramAdapter] Inicializando... 
2026-09-16 12:31:02 [INFO]: [Telegram] Iniciando launch()... 
2026-09-16 12:31:02 [INFO]: [Telegram] ✅ Pronto como  () 
2026-09-16 12:31:02 [INFO]: [TelegramAdapter] Inicializando... 
2026-09-16 12:31:02 [INFO]: [Telegram] Iniciando launch()... 
2026-09-16 12:31:02 [INFO]: [Telegram] ✅ Pronto como  () 
2026-09-16 12:31:02 [INFO]: [Discord] Cliente v14 inicializado com intents, partials e presence 
2026-09-16 12:31:02 [INFO]: [Discord] Iniciando login... 
2026-09-16 12:31:02 [INFO]: [Discord] ✅ Pronto como TestDiscordBot (1111) 
2026-09-16 12:31:02 [ERROR]: ❌ [[Discord] Erro ao definir presença:] this.client.user?.setPresence is not a function
2026-09-16 12:31:02 [INFO]: [Discord] Chamada de login concluída 
2026-09-16 12:31:02 [INFO]: [Discord] Cliente v14 inicializado com intents, partials e presence 
2026-09-16 12:31:02 [INFO]: [Discord] Iniciando login... 
2026-09-16 12:31:02 [INFO]: [Discord] ✅ Pronto como TestDiscordBot (1111) 
2026-09-16 12:31:02 [ERROR]: ❌ [[Discord] Erro ao definir presença:] this.client.user?.setPresence is not a function
2026-09-16 12:31:02 [INFO]: [Discord] Chamada de login concluída 
2026-09-16 12:31:02 [INFO]: [Discord] Iniciando login... 
2026-09-16 12:31:02 [INFO]: [Discord] Chamada de login concluída 
2026-09-16 12:31:02 [INFO]: [Discord] Cliente v14 inicializado com intents, partials e presence 
2026-09-16 12:31:02 [INFO]: [Discord] Iniciando login... 
2026-09-16 12:31:02 [INFO]: [Discord] ✅ Pronto como TestDiscordBot (1111) 
2026-09-16 12:31:02 [ERROR]: ❌ [[Discord] Erro ao definir presença:] this.client.user?.setPresence is not a function
2026-09-16 12:31:02 [INFO]: [Discord] Chamada de login concluída 
2026-09-16 12:31:03 [ERROR]: [memberJoinService] Erro ao processar entrada
2026-09-16 12:31:04 [INFO]: [DiscordScreenService] Missing required Discord credentials, screen sharing disabled 
2026-09-16 12:31:04 [INFO]: [DiscordScreenService] Gerenciado externamente (DISCORD_SCREEN_EXTERNAL) — spawn interno desativado 
2026-09-16 12:31:04 [INFO]: [DiscordScreenService] Gerenciado externamente (DISCORD_SCREEN_EXTERNAL) — spawn interno desativado 
2026-09-16 12:31:05 [INFO]: [keywordHandler] Palavra-chave detectada, resposta enviada
2026-09-16 12:31:06 [INFO]: [Discord] Cliente v14 inicializado com intents, partials e presence 
2026-09-16 12:33:20 [ERROR]: [DB] Falha ao registrar infração
2026-09-16 12:33:20 [ERROR]: [DB] Falha ao registrar infração
2026-09-16 12:33:20 [ERROR]: [DB] Falha ao registrar infração
2026-09-16 12:33:20 [ERROR]: [DB] Falha ao registrar infração
2026-09-16 12:33:20 [ERROR]: [DB] Falha ao registrar infração
2026-09-16 12:33:20 [ERROR]: [DB] Falha ao registrar infração
2026-09-16 12:33:20 [ERROR]: [DB] Falha ao registrar infração
2026-09-16 12:33:20 [ERROR]: [DB] Falha ao registrar infração
2026-09-16 12:33:20 [ERROR]: [DB] Falha ao registrar infração
2026-09-16 12:33:22 [INFO]: [TelegramAdapter] Inicializando... 
2026-09-16 12:33:22 [INFO]: [Telegram] Iniciando launch()... 
2026-09-16 12:33:22 [INFO]: [Telegram] ✅ Pronto como  () 
2026-09-16 12:33:22 [INFO]: [TelegramAdapter] Inicializando... 
2026-09-16 12:33:22 [INFO]: [Telegram] Iniciando launch()... 
2026-09-16 12:33:22 [INFO]: [Telegram] ✅ Pronto como  () 
2026-09-16 12:33:22 [INFO]: [TelegramAdapter] Inicializando... 
2026-09-16 12:33:22 [INFO]: [Telegram] Iniciando launch()... 
2026-09-16 12:33:22 [INFO]: [Telegram] ✅ Pronto como  () 
2026-09-16 12:33:22 [INFO]: [TelegramAdapter] Inicializando... 
2026-09-16 12:33:22 [INFO]: [TelegramAdapter] Já estava pronto 
2026-09-16 12:33:22 [INFO]: [TelegramAdapter] Inicializando... 
2026-09-16 12:33:22 [INFO]: [Telegram] Iniciando launch()... 
2026-09-16 12:33:22 [INFO]: [Telegram] ✅ Pronto como  () 
2026-09-16 12:33:22 [INFO]: [TelegramAdapter] Inicializando... 
2026-09-16 12:33:22 [INFO]: [Telegram] Iniciando launch()... 
2026-09-16 12:33:22 [INFO]: [Telegram] ✅ Pronto como  () 
2026-09-16 12:33:22 [INFO]: [Discord] Cliente v14 inicializado com intents, partials e presence 
2026-09-16 12:33:22 [INFO]: [Discord] Iniciando login... 
2026-09-16 12:33:22 [INFO]: [Discord] ✅ Pronto como TestDiscordBot (1111) 
2026-09-16 12:33:22 [ERROR]: ❌ [[Discord] Erro ao definir presença:] this.client.user?.setPresence is not a function
2026-09-16 12:33:22 [INFO]: [Discord] Chamada de login concluída 
2026-09-16 12:33:22 [INFO]: [Discord] Cliente v14 inicializado com intents, partials e presence 
2026-09-16 12:33:22 [INFO]: [Discord] Iniciando login... 
2026-09-16 12:33:22 [INFO]: [Discord] ✅ Pronto como TestDiscordBot (1111) 
2026-09-16 12:33:22 [ERROR]: ❌ [[Discord] Erro ao definir presença:] this.client.user?.setPresence is not a function
2026-09-16 12:33:22 [INFO]: [Discord] Chamada de login concluída 
2026-09-16 12:33:22 [INFO]: [Discord] Iniciando login... 
2026-09-16 12:33:22 [INFO]: [Discord] Chamada de login concluída 
2026-09-16 12:33:22 [INFO]: [Discord] Cliente v14 inicializado com intents, partials e presence 
2026-09-16 12:33:22 [INFO]: [Discord] Iniciando login... 
2026-09-16 12:33:22 [INFO]: [Discord] ✅ Pronto como TestDiscordBot (1111) 
2026-09-16 12:33:22 [ERROR]: ❌ [[Discord] Erro ao definir presença:] this.client.user?.setPresence is not a function
2026-09-16 12:33:22 [INFO]: [Discord] Chamada de login concluída 
2026-09-16 12:33:23 [ERROR]: ❌ [Erro no comando $stats:] SQLITE_ERROR: no such table: feedbacks
2026-09-16 12:33:23 [ERROR]:    Stack: 
2026-09-16 12:33:23 [INFO]: 🛑 [SHUTDOWN] Comando executado por: 5588998314322@c.us 
2026-09-16 12:33:23 [ERROR]: ❌ [❌ Erro no $grupos:] ctx.client.getChats is not a function
2026-09-16 12:33:23 [ERROR]:    Stack: at Object.execute (D:/Desktop/Programas/bot-wpp/src/bot/commands/grupos.ts:17:44)
2026-09-16 12:33:23 [ERROR]: ❌ [[ScreenCommand] Erro:] connect ECONNREFUSED 127.0.0.1:3002
2026-09-16 12:33:23 [ERROR]:    Stack: at TCPConnectWrap.afterConnect [as oncomplete] (node:net:1638:16)
2026-09-16 12:33:23 [ERROR]: ❌ [[ScreenCommand] Erro:] connect ECONNREFUSED 127.0.0.1:3002
2026-09-16 12:33:23 [ERROR]:    Stack: at TCPConnectWrap.afterConnect [as oncomplete] (node:net:1638:16)
2026-09-16 12:33:23 [ERROR]: ❌ [[ScreenCommand] Erro:] connect ECONNREFUSED 127.0.0.1:3002
2026-09-16 12:33:23 [ERROR]:    Stack: at TCPConnectWrap.afterConnect [as oncomplete] (node:net:1638:16)
2026-09-16 12:33:23 [INFO]: 🛑 [SHUTDOWN] Comando executado por: 5588998314322@c.us 
2026-09-16 12:33:24 [ERROR]: [memberJoinService] Erro ao processar entrada
2026-09-16 12:33:25 [INFO]: [DiscordScreenService] Missing required Discord credentials, screen sharing disabled 
2026-09-16 12:33:25 [INFO]: [DiscordScreenService] Gerenciado externamente (DISCORD_SCREEN_EXTERNAL) — spawn interno desativado 
2026-09-16 12:33:25 [INFO]: [DiscordScreenService] Gerenciado externamente (DISCORD_SCREEN_EXTERNAL) — spawn interno desativado 
2026-09-16 12:33:29 [INFO]: [keywordHandler] Palavra-chave detectada, resposta enviada
2026-09-16 12:33:29 [INFO]: [Discord] Cliente v14 inicializado com intents, partials e presence 
2026-09-16 13:35:53 [INFO]: 🛑 [SHUTDOWN] Comando executado por: 5588998314322@c.us 
2026-09-16 13:35:54 [ERROR]: [DB] Falha ao registrar infração
2026-09-16 13:35:54 [ERROR]: [DB] Falha ao registrar infração
2026-09-16 13:35:54 [ERROR]: [DB] Falha ao registrar infração
2026-09-16 13:35:54 [ERROR]: [DB] Falha ao registrar infração
2026-09-16 13:35:54 [ERROR]: [DB] Falha ao registrar infração
2026-09-16 13:35:54 [ERROR]: [DB] Falha ao registrar infração
2026-09-16 13:35:54 [ERROR]: [DB] Falha ao registrar infração
2026-09-16 13:35:54 [ERROR]: [DB] Falha ao registrar infração
2026-09-16 13:35:54 [ERROR]: [DB] Falha ao registrar infração
2026-09-16 13:35:54 [INFO]: [TelegramAdapter] Inicializando... 
2026-09-16 13:35:54 [INFO]: [Telegram] Iniciando launch()... 
2026-09-16 13:35:54 [INFO]: [Telegram] ✅ Pronto como  () 
2026-09-16 13:35:54 [INFO]: [TelegramAdapter] Inicializando... 
2026-09-16 13:35:54 [INFO]: [Telegram] Iniciando launch()... 
2026-09-16 13:35:54 [INFO]: [Telegram] ✅ Pronto como  () 
2026-09-16 13:35:54 [INFO]: [TelegramAdapter] Inicializando... 
2026-09-16 13:35:54 [INFO]: [Telegram] Iniciando launch()... 
2026-09-16 13:35:54 [INFO]: [Telegram] ✅ Pronto como  () 
2026-09-16 13:35:54 [INFO]: [TelegramAdapter] Inicializando... 
2026-09-16 13:35:54 [INFO]: [TelegramAdapter] Já estava pronto 
2026-09-16 13:35:54 [INFO]: [TelegramAdapter] Inicializando... 
2026-09-16 13:35:54 [INFO]: [Telegram] Iniciando launch()... 
2026-09-16 13:35:54 [INFO]: [Telegram] ✅ Pronto como  () 
2026-09-16 13:35:54 [INFO]: [TelegramAdapter] Inicializando... 
2026-09-16 13:35:54 [INFO]: [Telegram] Iniciando launch()... 
2026-09-16 13:35:54 [INFO]: [Telegram] ✅ Pronto como  () 
2026-09-16 13:35:54 [INFO]: [Discord] Cliente v14 inicializado com intents, partials e presence 
2026-09-16 13:35:54 [INFO]: [Discord] Iniciando login... 
2026-09-16 13:35:54 [INFO]: [Discord] ✅ Pronto como TestDiscordBot (1111) 
2026-09-16 13:35:54 [ERROR]: ❌ [[Discord] Erro ao definir presença:] this.client.user?.setPresence is not a function
2026-09-16 13:35:54 [INFO]: [Discord] Chamada de login concluída 
2026-09-16 13:35:54 [INFO]: [Discord] Cliente v14 inicializado com intents, partials e presence 
2026-09-16 13:35:54 [INFO]: [Discord] Iniciando login... 
2026-09-16 13:35:54 [INFO]: [Discord] ✅ Pronto como TestDiscordBot (1111) 
2026-09-16 13:35:54 [ERROR]: ❌ [[Discord] Erro ao definir presença:] this.client.user?.setPresence is not a function
2026-09-16 13:35:54 [INFO]: [Discord] Chamada de login concluída 
2026-09-16 13:35:54 [INFO]: [Discord] Iniciando login... 
2026-09-16 13:35:54 [INFO]: [Discord] Chamada de login concluída 
2026-09-16 13:35:54 [INFO]: [Discord] Cliente v14 inicializado com intents, partials e presence 
2026-09-16 13:35:54 [INFO]: [Discord] Iniciando login... 
2026-09-16 13:35:54 [INFO]: [Discord] ✅ Pronto como TestDiscordBot (1111) 
2026-09-16 13:35:54 [ERROR]: ❌ [[Discord] Erro ao definir presença:] this.client.user?.setPresence is not a function
2026-09-16 13:35:54 [INFO]: [Discord] Chamada de login concluída 
2026-09-16 13:35:55 [ERROR]: [memberJoinService] Erro ao processar entrada
2026-09-16 13:35:56 [INFO]: [keywordHandler] Palavra-chave detectada, resposta enviada
2026-09-16 13:35:57 [INFO]: [DiscordScreenService] Missing required Discord credentials, screen sharing disabled 
2026-09-16 13:35:57 [INFO]: [DiscordScreenService] Gerenciado externamente (DISCORD_SCREEN_EXTERNAL) — spawn interno desativado 
2026-09-16 13:35:57 [INFO]: [DiscordScreenService] Gerenciado externamente (DISCORD_SCREEN_EXTERNAL) — spawn interno desativado 
2026-09-16 13:35:58 [INFO]: [Discord] Cliente v14 inicializado com intents, partials e presence 
2026-09-16 13:38:20 [INFO]: [TestServer] Servidor de testes iniciado {"port":3004}
2026-09-16 13:38:20 [INFO]: [TestServer] endpoints: /test, /lab/find-message, /lab/messages, /lab/delete-message, /lab/adapter, /lab/groups, /lab/stats 
2026-09-16 13:38:20 [INFO]: [TestServer] /lab/delete-message: construída WAMessageKey completa para envio {"messageId":"3EB0...","groupJid":"120363419033272638@g.us","deleteKey":{"id":"3EB0...","remoteJid":"120363419033272638@g.us","fromMe":true}}
2026-09-16 17:59:35 [ERROR]: ❌ [Erro no comando $stats:] SQLITE_ERROR: no such table: feedbacks
2026-09-16 17:59:35 [ERROR]:    Stack: 
2026-09-16 17:59:35 [INFO]: 🛑 [SHUTDOWN] Comando executado por: 5588998314322@c.us 
2026-09-16 17:59:35 [ERROR]: ❌ [❌ Erro no $grupos:] ctx.client.getChats is not a function
2026-09-16 17:59:35 [ERROR]:    Stack: at Object.execute (D:/Desktop/Programas/bot-wpp/src/bot/commands/grupos.ts:17:44)
2026-09-16 17:59:35 [ERROR]: ❌ [[ScreenCommand] Erro:] connect ECONNREFUSED 127.0.0.1:3002
2026-09-16 17:59:35 [ERROR]:    Stack: at TCPConnectWrap.afterConnect [as oncomplete] (node:net:1638:16)
2026-09-16 17:59:35 [ERROR]: ❌ [[ScreenCommand] Erro:] connect ECONNREFUSED 127.0.0.1:3002
2026-09-16 17:59:35 [ERROR]:    Stack: at TCPConnectWrap.afterConnect [as oncomplete] (node:net:1638:16)
2026-09-16 17:59:35 [ERROR]: ❌ [[ScreenCommand] Erro:] connect ECONNREFUSED 127.0.0.1:3002
2026-09-16 17:59:35 [ERROR]:    Stack: at TCPConnectWrap.afterConnect [as oncomplete] (node:net:1638:16)
2026-09-16 17:59:35 [INFO]: 🛑 [SHUTDOWN] Comando executado por: 5588998314322@c.us 
2026-09-16 17:59:37 [ERROR]: [DB] Falha ao registrar infração
2026-09-16 17:59:37 [ERROR]: [DB] Falha ao registrar infração
2026-09-16 17:59:37 [ERROR]: [DB] Falha ao registrar infração
2026-09-16 17:59:37 [ERROR]: [DB] Falha ao registrar infração
2026-09-16 17:59:37 [ERROR]: [DB] Falha ao registrar infração
2026-09-16 17:59:37 [ERROR]: [DB] Falha ao registrar infração
2026-09-16 17:59:37 [ERROR]: [DB] Falha ao registrar infração
2026-09-16 17:59:37 [ERROR]: [DB] Falha ao registrar infração
2026-09-16 17:59:37 [ERROR]: [DB] Falha ao registrar infração
2026-09-16 17:59:37 [INFO]: [TelegramAdapter] Inicializando... 
2026-09-16 17:59:37 [INFO]: [Telegram] Iniciando launch()... 
2026-09-16 17:59:37 [INFO]: [Telegram] ✅ Pronto como  () 
2026-09-16 17:59:37 [INFO]: [TelegramAdapter] Inicializando... 
2026-09-16 17:59:37 [INFO]: [Telegram] Iniciando launch()... 
2026-09-16 17:59:37 [INFO]: [Telegram] ✅ Pronto como  () 
2026-09-16 17:59:37 [INFO]: [TelegramAdapter] Inicializando... 
2026-09-16 17:59:37 [INFO]: [Telegram] Iniciando launch()... 
2026-09-16 17:59:37 [INFO]: [Telegram] ✅ Pronto como  () 
2026-09-16 17:59:37 [INFO]: [TelegramAdapter] Inicializando... 
2026-09-16 17:59:37 [INFO]: [TelegramAdapter] Já estava pronto 
2026-09-16 17:59:37 [INFO]: [TelegramAdapter] Inicializando... 
2026-09-16 17:59:37 [INFO]: [Telegram] Iniciando launch()... 
2026-09-16 17:59:37 [INFO]: [Telegram] ✅ Pronto como  () 
2026-09-16 17:59:37 [INFO]: [TelegramAdapter] Inicializando... 
2026-09-16 17:59:37 [INFO]: [Telegram] Iniciando launch()... 
2026-09-16 17:59:37 [INFO]: [Telegram] ✅ Pronto como  () 
2026-09-16 17:59:37 [INFO]: [Discord] Cliente v14 inicializado com intents, partials e presence 
2026-09-16 17:59:37 [INFO]: [Discord] Iniciando login... 
2026-09-16 17:59:37 [INFO]: [Discord] ✅ Pronto como TestDiscordBot (1111) 
2026-09-16 17:59:37 [ERROR]: ❌ [[Discord] Erro ao definir presença:] this.client.user?.setPresence is not a function
2026-09-16 17:59:37 [INFO]: [Discord] Chamada de login concluída 
2026-09-16 17:59:37 [INFO]: [Discord] Cliente v14 inicializado com intents, partials e presence 
2026-09-16 17:59:37 [INFO]: [Discord] Iniciando login... 
2026-09-16 17:59:37 [INFO]: [Discord] ✅ Pronto como TestDiscordBot (1111) 
2026-09-16 17:59:37 [ERROR]: ❌ [[Discord] Erro ao definir presença:] this.client.user?.setPresence is not a function
2026-09-16 17:59:37 [INFO]: [Discord] Chamada de login concluída 
2026-09-16 17:59:37 [INFO]: [Discord] Iniciando login... 
2026-09-16 17:59:37 [INFO]: [Discord] Chamada de login concluída 
2026-09-16 17:59:37 [INFO]: [Discord] Cliente v14 inicializado com intents, partials e presence 
2026-09-16 17:59:37 [INFO]: [Discord] Iniciando login... 
2026-09-16 17:59:37 [INFO]: [Discord] ✅ Pronto como TestDiscordBot (1111) 
2026-09-16 17:59:37 [ERROR]: ❌ [[Discord] Erro ao definir presença:] this.client.user?.setPresence is not a function
2026-09-16 17:59:37 [INFO]: [Discord] Chamada de login concluída 
2026-09-16 17:59:38 [ERROR]: [memberJoinService] Erro ao processar entrada
2026-09-16 17:59:39 [INFO]: [DiscordScreenService] Missing required Discord credentials, screen sharing disabled 
2026-09-16 17:59:39 [INFO]: [DiscordScreenService] Gerenciado externamente (DISCORD_SCREEN_EXTERNAL) — spawn interno desativado 
2026-09-16 17:59:39 [INFO]: [DiscordScreenService] Gerenciado externamente (DISCORD_SCREEN_EXTERNAL) — spawn interno desativado 
2026-09-16 17:59:41 [INFO]: [keywordHandler] Palavra-chave detectada, resposta enviada
2026-09-16 17:59:41 [INFO]: [Discord] Cliente v14 inicializado com intents, partials e presence 
2026-09-17 09:08:28 [ERROR]: [DB] Falha ao registrar infração
2026-09-17 09:08:28 [ERROR]: [DB] Falha ao registrar infração
2026-09-17 09:08:28 [ERROR]: [DB] Falha ao registrar infração
2026-09-17 09:08:28 [ERROR]: [DB] Falha ao registrar infração
2026-09-17 09:08:28 [ERROR]: [DB] Falha ao registrar infração
2026-09-17 09:08:28 [ERROR]: [DB] Falha ao registrar infração
2026-09-17 09:08:28 [ERROR]: [DB] Falha ao registrar infração
2026-09-17 09:08:28 [ERROR]: [DB] Falha ao registrar infração
2026-09-17 09:08:28 [ERROR]: [DB] Falha ao registrar infração
2026-09-17 09:08:31 [INFO]: [TelegramAdapter] Inicializando... 
2026-09-17 09:08:31 [INFO]: [Telegram] Iniciando launch()... 
2026-09-17 09:08:31 [INFO]: [Telegram] ✅ Pronto como  () 
2026-09-17 09:08:31 [INFO]: [TelegramAdapter] Inicializando... 
2026-09-17 09:08:31 [INFO]: [Telegram] Iniciando launch()... 
2026-09-17 09:08:31 [INFO]: [Telegram] ✅ Pronto como  () 
2026-09-17 09:08:31 [INFO]: [TelegramAdapter] Inicializando... 
2026-09-17 09:08:31 [INFO]: [Telegram] Iniciando launch()... 
2026-09-17 09:08:31 [INFO]: [Telegram] ✅ Pronto como  () 
2026-09-17 09:08:31 [INFO]: [TelegramAdapter] Inicializando... 
2026-09-17 09:08:31 [INFO]: [TelegramAdapter] Já estava pronto 
2026-09-17 09:08:31 [INFO]: [TelegramAdapter] Inicializando... 
2026-09-17 09:08:31 [INFO]: [Telegram] Iniciando launch()... 
2026-09-17 09:08:31 [INFO]: [Telegram] ✅ Pronto como  () 
2026-09-17 09:08:31 [INFO]: [TelegramAdapter] Inicializando... 
2026-09-17 09:08:31 [INFO]: [Telegram] Iniciando launch()... 
2026-09-17 09:08:31 [INFO]: [Telegram] ✅ Pronto como  () 
2026-09-17 09:08:31 [INFO]: [Discord] Cliente v14 inicializado com intents, partials e presence 
2026-09-17 09:08:31 [INFO]: [Discord] Iniciando login... 
2026-09-17 09:08:31 [INFO]: [Discord] ✅ Pronto como TestDiscordBot (1111) 
2026-09-17 09:08:31 [ERROR]: ❌ [[Discord] Erro ao definir presença:] this.client.user?.setPresence is not a function
2026-09-17 09:08:31 [INFO]: [Discord] Chamada de login concluída 
2026-09-17 09:08:31 [INFO]: [Discord] Cliente v14 inicializado com intents, partials e presence 
2026-09-17 09:08:31 [INFO]: [Discord] Iniciando login... 
2026-09-17 09:08:31 [INFO]: [Discord] ✅ Pronto como TestDiscordBot (1111) 
2026-09-17 09:08:31 [ERROR]: ❌ [[Discord] Erro ao definir presença:] this.client.user?.setPresence is not a function
2026-09-17 09:08:31 [INFO]: [Discord] Chamada de login concluída 
2026-09-17 09:08:31 [INFO]: [Discord] Iniciando login... 
2026-09-17 09:08:31 [INFO]: [Discord] Chamada de login concluída 
2026-09-17 09:08:31 [INFO]: [Discord] Cliente v14 inicializado com intents, partials e presence 
2026-09-17 09:08:31 [INFO]: [Discord] Iniciando login... 
2026-09-17 09:08:31 [INFO]: [Discord] ✅ Pronto como TestDiscordBot (1111) 
2026-09-17 09:08:31 [ERROR]: ❌ [[Discord] Erro ao definir presença:] this.client.user?.setPresence is not a function
2026-09-17 09:08:31 [INFO]: [Discord] Chamada de login concluída 
2026-09-17 09:08:47 [INFO]: 🛑 [SHUTDOWN] Comando executado por: 5588998314322@c.us 
2026-09-17 09:08:50 [ERROR]: [memberJoinService] Erro ao processar entrada
2026-09-17 09:08:52 [INFO]: [keywordHandler] Palavra-chave detectada, resposta enviada
2026-09-17 09:08:53 [INFO]: [DiscordScreenService] Missing required Discord credentials, screen sharing disabled 
2026-09-17 09:08:53 [INFO]: [DiscordScreenService] Gerenciado externamente (DISCORD_SCREEN_EXTERNAL) — spawn interno desativado 
2026-09-17 09:08:53 [INFO]: [DiscordScreenService] Gerenciado externamente (DISCORD_SCREEN_EXTERNAL) — spawn interno desativado 
2026-09-17 09:08:54 [INFO]: [Discord] Cliente v14 inicializado com intents, partials e presence 
2026-09-17 09:09:21 [ERROR]: [DB] Falha ao registrar infração
2026-09-17 09:09:21 [ERROR]: [DB] Falha ao registrar infração
2026-09-17 09:09:21 [ERROR]: [DB] Falha ao registrar infração
2026-09-17 09:09:21 [ERROR]: [DB] Falha ao registrar infração
2026-09-17 09:09:21 [ERROR]: [DB] Falha ao registrar infração
2026-09-17 09:09:21 [ERROR]: [DB] Falha ao registrar infração
2026-09-17 09:09:21 [ERROR]: [DB] Falha ao registrar infração
2026-09-17 09:09:21 [ERROR]: [DB] Falha ao registrar infração
2026-09-17 09:09:21 [ERROR]: [DB] Falha ao registrar infração
2026-09-17 09:09:24 [INFO]: [TelegramAdapter] Inicializando... 
2026-09-17 09:09:24 [INFO]: [Telegram] Iniciando launch()... 
2026-09-17 09:09:24 [INFO]: [Telegram] ✅ Pronto como  () 
2026-09-17 09:09:24 [INFO]: [TelegramAdapter] Inicializando... 
2026-09-17 09:09:24 [INFO]: [Telegram] Iniciando launch()... 
2026-09-17 09:09:24 [INFO]: [Telegram] ✅ Pronto como  () 
2026-09-17 09:09:24 [INFO]: [TelegramAdapter] Inicializando... 
2026-09-17 09:09:24 [INFO]: [Telegram] Iniciando launch()... 
2026-09-17 09:09:24 [INFO]: [Telegram] ✅ Pronto como  () 
2026-09-17 09:09:24 [INFO]: [TelegramAdapter] Inicializando... 
2026-09-17 09:09:24 [INFO]: [TelegramAdapter] Já estava pronto 
2026-09-17 09:09:24 [INFO]: [TelegramAdapter] Inicializando... 
2026-09-17 09:09:24 [INFO]: [Telegram] Iniciando launch()... 
2026-09-17 09:09:24 [INFO]: [Telegram] ✅ Pronto como  () 
2026-09-17 09:09:24 [INFO]: [TelegramAdapter] Inicializando... 
2026-09-17 09:09:24 [INFO]: [Telegram] Iniciando launch()... 
2026-09-17 09:09:24 [INFO]: [Telegram] ✅ Pronto como  () 
2026-09-17 09:09:24 [INFO]: [Discord] Cliente v14 inicializado com intents, partials e presence 
2026-09-17 09:09:24 [INFO]: [Discord] Iniciando login... 
2026-09-17 09:09:24 [INFO]: [Discord] ✅ Pronto como TestDiscordBot (1111) 
2026-09-17 09:09:24 [ERROR]: ❌ [[Discord] Erro ao definir presença:] this.client.user?.setPresence is not a function
2026-09-17 09:09:24 [INFO]: [Discord] Chamada de login concluída 
2026-09-17 09:09:24 [INFO]: [Discord] Cliente v14 inicializado com intents, partials e presence 
2026-09-17 09:09:24 [INFO]: [Discord] Iniciando login... 
2026-09-17 09:09:24 [INFO]: [Discord] ✅ Pronto como TestDiscordBot (1111) 
2026-09-17 09:09:24 [ERROR]: ❌ [[Discord] Erro ao definir presença:] this.client.user?.setPresence is not a function
2026-09-17 09:09:24 [INFO]: [Discord] Chamada de login concluída 
2026-09-17 09:09:24 [INFO]: [Discord] Iniciando login... 
2026-09-17 09:09:24 [INFO]: [Discord] Chamada de login concluída 
2026-09-17 09:09:24 [INFO]: [Discord] Cliente v14 inicializado com intents, partials e presence 
2026-09-17 09:09:24 [INFO]: [Discord] Iniciando login... 
2026-09-17 09:09:24 [INFO]: [Discord] ✅ Pronto como TestDiscordBot (1111) 
2026-09-17 09:09:24 [ERROR]: ❌ [[Discord] Erro ao definir presença:] this.client.user?.setPresence is not a function
2026-09-17 09:09:24 [INFO]: [Discord] Chamada de login concluída 
2026-09-17 09:09:25 [ERROR]: ❌ [Erro no comando $stats:] SQLITE_ERROR: no such table: feedbacks
2026-09-17 09:09:25 [ERROR]:    Stack: 
2026-09-17 09:09:25 [INFO]: 🛑 [SHUTDOWN] Comando executado por: 5588998314322@c.us 
2026-09-17 09:09:25 [ERROR]: ❌ [❌ Erro no $grupos:] ctx.client.getChats is not a function
2026-09-17 09:09:25 [ERROR]:    Stack: at Object.execute (D:/Desktop/Programas/bot-wpp/src/bot/commands/grupos.ts:17:44)
2026-09-17 09:09:25 [ERROR]: ❌ [[ScreenCommand] Erro:] connect ECONNREFUSED 127.0.0.1:3002
2026-09-17 09:09:25 [ERROR]:    Stack: at TCPConnectWrap.afterConnect [as oncomplete] (node:net:1638:16)
2026-09-17 09:09:25 [ERROR]: ❌ [[ScreenCommand] Erro:] connect ECONNREFUSED 127.0.0.1:3002
2026-09-17 09:09:25 [ERROR]:    Stack: at TCPConnectWrap.afterConnect [as oncomplete] (node:net:1638:16)
2026-09-17 09:09:25 [ERROR]: ❌ [[ScreenCommand] Erro:] connect ECONNREFUSED 127.0.0.1:3002
2026-09-17 09:09:25 [ERROR]:    Stack: at TCPConnectWrap.afterConnect [as oncomplete] (node:net:1638:16)
2026-09-17 09:09:26 [INFO]: 🛑 [SHUTDOWN] Comando executado por: 5588998314322@c.us 
2026-09-17 09:09:27 [ERROR]: [memberJoinService] Erro ao processar entrada
2026-09-17 09:09:29 [INFO]: [keywordHandler] Palavra-chave detectada, resposta enviada
2026-09-17 09:09:30 [INFO]: [DiscordScreenService] Missing required Discord credentials, screen sharing disabled 
2026-09-17 09:09:30 [INFO]: [DiscordScreenService] Gerenciado externamente (DISCORD_SCREEN_EXTERNAL) — spawn interno desativado 
2026-09-17 09:09:30 [INFO]: [DiscordScreenService] Gerenciado externamente (DISCORD_SCREEN_EXTERNAL) — spawn interno desativado 
2026-09-17 09:09:33 [INFO]: [Discord] Cliente v14 inicializado com intents, partials e presence 
2026-09-24 17:27:49 [INFO]: [BaileysSender.sendMessage] Reply: quotedRaw=false, replyTo=original:123, originalKey=NAO 
2026-09-24 17:27:49 [INFO]: [BaileysSender.sendMessage] Quoted payload construído: keyId=123, hasMessage=true 
2026-09-24 17:27:49 [INFO]: [BaileysSender.sendMessage] Reply: quotedRaw=false, replyTo=original:123, originalKey=NAO 
2026-09-24 17:27:49 [INFO]: [BaileysSender.sendMessage] Quoted payload construído: keyId=123, hasMessage=true 
2026-09-24 17:27:49 [INFO]: [BaileysSender.sendMessage] Reply: quotedRaw=false, replyTo=undefined, originalKey=NAO 
2026-09-24 17:27:49 [INFO]: [BaileysSender.sendMessage] Reply: quotedRaw=false, replyTo=original:123, originalKey=NAO 
2026-09-24 17:27:49 [INFO]: [BaileysSender.sendMessage] Quoted payload construído: keyId=123, hasMessage=true 
2026-09-24 17:28:06 [INFO]: [BaileysSender.sendMessage] Reply: quotedRaw=false, replyTo=original:123, originalKey=NAO 
2026-09-24 17:28:06 [INFO]: [BaileysSender.sendMessage] Quoted payload construído: keyId=123, hasMessage=true 
2026-09-24 17:28:06 [INFO]: [BaileysSender.sendMessage] Reply: quotedRaw=false, replyTo=original:123, originalKey=NAO 
2026-09-24 17:28:06 [INFO]: [BaileysSender.sendMessage] Quoted payload construído: keyId=123, hasMessage=true 
2026-09-24 17:28:06 [INFO]: [BaileysSender.sendMessage] Reply: quotedRaw=false, replyTo=undefined, originalKey=NAO 
2026-09-24 17:28:06 [INFO]: [BaileysSender.sendMessage] Reply: quotedRaw=false, replyTo=original:123, originalKey=NAO 
2026-09-24 17:28:06 [INFO]: [BaileysSender.sendMessage] Quoted payload construído: keyId=123, hasMessage=true 
2026-09-24 17:30:00 [INFO]: [BaileysSender.sendMessage] Reply: quotedRaw=false, replyTo=original:123, originalKey=NAO 
2026-09-24 17:30:00 [INFO]: [BaileysSender.sendMessage] Quoted payload construído: keyId=123, hasMessage=true 
2026-09-24 17:30:00 [INFO]: [BaileysSender.sendMessage] Reply: quotedRaw=false, replyTo=original:123, originalKey=NAO 
2026-09-24 17:30:00 [INFO]: [BaileysSender.sendMessage] Quoted payload construído: keyId=123, hasMessage=true 
2026-09-24 17:30:00 [INFO]: [BaileysSender.sendMessage] Reply: quotedRaw=false, replyTo=undefined, originalKey=NAO 
2026-09-24 17:30:00 [INFO]: [BaileysSender.sendMessage] Reply: quotedRaw=false, replyTo=original:123, originalKey=NAO 
2026-09-24 17:30:00 [INFO]: [BaileysSender.sendMessage] Quoted payload construído: keyId=123, hasMessage=true 
2026-09-24 18:03:59 [INFO]: [BaileysSender.sendMessage] Reply: quotedRaw=false, replyTo=original:123, originalKey=NAO 
2026-09-24 18:03:59 [INFO]: [BaileysSender.sendMessage] Quoted payload construído: keyId=123, hasMessage=true 
2026-09-24 18:03:59 [INFO]: [BaileysSender.sendMessage] Reply: quotedRaw=false, replyTo=original:123, originalKey=NAO 
2026-09-24 18:03:59 [INFO]: [BaileysSender.sendMessage] Quoted payload construído: keyId=123, hasMessage=true 
2026-09-24 18:03:59 [INFO]: [BaileysSender.sendMessage] Reply: quotedRaw=false, replyTo=undefined, originalKey=NAO 
2026-09-24 18:03:59 [INFO]: [BaileysSender.sendMessage] Reply: quotedRaw=false, replyTo=original:123, originalKey=NAO 
2026-09-24 18:03:59 [INFO]: [BaileysSender.sendMessage] Quoted payload construído: keyId=123, hasMessage=true 
2026-09-25 14:42:34 [INFO]: 🛑 [SHUTDOWN] Comando executado por: 5588998314322@c.us 
2026-09-25 14:42:34 [ERROR]: ❌ [Erro no comando $stats:] SQLITE_ERROR: no such table: feedbacks
2026-09-25 14:42:34 [ERROR]:    Stack: 
2026-09-25 14:42:34 [INFO]: 🛑 [SHUTDOWN] Comando executado por: 5588998314322@c.us 
2026-09-25 14:42:34 [ERROR]: ❌ [❌ Erro no $grupos:] ctx.client.getChats is not a function
2026-09-25 14:42:34 [ERROR]:    Stack: at Object.execute (D:/Desktop/Programas/bot-wpp/src/bot/commands/grupos.ts:17:44)
2026-09-25 14:42:34 [ERROR]: ❌ [[ScreenCommand] Erro:] connect ECONNREFUSED 127.0.0.1:3002
2026-09-25 14:42:34 [ERROR]:    Stack: at TCPConnectWrap.afterConnect [as oncomplete] (node:net:2017:16)
2026-09-25 14:42:36 [ERROR]: [memberJoinService] Erro ao processar entrada
2026-09-25 14:42:36 [ERROR]: [DB] Falha ao registrar infração
2026-09-25 14:42:36 [INFO]: [TelegramAdapter] Inicializando... 
2026-09-25 14:42:36 [INFO]: [Telegram] Iniciando launch()... 
2026-09-25 14:42:36 [INFO]: [Telegram] ✅ Pronto como  () 
2026-09-25 14:42:36 [INFO]: [TelegramAdapter] Inicializando... 
2026-09-25 14:42:36 [INFO]: [Telegram] Iniciando launch()... 
2026-09-25 14:42:36 [INFO]: [Telegram] ✅ Pronto como  () 
2026-09-25 14:42:36 [INFO]: [TelegramAdapter] Inicializando... 
2026-09-25 14:42:36 [INFO]: [Telegram] Iniciando launch()... 
2026-09-25 14:42:36 [INFO]: [Telegram] ✅ Pronto como  () 
2026-09-25 14:42:36 [INFO]: [TelegramAdapter] Inicializando... 
2026-09-25 14:42:36 [INFO]: [TelegramAdapter] Já estava pronto 
2026-09-25 14:42:36 [INFO]: [TelegramAdapter] Inicializando... 
2026-09-25 14:42:36 [INFO]: [Telegram] Iniciando launch()... 
2026-09-25 14:42:36 [INFO]: [Telegram] ✅ Pronto como  () 
2026-09-25 14:42:36 [INFO]: [TelegramAdapter] Inicializando... 
2026-09-25 14:42:36 [INFO]: [Telegram] Iniciando launch()... 
2026-09-25 14:42:36 [INFO]: [Telegram] ✅ Pronto como  () 
2026-09-25 14:42:36 [INFO]: [Discord] Cliente v14 inicializado com intents, partials e presence 
2026-09-25 14:42:36 [INFO]: [Discord] Iniciando login... 
2026-09-25 14:42:36 [INFO]: [Discord] ✅ Pronto como TestDiscordBot (1111) 
2026-09-25 14:42:36 [ERROR]: ❌ [[Discord] Erro ao definir presença:] this.client.user?.setPresence is not a function
2026-09-25 14:42:36 [INFO]: [Discord] Chamada de login concluída 
2026-09-25 14:42:36 [INFO]: [Discord] Cliente v14 inicializado com intents, partials e presence 
2026-09-25 14:42:36 [INFO]: [Discord] Iniciando login... 
2026-09-25 14:42:36 [INFO]: [Discord] ✅ Pronto como TestDiscordBot (1111) 
2026-09-25 14:42:36 [ERROR]: ❌ [[Discord] Erro ao definir presença:] this.client.user?.setPresence is not a function
2026-09-25 14:42:36 [INFO]: [Discord] Chamada de login concluída 
2026-09-25 14:42:36 [INFO]: [Discord] Iniciando login... 
2026-09-25 14:42:36 [INFO]: [Discord] Chamada de login concluída 
2026-09-25 14:42:36 [INFO]: [Discord] Cliente v14 inicializado com intents, partials e presence 
2026-09-25 14:42:36 [INFO]: [Discord] Iniciando login... 
2026-09-25 14:42:36 [INFO]: [Discord] ✅ Pronto como TestDiscordBot (1111) 
2026-09-25 14:42:36 [ERROR]: ❌ [[Discord] Erro ao definir presença:] this.client.user?.setPresence is not a function
2026-09-25 14:42:36 [INFO]: [Discord] Chamada de login concluída 
2026-09-25 14:42:36 [ERROR]: [DB] Falha ao registrar infração
2026-09-25 14:42:36 [ERROR]: [DB] Falha ao registrar infração
2026-09-25 14:42:36 [ERROR]: [DB] Falha ao registrar infração
2026-09-25 14:42:36 [ERROR]: [DB] Falha ao registrar infração
2026-09-25 14:42:36 [ERROR]: [DB] Falha ao registrar infração
2026-09-25 14:42:36 [ERROR]: [DB] Falha ao registrar infração
2026-09-25 14:42:36 [ERROR]: [DB] Falha ao registrar infração
2026-09-25 14:42:36 [ERROR]: [DB] Falha ao registrar infração
2026-09-25 14:42:38 [INFO]: [DiscordScreenService] Missing required Discord credentials, screen sharing disabled 
2026-09-25 14:42:38 [INFO]: [DiscordScreenService] Gerenciado externamente (DISCORD_SCREEN_EXTERNAL) — spawn interno desativado 
2026-09-25 14:42:38 [INFO]: [DiscordScreenService] Gerenciado externamente (DISCORD_SCREEN_EXTERNAL) — spawn interno desativado 
2026-09-25 14:42:38 [INFO]: [keywordHandler] Palavra-chave detectada, resposta enviada
2026-09-25 14:42:39 [INFO]: [Discord] Cliente v14 inicializado com intents, partials e presence 
2026-09-25 14:42:49 [INFO]: [BaileysSender.sendMessage] Reply: quotedRaw=false, replyTo=original:123, originalKey=NAO 
2026-09-25 14:42:49 [INFO]: [BaileysSender.sendMessage] Quoted payload construído: keyId=123, hasMessage=true 
2026-09-25 14:42:49 [INFO]: [BaileysSender.sendMessage] Reply: quotedRaw=false, replyTo=original:123, originalKey=NAO 
2026-09-25 14:42:49 [INFO]: [BaileysSender.sendMessage] Quoted payload construído: keyId=123, hasMessage=true 
2026-09-25 14:42:50 [INFO]: [BaileysSender.sendMessage] Reply: quotedRaw=false, replyTo=undefined, originalKey=NAO 
2026-09-25 14:42:50 [INFO]: [BaileysSender.sendMessage] Reply: quotedRaw=false, replyTo=original:123, originalKey=NAO 
2026-09-25 14:42:50 [INFO]: [BaileysSender.sendMessage] Quoted payload construído: keyId=123, hasMessage=true 
2026-09-25 14:43:10 [ERROR]: [DB] Falha ao registrar infração
2026-09-25 14:43:10 [ERROR]: [DB] Falha ao registrar infração
2026-09-25 14:43:10 [ERROR]: [DB] Falha ao registrar infração
2026-09-25 14:43:10 [ERROR]: [DB] Falha ao registrar infração
2026-09-25 14:43:10 [ERROR]: [DB] Falha ao registrar infração
2026-09-25 14:43:10 [ERROR]: [DB] Falha ao registrar infração
2026-09-25 14:43:10 [ERROR]: [DB] Falha ao registrar infração
2026-09-25 14:43:10 [ERROR]: [DB] Falha ao registrar infração
2026-09-25 14:43:10 [ERROR]: [DB] Falha ao registrar infração
2026-09-25 14:43:13 [ERROR]: ❌ [Erro no comando $stats:] SQLITE_ERROR: no such table: feedbacks
2026-09-25 14:43:13 [ERROR]:    Stack: 
2026-09-25 14:43:13 [INFO]: 🛑 [SHUTDOWN] Comando executado por: 5588998314322@c.us 
2026-09-25 14:43:13 [ERROR]: ❌ [❌ Erro no $grupos:] ctx.client.getChats is not a function
2026-09-25 14:43:13 [ERROR]:    Stack: at Object.execute (D:/Desktop/Programas/bot-wpp/src/bot/commands/grupos.ts:17:44)
2026-09-25 14:43:13 [ERROR]: ❌ [[ScreenCommand] Erro:] connect ECONNREFUSED 127.0.0.1:3002
2026-09-25 14:43:13 [ERROR]:    Stack: at TCPConnectWrap.afterConnect [as oncomplete] (node:net:2017:16)
2026-09-25 14:43:13 [INFO]: 🛑 [SHUTDOWN] Comando executado por: 5588998314322@c.us 
2026-09-25 14:43:15 [ERROR]: [memberJoinService] Erro ao processar entrada
2026-09-25 14:43:16 [INFO]: [TelegramAdapter] Inicializando... 
2026-09-25 14:43:16 [INFO]: [Telegram] Iniciando launch()... 
2026-09-25 14:43:16 [INFO]: [Telegram] ✅ Pronto como  () 
2026-09-25 14:43:16 [INFO]: [TelegramAdapter] Inicializando... 
2026-09-25 14:43:16 [INFO]: [Telegram] Iniciando launch()... 
2026-09-25 14:43:16 [INFO]: [Telegram] ✅ Pronto como  () 
2026-09-25 14:43:16 [INFO]: [TelegramAdapter] Inicializando... 
2026-09-25 14:43:16 [INFO]: [Telegram] Iniciando launch()... 
2026-09-25 14:43:16 [INFO]: [Telegram] ✅ Pronto como  () 
2026-09-25 14:43:16 [INFO]: [TelegramAdapter] Inicializando... 
2026-09-25 14:43:16 [INFO]: [TelegramAdapter] Já estava pronto 
2026-09-25 14:43:16 [INFO]: [TelegramAdapter] Inicializando... 
2026-09-25 14:43:16 [INFO]: [Telegram] Iniciando launch()... 
2026-09-25 14:43:16 [INFO]: [Telegram] ✅ Pronto como  () 
2026-09-25 14:43:16 [INFO]: [TelegramAdapter] Inicializando... 
2026-09-25 14:43:16 [INFO]: [Telegram] Iniciando launch()... 
2026-09-25 14:43:16 [INFO]: [Telegram] ✅ Pronto como  () 
2026-09-25 14:43:16 [INFO]: [Discord] Cliente v14 inicializado com intents, partials e presence 
2026-09-25 14:43:16 [INFO]: [Discord] Iniciando login... 
2026-09-25 14:43:16 [INFO]: [Discord] ✅ Pronto como TestDiscordBot (1111) 
2026-09-25 14:43:16 [ERROR]: ❌ [[Discord] Erro ao definir presença:] this.client.user?.setPresence is not a function
2026-09-25 14:43:16 [INFO]: [Discord] Chamada de login concluída 
2026-09-25 14:43:16 [INFO]: [Discord] Cliente v14 inicializado com intents, partials e presence 
2026-09-25 14:43:16 [INFO]: [Discord] Iniciando login... 
2026-09-25 14:43:16 [INFO]: [Discord] ✅ Pronto como TestDiscordBot (1111) 
2026-09-25 14:43:16 [ERROR]: ❌ [[Discord] Erro ao definir presença:] this.client.user?.setPresence is not a function
2026-09-25 14:43:16 [INFO]: [Discord] Chamada de login concluída 
2026-09-25 14:43:16 [INFO]: [Discord] Iniciando login... 
2026-09-25 14:43:16 [INFO]: [Discord] Chamada de login concluída 
2026-09-25 14:43:16 [INFO]: [Discord] Cliente v14 inicializado com intents, partials e presence 
2026-09-25 14:43:16 [INFO]: [Discord] Iniciando login... 
2026-09-25 14:43:16 [INFO]: [Discord] ✅ Pronto como TestDiscordBot (1111) 
2026-09-25 14:43:16 [ERROR]: ❌ [[Discord] Erro ao definir presença:] this.client.user?.setPresence is not a function
2026-09-25 14:43:16 [INFO]: [Discord] Chamada de login concluída 
2026-09-25 14:43:17 [INFO]: [DiscordScreenService] Missing required Discord credentials, screen sharing disabled 
2026-09-25 14:43:17 [INFO]: [DiscordScreenService] Gerenciado externamente (DISCORD_SCREEN_EXTERNAL) — spawn interno desativado 
2026-09-25 14:43:17 [INFO]: [DiscordScreenService] Gerenciado externamente (DISCORD_SCREEN_EXTERNAL) — spawn interno desativado 
2026-09-25 14:43:17 [INFO]: [keywordHandler] Palavra-chave detectada, resposta enviada
2026-09-25 14:43:20 [INFO]: [BaileysSender.sendMessage] Reply: quotedRaw=false, replyTo=original:123, originalKey=NAO 
2026-09-25 14:43:20 [INFO]: [BaileysSender.sendMessage] Quoted payload construído: keyId=123, hasMessage=true 
2026-09-25 14:43:20 [INFO]: [BaileysSender.sendMessage] Reply: quotedRaw=false, replyTo=original:123, originalKey=NAO 
2026-09-25 14:43:20 [INFO]: [BaileysSender.sendMessage] Quoted payload construído: keyId=123, hasMessage=true 
2026-09-25 14:43:20 [INFO]: [BaileysSender.sendMessage] Reply: quotedRaw=false, replyTo=undefined, originalKey=NAO 
2026-09-25 14:43:20 [INFO]: [BaileysSender.sendMessage] Reply: quotedRaw=false, replyTo=original:123, originalKey=NAO 
2026-09-25 14:43:20 [INFO]: [BaileysSender.sendMessage] Quoted payload construído: keyId=123, hasMessage=true 
2026-09-25 14:43:20 [INFO]: [Discord] Cliente v14 inicializado com intents, partials e presence 
2026-09-25 14:47:29 [INFO]: [TelegramAdapter] Inicializando... 
2026-09-25 14:47:29 [INFO]: [Telegram] Iniciando launch()... 
2026-09-25 14:47:29 [INFO]: [Telegram] ✅ Pronto como  () 
2026-09-25 14:47:29 [INFO]: [TelegramAdapter] Inicializando... 
2026-09-25 14:47:29 [INFO]: [Telegram] Iniciando launch()... 
2026-09-25 14:47:29 [INFO]: [Telegram] ✅ Pronto como  () 
2026-09-25 14:47:29 [INFO]: [TelegramAdapter] Inicializando... 
2026-09-25 14:47:29 [INFO]: [Telegram] Iniciando launch()... 
2026-09-25 14:47:29 [INFO]: [Telegram] ✅ Pronto como  () 
2026-09-25 14:47:29 [INFO]: [TelegramAdapter] Inicializando... 
2026-09-25 14:47:29 [INFO]: [TelegramAdapter] Já estava pronto 
2026-09-25 14:47:29 [INFO]: [TelegramAdapter] Inicializando... 
2026-09-25 14:47:29 [INFO]: [Telegram] Iniciando launch()... 
2026-09-25 14:47:29 [INFO]: [Telegram] ✅ Pronto como  () 
2026-09-25 14:47:29 [INFO]: [TelegramAdapter] Inicializando... 
2026-09-25 14:47:29 [INFO]: [Telegram] Iniciando launch()... 
2026-09-25 14:47:29 [INFO]: [Telegram] ✅ Pronto como  () 
2026-09-25 14:47:29 [INFO]: [Discord] Cliente v14 inicializado com intents, partials e presence 
2026-09-25 14:47:29 [INFO]: [Discord] Iniciando login... 
2026-09-25 14:47:29 [INFO]: [Discord] ✅ Pronto como TestDiscordBot (1111) 
2026-09-25 14:47:29 [ERROR]: ❌ [[Discord] Erro ao definir presença:] this.client.user?.setPresence is not a function
2026-09-25 14:47:29 [INFO]: [Discord] Chamada de login concluída 
2026-09-25 14:47:29 [INFO]: [Discord] Cliente v14 inicializado com intents, partials e presence 
2026-09-25 14:47:29 [INFO]: [Discord] Iniciando login... 
2026-09-25 14:47:29 [INFO]: [Discord] ✅ Pronto como TestDiscordBot (1111) 
2026-09-25 14:47:29 [ERROR]: ❌ [[Discord] Erro ao definir presença:] this.client.user?.setPresence is not a function
2026-09-25 14:47:29 [INFO]: [Discord] Chamada de login concluída 
2026-09-25 14:47:29 [INFO]: [Discord] Iniciando login... 
2026-09-25 14:47:29 [INFO]: [Discord] Chamada de login concluída 
2026-09-25 14:47:29 [INFO]: [Discord] Cliente v14 inicializado com intents, partials e presence 
2026-09-25 14:47:29 [INFO]: [Discord] Iniciando login... 
2026-09-25 14:47:29 [INFO]: [Discord] ✅ Pronto como TestDiscordBot (1111) 
2026-09-25 14:47:29 [ERROR]: ❌ [[Discord] Erro ao definir presença:] this.client.user?.setPresence is not a function
2026-09-25 14:47:29 [INFO]: [Discord] Chamada de login concluída 
2026-09-25 14:47:31 [ERROR]: [DB] Falha ao registrar infração
2026-09-25 14:47:31 [ERROR]: [DB] Falha ao registrar infração
2026-09-25 14:47:31 [ERROR]: [DB] Falha ao registrar infração
2026-09-25 14:47:31 [ERROR]: [DB] Falha ao registrar infração
2026-09-25 14:47:31 [ERROR]: [DB] Falha ao registrar infração
2026-09-25 14:47:31 [ERROR]: [DB] Falha ao registrar infração
2026-09-25 14:47:31 [ERROR]: [DB] Falha ao registrar infração
2026-09-25 14:47:31 [ERROR]: [DB] Falha ao registrar infração
2026-09-25 14:47:31 [ERROR]: [DB] Falha ao registrar infração
2026-09-25 14:47:31 [ERROR]: ❌ [Erro no comando $stats:] SQLITE_ERROR: no such table: feedbacks
2026-09-25 14:47:31 [ERROR]:    Stack: 
2026-09-25 14:47:31 [INFO]: 🛑 [SHUTDOWN] Comando executado por: 5588998314322@c.us 
2026-09-25 14:47:31 [ERROR]: ❌ [❌ Erro no $grupos:] ctx.client.getChats is not a function
2026-09-25 14:47:31 [ERROR]:    Stack: at Object.execute (D:/Desktop/Programas/bot-wpp/src/bot/commands/grupos.ts:17:44)
2026-09-25 14:47:31 [ERROR]: ❌ [[ScreenCommand] Erro:] connect ECONNREFUSED 127.0.0.1:3002
2026-09-25 14:47:31 [ERROR]:    Stack: at TCPConnectWrap.afterConnect [as oncomplete] (node:net:2017:16)
2026-09-25 14:47:32 [INFO]: 🛑 [SHUTDOWN] Comando executado por: 5588998314322@c.us 
2026-09-25 14:47:33 [ERROR]: [memberJoinService] Erro ao processar entrada
2026-09-25 14:47:34 [INFO]: [DiscordScreenService] Missing required Discord credentials, screen sharing disabled 
2026-09-25 14:47:34 [INFO]: [DiscordScreenService] Gerenciado externamente (DISCORD_SCREEN_EXTERNAL) — spawn interno desativado 
2026-09-25 14:47:34 [INFO]: [DiscordScreenService] Gerenciado externamente (DISCORD_SCREEN_EXTERNAL) — spawn interno desativado 
2026-09-25 14:47:37 [INFO]: [keywordHandler] Palavra-chave detectada, resposta enviada
2026-09-25 14:47:38 [INFO]: [Discord] Cliente v14 inicializado com intents, partials e presence 
2026-09-25 14:47:39 [INFO]: [BaileysSender.sendMessage] Reply: quotedRaw=false, replyTo=original:123, originalKey=NAO 
2026-09-25 14:47:39 [INFO]: [BaileysSender.sendMessage] Quoted payload construído: keyId=123, hasMessage=true 
2026-09-25 14:47:39 [INFO]: [BaileysSender.sendMessage] Reply: quotedRaw=false, replyTo=original:123, originalKey=NAO 
2026-09-25 14:47:39 [INFO]: [BaileysSender.sendMessage] Quoted payload construído: keyId=123, hasMessage=true 
2026-09-25 14:47:39 [INFO]: [BaileysSender.sendMessage] Reply: quotedRaw=false, replyTo=undefined, originalKey=NAO 
2026-09-25 14:47:39 [INFO]: [BaileysSender.sendMessage] Reply: quotedRaw=false, replyTo=original:123, originalKey=NAO 
2026-09-25 14:47:39 [INFO]: [BaileysSender.sendMessage] Quoted payload construído: keyId=123, hasMessage=true 
2026-09-25 14:51:01 [INFO]: [BaileysSender.sendMessage] Reply: quotedRaw=false, replyTo=original:123, originalKey=NAO 
2026-09-25 14:51:01 [INFO]: [BaileysSender.sendMessage] Quoted payload construído: keyId=123, hasMessage=true 
2026-09-25 14:51:01 [INFO]: [BaileysSender.sendMessage] Reply: quotedRaw=false, replyTo=original:123, originalKey=NAO 
2026-09-25 14:51:01 [INFO]: [BaileysSender.sendMessage] Quoted payload construído: keyId=123, hasMessage=true 
2026-09-25 14:51:01 [INFO]: [BaileysSender.sendMessage] Reply: quotedRaw=false, replyTo=undefined, originalKey=NAO 
2026-09-25 14:51:01 [INFO]: [BaileysSender.sendMessage] Reply: quotedRaw=false, replyTo=original:123, originalKey=NAO 
2026-09-25 14:51:01 [INFO]: [BaileysSender.sendMessage] Quoted payload construído: keyId=123, hasMessage=true 
2026-09-25 14:57:04 [ERROR]: ❌ [Erro no comando $stats:] SQLITE_ERROR: no such table: feedbacks
2026-09-25 14:57:04 [ERROR]:    Stack: 
2026-09-25 14:57:04 [INFO]: 🛑 [SHUTDOWN] Comando executado por: 5588998314322@c.us 
2026-09-25 14:57:04 [ERROR]: ❌ [❌ Erro no $grupos:] ctx.client.getChats is not a function
2026-09-25 14:57:04 [ERROR]:    Stack: at Object.execute (D:/Desktop/Programas/bot-wpp/src/bot/commands/grupos.ts:17:44)
2026-09-25 14:57:04 [ERROR]: ❌ [[ScreenCommand] Erro:] connect ECONNREFUSED 127.0.0.1:3002
2026-09-25 14:57:04 [ERROR]:    Stack: at TCPConnectWrap.afterConnect [as oncomplete] (node:net:2017:16)
2026-09-25 14:57:04 [INFO]: 🛑 [SHUTDOWN] Comando executado por: 5588998314322@c.us 
2026-09-25 14:57:05 [ERROR]: [DB] Falha ao registrar infração
2026-09-25 14:57:05 [INFO]: [TelegramAdapter] Inicializando... 
2026-09-25 14:57:05 [INFO]: [Telegram] Iniciando launch()... 
2026-09-25 14:57:05 [INFO]: [Telegram] ✅ Pronto como  () 
2026-09-25 14:57:05 [INFO]: [TelegramAdapter] Inicializando... 
2026-09-25 14:57:05 [INFO]: [Telegram] Iniciando launch()... 
2026-09-25 14:57:05 [INFO]: [Telegram] ✅ Pronto como  () 
2026-09-25 14:57:05 [INFO]: [TelegramAdapter] Inicializando... 
2026-09-25 14:57:05 [INFO]: [Telegram] Iniciando launch()... 
2026-09-25 14:57:05 [INFO]: [Telegram] ✅ Pronto como  () 
2026-09-25 14:57:05 [INFO]: [TelegramAdapter] Inicializando... 
2026-09-25 14:57:05 [INFO]: [TelegramAdapter] Já estava pronto 
2026-09-25 14:57:05 [INFO]: [TelegramAdapter] Inicializando... 
2026-09-25 14:57:05 [INFO]: [Telegram] Iniciando launch()... 
2026-09-25 14:57:05 [INFO]: [Telegram] ✅ Pronto como  () 
2026-09-25 14:57:05 [INFO]: [TelegramAdapter] Inicializando... 
2026-09-25 14:57:05 [INFO]: [Telegram] Iniciando launch()... 
2026-09-25 14:57:05 [INFO]: [Telegram] ✅ Pronto como  () 
2026-09-25 14:57:05 [INFO]: [Discord] Cliente v14 inicializado com intents, partials e presence 
2026-09-25 14:57:05 [INFO]: [Discord] Iniciando login... 
2026-09-25 14:57:05 [INFO]: [Discord] ✅ Pronto como TestDiscordBot (1111) 
2026-09-25 14:57:05 [ERROR]: ❌ [[Discord] Erro ao definir presença:] this.client.user?.setPresence is not a function
2026-09-25 14:57:05 [INFO]: [Discord] Chamada de login concluída 
2026-09-25 14:57:05 [INFO]: [Discord] Cliente v14 inicializado com intents, partials e presence 
2026-09-25 14:57:05 [INFO]: [Discord] Iniciando login... 
2026-09-25 14:57:05 [INFO]: [Discord] ✅ Pronto como TestDiscordBot (1111) 
2026-09-25 14:57:05 [ERROR]: ❌ [[Discord] Erro ao definir presença:] this.client.user?.setPresence is not a function
2026-09-25 14:57:05 [INFO]: [Discord] Chamada de login concluída 
2026-09-25 14:57:05 [INFO]: [Discord] Iniciando login... 
2026-09-25 14:57:05 [INFO]: [Discord] Chamada de login concluída 
2026-09-25 14:57:05 [INFO]: [Discord] Cliente v14 inicializado com intents, partials e presence 
2026-09-25 14:57:05 [INFO]: [Discord] Iniciando login... 
2026-09-25 14:57:05 [INFO]: [Discord] ✅ Pronto como TestDiscordBot (1111) 
2026-09-25 14:57:05 [ERROR]: [DB] Falha ao registrar infração
2026-09-25 14:57:05 [ERROR]: [DB] Falha ao registrar infração
2026-09-25 14:57:05 [ERROR]: [DB] Falha ao registrar infração
2026-09-25 14:57:05 [ERROR]: [DB] Falha ao registrar infração
2026-09-25 14:57:05 [ERROR]: [DB] Falha ao registrar infração
2026-09-25 14:57:05 [ERROR]: [DB] Falha ao registrar infração
2026-09-25 14:57:05 [ERROR]: [DB] Falha ao registrar infração
2026-09-25 14:57:05 [ERROR]: [DB] Falha ao registrar infração
2026-09-25 14:57:05 [ERROR]: ❌ [[Discord] Erro ao definir presença:] this.client.user?.setPresence is not a function
2026-09-25 14:57:05 [INFO]: [Discord] Chamada de login concluída 
2026-09-25 14:57:06 [ERROR]: [memberJoinService] Erro ao processar entrada
2026-09-25 14:57:07 [INFO]: [DiscordScreenService] Missing required Discord credentials, screen sharing disabled 
2026-09-25 14:57:07 [INFO]: [DiscordScreenService] Gerenciado externamente (DISCORD_SCREEN_EXTERNAL) — spawn interno desativado 
2026-09-25 14:57:07 [INFO]: [DiscordScreenService] Gerenciado externamente (DISCORD_SCREEN_EXTERNAL) — spawn interno desativado 
2026-09-25 14:57:07 [INFO]: [keywordHandler] Palavra-chave detectada, resposta enviada
2026-09-25 14:57:08 [INFO]: [Discord] Cliente v14 inicializado com intents, partials e presence 
2026-09-25 14:57:08 [INFO]: [BaileysSender.sendMessage] Reply: quotedRaw=false, replyTo=original:123, originalKey=NAO 
2026-09-25 14:57:08 [INFO]: [BaileysSender.sendMessage] Quoted payload construído: keyId=123, hasMessage=true 
2026-09-25 14:57:08 [INFO]: [BaileysSender.sendMessage] Reply: quotedRaw=false, replyTo=original:123, originalKey=NAO 
2026-09-25 14:57:08 [INFO]: [BaileysSender.sendMessage] Quoted payload construído: keyId=123, hasMessage=true 
2026-09-25 14:57:08 [INFO]: [BaileysSender.sendMessage] Reply: quotedRaw=false, replyTo=undefined, originalKey=NAO 
2026-09-25 14:57:08 [INFO]: [BaileysSender.sendMessage] Reply: quotedRaw=false, replyTo=original:123, originalKey=NAO 
2026-09-25 14:57:08 [INFO]: [BaileysSender.sendMessage] Quoted payload construído: keyId=123, hasMessage=true 
2026-09-25 17:54:44 [ERROR]: [DB] Falha ao registrar infração
2026-09-25 17:54:44 [ERROR]: [DB] Falha ao registrar infração
2026-09-25 17:54:44 [ERROR]: [DB] Falha ao registrar infração
2026-09-25 17:54:44 [ERROR]: [DB] Falha ao registrar infração
2026-09-25 17:54:44 [ERROR]: [DB] Falha ao registrar infração
2026-09-25 17:54:44 [ERROR]: [DB] Falha ao registrar infração
2026-09-25 17:54:44 [ERROR]: [DB] Falha ao registrar infração
2026-09-25 17:54:44 [ERROR]: [DB] Falha ao registrar infração
2026-09-25 17:54:44 [ERROR]: [DB] Falha ao registrar infração
2026-09-25 17:54:50 [ERROR]: ❌ [Erro no comando $stats:] SQLITE_ERROR: no such table: feedbacks
2026-09-25 17:54:50 [ERROR]:    Stack: 
2026-09-25 17:54:50 [INFO]: 🛑 [SHUTDOWN] Comando executado por: 5588998314322@c.us 
2026-09-25 17:54:50 [ERROR]: ❌ [❌ Erro no $grupos:] ctx.client.getChats is not a function
2026-09-25 17:54:50 [ERROR]:    Stack: at Object.execute (D:/Desktop/Programas/bot-wpp/src/bot/commands/grupos.ts:17:44)
2026-09-25 17:54:50 [ERROR]: ❌ [[ScreenCommand] Erro:] connect ECONNREFUSED 127.0.0.1:3002
2026-09-25 17:54:50 [ERROR]:    Stack: at TCPConnectWrap.afterConnect [as oncomplete] (node:net:2017:16)
2026-09-25 17:54:50 [INFO]: 🛑 [SHUTDOWN] Comando executado por: 5588998314322@c.us 
2026-09-25 17:54:52 [INFO]: [TelegramAdapter] Inicializando... 
2026-09-25 17:54:52 [INFO]: [Telegram] Iniciando launch()... 
2026-09-25 17:54:52 [INFO]: [Telegram] ✅ Pronto como  () 
2026-09-25 17:54:52 [INFO]: [TelegramAdapter] Inicializando... 
2026-09-25 17:54:52 [INFO]: [Telegram] Iniciando launch()... 
2026-09-25 17:54:52 [INFO]: [Telegram] ✅ Pronto como  () 
2026-09-25 17:54:52 [INFO]: [TelegramAdapter] Inicializando... 
2026-09-25 17:54:52 [INFO]: [Telegram] Iniciando launch()... 
2026-09-25 17:54:52 [INFO]: [Telegram] ✅ Pronto como  () 
2026-09-25 17:54:52 [INFO]: [TelegramAdapter] Inicializando... 
2026-09-25 17:54:52 [INFO]: [TelegramAdapter] Já estava pronto 
2026-09-25 17:54:52 [INFO]: [TelegramAdapter] Inicializando... 
2026-09-25 17:54:52 [INFO]: [Telegram] Iniciando launch()... 
2026-09-25 17:54:52 [INFO]: [Telegram] ✅ Pronto como  () 
2026-09-25 17:54:52 [INFO]: [TelegramAdapter] Inicializando... 
2026-09-25 17:54:52 [INFO]: [Telegram] Iniciando launch()... 
2026-09-25 17:54:52 [INFO]: [Telegram] ✅ Pronto como  () 
2026-09-25 17:54:52 [INFO]: [Discord] Cliente v14 inicializado com intents, partials e presence 
2026-09-25 17:54:52 [INFO]: [Discord] Iniciando login... 
2026-09-25 17:54:52 [INFO]: [Discord] ✅ Pronto como TestDiscordBot (1111) 
2026-09-25 17:54:52 [ERROR]: ❌ [[Discord] Erro ao definir presença:] this.client.user?.setPresence is not a function
2026-09-25 17:54:52 [INFO]: [Discord] Chamada de login concluída 
2026-09-25 17:54:52 [INFO]: [Discord] Cliente v14 inicializado com intents, partials e presence 
2026-09-25 17:54:52 [INFO]: [Discord] Iniciando login... 
2026-09-25 17:54:52 [INFO]: [Discord] ✅ Pronto como TestDiscordBot (1111) 
2026-09-25 17:54:52 [ERROR]: ❌ [[Discord] Erro ao definir presença:] this.client.user?.setPresence is not a function
2026-09-25 17:54:52 [INFO]: [Discord] Chamada de login concluída 
2026-09-25 17:54:52 [INFO]: [Discord] Iniciando login... 
2026-09-25 17:54:52 [INFO]: [Discord] Chamada de login concluída 
2026-09-25 17:54:52 [INFO]: [Discord] Cliente v14 inicializado com intents, partials e presence 
2026-09-25 17:54:52 [INFO]: [Discord] Iniciando login... 
2026-09-25 17:54:52 [INFO]: [Discord] ✅ Pronto como TestDiscordBot (1111) 
2026-09-25 17:54:52 [ERROR]: ❌ [[Discord] Erro ao definir presença:] this.client.user?.setPresence is not a function
2026-09-25 17:54:52 [INFO]: [Discord] Chamada de login concluída 
2026-09-25 17:54:53 [ERROR]: [memberJoinService] Erro ao processar entrada
2026-09-25 17:54:54 [INFO]: [DiscordScreenService] Missing required Discord credentials, screen sharing disabled 
2026-09-25 17:54:54 [INFO]: [DiscordScreenService] Gerenciado externamente (DISCORD_SCREEN_EXTERNAL) — spawn interno desativado 
2026-09-25 17:54:54 [INFO]: [DiscordScreenService] Gerenciado externamente (DISCORD_SCREEN_EXTERNAL) — spawn interno desativado 
2026-09-25 17:54:55 [INFO]: [BaileysSender.sendMessage] Reply: quotedRaw=false, replyTo=original:123, originalKey=NAO 
2026-09-25 17:54:55 [INFO]: [BaileysSender.sendMessage] Quoted payload construído: keyId=123, hasMessage=true 
2026-09-25 17:54:55 [INFO]: [keywordHandler] Palavra-chave detectada, resposta enviada
2026-09-25 17:54:56 [INFO]: [Discord] Cliente v14 inicializado com intents, partials e presence 
2026-09-25 17:57:29 [ERROR]: [DB] Falha ao registrar infração
2026-09-25 17:57:29 [ERROR]: [DB] Falha ao registrar infração
2026-09-25 17:57:29 [ERROR]: [DB] Falha ao registrar infração
2026-09-25 17:57:29 [ERROR]: [DB] Falha ao registrar infração
2026-09-25 17:57:29 [ERROR]: [DB] Falha ao registrar infração
2026-09-25 17:57:29 [ERROR]: [DB] Falha ao registrar infração
2026-09-25 17:57:29 [ERROR]: [DB] Falha ao registrar infração
2026-09-25 17:57:29 [ERROR]: [DB] Falha ao registrar infração
2026-09-25 17:57:29 [ERROR]: [DB] Falha ao registrar infração
2026-09-25 17:57:31 [INFO]: [TelegramAdapter] Inicializando... 
2026-09-25 17:57:31 [INFO]: [Telegram] Iniciando launch()... 
2026-09-25 17:57:31 [INFO]: [Telegram] ✅ Pronto como  () 
2026-09-25 17:57:31 [INFO]: [TelegramAdapter] Inicializando... 
2026-09-25 17:57:31 [INFO]: [Telegram] Iniciando launch()... 
2026-09-25 17:57:31 [INFO]: [Telegram] ✅ Pronto como  () 
2026-09-25 17:57:31 [INFO]: [TelegramAdapter] Inicializando... 
2026-09-25 17:57:31 [INFO]: [Telegram] Iniciando launch()... 
2026-09-25 17:57:31 [INFO]: [Telegram] ✅ Pronto como  () 
2026-09-25 17:57:31 [INFO]: [TelegramAdapter] Inicializando... 
2026-09-25 17:57:31 [INFO]: [TelegramAdapter] Já estava pronto 
2026-09-25 17:57:31 [INFO]: [TelegramAdapter] Inicializando... 
2026-09-25 17:57:31 [INFO]: [Telegram] Iniciando launch()... 
2026-09-25 17:57:31 [INFO]: [Telegram] ✅ Pronto como  () 
2026-09-25 17:57:31 [INFO]: [TelegramAdapter] Inicializando... 
2026-09-25 17:57:31 [INFO]: [Telegram] Iniciando launch()... 
2026-09-25 17:57:31 [INFO]: [Telegram] ✅ Pronto como  () 
2026-09-25 17:57:31 [INFO]: [Discord] Cliente v14 inicializado com intents, partials e presence 
2026-09-25 17:57:31 [INFO]: [Discord] Iniciando login... 
2026-09-25 17:57:31 [INFO]: [Discord] ✅ Pronto como TestDiscordBot (1111) 
2026-09-25 17:57:31 [ERROR]: ❌ [[Discord] Erro ao definir presença:] this.client.user?.setPresence is not a function
2026-09-25 17:57:31 [INFO]: [Discord] Chamada de login concluída 
2026-09-25 17:57:31 [INFO]: [Discord] Cliente v14 inicializado com intents, partials e presence 
2026-09-25 17:57:31 [INFO]: [Discord] Iniciando login... 
2026-09-25 17:57:31 [INFO]: [Discord] ✅ Pronto como TestDiscordBot (1111) 
2026-09-25 17:57:31 [ERROR]: ❌ [[Discord] Erro ao definir presença:] this.client.user?.setPresence is not a function
2026-09-25 17:57:31 [INFO]: [Discord] Chamada de login concluída 
2026-09-25 17:57:31 [INFO]: [Discord] Iniciando login... 
2026-09-25 17:57:31 [INFO]: [Discord] Chamada de login concluída 
2026-09-25 17:57:31 [INFO]: [Discord] Cliente v14 inicializado com intents, partials e presence 
2026-09-25 17:57:31 [INFO]: [Discord] Iniciando login... 
2026-09-25 17:57:31 [INFO]: [Discord] ✅ Pronto como TestDiscordBot (1111) 
2026-09-25 17:57:31 [ERROR]: ❌ [[Discord] Erro ao definir presença:] this.client.user?.setPresence is not a function
2026-09-25 17:57:31 [INFO]: [Discord] Chamada de login concluída 
2026-09-25 17:57:33 [ERROR]: ❌ [Erro no comando $stats:] SQLITE_ERROR: no such table: feedbacks
2026-09-25 17:57:33 [ERROR]:    Stack: 
2026-09-25 17:57:33 [INFO]: 🛑 [SHUTDOWN] Comando executado por: 5588998314322@c.us 
2026-09-25 17:57:33 [ERROR]: ❌ [❌ Erro no $grupos:] ctx.client.getChats is not a function
2026-09-25 17:57:33 [ERROR]:    Stack: at Object.execute (D:/Desktop/Programas/bot-wpp/src/bot/commands/grupos.ts:17:44)
2026-09-25 17:57:33 [ERROR]: ❌ [[ScreenCommand] Erro:] connect ECONNREFUSED 127.0.0.1:3002
2026-09-25 17:57:33 [ERROR]:    Stack: at TCPConnectWrap.afterConnect [as oncomplete] (node:net:2017:16)
2026-09-25 17:57:34 [INFO]: 🛑 [SHUTDOWN] Comando executado por: 5588998314322@c.us 
2026-09-25 17:57:34 [INFO]: [DiscordScreenService] Missing required Discord credentials, screen sharing disabled 
2026-09-25 17:57:34 [INFO]: [DiscordScreenService] Gerenciado externamente (DISCORD_SCREEN_EXTERNAL) — spawn interno desativado 
2026-09-25 17:57:34 [INFO]: [DiscordScreenService] Gerenciado externamente (DISCORD_SCREEN_EXTERNAL) — spawn interno desativado 
2026-09-25 17:57:35 [ERROR]: [memberJoinService] Erro ao processar entrada
2026-09-25 17:57:36 [INFO]: [BaileysSender.sendMessage] Reply: quotedRaw=false, replyTo=original:123, originalKey=NAO 
2026-09-25 17:57:36 [INFO]: [BaileysSender.sendMessage] Quoted payload construído: keyId=123, hasMessage=true 
2026-09-25 17:57:36 [INFO]: [BaileysSender.sendMessage] Reply: quotedRaw=false, replyTo=original:123, originalKey=NAO 
2026-09-25 17:57:36 [INFO]: [BaileysSender.sendMessage] Quoted payload construído: keyId=123, hasMessage=true 
2026-09-25 17:57:36 [INFO]: [BaileysSender.sendMessage] Reply: quotedRaw=false, replyTo=undefined, originalKey=NAO 
2026-09-25 17:57:36 [INFO]: [BaileysSender.sendMessage] Reply: quotedRaw=false, replyTo=original:123, originalKey=NAO 
2026-09-25 17:57:36 [INFO]: [BaileysSender.sendMessage] Quoted payload construído: keyId=123, hasMessage=true 
2026-09-25 17:57:38 [INFO]: [keywordHandler] Palavra-chave detectada, resposta enviada
2026-09-25 17:57:39 [INFO]: [Discord] Cliente v14 inicializado com intents, partials e presence 
2026-09-28 11:56:26 [ERROR]: [DB] Falha ao registrar infração
2026-09-28 11:56:26 [ERROR]: [DB] Falha ao registrar infração
2026-09-28 11:56:26 [ERROR]: [DB] Falha ao registrar infração
2026-09-28 11:56:26 [ERROR]: [DB] Falha ao registrar infração
2026-09-28 11:56:26 [ERROR]: [DB] Falha ao registrar infração
2026-09-28 11:56:26 [ERROR]: [DB] Falha ao registrar infração
2026-09-28 11:56:26 [ERROR]: [DB] Falha ao registrar infração
2026-09-28 11:56:26 [ERROR]: [DB] Falha ao registrar infração
2026-09-28 11:56:26 [ERROR]: [DB] Falha ao registrar infração
2026-09-28 11:56:29 [INFO]: [TelegramAdapter] Inicializando... 
2026-09-28 11:56:29 [INFO]: [Telegram] Iniciando launch()... 
2026-09-28 11:56:29 [INFO]: [Telegram] ✅ Pronto como  () 
2026-09-28 11:56:29 [INFO]: [TelegramAdapter] Inicializando... 
2026-09-28 11:56:29 [INFO]: [Telegram] Iniciando launch()... 
2026-09-28 11:56:29 [INFO]: [Telegram] ✅ Pronto como  () 
2026-09-28 11:56:29 [INFO]: [TelegramAdapter] Inicializando... 
2026-09-28 11:56:29 [INFO]: [Telegram] Iniciando launch()... 
2026-09-28 11:56:29 [INFO]: [Telegram] ✅ Pronto como  () 
2026-09-28 11:56:29 [INFO]: [TelegramAdapter] Inicializando... 
2026-09-28 11:56:29 [INFO]: [TelegramAdapter] Já estava pronto 
2026-09-28 11:56:29 [INFO]: [TelegramAdapter] Inicializando... 
2026-09-28 11:56:29 [INFO]: [Telegram] Iniciando launch()... 
2026-09-28 11:56:29 [INFO]: [Telegram] ✅ Pronto como  () 
2026-09-28 11:56:29 [INFO]: [TelegramAdapter] Inicializando... 
2026-09-28 11:56:29 [INFO]: [Telegram] Iniciando launch()... 
2026-09-28 11:56:29 [INFO]: [Telegram] ✅ Pronto como  () 
2026-09-28 11:56:29 [INFO]: [Discord] Cliente v14 inicializado com intents, partials e presence 
2026-09-28 11:56:29 [INFO]: [Discord] Iniciando login... 
2026-09-28 11:56:29 [INFO]: [Discord] ✅ Pronto como TestDiscordBot (1111) 
2026-09-28 11:56:29 [ERROR]: ❌ [[Discord] Erro ao definir presença:] this.client.user?.setPresence is not a function
2026-09-28 11:56:29 [INFO]: [Discord] Chamada de login concluída 
2026-09-28 11:56:29 [INFO]: [Discord] Cliente v14 inicializado com intents, partials e presence 
2026-09-28 11:56:29 [INFO]: [Discord] Iniciando login... 
2026-09-28 11:56:29 [INFO]: [Discord] ✅ Pronto como TestDiscordBot (1111) 
2026-09-28 11:56:29 [ERROR]: ❌ [[Discord] Erro ao definir presença:] this.client.user?.setPresence is not a function
2026-09-28 11:56:29 [INFO]: [Discord] Chamada de login concluída 
2026-09-28 11:56:29 [INFO]: [Discord] Iniciando login... 
2026-09-28 11:56:29 [INFO]: [Discord] Chamada de login concluída 
2026-09-28 11:56:29 [INFO]: [Discord] Cliente v14 inicializado com intents, partials e presence 
2026-09-28 11:56:29 [INFO]: [Discord] Iniciando login... 
2026-09-28 11:56:29 [INFO]: [Discord] ✅ Pronto como TestDiscordBot (1111) 
2026-09-28 11:56:29 [ERROR]: ❌ [[Discord] Erro ao definir presença:] this.client.user?.setPresence is not a function
2026-09-28 11:56:29 [INFO]: [Discord] Chamada de login concluída 
2026-09-28 11:56:41 [INFO]: 🛑 [SHUTDOWN] Comando executado por: 5588998314322@c.us 
2026-09-28 11:56:41 [ERROR]: ❌ [Erro no comando $stats:] SQLITE_ERROR: no such table: feedbacks
2026-09-28 11:56:41 [ERROR]:    Stack: 
2026-09-28 11:56:41 [INFO]: 🛑 [SHUTDOWN] Comando executado por: 5588998314322@c.us 
2026-09-28 11:56:41 [ERROR]: ❌ [❌ Erro no $grupos:] ctx.client.getChats is not a function
2026-09-28 11:56:41 [ERROR]:    Stack: at Object.execute (D:/Desktop/Programas/bot-wpp/src/bot/commands/grupos.ts:17:44)
2026-09-28 11:56:41 [ERROR]: ❌ [[ScreenCommand] Erro:] connect ECONNREFUSED 127.0.0.1:3002
2026-09-28 11:56:41 [ERROR]:    Stack: at TCPConnectWrap.afterConnect [as oncomplete] (node:net:2017:16)
2026-09-28 11:56:42 [ERROR]: [memberJoinService] Erro ao processar entrada
2026-09-28 11:56:43 [INFO]: [DiscordScreenService] Missing required Discord credentials, screen sharing disabled 
2026-09-28 11:56:43 [INFO]: [DiscordScreenService] Gerenciado externamente (DISCORD_SCREEN_EXTERNAL) — spawn interno desativado 
2026-09-28 11:56:43 [INFO]: [DiscordScreenService] Gerenciado externamente (DISCORD_SCREEN_EXTERNAL) — spawn interno desativado 
2026-09-28 11:56:45 [INFO]: [keywordHandler] Palavra-chave detectada, resposta enviada
2026-09-28 11:56:46 [INFO]: [Discord] Cliente v14 inicializado com intents, partials e presence 
2026-09-28 11:56:54 [INFO]: [BaileysSender.sendMessage] Reply: quotedRaw=false, replyTo=original:123, originalKey=NAO 
2026-09-28 11:56:54 [INFO]: [BaileysSender.sendMessage] Quoted payload construído: keyId=123, hasMessage=true 
2026-09-28 11:56:54 [INFO]: [BaileysSender.sendMessage] Reply: quotedRaw=false, replyTo=original:123, originalKey=NAO 
2026-09-28 11:56:54 [INFO]: [BaileysSender.sendMessage] Quoted payload construído: keyId=123, hasMessage=true 
2026-09-28 11:56:54 [INFO]: [BaileysSender.sendMessage] Reply: quotedRaw=false, replyTo=undefined, originalKey=NAO 
2026-09-28 11:56:54 [INFO]: [BaileysSender.sendMessage] Reply: quotedRaw=false, replyTo=original:123, originalKey=NAO 
2026-09-28 11:56:54 [INFO]: [BaileysSender.sendMessage] Quoted payload construído: keyId=123, hasMessage=true 
2026-09-28 11:57:12 [ERROR]: ❌ [Erro no comando $stats:] SQLITE_ERROR: no such table: feedbacks
2026-09-28 11:57:12 [ERROR]:    Stack: 
2026-09-28 11:57:12 [INFO]: 🛑 [SHUTDOWN] Comando executado por: 5588998314322@c.us 
2026-09-28 11:57:12 [ERROR]: ❌ [❌ Erro no $grupos:] ctx.client.getChats is not a function
2026-09-28 11:57:12 [ERROR]:    Stack: at Object.execute (D:/Desktop/Programas/bot-wpp/src/bot/commands/grupos.ts:17:44)
2026-09-28 11:57:12 [ERROR]: ❌ [[ScreenCommand] Erro:] connect ECONNREFUSED 127.0.0.1:3002
2026-09-28 11:57:12 [ERROR]:    Stack: at TCPConnectWrap.afterConnect [as oncomplete] (node:net:2017:16)
2026-09-28 11:57:12 [INFO]: 🛑 [SHUTDOWN] Comando executado por: 5588998314322@c.us 
2026-09-28 11:57:14 [INFO]: [DiscordScreenService] Missing required Discord credentials, screen sharing disabled 
2026-09-28 11:57:14 [INFO]: [DiscordScreenService] Gerenciado externamente (DISCORD_SCREEN_EXTERNAL) — spawn interno desativado 
2026-09-28 11:57:14 [INFO]: [DiscordScreenService] Gerenciado externamente (DISCORD_SCREEN_EXTERNAL) — spawn interno desativado 
2026-09-28 11:57:14 [ERROR]: [DB] Falha ao registrar infração
2026-09-28 11:57:14 [ERROR]: [DB] Falha ao registrar infração
2026-09-28 11:57:14 [ERROR]: [DB] Falha ao registrar infração
2026-09-28 11:57:14 [ERROR]: [DB] Falha ao registrar infração
2026-09-28 11:57:14 [ERROR]: [DB] Falha ao registrar infração
2026-09-28 11:57:14 [ERROR]: [DB] Falha ao registrar infração
2026-09-28 11:57:14 [ERROR]: [DB] Falha ao registrar infração
2026-09-28 11:57:14 [ERROR]: [DB] Falha ao registrar infração
2026-09-28 11:57:14 [ERROR]: [DB] Falha ao registrar infração
2026-09-28 11:57:14 [INFO]: [TelegramAdapter] Inicializando... 
2026-09-28 11:57:14 [INFO]: [Telegram] Iniciando launch()... 
2026-09-28 11:57:14 [INFO]: [Telegram] ✅ Pronto como  () 
2026-09-28 11:57:14 [INFO]: [TelegramAdapter] Inicializando... 
2026-09-28 11:57:14 [INFO]: [Telegram] Iniciando launch()... 
2026-09-28 11:57:14 [INFO]: [Telegram] ✅ Pronto como  () 
2026-09-28 11:57:14 [INFO]: [TelegramAdapter] Inicializando... 
2026-09-28 11:57:14 [INFO]: [Telegram] Iniciando launch()... 
2026-09-28 11:57:14 [INFO]: [Telegram] ✅ Pronto como  () 
2026-09-28 11:57:14 [INFO]: [TelegramAdapter] Inicializando... 
2026-09-28 11:57:14 [INFO]: [TelegramAdapter] Já estava pronto 
2026-09-28 11:57:14 [INFO]: [TelegramAdapter] Inicializando... 
2026-09-28 11:57:14 [INFO]: [Telegram] Iniciando launch()... 
2026-09-28 11:57:14 [INFO]: [Telegram] ✅ Pronto como  () 
2026-09-28 11:57:14 [INFO]: [TelegramAdapter] Inicializando... 
2026-09-28 11:57:14 [INFO]: [Telegram] Iniciando launch()... 
2026-09-28 11:57:14 [INFO]: [Telegram] ✅ Pronto como  () 
2026-09-28 11:57:14 [INFO]: [Discord] Cliente v14 inicializado com intents, partials e presence 
2026-09-28 11:57:14 [INFO]: [Discord] Iniciando login... 
2026-09-28 11:57:14 [INFO]: [Discord] ✅ Pronto como TestDiscordBot (1111) 
2026-09-28 11:57:14 [ERROR]: ❌ [[Discord] Erro ao definir presença:] this.client.user?.setPresence is not a function
2026-09-28 11:57:14 [INFO]: [Discord] Chamada de login concluída 
2026-09-28 11:57:14 [INFO]: [Discord] Cliente v14 inicializado com intents, partials e presence 
2026-09-28 11:57:14 [INFO]: [Discord] Iniciando login... 
2026-09-28 11:57:14 [INFO]: [Discord] ✅ Pronto como TestDiscordBot (1111) 
2026-09-28 11:57:14 [ERROR]: ❌ [[Discord] Erro ao definir presença:] this.client.user?.setPresence is not a function
2026-09-28 11:57:14 [INFO]: [Discord] Chamada de login concluída 
2026-09-28 11:57:14 [INFO]: [Discord] Iniciando login... 
2026-09-28 11:57:14 [INFO]: [Discord] Chamada de login concluída 
2026-09-28 11:57:14 [INFO]: [Discord] Cliente v14 inicializado com intents, partials e presence 
2026-09-28 11:57:14 [INFO]: [Discord] Iniciando login... 
2026-09-28 11:57:14 [INFO]: [Discord] ✅ Pronto como TestDiscordBot (1111) 
2026-09-28 11:57:14 [ERROR]: ❌ [[Discord] Erro ao definir presença:] this.client.user?.setPresence is not a function
2026-09-28 11:57:14 [INFO]: [Discord] Chamada de login concluída 
2026-09-28 11:57:15 [ERROR]: [memberJoinService] Erro ao processar entrada
2026-09-28 11:57:16 [INFO]: [keywordHandler] Palavra-chave detectada, resposta enviada
2026-09-28 11:57:17 [INFO]: [Discord] Cliente v14 inicializado com intents, partials e presence 
2026-09-28 11:57:19 [INFO]: [BaileysSender.sendMessage] Reply: quotedRaw=false, replyTo=original:123, originalKey=NAO 
2026-09-28 11:57:19 [INFO]: [BaileysSender.sendMessage] Quoted payload construído: keyId=123, hasMessage=true 
2026-09-28 11:57:19 [INFO]: [BaileysSender.sendMessage] Reply: quotedRaw=false, replyTo=original:123, originalKey=NAO 
2026-09-28 11:57:19 [INFO]: [BaileysSender.sendMessage] Quoted payload construído: keyId=123, hasMessage=true 
2026-09-28 11:57:19 [INFO]: [BaileysSender.sendMessage] Reply: quotedRaw=false, replyTo=undefined, originalKey=NAO 
2026-09-28 11:57:19 [INFO]: [BaileysSender.sendMessage] Reply: quotedRaw=false, replyTo=original:123, originalKey=NAO 
2026-09-28 11:57:19 [INFO]: [BaileysSender.sendMessage] Quoted payload construído: keyId=123, hasMessage=true 
2026-09-28 11:57:36 [ERROR]: ❌ [Erro no comando $stats:] SQLITE_ERROR: no such table: feedbacks
2026-09-28 11:57:36 [ERROR]:    Stack: 
2026-09-28 11:57:36 [INFO]: 🛑 [SHUTDOWN] Comando executado por: 5588998314322@c.us 
2026-09-28 11:57:36 [ERROR]: ❌ [❌ Erro no $grupos:] ctx.client.getChats is not a function
2026-09-28 11:57:36 [ERROR]:    Stack: at Object.execute (D:/Desktop/Programas/bot-wpp/src/bot/commands/grupos.ts:17:44)
2026-09-28 11:57:36 [ERROR]: ❌ [[ScreenCommand] Erro:] connect ECONNREFUSED 127.0.0.1:3002
2026-09-28 11:57:36 [ERROR]:    Stack: at TCPConnectWrap.afterConnect [as oncomplete] (node:net:2017:16)
2026-09-28 11:57:36 [INFO]: 🛑 [SHUTDOWN] Comando executado por: 5588998314322@c.us 
2026-09-28 11:57:38 [INFO]: [DiscordScreenService] Missing required Discord credentials, screen sharing disabled 
2026-09-28 11:57:38 [INFO]: [DiscordScreenService] Gerenciado externamente (DISCORD_SCREEN_EXTERNAL) — spawn interno desativado 
2026-09-28 11:57:38 [INFO]: [DiscordScreenService] Gerenciado externamente (DISCORD_SCREEN_EXTERNAL) — spawn interno desativado 
2026-09-28 11:57:38 [ERROR]: [DB] Falha ao registrar infração
2026-09-28 11:57:38 [INFO]: [TelegramAdapter] Inicializando... 
2026-09-28 11:57:38 [INFO]: [Telegram] Iniciando launch()... 
2026-09-28 11:57:38 [INFO]: [Telegram] ✅ Pronto como  () 
2026-09-28 11:57:38 [INFO]: [TelegramAdapter] Inicializando... 
2026-09-28 11:57:38 [INFO]: [Telegram] Iniciando launch()... 
2026-09-28 11:57:38 [INFO]: [Telegram] ✅ Pronto como  () 
2026-09-28 11:57:38 [INFO]: [TelegramAdapter] Inicializando... 
2026-09-28 11:57:38 [INFO]: [Telegram] Iniciando launch()... 
2026-09-28 11:57:38 [INFO]: [Telegram] ✅ Pronto como  () 
2026-09-28 11:57:38 [INFO]: [TelegramAdapter] Inicializando... 
2026-09-28 11:57:38 [INFO]: [TelegramAdapter] Já estava pronto 
2026-09-28 11:57:38 [INFO]: [TelegramAdapter] Inicializando... 
2026-09-28 11:57:38 [INFO]: [Telegram] Iniciando launch()... 
2026-09-28 11:57:38 [INFO]: [Telegram] ✅ Pronto como  () 
2026-09-28 11:57:38 [INFO]: [TelegramAdapter] Inicializando... 
2026-09-28 11:57:38 [INFO]: [Telegram] Iniciando launch()... 
2026-09-28 11:57:38 [INFO]: [Telegram] ✅ Pronto como  () 
2026-09-28 11:57:38 [INFO]: [Discord] Cliente v14 inicializado com intents, partials e presence 
2026-09-28 11:57:38 [INFO]: [Discord] Iniciando login... 
2026-09-28 11:57:38 [INFO]: [Discord] ✅ Pronto como TestDiscordBot (1111) 
2026-09-28 11:57:38 [ERROR]: ❌ [[Discord] Erro ao definir presença:] this.client.user?.setPresence is not a function
2026-09-28 11:57:38 [INFO]: [Discord] Chamada de login concluída 
2026-09-28 11:57:38 [INFO]: [Discord] Cliente v14 inicializado com intents, partials e presence 
2026-09-28 11:57:38 [INFO]: [Discord] Iniciando login... 
2026-09-28 11:57:38 [INFO]: [Discord] ✅ Pronto como TestDiscordBot (1111) 
2026-09-28 11:57:38 [ERROR]: ❌ [[Discord] Erro ao definir presença:] this.client.user?.setPresence is not a function
2026-09-28 11:57:38 [INFO]: [Discord] Chamada de login concluída 
2026-09-28 11:57:38 [INFO]: [Discord] Iniciando login... 
2026-09-28 11:57:38 [INFO]: [Discord] Chamada de login concluída 
2026-09-28 11:57:38 [INFO]: [Discord] Cliente v14 inicializado com intents, partials e presence 
2026-09-28 11:57:38 [INFO]: [Discord] Iniciando login... 
2026-09-28 11:57:38 [ERROR]: [DB] Falha ao registrar infração
2026-09-28 11:57:38 [ERROR]: [DB] Falha ao registrar infração
2026-09-28 11:57:38 [ERROR]: [DB] Falha ao registrar infração
2026-09-28 11:57:38 [ERROR]: [DB] Falha ao registrar infração
2026-09-28 11:57:38 [ERROR]: [DB] Falha ao registrar infração
2026-09-28 11:57:38 [ERROR]: [DB] Falha ao registrar infração
2026-09-28 11:57:38 [ERROR]: [DB] Falha ao registrar infração
2026-09-28 11:57:38 [ERROR]: [DB] Falha ao registrar infração
2026-09-28 11:57:38 [INFO]: [Discord] ✅ Pronto como TestDiscordBot (1111) 
2026-09-28 11:57:38 [ERROR]: ❌ [[Discord] Erro ao definir presença:] this.client.user?.setPresence is not a function
2026-09-28 11:57:38 [INFO]: [Discord] Chamada de login concluída 
2026-09-28 11:57:40 [ERROR]: [memberJoinService] Erro ao processar entrada
2026-09-28 11:57:42 [INFO]: [keywordHandler] Palavra-chave detectada, resposta enviada
2026-09-28 11:57:43 [INFO]: [Discord] Cliente v14 inicializado com intents, partials e presence 
2026-09-28 11:57:44 [INFO]: [BaileysSender.sendMessage] Reply: quotedRaw=false, replyTo=original:123, originalKey=NAO 
2026-09-28 11:57:44 [INFO]: [BaileysSender.sendMessage] Quoted payload construído: keyId=123, hasMessage=true 
2026-09-28 11:57:44 [INFO]: [BaileysSender.sendMessage] Reply: quotedRaw=false, replyTo=original:123, originalKey=NAO 
2026-09-28 11:57:44 [INFO]: [BaileysSender.sendMessage] Quoted payload construído: keyId=123, hasMessage=true 
2026-09-28 11:57:44 [INFO]: [BaileysSender.sendMessage] Reply: quotedRaw=false, replyTo=undefined, originalKey=NAO 
2026-09-28 11:57:44 [INFO]: [BaileysSender.sendMessage] Reply: quotedRaw=false, replyTo=original:123, originalKey=NAO 
2026-09-28 11:57:44 [INFO]: [BaileysSender.sendMessage] Quoted payload construído: keyId=123, hasMessage=true 
2026-09-28 11:58:03 [ERROR]: [DB] Falha ao registrar infração
2026-09-28 11:58:03 [ERROR]: [DB] Falha ao registrar infração
2026-09-28 11:58:03 [ERROR]: [DB] Falha ao registrar infração
2026-09-28 11:58:03 [ERROR]: [DB] Falha ao registrar infração
2026-09-28 11:58:03 [ERROR]: [DB] Falha ao registrar infração
2026-09-28 11:58:03 [ERROR]: [DB] Falha ao registrar infração
2026-09-28 11:58:03 [ERROR]: [DB] Falha ao registrar infração
2026-09-28 11:58:03 [ERROR]: [DB] Falha ao registrar infração
2026-09-28 11:58:03 [ERROR]: [DB] Falha ao registrar infração
2026-09-28 11:58:06 [ERROR]: ❌ [Erro no comando $stats:] SQLITE_ERROR: no such table: feedbacks
2026-09-28 11:58:06 [ERROR]:    Stack: 
2026-09-28 11:58:06 [INFO]: 🛑 [SHUTDOWN] Comando executado por: 5588998314322@c.us 
2026-09-28 11:58:06 [ERROR]: ❌ [❌ Erro no $grupos:] ctx.client.getChats is not a function
2026-09-28 11:58:06 [ERROR]:    Stack: at Object.execute (D:/Desktop/Programas/bot-wpp/src/bot/commands/grupos.ts:17:44)
2026-09-28 11:58:06 [ERROR]: ❌ [[ScreenCommand] Erro:] connect ECONNREFUSED 127.0.0.1:3002
2026-09-28 11:58:06 [ERROR]:    Stack: at TCPConnectWrap.afterConnect [as oncomplete] (node:net:2017:16)
2026-09-28 11:58:06 [INFO]: 🛑 [SHUTDOWN] Comando executado por: 5588998314322@c.us 
2026-09-28 11:58:09 [ERROR]: [memberJoinService] Erro ao processar entrada
2026-09-28 11:58:10 [INFO]: [TelegramAdapter] Inicializando... 
2026-09-28 11:58:10 [INFO]: [Telegram] Iniciando launch()... 
2026-09-28 11:58:10 [INFO]: [Telegram] ✅ Pronto como  () 
2026-09-28 11:58:10 [INFO]: [TelegramAdapter] Inicializando... 
2026-09-28 11:58:10 [INFO]: [Telegram] Iniciando launch()... 
2026-09-28 11:58:10 [INFO]: [Telegram] ✅ Pronto como  () 
2026-09-28 11:58:10 [INFO]: [TelegramAdapter] Inicializando... 
2026-09-28 11:58:10 [INFO]: [Telegram] Iniciando launch()... 
2026-09-28 11:58:10 [INFO]: [Telegram] ✅ Pronto como  () 
2026-09-28 11:58:10 [INFO]: [TelegramAdapter] Inicializando... 
2026-09-28 11:58:10 [INFO]: [TelegramAdapter] Já estava pronto 
2026-09-28 11:58:10 [INFO]: [TelegramAdapter] Inicializando... 
2026-09-28 11:58:10 [INFO]: [Telegram] Iniciando launch()... 
2026-09-28 11:58:10 [INFO]: [Telegram] ✅ Pronto como  () 
2026-09-28 11:58:10 [INFO]: [TelegramAdapter] Inicializando... 
2026-09-28 11:58:10 [INFO]: [Telegram] Iniciando launch()... 
2026-09-28 11:58:10 [INFO]: [Telegram] ✅ Pronto como  () 
2026-09-28 11:58:10 [INFO]: [Discord] Cliente v14 inicializado com intents, partials e presence 
2026-09-28 11:58:10 [INFO]: [Discord] Iniciando login... 
2026-09-28 11:58:10 [INFO]: [Discord] ✅ Pronto como TestDiscordBot (1111) 
2026-09-28 11:58:10 [ERROR]: ❌ [[Discord] Erro ao definir presença:] this.client.user?.setPresence is not a function
2026-09-28 11:58:10 [INFO]: [Discord] Chamada de login concluída 
2026-09-28 11:58:10 [INFO]: [Discord] Cliente v14 inicializado com intents, partials e presence 
2026-09-28 11:58:10 [INFO]: [Discord] Iniciando login... 
2026-09-28 11:58:10 [INFO]: [Discord] ✅ Pronto como TestDiscordBot (1111) 
2026-09-28 11:58:10 [ERROR]: ❌ [[Discord] Erro ao definir presença:] this.client.user?.setPresence is not a function
2026-09-28 11:58:10 [INFO]: [Discord] Chamada de login concluída 
2026-09-28 11:58:10 [INFO]: [Discord] Iniciando login... 
2026-09-28 11:58:10 [INFO]: [Discord] Chamada de login concluída 
2026-09-28 11:58:10 [INFO]: [Discord] Cliente v14 inicializado com intents, partials e presence 
2026-09-28 11:58:10 [INFO]: [Discord] Iniciando login... 
2026-09-28 11:58:10 [INFO]: [Discord] ✅ Pronto como TestDiscordBot (1111) 
2026-09-28 11:58:10 [ERROR]: ❌ [[Discord] Erro ao definir presença:] this.client.user?.setPresence is not a function
2026-09-28 11:58:10 [INFO]: [Discord] Chamada de login concluída 
2026-09-28 11:58:12 [INFO]: [Discord] Cliente v14 inicializado com intents, partials e presence 
2026-09-28 11:58:12 [INFO]: [BaileysSender.sendMessage] Reply: quotedRaw=false, replyTo=original:123, originalKey=NAO 
2026-09-28 11:58:12 [INFO]: [BaileysSender.sendMessage] Quoted payload construído: keyId=123, hasMessage=true 
2026-09-28 11:58:12 [INFO]: [BaileysSender.sendMessage] Reply: quotedRaw=false, replyTo=original:123, originalKey=NAO 
2026-09-28 11:58:12 [INFO]: [BaileysSender.sendMessage] Quoted payload construído: keyId=123, hasMessage=true 
2026-09-28 11:58:12 [INFO]: [BaileysSender.sendMessage] Reply: quotedRaw=false, replyTo=undefined, originalKey=NAO 
2026-09-28 11:58:12 [INFO]: [BaileysSender.sendMessage] Reply: quotedRaw=false, replyTo=original:123, originalKey=NAO 
2026-09-28 11:58:12 [INFO]: [BaileysSender.sendMessage] Quoted payload construído: keyId=123, hasMessage=true 
2026-09-28 11:58:14 [INFO]: [DiscordScreenService] Missing required Discord credentials, screen sharing disabled 
2026-09-28 11:58:14 [INFO]: [DiscordScreenService] Gerenciado externamente (DISCORD_SCREEN_EXTERNAL) — spawn interno desativado 
2026-09-28 11:58:14 [INFO]: [DiscordScreenService] Gerenciado externamente (DISCORD_SCREEN_EXTERNAL) — spawn interno desativado 
2026-09-28 11:58:14 [INFO]: [keywordHandler] Palavra-chave detectada, resposta enviada
2026-09-28 12:01:54 [ERROR]: [memberJoinService] Erro ao processar entrada
2026-09-28 12:01:56 [INFO]: [TelegramAdapter] Inicializando... 
2026-09-28 12:01:56 [INFO]: [Telegram] Iniciando launch()... 
2026-09-28 12:01:56 [INFO]: [Telegram] ✅ Pronto como  () 
2026-09-28 12:01:56 [INFO]: [TelegramAdapter] Inicializando... 
2026-09-28 12:01:56 [INFO]: [Telegram] Iniciando launch()... 
2026-09-28 12:01:56 [INFO]: [Telegram] ✅ Pronto como  () 
2026-09-28 12:01:56 [INFO]: [TelegramAdapter] Inicializando... 
2026-09-28 12:01:56 [INFO]: [Telegram] Iniciando launch()... 
2026-09-28 12:01:56 [INFO]: [Telegram] ✅ Pronto como  () 
2026-09-28 12:01:56 [INFO]: [TelegramAdapter] Inicializando... 
2026-09-28 12:01:56 [INFO]: [TelegramAdapter] Já estava pronto 
2026-09-28 12:01:56 [INFO]: [TelegramAdapter] Inicializando... 
2026-09-28 12:01:56 [INFO]: [Telegram] Iniciando launch()... 
2026-09-28 12:01:56 [INFO]: [Telegram] ✅ Pronto como  () 
2026-09-28 12:01:56 [INFO]: [TelegramAdapter] Inicializando... 
2026-09-28 12:01:56 [INFO]: [Telegram] Iniciando launch()... 
2026-09-28 12:01:56 [INFO]: [Telegram] ✅ Pronto como  () 
2026-09-28 12:01:56 [INFO]: [Discord] Cliente v14 inicializado com intents, partials e presence 
2026-09-28 12:01:56 [INFO]: [Discord] Iniciando login... 
2026-09-28 12:01:56 [INFO]: [Discord] ✅ Pronto como TestDiscordBot (1111) 
2026-09-28 12:01:56 [ERROR]: ❌ [[Discord] Erro ao definir presença:] this.client.user?.setPresence is not a function
2026-09-28 12:01:56 [INFO]: [Discord] Chamada de login concluída 
2026-09-28 12:01:56 [INFO]: [Discord] Cliente v14 inicializado com intents, partials e presence 
2026-09-28 12:01:56 [INFO]: [Discord] Iniciando login... 
2026-09-28 12:01:56 [INFO]: [Discord] ✅ Pronto como TestDiscordBot (1111) 
2026-09-28 12:01:56 [ERROR]: ❌ [[Discord] Erro ao definir presença:] this.client.user?.setPresence is not a function
2026-09-28 12:01:56 [INFO]: [Discord] Chamada de login concluída 
2026-09-28 12:01:56 [INFO]: [Discord] Iniciando login... 
2026-09-28 12:01:56 [INFO]: [Discord] Chamada de login concluída 
2026-09-28 12:01:56 [INFO]: [Discord] Cliente v14 inicializado com intents, partials e presence 
2026-09-28 12:01:56 [INFO]: [Discord] Iniciando login... 
2026-09-28 12:01:56 [INFO]: [Discord] ✅ Pronto como TestDiscordBot (1111) 
2026-09-28 12:01:56 [ERROR]: ❌ [[Discord] Erro ao definir presença:] this.client.user?.setPresence is not a function
2026-09-28 12:01:56 [INFO]: [Discord] Chamada de login concluída 
2026-09-28 12:01:56 [ERROR]: ❌ [Erro no comando $stats:] SQLITE_ERROR: no such table: feedbacks
2026-09-28 12:01:56 [ERROR]:    Stack: 
2026-09-28 12:01:56 [INFO]: 🛑 [SHUTDOWN] Comando executado por: 5588998314322@c.us 
2026-09-28 12:01:56 [ERROR]: ❌ [❌ Erro no $grupos:] ctx.client.getChats is not a function
2026-09-28 12:01:56 [ERROR]:    Stack: at Object.execute (D:/Desktop/Programas/bot-wpp/src/bot/commands/grupos.ts:17:44)
2026-09-28 12:01:56 [ERROR]: ❌ [[ScreenCommand] Erro:] connect ECONNREFUSED 127.0.0.1:3002
2026-09-28 12:01:56 [ERROR]:    Stack: at TCPConnectWrap.afterConnect [as oncomplete] (node:net:2017:16)
2026-09-28 12:01:56 [INFO]: 🛑 [SHUTDOWN] Comando executado por: 5588998314322@c.us 
2026-09-28 12:01:58 [ERROR]: [DB] Falha ao registrar infração
2026-09-28 12:01:58 [ERROR]: [DB] Falha ao registrar infração
2026-09-28 12:01:58 [ERROR]: [DB] Falha ao registrar infração
2026-09-28 12:01:58 [ERROR]: [DB] Falha ao registrar infração
2026-09-28 12:01:58 [ERROR]: [DB] Falha ao registrar infração
2026-09-28 12:01:58 [ERROR]: [DB] Falha ao registrar infração
2026-09-28 12:01:58 [ERROR]: [DB] Falha ao registrar infração
2026-09-28 12:01:58 [ERROR]: [DB] Falha ao registrar infração
2026-09-28 12:01:58 [ERROR]: [DB] Falha ao registrar infração
2026-09-28 12:02:01 [INFO]: [DiscordScreenService] Missing required Discord credentials, screen sharing disabled 
2026-09-28 12:02:01 [INFO]: [DiscordScreenService] Gerenciado externamente (DISCORD_SCREEN_EXTERNAL) — spawn interno desativado 
2026-09-28 12:02:01 [INFO]: [DiscordScreenService] Gerenciado externamente (DISCORD_SCREEN_EXTERNAL) — spawn interno desativado 
2026-09-28 12:02:02 [INFO]: [Discord] Cliente v14 inicializado com intents, partials e presence 
2026-09-28 12:02:02 [INFO]: [BaileysSender.sendMessage] Reply: quotedRaw=false, replyTo=original:123, originalKey=NAO 
2026-09-28 12:02:02 [INFO]: [BaileysSender.sendMessage] Quoted payload construído: keyId=123, hasMessage=true 
2026-09-28 12:02:02 [INFO]: [BaileysSender.sendMessage] Reply: quotedRaw=false, replyTo=original:123, originalKey=NAO 
2026-09-28 12:02:02 [INFO]: [BaileysSender.sendMessage] Quoted payload construído: keyId=123, hasMessage=true 
2026-09-28 12:02:02 [INFO]: [BaileysSender.sendMessage] Reply: quotedRaw=false, replyTo=undefined, originalKey=NAO 
2026-09-28 12:02:02 [INFO]: [BaileysSender.sendMessage] Reply: quotedRaw=false, replyTo=original:123, originalKey=NAO 
2026-09-28 12:02:02 [INFO]: [BaileysSender.sendMessage] Quoted payload construído: keyId=123, hasMessage=true 
2026-09-28 12:02:05 [INFO]: [keywordHandler] Palavra-chave detectada, resposta enviada
2026-09-28 12:04:29 [ERROR]: ❌ [Erro no comando $stats:] SQLITE_ERROR: no such table: feedbacks
2026-09-28 12:04:29 [ERROR]:    Stack: 
2026-09-28 12:04:29 [INFO]: 🛑 [SHUTDOWN] Comando executado por: 5588998314322@c.us 
2026-09-28 12:04:29 [ERROR]: ❌ [❌ Erro no $grupos:] ctx.client.getChats is not a function
2026-09-28 12:04:29 [ERROR]:    Stack: at Object.execute (D:/Desktop/Programas/bot-wpp/src/bot/commands/grupos.ts:17:44)
2026-09-28 12:04:29 [ERROR]: ❌ [[ScreenCommand] Erro:] connect ECONNREFUSED 127.0.0.1:3002
2026-09-28 12:04:29 [ERROR]:    Stack: at TCPConnectWrap.afterConnect [as oncomplete] (node:net:2017:16)
2026-09-28 12:04:29 [INFO]: 🛑 [SHUTDOWN] Comando executado por: 5588998314322@c.us 
2026-09-28 12:04:31 [INFO]: [DiscordScreenService] Missing required Discord credentials, screen sharing disabled 
2026-09-28 12:04:31 [INFO]: [DiscordScreenService] Gerenciado externamente (DISCORD_SCREEN_EXTERNAL) — spawn interno desativado 
2026-09-28 12:04:31 [INFO]: [DiscordScreenService] Gerenciado externamente (DISCORD_SCREEN_EXTERNAL) — spawn interno desativado 
2026-09-28 12:04:31 [ERROR]: [DB] Falha ao registrar infração
2026-09-28 12:04:31 [ERROR]: [DB] Falha ao registrar infração
2026-09-28 12:04:31 [ERROR]: [DB] Falha ao registrar infração
2026-09-28 12:04:31 [ERROR]: [DB] Falha ao registrar infração
2026-09-28 12:04:31 [ERROR]: [DB] Falha ao registrar infração
2026-09-28 12:04:31 [ERROR]: [DB] Falha ao registrar infração
2026-09-28 12:04:31 [ERROR]: [DB] Falha ao registrar infração
2026-09-28 12:04:31 [ERROR]: [DB] Falha ao registrar infração
2026-09-28 12:04:31 [ERROR]: [DB] Falha ao registrar infração
2026-09-28 12:04:31 [INFO]: [TelegramAdapter] Inicializando... 
2026-09-28 12:04:31 [INFO]: [Telegram] Iniciando launch()... 
2026-09-28 12:04:31 [INFO]: [Telegram] ✅ Pronto como  () 
2026-09-28 12:04:31 [INFO]: [TelegramAdapter] Inicializando... 
2026-09-28 12:04:31 [INFO]: [Telegram] Iniciando launch()... 
2026-09-28 12:04:31 [INFO]: [Telegram] ✅ Pronto como  () 
2026-09-28 12:04:31 [INFO]: [TelegramAdapter] Inicializando... 
2026-09-28 12:04:31 [INFO]: [Telegram] Iniciando launch()... 
2026-09-28 12:04:31 [INFO]: [Telegram] ✅ Pronto como  () 
2026-09-28 12:04:31 [INFO]: [TelegramAdapter] Inicializando... 
2026-09-28 12:04:31 [INFO]: [TelegramAdapter] Já estava pronto 
2026-09-28 12:04:31 [INFO]: [TelegramAdapter] Inicializando... 
2026-09-28 12:04:31 [INFO]: [Telegram] Iniciando launch()... 
2026-09-28 12:04:31 [INFO]: [Telegram] ✅ Pronto como  () 
2026-09-28 12:04:31 [INFO]: [TelegramAdapter] Inicializando... 
2026-09-28 12:04:31 [INFO]: [Telegram] Iniciando launch()... 
2026-09-28 12:04:31 [INFO]: [Telegram] ✅ Pronto como  () 
2026-09-28 12:04:31 [INFO]: [Discord] Cliente v14 inicializado com intents, partials e presence 
2026-09-28 12:04:31 [INFO]: [Discord] Iniciando login... 
2026-09-28 12:04:32 [INFO]: [Discord] ✅ Pronto como TestDiscordBot (1111) 
2026-09-28 12:04:32 [ERROR]: ❌ [[Discord] Erro ao definir presença:] this.client.user?.setPresence is not a function
2026-09-28 12:04:32 [INFO]: [Discord] Chamada de login concluída 
2026-09-28 12:04:32 [INFO]: [Discord] Cliente v14 inicializado com intents, partials e presence 
2026-09-28 12:04:32 [INFO]: [Discord] Iniciando login... 
2026-09-28 12:04:32 [INFO]: [Discord] ✅ Pronto como TestDiscordBot (1111) 
2026-09-28 12:04:32 [ERROR]: ❌ [[Discord] Erro ao definir presença:] this.client.user?.setPresence is not a function
2026-09-28 12:04:32 [INFO]: [Discord] Chamada de login concluída 
2026-09-28 12:04:32 [INFO]: [Discord] Iniciando login... 
2026-09-28 12:04:32 [INFO]: [Discord] Chamada de login concluída 
2026-09-28 12:04:32 [INFO]: [Discord] Cliente v14 inicializado com intents, partials e presence 
2026-09-28 12:04:32 [INFO]: [Discord] Iniciando login... 
2026-09-28 12:04:32 [INFO]: [Discord] ✅ Pronto como TestDiscordBot (1111) 
2026-09-28 12:04:32 [ERROR]: ❌ [[Discord] Erro ao definir presença:] this.client.user?.setPresence is not a function
2026-09-28 12:04:32 [INFO]: [Discord] Chamada de login concluída 
2026-09-28 12:04:33 [INFO]: [keywordHandler] Palavra-chave detectada, resposta enviada
2026-09-28 12:04:34 [ERROR]: [memberJoinService] Erro ao processar entrada
2026-09-28 12:04:34 [WARN]: [BaileysSender] sendMessage: socket existe mas NÃO está pronto (readyState !== OPEN) 
2026-09-28 12:04:34 [INFO]: [BaileysSender.sendMessage] Reply: quotedRaw=false, replyTo=original:123, originalKey=NAO 
2026-09-28 12:04:34 [INFO]: [BaileysSender.sendMessage] Quoted payload construído: keyId=123, hasMessage=true 
2026-09-28 12:04:34 [WARN]: [BaileysSender] sendMessage: socket existe mas NÃO está pronto (readyState !== OPEN) 
2026-09-28 12:04:34 [INFO]: [BaileysSender.sendMessage] Reply: quotedRaw=false, replyTo=original:123, originalKey=NAO 
2026-09-28 12:04:34 [INFO]: [BaileysSender.sendMessage] Quoted payload construído: keyId=123, hasMessage=true 
2026-09-28 12:04:34 [WARN]: [BaileysSender] sendMessage: socket existe mas NÃO está pronto (readyState !== OPEN) 
2026-09-28 12:04:34 [INFO]: [BaileysSender.sendMessage] Reply: quotedRaw=false, replyTo=undefined, originalKey=NAO 
2026-09-28 12:04:34 [WARN]: [BaileysSender] sendMessage: socket existe mas NÃO está pronto (readyState !== OPEN) 
2026-09-28 12:04:34 [INFO]: [BaileysSender.sendMessage] Reply: quotedRaw=false, replyTo=original:123, originalKey=NAO 
2026-09-28 12:04:34 [INFO]: [BaileysSender.sendMessage] Quoted payload construído: keyId=123, hasMessage=true 
2026-09-28 12:04:35 [INFO]: [Discord] Cliente v14 inicializado com intents, partials e presence 
2026-09-28 13:28:40 [INFO]: [TelegramAdapter] Inicializando... 
2026-09-28 13:28:40 [INFO]: [Telegram] Iniciando launch()... 
2026-09-28 13:28:40 [INFO]: [Telegram] ✅ Pronto como  () 
2026-09-28 13:28:40 [INFO]: [TelegramAdapter] Inicializando... 
2026-09-28 13:28:40 [INFO]: [Telegram] Iniciando launch()... 
2026-09-28 13:28:40 [INFO]: [Telegram] ✅ Pronto como  () 
2026-09-28 13:28:40 [INFO]: [TelegramAdapter] Inicializando... 
2026-09-28 13:28:40 [INFO]: [Telegram] Iniciando launch()... 
2026-09-28 13:28:40 [INFO]: [Telegram] ✅ Pronto como  () 
2026-09-28 13:28:40 [INFO]: [TelegramAdapter] Inicializando... 
2026-09-28 13:28:40 [INFO]: [TelegramAdapter] Já estava pronto 
2026-09-28 13:28:40 [INFO]: [TelegramAdapter] Inicializando... 
2026-09-28 13:28:40 [INFO]: [Telegram] Iniciando launch()... 
2026-09-28 13:28:40 [INFO]: [Telegram] ✅ Pronto como  () 
2026-09-28 13:28:40 [INFO]: [TelegramAdapter] Inicializando... 
2026-09-28 13:28:40 [INFO]: [Telegram] Iniciando launch()... 
2026-09-28 13:28:40 [INFO]: [Telegram] ✅ Pronto como  () 
2026-09-28 13:28:40 [INFO]: [Discord] Cliente v14 inicializado com intents, partials e presence 
2026-09-28 13:28:40 [INFO]: [Discord] Iniciando login... 
2026-09-28 13:28:40 [INFO]: [Discord] ✅ Pronto como TestDiscordBot (1111) 
2026-09-28 13:28:40 [ERROR]: ❌ [[Discord] Erro ao definir presença:] this.client.user?.setPresence is not a function
2026-09-28 13:28:40 [INFO]: [Discord] Chamada de login concluída 
2026-09-28 13:28:40 [INFO]: [Discord] Cliente v14 inicializado com intents, partials e presence 
2026-09-28 13:28:40 [INFO]: [Discord] Iniciando login... 
2026-09-28 13:28:40 [INFO]: [Discord] ✅ Pronto como TestDiscordBot (1111) 
2026-09-28 13:28:40 [ERROR]: ❌ [[Discord] Erro ao definir presença:] this.client.user?.setPresence is not a function
2026-09-28 13:28:40 [INFO]: [Discord] Chamada de login concluída 
2026-09-28 13:28:40 [INFO]: [Discord] Iniciando login... 
2026-09-28 13:28:40 [INFO]: [Discord] Chamada de login concluída 
2026-09-28 13:28:40 [INFO]: [Discord] Cliente v14 inicializado com intents, partials e presence 
2026-09-28 13:28:40 [INFO]: [Discord] Iniciando login... 
2026-09-28 13:28:40 [INFO]: [Discord] ✅ Pronto como TestDiscordBot (1111) 
2026-09-28 13:28:40 [ERROR]: ❌ [[Discord] Erro ao definir presença:] this.client.user?.setPresence is not a function
2026-09-28 13:28:40 [INFO]: [Discord] Chamada de login concluída 
2026-09-28 13:28:43 [ERROR]: [DB] Falha ao registrar infração
2026-09-28 13:28:43 [ERROR]: [DB] Falha ao registrar infração
2026-09-28 13:28:43 [ERROR]: [DB] Falha ao registrar infração
2026-09-28 13:28:43 [ERROR]: [DB] Falha ao registrar infração
2026-09-28 13:28:43 [ERROR]: [DB] Falha ao registrar infração
2026-09-28 13:28:43 [ERROR]: [DB] Falha ao registrar infração
2026-09-28 13:28:43 [ERROR]: [DB] Falha ao registrar infração
2026-09-28 13:28:43 [ERROR]: [DB] Falha ao registrar infração
2026-09-28 13:28:43 [ERROR]: [DB] Falha ao registrar infração
2026-09-28 13:28:45 [ERROR]: ❌ [Erro no comando $stats:] SQLITE_ERROR: no such table: feedbacks
2026-09-28 13:28:45 [ERROR]:    Stack: 
2026-09-28 13:28:45 [INFO]: 🛑 [SHUTDOWN] Comando executado por: 5588998314322@c.us 
2026-09-28 13:28:45 [ERROR]: ❌ [❌ Erro no $grupos:] ctx.client.getChats is not a function
2026-09-28 13:28:45 [ERROR]:    Stack: at Object.execute (D:/Desktop/Programas/bot-wpp/src/bot/commands/grupos.ts:17:44)
2026-09-28 13:28:45 [ERROR]: ❌ [[ScreenCommand] Erro:] connect ECONNREFUSED 127.0.0.1:3002
2026-09-28 13:28:45 [ERROR]:    Stack: at TCPConnectWrap.afterConnect [as oncomplete] (node:net:2017:16)
2026-09-28 13:28:45 [INFO]: 🛑 [SHUTDOWN] Comando executado por: 5588998314322@c.us 
2026-09-28 13:28:46 [ERROR]: [memberJoinService] Erro ao processar entrada
2026-09-28 13:28:46 [WARN]: [BaileysSender] sendMessage: socket existe mas NÃO está pronto (readyState !== OPEN) 
2026-09-28 13:28:46 [INFO]: [BaileysSender.sendMessage] Reply: quotedRaw=false, replyTo=original:123, originalKey=NAO 
2026-09-28 13:28:46 [INFO]: [BaileysSender.sendMessage] Quoted payload construído: keyId=123, hasMessage=true 
2026-09-28 13:28:46 [WARN]: [BaileysSender] sendMessage: socket existe mas NÃO está pronto (readyState !== OPEN) 
2026-09-28 13:28:46 [INFO]: [BaileysSender.sendMessage] Reply: quotedRaw=false, replyTo=original:123, originalKey=NAO 
2026-09-28 13:28:46 [INFO]: [BaileysSender.sendMessage] Quoted payload construído: keyId=123, hasMessage=true 
2026-09-28 13:28:46 [WARN]: [BaileysSender] sendMessage: socket existe mas NÃO está pronto (readyState !== OPEN) 
2026-09-28 13:28:46 [INFO]: [BaileysSender.sendMessage] Reply: quotedRaw=false, replyTo=undefined, originalKey=NAO 
2026-09-28 13:28:46 [WARN]: [BaileysSender] sendMessage: socket existe mas NÃO está pronto (readyState !== OPEN) 
2026-09-28 13:28:46 [INFO]: [BaileysSender.sendMessage] Reply: quotedRaw=false, replyTo=original:123, originalKey=NAO 
2026-09-28 13:28:46 [INFO]: [BaileysSender.sendMessage] Quoted payload construído: keyId=123, hasMessage=true 
2026-09-28 13:28:49 [INFO]: [DiscordScreenService] Missing required Discord credentials, screen sharing disabled 
2026-09-28 13:28:49 [INFO]: [DiscordScreenService] Gerenciado externamente (DISCORD_SCREEN_EXTERNAL) — spawn interno desativado 
2026-09-28 13:28:49 [INFO]: [DiscordScreenService] Gerenciado externamente (DISCORD_SCREEN_EXTERNAL) — spawn interno desativado 
2026-09-28 13:28:52 [INFO]: [Discord] Cliente v14 inicializado com intents, partials e presence 
2026-09-28 13:28:52 [INFO]: [keywordHandler] Palavra-chave detectada, resposta enviada
2026-09-28 16:41:18 [ERROR]: [DB] Falha ao registrar infração
2026-09-28 16:41:18 [ERROR]: [DB] Falha ao registrar infração
2026-09-28 16:41:18 [ERROR]: [DB] Falha ao registrar infração
2026-09-28 16:41:18 [ERROR]: [DB] Falha ao registrar infração
2026-09-28 16:41:18 [ERROR]: [DB] Falha ao registrar infração
2026-09-28 16:41:18 [ERROR]: [DB] Falha ao registrar infração
2026-09-28 16:41:18 [ERROR]: [DB] Falha ao registrar infração
2026-09-28 16:41:18 [ERROR]: [DB] Falha ao registrar infração
2026-09-28 16:41:18 [ERROR]: [DB] Falha ao registrar infração
2026-09-28 16:41:20 [ERROR]: ❌ [Erro no comando $stats:] SQLITE_ERROR: no such table: feedbacks
2026-09-28 16:41:20 [ERROR]:    Stack: 
2026-09-28 16:41:20 [INFO]: 🛑 [SHUTDOWN] Comando executado por: 5588998314322@c.us 
2026-09-28 16:41:20 [ERROR]: ❌ [❌ Erro no $grupos:] ctx.client.getChats is not a function
2026-09-28 16:41:20 [ERROR]:    Stack: at Object.execute (D:/Desktop/Programas/bot-wpp/src/bot/commands/grupos.ts:17:44)
2026-09-28 16:41:20 [ERROR]: ❌ [[ScreenCommand] Erro:] connect ECONNREFUSED 127.0.0.1:3002
2026-09-28 16:41:20 [ERROR]:    Stack: at TCPConnectWrap.afterConnect [as oncomplete] (node:net:2017:16)
2026-09-28 16:41:20 [INFO]: 🛑 [SHUTDOWN] Comando executado por: 5588998314322@c.us 
2026-09-28 16:41:22 [INFO]: [TelegramAdapter] Inicializando... 
2026-09-28 16:41:22 [INFO]: [Telegram] Iniciando launch()... 
2026-09-28 16:41:22 [INFO]: [Telegram] ✅ Pronto como  () 
2026-09-28 16:41:22 [INFO]: [TelegramAdapter] Inicializando... 
2026-09-28 16:41:22 [INFO]: [Telegram] Iniciando launch()... 
2026-09-28 16:41:22 [INFO]: [Telegram] ✅ Pronto como  () 
2026-09-28 16:41:22 [INFO]: [TelegramAdapter] Inicializando... 
2026-09-28 16:41:22 [INFO]: [Telegram] Iniciando launch()... 
2026-09-28 16:41:22 [INFO]: [Telegram] ✅ Pronto como  () 
2026-09-28 16:41:22 [INFO]: [TelegramAdapter] Inicializando... 
2026-09-28 16:41:22 [INFO]: [TelegramAdapter] Já estava pronto 
2026-09-28 16:41:22 [INFO]: [TelegramAdapter] Inicializando... 
2026-09-28 16:41:22 [INFO]: [Telegram] Iniciando launch()... 
2026-09-28 16:41:22 [INFO]: [Telegram] ✅ Pronto como  () 
2026-09-28 16:41:22 [INFO]: [TelegramAdapter] Inicializando... 
2026-09-28 16:41:22 [INFO]: [Telegram] Iniciando launch()... 
2026-09-28 16:41:22 [INFO]: [Telegram] ✅ Pronto como  () 
2026-09-28 16:41:22 [INFO]: [Discord] Cliente v14 inicializado com intents, partials e presence 
2026-09-28 16:41:22 [INFO]: [Discord] Iniciando login... 
2026-09-28 16:41:22 [ERROR]: [memberJoinService] Erro ao processar entrada
2026-09-28 16:41:22 [INFO]: [Discord] ✅ Pronto como TestDiscordBot (1111) 
2026-09-28 16:41:22 [ERROR]: ❌ [[Discord] Erro ao definir presença:] this.client.user?.setPresence is not a function
2026-09-28 16:41:22 [INFO]: [Discord] Chamada de login concluída 
2026-09-28 16:41:22 [INFO]: [Discord] Cliente v14 inicializado com intents, partials e presence 
2026-09-28 16:41:22 [INFO]: [Discord] Iniciando login... 
2026-09-28 16:41:22 [INFO]: [Discord] ✅ Pronto como TestDiscordBot (1111) 
2026-09-28 16:41:22 [ERROR]: ❌ [[Discord] Erro ao definir presença:] this.client.user?.setPresence is not a function
2026-09-28 16:41:22 [INFO]: [Discord] Chamada de login concluída 
2026-09-28 16:41:22 [INFO]: [Discord] Iniciando login... 
2026-09-28 16:41:22 [INFO]: [Discord] Chamada de login concluída 
2026-09-28 16:41:22 [INFO]: [Discord] Cliente v14 inicializado com intents, partials e presence 
2026-09-28 16:41:22 [INFO]: [Discord] Iniciando login... 
2026-09-28 16:41:22 [INFO]: [Discord] ✅ Pronto como TestDiscordBot (1111) 
2026-09-28 16:41:22 [ERROR]: ❌ [[Discord] Erro ao definir presença:] this.client.user?.setPresence is not a function
2026-09-28 16:41:22 [INFO]: [Discord] Chamada de login concluída 
2026-09-28 16:41:23 [WARN]: [BaileysSender] sendMessage: socket existe mas NÃO está pronto (readyState !== OPEN) 
2026-09-28 16:41:23 [INFO]: [BaileysSender.sendMessage] Reply: quotedRaw=false, replyTo=original:123, originalKey=NAO 
2026-09-28 16:41:23 [INFO]: [BaileysSender.sendMessage] Quoted payload construído: keyId=123, hasMessage=true 
2026-09-28 16:41:23 [WARN]: [BaileysSender] sendMessage: socket existe mas NÃO está pronto (readyState !== OPEN) 
2026-09-28 16:41:23 [INFO]: [BaileysSender.sendMessage] Reply: quotedRaw=false, replyTo=original:123, originalKey=NAO 
2026-09-28 16:41:23 [INFO]: [BaileysSender.sendMessage] Quoted payload construído: keyId=123, hasMessage=true 
2026-09-28 16:41:23 [WARN]: [BaileysSender] sendMessage: socket existe mas NÃO está pronto (readyState !== OPEN) 
2026-09-28 16:41:23 [INFO]: [BaileysSender.sendMessage] Reply: quotedRaw=false, replyTo=undefined, originalKey=NAO 
2026-09-28 16:41:23 [WARN]: [BaileysSender] sendMessage: socket existe mas NÃO está pronto (readyState !== OPEN) 
2026-09-28 16:41:23 [INFO]: [BaileysSender.sendMessage] Reply: quotedRaw=false, replyTo=original:123, originalKey=NAO 
2026-09-28 16:41:23 [INFO]: [BaileysSender.sendMessage] Quoted payload construído: keyId=123, hasMessage=true 
2026-09-28 16:41:24 [INFO]: [Discord] Cliente v14 inicializado com intents, partials e presence 
2026-09-28 16:41:24 [INFO]: [DiscordScreenService] Missing required Discord credentials, screen sharing disabled 
2026-09-28 16:41:24 [INFO]: [DiscordScreenService] Gerenciado externamente (DISCORD_SCREEN_EXTERNAL) — spawn interno desativado 
2026-09-28 16:41:24 [INFO]: [DiscordScreenService] Gerenciado externamente (DISCORD_SCREEN_EXTERNAL) — spawn interno desativado 
2026-09-28 16:41:25 [INFO]: [keywordHandler] Palavra-chave detectada, resposta enviada
2026-09-28 17:05:48 [ERROR]: [DB] Falha ao registrar infração
2026-09-28 17:05:48 [ERROR]: [DB] Falha ao registrar infração
2026-09-28 17:05:48 [ERROR]: [DB] Falha ao registrar infração
2026-09-28 17:05:48 [ERROR]: [DB] Falha ao registrar infração
2026-09-28 17:05:48 [ERROR]: [DB] Falha ao registrar infração
2026-09-28 17:05:48 [ERROR]: [DB] Falha ao registrar infração
2026-09-28 17:05:48 [ERROR]: [DB] Falha ao registrar infração
2026-09-28 17:05:48 [ERROR]: [DB] Falha ao registrar infração
2026-09-28 17:05:48 [ERROR]: [DB] Falha ao registrar infração
2026-09-28 17:05:49 [INFO]: [TelegramAdapter] Inicializando... 
2026-09-28 17:05:49 [INFO]: [Telegram] Iniciando launch()... 
2026-09-28 17:05:49 [INFO]: [Telegram] ✅ Pronto como  () 
2026-09-28 17:05:49 [INFO]: [TelegramAdapter] Inicializando... 
2026-09-28 17:05:49 [INFO]: [Telegram] Iniciando launch()... 
2026-09-28 17:05:49 [INFO]: [Telegram] ✅ Pronto como  () 
2026-09-28 17:05:49 [INFO]: [TelegramAdapter] Inicializando... 
2026-09-28 17:05:49 [INFO]: [Telegram] Iniciando launch()... 
2026-09-28 17:05:49 [INFO]: [Telegram] ✅ Pronto como  () 
2026-09-28 17:05:49 [INFO]: [TelegramAdapter] Inicializando... 
2026-09-28 17:05:49 [INFO]: [TelegramAdapter] Já estava pronto 
2026-09-28 17:05:49 [INFO]: [TelegramAdapter] Inicializando... 
2026-09-28 17:05:49 [INFO]: [Telegram] Iniciando launch()... 
2026-09-28 17:05:49 [INFO]: [Telegram] ✅ Pronto como  () 
2026-09-28 17:05:49 [INFO]: [TelegramAdapter] Inicializando... 
2026-09-28 17:05:49 [INFO]: [Telegram] Iniciando launch()... 
2026-09-28 17:05:49 [INFO]: [Telegram] ✅ Pronto como  () 
2026-09-28 17:05:49 [INFO]: [Discord] Cliente v14 inicializado com intents, partials e presence 
2026-09-28 17:05:49 [INFO]: [Discord] Iniciando login... 
2026-09-28 17:05:49 [INFO]: [Discord] ✅ Pronto como TestDiscordBot (1111) 
2026-09-28 17:05:49 [ERROR]: ❌ [[Discord] Erro ao definir presença:] this.client.user?.setPresence is not a function
2026-09-28 17:05:49 [INFO]: [Discord] Chamada de login concluída 
2026-09-28 17:05:49 [INFO]: [Discord] Cliente v14 inicializado com intents, partials e presence 
2026-09-28 17:05:49 [INFO]: [Discord] Iniciando login... 
2026-09-28 17:05:49 [INFO]: [Discord] ✅ Pronto como TestDiscordBot (1111) 
2026-09-28 17:05:49 [ERROR]: ❌ [[Discord] Erro ao definir presença:] this.client.user?.setPresence is not a function
2026-09-28 17:05:49 [INFO]: [Discord] Chamada de login concluída 
2026-09-28 17:05:49 [INFO]: [Discord] Iniciando login... 
2026-09-28 17:05:49 [INFO]: [Discord] Chamada de login concluída 
2026-09-28 17:05:49 [INFO]: [Discord] Cliente v14 inicializado com intents, partials e presence 
2026-09-28 17:05:49 [INFO]: [Discord] Iniciando login... 
2026-09-28 17:05:49 [INFO]: [Discord] ✅ Pronto como TestDiscordBot (1111) 
2026-09-28 17:05:49 [ERROR]: ❌ [[Discord] Erro ao definir presença:] this.client.user?.setPresence is not a function
2026-09-28 17:05:49 [INFO]: [Discord] Chamada de login concluída 
2026-09-28 17:05:51 [ERROR]: ❌ [Erro no comando $stats:] SQLITE_ERROR: no such table: feedbacks
2026-09-28 17:05:51 [ERROR]:    Stack: 
2026-09-28 17:05:51 [INFO]: 🛑 [SHUTDOWN] Comando executado por: 5588998314322@c.us 
2026-09-28 17:05:51 [ERROR]: ❌ [❌ Erro no $grupos:] ctx.client.getChats is not a function
2026-09-28 17:05:51 [ERROR]:    Stack: at Object.execute (D:/Desktop/Programas/bot-wpp/src/bot/commands/grupos.ts:17:44)
2026-09-28 17:05:51 [ERROR]: ❌ [[ScreenCommand] Erro:] connect ECONNREFUSED 127.0.0.1:3002
2026-09-28 17:05:51 [ERROR]:    Stack: at TCPConnectWrap.afterConnect [as oncomplete] (node:net:2017:16)
2026-09-28 17:05:51 [INFO]: 🛑 [SHUTDOWN] Comando executado por: 5588998314322@c.us 
2026-09-28 17:05:52 [ERROR]: [memberJoinService] Erro ao processar entrada
2026-09-28 17:05:53 [INFO]: [keywordHandler] Palavra-chave detectada, resposta enviada
2026-09-28 17:05:53 [WARN]: [BaileysSender] sendMessage: socket existe mas NÃO está pronto (readyState !== OPEN) 
2026-09-28 17:05:53 [INFO]: [BaileysSender.sendMessage] Reply: quotedRaw=false, replyTo=original:123, originalKey=NAO 
2026-09-28 17:05:53 [INFO]: [BaileysSender.sendMessage] Quoted payload construído: keyId=123, hasMessage=true 
2026-09-28 17:05:53 [WARN]: [BaileysSender] sendMessage: socket existe mas NÃO está pronto (readyState !== OPEN) 
2026-09-28 17:05:53 [INFO]: [BaileysSender.sendMessage] Reply: quotedRaw=false, replyTo=original:123, originalKey=NAO 
2026-09-28 17:05:53 [INFO]: [BaileysSender.sendMessage] Quoted payload construído: keyId=123, hasMessage=true 
2026-09-28 17:05:53 [WARN]: [BaileysSender] sendMessage: socket existe mas NÃO está pronto (readyState !== OPEN) 
2026-09-28 17:05:53 [INFO]: [BaileysSender.sendMessage] Reply: quotedRaw=false, replyTo=undefined, originalKey=NAO 
2026-09-28 17:05:53 [WARN]: [BaileysSender] sendMessage: socket existe mas NÃO está pronto (readyState !== OPEN) 
2026-09-28 17:05:53 [INFO]: [BaileysSender.sendMessage] Reply: quotedRaw=false, replyTo=original:123, originalKey=NAO 
2026-09-28 17:05:53 [INFO]: [BaileysSender.sendMessage] Quoted payload construído: keyId=123, hasMessage=true 
2026-09-28 17:05:54 [INFO]: [DiscordScreenService] Missing required Discord credentials, screen sharing disabled 
2026-09-28 17:05:54 [INFO]: [DiscordScreenService] Gerenciado externamente (DISCORD_SCREEN_EXTERNAL) — spawn interno desativado 
2026-09-28 17:05:54 [INFO]: [DiscordScreenService] Gerenciado externamente (DISCORD_SCREEN_EXTERNAL) — spawn interno desativado 
2026-09-28 17:05:54 [INFO]: [Discord] Cliente v14 inicializado com intents, partials e presence 
2026-09-28 17:23:33 [ERROR]: [DB] Falha ao registrar infração
2026-09-28 17:23:33 [INFO]: [TelegramAdapter] Inicializando... 
2026-09-28 17:23:33 [INFO]: [Telegram] Iniciando launch()... 
2026-09-28 17:23:33 [INFO]: [Telegram] ✅ Pronto como  () 
2026-09-28 17:23:33 [INFO]: [TelegramAdapter] Inicializando... 
2026-09-28 17:23:33 [INFO]: [Telegram] Iniciando launch()... 
2026-09-28 17:23:33 [INFO]: [Telegram] ✅ Pronto como  () 
2026-09-28 17:23:33 [INFO]: [TelegramAdapter] Inicializando... 
2026-09-28 17:23:33 [INFO]: [Telegram] Iniciando launch()... 
2026-09-28 17:23:33 [INFO]: [Telegram] ✅ Pronto como  () 
2026-09-28 17:23:33 [INFO]: [TelegramAdapter] Inicializando... 
2026-09-28 17:23:33 [INFO]: [TelegramAdapter] Já estava pronto 
2026-09-28 17:23:33 [INFO]: [TelegramAdapter] Inicializando... 
2026-09-28 17:23:33 [INFO]: [Telegram] Iniciando launch()... 
2026-09-28 17:23:33 [INFO]: [Telegram] ✅ Pronto como  () 
2026-09-28 17:23:33 [INFO]: [TelegramAdapter] Inicializando... 
2026-09-28 17:23:33 [INFO]: [Telegram] Iniciando launch()... 
2026-09-28 17:23:33 [INFO]: [Telegram] ✅ Pronto como  () 
2026-09-28 17:23:33 [INFO]: [Discord] Cliente v14 inicializado com intents, partials e presence 
2026-09-28 17:23:33 [INFO]: [Discord] Iniciando login... 
2026-09-28 17:23:33 [INFO]: [Discord] ✅ Pronto como TestDiscordBot (1111) 
2026-09-28 17:23:33 [ERROR]: ❌ [[Discord] Erro ao definir presença:] this.client.user?.setPresence is not a function
2026-09-28 17:23:33 [INFO]: [Discord] Chamada de login concluída 
2026-09-28 17:23:33 [INFO]: [Discord] Cliente v14 inicializado com intents, partials e presence 
2026-09-28 17:23:33 [INFO]: [Discord] Iniciando login... 
2026-09-28 17:23:33 [INFO]: [Discord] ✅ Pronto como TestDiscordBot (1111) 
2026-09-28 17:23:33 [ERROR]: ❌ [[Discord] Erro ao definir presença:] this.client.user?.setPresence is not a function
2026-09-28 17:23:33 [INFO]: [Discord] Chamada de login concluída 
2026-09-28 17:23:33 [INFO]: [Discord] Iniciando login... 
2026-09-28 17:23:33 [INFO]: [Discord] Chamada de login concluída 
2026-09-28 17:23:33 [INFO]: [Discord] Cliente v14 inicializado com intents, partials e presence 
2026-09-28 17:23:33 [INFO]: [Discord] Iniciando login... 
2026-09-28 17:23:33 [INFO]: [Discord] ✅ Pronto como TestDiscordBot (1111) 
2026-09-28 17:23:33 [ERROR]: ❌ [[Discord] Erro ao definir presença:] this.client.user?.setPresence is not a function
2026-09-28 17:23:33 [INFO]: [Discord] Chamada de login concluída 
2026-09-28 17:23:33 [ERROR]: [DB] Falha ao registrar infração
2026-09-28 17:23:33 [ERROR]: [DB] Falha ao registrar infração
2026-09-28 17:23:33 [ERROR]: [DB] Falha ao registrar infração
2026-09-28 17:23:33 [ERROR]: [DB] Falha ao registrar infração
2026-09-28 17:23:33 [ERROR]: [DB] Falha ao registrar infração
2026-09-28 17:23:33 [ERROR]: [DB] Falha ao registrar infração
2026-09-28 17:23:33 [ERROR]: [DB] Falha ao registrar infração
2026-09-28 17:23:33 [ERROR]: [DB] Falha ao registrar infração
2026-09-28 17:23:41 [ERROR]: [memberJoinService] Erro ao processar entrada
2026-09-28 17:23:43 [WARN]: [BaileysSender] sendMessage: socket existe mas NÃO está pronto (readyState !== OPEN) 
2026-09-28 17:23:43 [INFO]: [BaileysSender.sendMessage] Reply: quotedRaw=false, replyTo=original:123, originalKey=NAO 
2026-09-28 17:23:43 [INFO]: [BaileysSender.sendMessage] Quoted payload construído: keyId=123, hasMessage=true 
2026-09-28 17:23:43 [WARN]: [BaileysSender] sendMessage: socket existe mas NÃO está pronto (readyState !== OPEN) 
2026-09-28 17:23:43 [INFO]: [BaileysSender.sendMessage] Reply: quotedRaw=false, replyTo=original:123, originalKey=NAO 
2026-09-28 17:23:43 [INFO]: [BaileysSender.sendMessage] Quoted payload construído: keyId=123, hasMessage=true 
2026-09-28 17:23:43 [WARN]: [BaileysSender] sendMessage: socket existe mas NÃO está pronto (readyState !== OPEN) 
2026-09-28 17:23:43 [INFO]: [BaileysSender.sendMessage] Reply: quotedRaw=false, replyTo=undefined, originalKey=NAO 
2026-09-28 17:23:43 [WARN]: [BaileysSender] sendMessage: socket existe mas NÃO está pronto (readyState !== OPEN) 
2026-09-28 17:23:43 [INFO]: [BaileysSender.sendMessage] Reply: quotedRaw=false, replyTo=original:123, originalKey=NAO 
2026-09-28 17:23:43 [INFO]: [BaileysSender.sendMessage] Quoted payload construído: keyId=123, hasMessage=true 
2026-09-28 17:23:44 [INFO]: [DiscordScreenService] Missing required Discord credentials, screen sharing disabled 
2026-09-28 17:23:44 [INFO]: [DiscordScreenService] Gerenciado externamente (DISCORD_SCREEN_EXTERNAL) — spawn interno desativado 
2026-09-28 17:23:44 [INFO]: [DiscordScreenService] Gerenciado externamente (DISCORD_SCREEN_EXTERNAL) — spawn interno desativado 
2026-09-28 17:23:49 [INFO]: 🛑 [SHUTDOWN] Comando executado por: 5588998314322@c.us 
2026-09-28 17:23:49 [ERROR]: ❌ [Erro no comando $stats:] SQLITE_ERROR: no such table: feedbacks
2026-09-28 17:23:49 [ERROR]:    Stack: 
2026-09-28 17:23:49 [INFO]: 🛑 [SHUTDOWN] Comando executado por: 5588998314322@c.us 
2026-09-28 17:23:49 [ERROR]: ❌ [❌ Erro no $grupos:] ctx.client.getChats is not a function
2026-09-28 17:23:49 [ERROR]:    Stack: at Object.execute (D:\Desktop\Programas\bot-wpp\src\bot\commands\grupos.ts:17:44)
2026-09-28 17:23:49 [ERROR]: ❌ [[ScreenCommand] Erro:] connect ECONNREFUSED 127.0.0.1:3002
2026-09-28 17:23:49 [ERROR]:    Stack: at TCPConnectWrap.afterConnect [as oncomplete] (node:net:2017:16)
2026-09-28 17:23:51 [INFO]: [Discord] Cliente v14 inicializado com intents, partials e presence 
2026-09-28 17:23:51 [INFO]: [keywordHandler] Palavra-chave detectada, resposta enviada
2026-09-28 17:24:06 [ERROR]: [DB] Falha ao registrar infração
2026-09-28 17:24:06 [ERROR]: [DB] Falha ao registrar infração
2026-09-28 17:24:06 [ERROR]: [DB] Falha ao registrar infração
2026-09-28 17:24:06 [ERROR]: [DB] Falha ao registrar infração
2026-09-28 17:24:06 [ERROR]: [DB] Falha ao registrar infração
2026-09-28 17:24:06 [ERROR]: [DB] Falha ao registrar infração
2026-09-28 17:24:06 [ERROR]: [DB] Falha ao registrar infração
2026-09-28 17:24:06 [ERROR]: [DB] Falha ao registrar infração
2026-09-28 17:24:06 [ERROR]: [DB] Falha ao registrar infração
2026-09-28 17:24:07 [INFO]: [TelegramAdapter] Inicializando... 
2026-09-28 17:24:07 [INFO]: [Telegram] Iniciando launch()... 
2026-09-28 17:24:07 [INFO]: [Telegram] ✅ Pronto como  () 
2026-09-28 17:24:07 [INFO]: [TelegramAdapter] Inicializando... 
2026-09-28 17:24:07 [INFO]: [Telegram] Iniciando launch()... 
2026-09-28 17:24:07 [INFO]: [Telegram] ✅ Pronto como  () 
2026-09-28 17:24:07 [INFO]: [TelegramAdapter] Inicializando... 
2026-09-28 17:24:07 [INFO]: [Telegram] Iniciando launch()... 
2026-09-28 17:24:07 [INFO]: [Telegram] ✅ Pronto como  () 
2026-09-28 17:24:07 [INFO]: [TelegramAdapter] Inicializando... 
2026-09-28 17:24:07 [INFO]: [TelegramAdapter] Já estava pronto 
2026-09-28 17:24:07 [INFO]: [TelegramAdapter] Inicializando... 
2026-09-28 17:24:07 [INFO]: [Telegram] Iniciando launch()... 
2026-09-28 17:24:07 [INFO]: [Telegram] ✅ Pronto como  () 
2026-09-28 17:24:07 [INFO]: [TelegramAdapter] Inicializando... 
2026-09-28 17:24:07 [INFO]: [Telegram] Iniciando launch()... 
2026-09-28 17:24:07 [INFO]: [Telegram] ✅ Pronto como  () 
2026-09-28 17:24:07 [INFO]: [Discord] Cliente v14 inicializado com intents, partials e presence 
2026-09-28 17:24:07 [INFO]: [Discord] Iniciando login... 
2026-09-28 17:24:07 [INFO]: [Discord] ✅ Pronto como TestDiscordBot (1111) 
2026-09-28 17:24:07 [ERROR]: ❌ [[Discord] Erro ao definir presença:] this.client.user?.setPresence is not a function
2026-09-28 17:24:07 [INFO]: [Discord] Chamada de login concluída 
2026-09-28 17:24:07 [INFO]: [Discord] Cliente v14 inicializado com intents, partials e presence 
2026-09-28 17:24:07 [INFO]: [Discord] Iniciando login... 
2026-09-28 17:24:07 [INFO]: [Discord] ✅ Pronto como TestDiscordBot (1111) 
2026-09-28 17:24:07 [ERROR]: ❌ [[Discord] Erro ao definir presença:] this.client.user?.setPresence is not a function
2026-09-28 17:24:07 [INFO]: [Discord] Chamada de login concluída 
2026-09-28 17:24:07 [INFO]: [Discord] Iniciando login... 
2026-09-28 17:24:07 [INFO]: [Discord] Chamada de login concluída 
2026-09-28 17:24:07 [INFO]: [Discord] Cliente v14 inicializado com intents, partials e presence 
2026-09-28 17:24:07 [INFO]: [Discord] Iniciando login... 
2026-09-28 17:24:07 [INFO]: [Discord] ✅ Pronto como TestDiscordBot (1111) 
2026-09-28 17:24:07 [ERROR]: ❌ [[Discord] Erro ao definir presença:] this.client.user?.setPresence is not a function
2026-09-28 17:24:07 [INFO]: [Discord] Chamada de login concluída 
2026-09-28 17:24:10 [ERROR]: ❌ [Erro no comando $stats:] SQLITE_ERROR: no such table: feedbacks
2026-09-28 17:24:10 [ERROR]:    Stack: 
2026-09-28 17:24:10 [INFO]: 🛑 [SHUTDOWN] Comando executado por: 5588998314322@c.us 
2026-09-28 17:24:10 [ERROR]: ❌ [❌ Erro no $grupos:] ctx.client.getChats is not a function
2026-09-28 17:24:10 [ERROR]:    Stack: at Object.execute (D:\Desktop\Programas\bot-wpp\src\bot\commands\grupos.ts:17:44)
2026-09-28 17:24:10 [ERROR]: ❌ [[ScreenCommand] Erro:] connect ECONNREFUSED 127.0.0.1:3002
2026-09-28 17:24:10 [ERROR]:    Stack: at TCPConnectWrap.afterConnect [as oncomplete] (node:net:2017:16)
2026-09-28 17:24:10 [INFO]: 🛑 [SHUTDOWN] Comando executado por: 5588998314322@c.us 
2026-09-28 17:24:11 [WARN]: [BaileysSender] sendMessage: socket existe mas NÃO está pronto (readyState !== OPEN) 
2026-09-28 17:24:11 [INFO]: [BaileysSender.sendMessage] Reply: quotedRaw=false, replyTo=original:123, originalKey=NAO 
2026-09-28 17:24:11 [INFO]: [BaileysSender.sendMessage] Quoted payload construído: keyId=123, hasMessage=true 
2026-09-28 17:24:11 [WARN]: [BaileysSender] sendMessage: socket existe mas NÃO está pronto (readyState !== OPEN) 
2026-09-28 17:24:11 [INFO]: [BaileysSender.sendMessage] Reply: quotedRaw=false, replyTo=original:123, originalKey=NAO 
2026-09-28 17:24:11 [INFO]: [BaileysSender.sendMessage] Quoted payload construído: keyId=123, hasMessage=true 
2026-09-28 17:24:11 [WARN]: [BaileysSender] sendMessage: socket existe mas NÃO está pronto (readyState !== OPEN) 
2026-09-28 17:24:11 [INFO]: [BaileysSender.sendMessage] Reply: quotedRaw=false, replyTo=undefined, originalKey=NAO 
2026-09-28 17:24:11 [WARN]: [BaileysSender] sendMessage: socket existe mas NÃO está pronto (readyState !== OPEN) 
2026-09-28 17:24:11 [INFO]: [BaileysSender.sendMessage] Reply: quotedRaw=false, replyTo=original:123, originalKey=NAO 
2026-09-28 17:24:11 [INFO]: [BaileysSender.sendMessage] Quoted payload construído: keyId=123, hasMessage=true 
2026-09-28 17:24:11 [ERROR]: [memberJoinService] Erro ao processar entrada
2026-09-28 17:24:12 [INFO]: [DiscordScreenService] Missing required Discord credentials, screen sharing disabled 
2026-09-28 17:24:12 [INFO]: [DiscordScreenService] Gerenciado externamente (DISCORD_SCREEN_EXTERNAL) — spawn interno desativado 
2026-09-28 17:24:12 [INFO]: [DiscordScreenService] Gerenciado externamente (DISCORD_SCREEN_EXTERNAL) — spawn interno desativado 
2026-09-28 17:24:13 [INFO]: [keywordHandler] Palavra-chave detectada, resposta enviada
2026-09-28 17:24:13 [INFO]: [Discord] Cliente v14 inicializado com intents, partials e presence 
2026-09-28 17:24:44 [ERROR]: [DB] Falha ao registrar infração
2026-09-28 17:24:44 [ERROR]: [DB] Falha ao registrar infração
2026-09-28 17:24:44 [ERROR]: [DB] Falha ao registrar infração
2026-09-28 17:24:44 [ERROR]: [DB] Falha ao registrar infração
2026-09-28 17:24:44 [ERROR]: [DB] Falha ao registrar infração
2026-09-28 17:24:44 [ERROR]: [DB] Falha ao registrar infração
2026-09-28 17:24:44 [ERROR]: [DB] Falha ao registrar infração
2026-09-28 17:24:44 [ERROR]: [DB] Falha ao registrar infração
2026-09-28 17:24:44 [ERROR]: [DB] Falha ao registrar infração
2026-09-28 17:24:45 [INFO]: [TelegramAdapter] Inicializando... 
2026-09-28 17:24:45 [INFO]: [Telegram] Iniciando launch()... 
2026-09-28 17:24:45 [INFO]: [Telegram] ✅ Pronto como  () 
2026-09-28 17:24:45 [INFO]: [TelegramAdapter] Inicializando... 
2026-09-28 17:24:45 [INFO]: [Telegram] Iniciando launch()... 
2026-09-28 17:24:45 [INFO]: [Telegram] ✅ Pronto como  () 
2026-09-28 17:24:45 [INFO]: [TelegramAdapter] Inicializando... 
2026-09-28 17:24:45 [INFO]: [Telegram] Iniciando launch()... 
2026-09-28 17:24:45 [INFO]: [Telegram] ✅ Pronto como  () 
2026-09-28 17:24:45 [INFO]: [TelegramAdapter] Inicializando... 
2026-09-28 17:24:45 [INFO]: [TelegramAdapter] Já estava pronto 
2026-09-28 17:24:45 [INFO]: [TelegramAdapter] Inicializando... 
2026-09-28 17:24:45 [INFO]: [Telegram] Iniciando launch()... 
2026-09-28 17:24:45 [INFO]: [Telegram] ✅ Pronto como  () 
2026-09-28 17:24:45 [INFO]: [TelegramAdapter] Inicializando... 
2026-09-28 17:24:45 [INFO]: [Telegram] Iniciando launch()... 
2026-09-28 17:24:45 [INFO]: [Telegram] ✅ Pronto como  () 
2026-09-28 17:24:45 [INFO]: [Discord] Cliente v14 inicializado com intents, partials e presence 
2026-09-28 17:24:45 [INFO]: [Discord] Iniciando login... 
2026-09-28 17:24:45 [INFO]: [Discord] ✅ Pronto como TestDiscordBot (1111) 
2026-09-28 17:24:45 [ERROR]: ❌ [[Discord] Erro ao definir presença:] this.client.user?.setPresence is not a function
2026-09-28 17:24:45 [INFO]: [Discord] Chamada de login concluída 
2026-09-28 17:24:45 [INFO]: [Discord] Cliente v14 inicializado com intents, partials e presence 
2026-09-28 17:24:45 [INFO]: [Discord] Iniciando login... 
2026-09-28 17:24:45 [INFO]: [Discord] ✅ Pronto como TestDiscordBot (1111) 
2026-09-28 17:24:45 [ERROR]: ❌ [[Discord] Erro ao definir presença:] this.client.user?.setPresence is not a function
2026-09-28 17:24:45 [INFO]: [Discord] Chamada de login concluída 
2026-09-28 17:24:45 [INFO]: [Discord] Iniciando login... 
2026-09-28 17:24:45 [INFO]: [Discord] Chamada de login concluída 
2026-09-28 17:24:45 [INFO]: [Discord] Cliente v14 inicializado com intents, partials e presence 
2026-09-28 17:24:45 [INFO]: [Discord] Iniciando login... 
2026-09-28 17:24:45 [INFO]: [Discord] ✅ Pronto como TestDiscordBot (1111) 
2026-09-28 17:24:45 [ERROR]: ❌ [[Discord] Erro ao definir presença:] this.client.user?.setPresence is not a function
2026-09-28 17:24:45 [INFO]: [Discord] Chamada de login concluída 
2026-09-28 17:24:48 [ERROR]: ❌ [Erro no comando $stats:] SQLITE_ERROR: no such table: feedbacks
2026-09-28 17:24:48 [ERROR]:    Stack: 
2026-09-28 17:24:48 [INFO]: 🛑 [SHUTDOWN] Comando executado por: 5588998314322@c.us 
2026-09-28 17:24:48 [ERROR]: ❌ [❌ Erro no $grupos:] ctx.client.getChats is not a function
2026-09-28 17:24:48 [ERROR]:    Stack: at Object.execute (D:\Desktop\Programas\bot-wpp\src\bot\commands\grupos.ts:17:44)
2026-09-28 17:24:48 [ERROR]: ❌ [[ScreenCommand] Erro:] connect ECONNREFUSED 127.0.0.1:3002
2026-09-28 17:24:48 [ERROR]:    Stack: at TCPConnectWrap.afterConnect [as oncomplete] (node:net:2017:16)
2026-09-28 17:24:48 [INFO]: 🛑 [SHUTDOWN] Comando executado por: 5588998314322@c.us 
2026-09-28 17:24:50 [INFO]: [keywordHandler] Palavra-chave detectada, resposta enviada
2026-09-28 17:24:50 [ERROR]: [memberJoinService] Erro ao processar entrada
2026-09-28 17:24:51 [INFO]: [DiscordScreenService] Missing required Discord credentials, screen sharing disabled 
2026-09-28 17:24:51 [INFO]: [DiscordScreenService] Gerenciado externamente (DISCORD_SCREEN_EXTERNAL) — spawn interno desativado 
2026-09-28 17:24:51 [INFO]: [DiscordScreenService] Gerenciado externamente (DISCORD_SCREEN_EXTERNAL) — spawn interno desativado 
2026-09-28 17:24:53 [WARN]: [BaileysSender] sendMessage: socket existe mas NÃO está pronto (readyState !== OPEN) 
2026-09-28 17:24:53 [INFO]: [BaileysSender.sendMessage] Reply: quotedRaw=false, replyTo=original:123, originalKey=NAO 
2026-09-28 17:24:53 [INFO]: [BaileysSender.sendMessage] Quoted payload construído: keyId=123, hasMessage=true 
2026-09-28 17:24:53 [WARN]: [BaileysSender] sendMessage: socket existe mas NÃO está pronto (readyState !== OPEN) 
2026-09-28 17:24:53 [INFO]: [BaileysSender.sendMessage] Reply: quotedRaw=false, replyTo=original:123, originalKey=NAO 
2026-09-28 17:24:53 [INFO]: [BaileysSender.sendMessage] Quoted payload construído: keyId=123, hasMessage=true 
2026-09-28 17:24:53 [WARN]: [BaileysSender] sendMessage: socket existe mas NÃO está pronto (readyState !== OPEN) 
2026-09-28 17:24:53 [INFO]: [BaileysSender.sendMessage] Reply: quotedRaw=false, replyTo=undefined, originalKey=NAO 
2026-09-28 17:24:53 [WARN]: [BaileysSender] sendMessage: socket existe mas NÃO está pronto (readyState !== OPEN) 
2026-09-28 17:24:53 [INFO]: [BaileysSender.sendMessage] Reply: quotedRaw=false, replyTo=original:123, originalKey=NAO 
2026-09-28 17:24:53 [INFO]: [BaileysSender.sendMessage] Quoted payload construído: keyId=123, hasMessage=true 
2026-09-28 17:24:55 [INFO]: [Discord] Cliente v14 inicializado com intents, partials e presence 
2026-09-28 17:25:13 [ERROR]: ❌ [Erro no comando $stats:] SQLITE_ERROR: no such table: feedbacks
2026-09-28 17:25:13 [ERROR]:    Stack: 
2026-09-28 17:25:13 [INFO]: 🛑 [SHUTDOWN] Comando executado por: 5588998314322@c.us 
2026-09-28 17:25:13 [ERROR]: ❌ [❌ Erro no $grupos:] ctx.client.getChats is not a function
2026-09-28 17:25:13 [ERROR]:    Stack: at Object.execute (D:\Desktop\Programas\bot-wpp\src\bot\commands\grupos.ts:17:44)
2026-09-28 17:25:13 [ERROR]: ❌ [[ScreenCommand] Erro:] connect ECONNREFUSED 127.0.0.1:3002
2026-09-28 17:25:13 [ERROR]:    Stack: at TCPConnectWrap.afterConnect [as oncomplete] (node:net:2017:16)
2026-09-28 17:25:13 [INFO]: 🛑 [SHUTDOWN] Comando executado por: 5588998314322@c.us 
2026-09-28 17:25:16 [ERROR]: [DB] Falha ao registrar infração
2026-09-28 17:25:16 [INFO]: [TelegramAdapter] Inicializando... 
2026-09-28 17:25:16 [INFO]: [Telegram] Iniciando launch()... 
2026-09-28 17:25:16 [INFO]: [Telegram] ✅ Pronto como  () 
2026-09-28 17:25:16 [INFO]: [TelegramAdapter] Inicializando... 
2026-09-28 17:25:16 [INFO]: [Telegram] Iniciando launch()... 
2026-09-28 17:25:16 [INFO]: [Telegram] ✅ Pronto como  () 
2026-09-28 17:25:16 [INFO]: [TelegramAdapter] Inicializando... 
2026-09-28 17:25:16 [INFO]: [Telegram] Iniciando launch()... 
2026-09-28 17:25:16 [INFO]: [Telegram] ✅ Pronto como  () 
2026-09-28 17:25:16 [INFO]: [TelegramAdapter] Inicializando... 
2026-09-28 17:25:16 [INFO]: [TelegramAdapter] Já estava pronto 
2026-09-28 17:25:16 [INFO]: [TelegramAdapter] Inicializando... 
2026-09-28 17:25:16 [INFO]: [Telegram] Iniciando launch()... 
2026-09-28 17:25:16 [INFO]: [Telegram] ✅ Pronto como  () 
2026-09-28 17:25:16 [INFO]: [TelegramAdapter] Inicializando... 
2026-09-28 17:25:16 [INFO]: [Telegram] Iniciando launch()... 
2026-09-28 17:25:16 [INFO]: [Telegram] ✅ Pronto como  () 
2026-09-28 17:25:16 [INFO]: [Discord] Cliente v14 inicializado com intents, partials e presence 
2026-09-28 17:25:16 [INFO]: [Discord] Iniciando login... 
2026-09-28 17:25:17 [INFO]: [Discord] ✅ Pronto como TestDiscordBot (1111) 
2026-09-28 17:25:17 [ERROR]: ❌ [[Discord] Erro ao definir presença:] this.client.user?.setPresence is not a function
2026-09-28 17:25:17 [INFO]: [Discord] Chamada de login concluída 
2026-09-28 17:25:17 [INFO]: [Discord] Cliente v14 inicializado com intents, partials e presence 
2026-09-28 17:25:17 [INFO]: [Discord] Iniciando login... 
2026-09-28 17:25:16 [ERROR]: [DB] Falha ao registrar infração
2026-09-28 17:25:16 [ERROR]: [DB] Falha ao registrar infração
2026-09-28 17:25:16 [ERROR]: [DB] Falha ao registrar infração
2026-09-28 17:25:16 [ERROR]: [DB] Falha ao registrar infração
2026-09-28 17:25:16 [ERROR]: [DB] Falha ao registrar infração
2026-09-28 17:25:16 [ERROR]: [DB] Falha ao registrar infração
2026-09-28 17:25:16 [ERROR]: [DB] Falha ao registrar infração
2026-09-28 17:25:16 [ERROR]: [DB] Falha ao registrar infração
2026-09-28 17:25:17 [INFO]: [Discord] ✅ Pronto como TestDiscordBot (1111) 
2026-09-28 17:25:17 [ERROR]: ❌ [[Discord] Erro ao definir presença:] this.client.user?.setPresence is not a function
2026-09-28 17:25:17 [INFO]: [Discord] Chamada de login concluída 
2026-09-28 17:25:17 [INFO]: [Discord] Iniciando login... 
2026-09-28 17:25:17 [INFO]: [Discord] Chamada de login concluída 
2026-09-28 17:25:17 [INFO]: [Discord] Cliente v14 inicializado com intents, partials e presence 
2026-09-28 17:25:17 [INFO]: [Discord] Iniciando login... 
2026-09-28 17:25:17 [INFO]: [Discord] ✅ Pronto como TestDiscordBot (1111) 
2026-09-28 17:25:17 [ERROR]: ❌ [[Discord] Erro ao definir presença:] this.client.user?.setPresence is not a function
2026-09-28 17:25:17 [INFO]: [Discord] Chamada de login concluída 
2026-09-28 17:25:18 [INFO]: [keywordHandler] Palavra-chave detectada, resposta enviada
2026-09-28 17:25:27 [ERROR]: [memberJoinService] Erro ao processar entrada
2026-09-28 17:25:28 [INFO]: [DiscordScreenService] Missing required Discord credentials, screen sharing disabled 
2026-09-28 17:25:28 [INFO]: [DiscordScreenService] Gerenciado externamente (DISCORD_SCREEN_EXTERNAL) — spawn interno desativado 
2026-09-28 17:25:28 [INFO]: [DiscordScreenService] Gerenciado externamente (DISCORD_SCREEN_EXTERNAL) — spawn interno desativado 
2026-09-28 17:25:29 [WARN]: [BaileysSender] sendMessage: socket existe mas NÃO está pronto (readyState !== OPEN) 
2026-09-28 17:25:29 [INFO]: [BaileysSender.sendMessage] Reply: quotedRaw=false, replyTo=original:123, originalKey=NAO 
2026-09-28 17:25:29 [INFO]: [BaileysSender.sendMessage] Quoted payload construído: keyId=123, hasMessage=true 
2026-09-28 17:25:29 [WARN]: [BaileysSender] sendMessage: socket existe mas NÃO está pronto (readyState !== OPEN) 
2026-09-28 17:25:29 [INFO]: [BaileysSender.sendMessage] Reply: quotedRaw=false, replyTo=original:123, originalKey=NAO 
2026-09-28 17:25:29 [INFO]: [BaileysSender.sendMessage] Quoted payload construído: keyId=123, hasMessage=true 
2026-09-28 17:25:29 [WARN]: [BaileysSender] sendMessage: socket existe mas NÃO está pronto (readyState !== OPEN) 
2026-09-28 17:25:29 [INFO]: [BaileysSender.sendMessage] Reply: quotedRaw=false, replyTo=undefined, originalKey=NAO 
2026-09-28 17:25:29 [WARN]: [BaileysSender] sendMessage: socket existe mas NÃO está pronto (readyState !== OPEN) 
2026-09-28 17:25:29 [INFO]: [BaileysSender.sendMessage] Reply: quotedRaw=false, replyTo=original:123, originalKey=NAO 
2026-09-28 17:25:29 [INFO]: [BaileysSender.sendMessage] Quoted payload construído: keyId=123, hasMessage=true 
2026-09-28 17:25:34 [INFO]: [Discord] Cliente v14 inicializado com intents, partials e presence 
2026-09-28 17:25:53 [ERROR]: [DB] Falha ao registrar infração
2026-09-28 17:25:53 [ERROR]: [DB] Falha ao registrar infração
2026-09-28 17:25:53 [ERROR]: [DB] Falha ao registrar infração
2026-09-28 17:25:53 [ERROR]: [DB] Falha ao registrar infração
2026-09-28 17:25:53 [ERROR]: [DB] Falha ao registrar infração
2026-09-28 17:25:53 [ERROR]: [DB] Falha ao registrar infração
2026-09-28 17:25:53 [ERROR]: [DB] Falha ao registrar infração
2026-09-28 17:25:53 [ERROR]: [DB] Falha ao registrar infração
2026-09-28 17:25:53 [ERROR]: [DB] Falha ao registrar infração
2026-09-28 17:25:55 [INFO]: [TelegramAdapter] Inicializando... 
2026-09-28 17:25:55 [INFO]: [Telegram] Iniciando launch()... 
2026-09-28 17:25:55 [INFO]: [Telegram] ✅ Pronto como  () 
2026-09-28 17:25:55 [INFO]: [TelegramAdapter] Inicializando... 
2026-09-28 17:25:55 [INFO]: [Telegram] Iniciando launch()... 
2026-09-28 17:25:55 [INFO]: [Telegram] ✅ Pronto como  () 
2026-09-28 17:25:55 [INFO]: [TelegramAdapter] Inicializando... 
2026-09-28 17:25:55 [INFO]: [Telegram] Iniciando launch()... 
2026-09-28 17:25:55 [INFO]: [Telegram] ✅ Pronto como  () 
2026-09-28 17:25:55 [INFO]: [TelegramAdapter] Inicializando... 
2026-09-28 17:25:55 [INFO]: [TelegramAdapter] Já estava pronto 
2026-09-28 17:25:55 [INFO]: [TelegramAdapter] Inicializando... 
2026-09-28 17:25:55 [INFO]: [Telegram] Iniciando launch()... 
2026-09-28 17:25:55 [INFO]: [Telegram] ✅ Pronto como  () 
2026-09-28 17:25:55 [INFO]: [TelegramAdapter] Inicializando... 
2026-09-28 17:25:55 [INFO]: [Telegram] Iniciando launch()... 
2026-09-28 17:25:55 [INFO]: [Telegram] ✅ Pronto como  () 
2026-09-28 17:25:55 [INFO]: [Discord] Cliente v14 inicializado com intents, partials e presence 
2026-09-28 17:25:55 [INFO]: [Discord] Iniciando login... 
2026-09-28 17:25:55 [INFO]: [Discord] ✅ Pronto como TestDiscordBot (1111) 
2026-09-28 17:25:55 [ERROR]: ❌ [[Discord] Erro ao definir presença:] this.client.user?.setPresence is not a function
2026-09-28 17:25:55 [INFO]: [Discord] Chamada de login concluída 
2026-09-28 17:25:55 [INFO]: [Discord] Cliente v14 inicializado com intents, partials e presence 
2026-09-28 17:25:55 [INFO]: [Discord] Iniciando login... 
2026-09-28 17:25:55 [INFO]: [Discord] ✅ Pronto como TestDiscordBot (1111) 
2026-09-28 17:25:55 [ERROR]: ❌ [[Discord] Erro ao definir presença:] this.client.user?.setPresence is not a function
2026-09-28 17:25:55 [INFO]: [Discord] Chamada de login concluída 
2026-09-28 17:25:55 [INFO]: [Discord] Iniciando login... 
2026-09-28 17:25:55 [INFO]: [Discord] Chamada de login concluída 
2026-09-28 17:25:55 [INFO]: [Discord] Cliente v14 inicializado com intents, partials e presence 
2026-09-28 17:25:55 [INFO]: [Discord] Iniciando login... 
2026-09-28 17:25:55 [INFO]: [Discord] ✅ Pronto como TestDiscordBot (1111) 
2026-09-28 17:25:55 [ERROR]: ❌ [[Discord] Erro ao definir presença:] this.client.user?.setPresence is not a function
2026-09-28 17:25:55 [INFO]: [Discord] Chamada de login concluída 
2026-09-28 17:25:57 [ERROR]: ❌ [Erro no comando $stats:] SQLITE_ERROR: no such table: feedbacks
2026-09-28 17:25:57 [ERROR]:    Stack: 
2026-09-28 17:25:57 [INFO]: 🛑 [SHUTDOWN] Comando executado por: 5588998314322@c.us 
2026-09-28 17:25:57 [ERROR]: ❌ [❌ Erro no $grupos:] ctx.client.getChats is not a function
2026-09-28 17:25:57 [ERROR]:    Stack: at Object.execute (D:\Desktop\Programas\bot-wpp\src\bot\commands\grupos.ts:17:44)
2026-09-28 17:25:57 [ERROR]: ❌ [[ScreenCommand] Erro:] connect ECONNREFUSED 127.0.0.1:3002
2026-09-28 17:25:57 [ERROR]:    Stack: at TCPConnectWrap.afterConnect [as oncomplete] (node:net:2017:16)
2026-09-28 17:25:57 [INFO]: 🛑 [SHUTDOWN] Comando executado por: 5588998314322@c.us 
2026-09-28 17:25:58 [INFO]: [DiscordScreenService] Missing required Discord credentials, screen sharing disabled 
2026-09-28 17:25:58 [INFO]: [DiscordScreenService] Gerenciado externamente (DISCORD_SCREEN_EXTERNAL) — spawn interno desativado 
2026-09-28 17:25:58 [INFO]: [DiscordScreenService] Gerenciado externamente (DISCORD_SCREEN_EXTERNAL) — spawn interno desativado 
2026-09-28 17:26:00 [WARN]: [BaileysSender] sendMessage: socket existe mas NÃO está pronto (readyState !== OPEN) 
2026-09-28 17:26:00 [ERROR]: [memberJoinService] Erro ao processar entrada
2026-09-28 17:26:00 [INFO]: [BaileysSender.sendMessage] Reply: quotedRaw=false, replyTo=original:123, originalKey=NAO 
2026-09-28 17:26:00 [INFO]: [BaileysSender.sendMessage] Quoted payload construído: keyId=123, hasMessage=true 
2026-09-28 17:26:00 [WARN]: [BaileysSender] sendMessage: socket existe mas NÃO está pronto (readyState !== OPEN) 
2026-09-28 17:26:00 [INFO]: [BaileysSender.sendMessage] Reply: quotedRaw=false, replyTo=original:123, originalKey=NAO 
2026-09-28 17:26:00 [INFO]: [BaileysSender.sendMessage] Quoted payload construído: keyId=123, hasMessage=true 
2026-09-28 17:26:00 [WARN]: [BaileysSender] sendMessage: socket existe mas NÃO está pronto (readyState !== OPEN) 
2026-09-28 17:26:00 [INFO]: [BaileysSender.sendMessage] Reply: quotedRaw=false, replyTo=undefined, originalKey=NAO 
2026-09-28 17:26:00 [WARN]: [BaileysSender] sendMessage: socket existe mas NÃO está pronto (readyState !== OPEN) 
2026-09-28 17:26:00 [INFO]: [BaileysSender.sendMessage] Reply: quotedRaw=false, replyTo=original:123, originalKey=NAO 
2026-09-28 17:26:00 [INFO]: [BaileysSender.sendMessage] Quoted payload construído: keyId=123, hasMessage=true 
2026-09-28 17:26:02 [INFO]: [keywordHandler] Palavra-chave detectada, resposta enviada
2026-09-28 17:26:04 [INFO]: [Discord] Cliente v14 inicializado com intents, partials e presence 
2026-09-28 17:30:49 [ERROR]: [DB] Falha ao registrar infração
2026-09-28 17:30:49 [INFO]: [TelegramAdapter] Inicializando... 
2026-09-28 17:30:49 [ERROR]: [DB] Falha ao registrar infração
2026-09-28 17:30:49 [ERROR]: [DB] Falha ao registrar infração
2026-09-28 17:30:49 [ERROR]: [DB] Falha ao registrar infração
2026-09-28 17:30:49 [ERROR]: [DB] Falha ao registrar infração
2026-09-28 17:30:49 [ERROR]: [DB] Falha ao registrar infração
2026-09-28 17:30:49 [ERROR]: [DB] Falha ao registrar infração
2026-09-28 17:30:49 [ERROR]: [DB] Falha ao registrar infração
2026-09-28 17:30:49 [ERROR]: [DB] Falha ao registrar infração
2026-09-28 17:30:49 [INFO]: [Telegram] Iniciando launch()... 
2026-09-28 17:30:49 [INFO]: [Telegram] ✅ Pronto como  () 
2026-09-28 17:30:49 [INFO]: [TelegramAdapter] Inicializando... 
2026-09-28 17:30:49 [INFO]: [Telegram] Iniciando launch()... 
2026-09-28 17:30:49 [INFO]: [Telegram] ✅ Pronto como  () 
2026-09-28 17:30:49 [INFO]: [TelegramAdapter] Inicializando... 
2026-09-28 17:30:49 [INFO]: [Telegram] Iniciando launch()... 
2026-09-28 17:30:49 [INFO]: [Telegram] ✅ Pronto como  () 
2026-09-28 17:30:49 [INFO]: [TelegramAdapter] Inicializando... 
2026-09-28 17:30:49 [INFO]: [TelegramAdapter] Já estava pronto 
2026-09-28 17:30:49 [INFO]: [TelegramAdapter] Inicializando... 
2026-09-28 17:30:49 [INFO]: [Telegram] Iniciando launch()... 
2026-09-28 17:30:49 [INFO]: [Telegram] ✅ Pronto como  () 
2026-09-28 17:30:49 [INFO]: [TelegramAdapter] Inicializando... 
2026-09-28 17:30:49 [INFO]: [Telegram] Iniciando launch()... 
2026-09-28 17:30:49 [INFO]: [Telegram] ✅ Pronto como  () 
2026-09-28 17:30:49 [INFO]: [Discord] Cliente v14 inicializado com intents, partials e presence 
2026-09-28 17:30:49 [INFO]: [Discord] Iniciando login... 
2026-09-28 17:30:49 [INFO]: [Discord] ✅ Pronto como TestDiscordBot (1111) 
2026-09-28 17:30:49 [ERROR]: ❌ [[Discord] Erro ao definir presença:] this.client.user?.setPresence is not a function
2026-09-28 17:30:49 [INFO]: [Discord] Chamada de login concluída 
2026-09-28 17:30:49 [INFO]: [Discord] Cliente v14 inicializado com intents, partials e presence 
2026-09-28 17:30:49 [INFO]: [Discord] Iniciando login... 
2026-09-28 17:30:49 [INFO]: [Discord] ✅ Pronto como TestDiscordBot (1111) 
2026-09-28 17:30:49 [ERROR]: ❌ [[Discord] Erro ao definir presença:] this.client.user?.setPresence is not a function
2026-09-28 17:30:49 [INFO]: [Discord] Chamada de login concluída 
2026-09-28 17:30:49 [INFO]: [Discord] Iniciando login... 
2026-09-28 17:30:49 [INFO]: [Discord] Chamada de login concluída 
2026-09-28 17:30:49 [INFO]: [Discord] Cliente v14 inicializado com intents, partials e presence 
2026-09-28 17:30:49 [INFO]: [Discord] Iniciando login... 
2026-09-28 17:30:49 [INFO]: [Discord] ✅ Pronto como TestDiscordBot (1111) 
2026-09-28 17:30:49 [ERROR]: ❌ [[Discord] Erro ao definir presença:] this.client.user?.setPresence is not a function
2026-09-28 17:30:49 [INFO]: [Discord] Chamada de login concluída 
2026-09-28 17:30:55 [ERROR]: [memberJoinService] Erro ao processar entrada
2026-09-28 17:30:56 [WARN]: [BaileysSender] sendMessage: socket existe mas NÃO está pronto (readyState !== OPEN) 
2026-09-28 17:30:56 [INFO]: [BaileysSender.sendMessage] Reply: quotedRaw=false, replyTo=original:123, originalKey=NAO 
2026-09-28 17:30:56 [INFO]: [BaileysSender.sendMessage] Quoted payload construído: keyId=123, hasMessage=true 
2026-09-28 17:30:56 [WARN]: [BaileysSender] sendMessage: socket existe mas NÃO está pronto (readyState !== OPEN) 
2026-09-28 17:30:56 [INFO]: [BaileysSender.sendMessage] Reply: quotedRaw=false, replyTo=original:123, originalKey=NAO 
2026-09-28 17:30:56 [INFO]: [BaileysSender.sendMessage] Quoted payload construído: keyId=123, hasMessage=true 
2026-09-28 17:30:56 [WARN]: [BaileysSender] sendMessage: socket existe mas NÃO está pronto (readyState !== OPEN) 
2026-09-28 17:30:56 [INFO]: [BaileysSender.sendMessage] Reply: quotedRaw=false, replyTo=undefined, originalKey=NAO 
2026-09-28 17:30:56 [WARN]: [BaileysSender] sendMessage: socket existe mas NÃO está pronto (readyState !== OPEN) 
2026-09-28 17:30:56 [INFO]: [BaileysSender.sendMessage] Reply: quotedRaw=false, replyTo=original:123, originalKey=NAO 
2026-09-28 17:30:56 [INFO]: [BaileysSender.sendMessage] Quoted payload construído: keyId=123, hasMessage=true 
2026-09-28 17:30:57 [INFO]: [DiscordScreenService] Missing required Discord credentials, screen sharing disabled 
2026-09-28 17:30:57 [INFO]: [DiscordScreenService] Gerenciado externamente (DISCORD_SCREEN_EXTERNAL) — spawn interno desativado 
2026-09-28 17:30:57 [INFO]: [DiscordScreenService] Gerenciado externamente (DISCORD_SCREEN_EXTERNAL) — spawn interno desativado 
2026-09-28 17:30:59 [ERROR]: ❌ [Erro no comando $stats:] SQLITE_ERROR: no such table: feedbacks
2026-09-28 17:30:59 [ERROR]:    Stack: 
2026-09-28 17:30:59 [INFO]: 🛑 [SHUTDOWN] Comando executado por: 5588998314322@c.us 
2026-09-28 17:30:59 [ERROR]: ❌ [❌ Erro no $grupos:] ctx.client.getChats is not a function
2026-09-28 17:30:59 [ERROR]:    Stack: at Object.execute (D:\Desktop\Programas\bot-wpp\src\bot\commands\grupos.ts:17:44)
2026-09-28 17:30:59 [ERROR]: ❌ [[ScreenCommand] Erro:] connect ECONNREFUSED 127.0.0.1:3002
2026-09-28 17:30:59 [ERROR]:    Stack: at TCPConnectWrap.afterConnect [as oncomplete] (node:net:2017:16)
2026-09-28 17:30:59 [INFO]: 🛑 [SHUTDOWN] Comando executado por: 5588998314322@c.us 
2026-09-28 17:31:00 [INFO]: [Discord] Cliente v14 inicializado com intents, partials e presence 
2026-09-28 17:31:02 [INFO]: [keywordHandler] Palavra-chave detectada, resposta enviada
2026-09-29 11:18:57 [ERROR]: [DB] Falha ao registrar infração
2026-09-29 11:18:57 [ERROR]: [DB] Falha ao registrar infração
2026-09-29 11:18:57 [ERROR]: [DB] Falha ao registrar infração
2026-09-29 11:18:57 [ERROR]: [DB] Falha ao registrar infração
2026-09-29 11:18:57 [ERROR]: [DB] Falha ao registrar infração
2026-09-29 11:18:57 [ERROR]: [DB] Falha ao registrar infração
2026-09-29 11:18:57 [ERROR]: [DB] Falha ao registrar infração
2026-09-29 11:18:57 [ERROR]: [DB] Falha ao registrar infração
2026-09-29 11:18:57 [ERROR]: [DB] Falha ao registrar infração
2026-09-29 11:19:12 [INFO]: 🛑 [SHUTDOWN] Comando executado por: 5588998314322@c.us 
2026-09-29 11:19:12 [ERROR]: ❌ [Erro no comando $stats:] SQLITE_ERROR: no such table: feedbacks
2026-09-29 11:19:12 [ERROR]:    Stack: 
2026-09-29 11:19:12 [INFO]: 🛑 [SHUTDOWN] Comando executado por: 5588998314322@c.us 
2026-09-29 11:19:12 [ERROR]: ❌ [❌ Erro no $grupos:] ctx.client.getChats is not a function
2026-09-29 11:19:12 [ERROR]:    Stack: at Object.execute (D:\Desktop\Programas\bot-wpp\src\bot\commands\grupos.ts:17:44)
2026-09-29 11:19:12 [ERROR]: ❌ [[ScreenCommand] Erro:] connect ECONNREFUSED 127.0.0.1:3002
2026-09-29 11:19:12 [ERROR]:    Stack: at TCPConnectWrap.afterConnect [as oncomplete] (node:net:2017:16)
2026-09-29 11:19:53 [ERROR]: [DB] Falha ao registrar infração
2026-09-29 11:19:53 [ERROR]: [DB] Falha ao registrar infração
2026-09-29 11:19:53 [ERROR]: [DB] Falha ao registrar infração
2026-09-29 11:19:53 [ERROR]: [DB] Falha ao registrar infração
2026-09-29 11:19:53 [ERROR]: [DB] Falha ao registrar infração
2026-09-29 11:19:53 [ERROR]: [DB] Falha ao registrar infração
2026-09-29 11:19:53 [ERROR]: [DB] Falha ao registrar infração
2026-09-29 11:19:53 [ERROR]: [DB] Falha ao registrar infração
2026-09-29 11:19:53 [ERROR]: [DB] Falha ao registrar infração
2026-09-29 11:19:55 [ERROR]: ❌ [Erro no comando $stats:] SQLITE_ERROR: no such table: feedbacks
2026-09-29 11:19:55 [ERROR]:    Stack: 
2026-09-29 11:19:55 [INFO]: 🛑 [SHUTDOWN] Comando executado por: 5588998314322@c.us 
2026-09-29 11:19:55 [ERROR]: ❌ [❌ Erro no $grupos:] ctx.client.getChats is not a function
2026-09-29 11:19:55 [ERROR]:    Stack: at Object.execute (D:\Desktop\Programas\bot-wpp\src\bot\commands\grupos.ts:17:44)
2026-09-29 11:19:55 [ERROR]: ❌ [[ScreenCommand] Erro:] connect ECONNREFUSED 127.0.0.1:3002
2026-09-29 11:19:55 [ERROR]:    Stack: at TCPConnectWrap.afterConnect [as oncomplete] (node:net:2017:16)
2026-09-29 11:19:55 [INFO]: 🛑 [SHUTDOWN] Comando executado por: 5588998314322@c.us 
2026-09-29 11:19:57 [INFO]: [TelegramAdapter] Inicializando... 
2026-09-29 11:19:57 [INFO]: [Telegram] Iniciando launch()... 
2026-09-29 11:19:57 [INFO]: [Telegram] ✅ Pronto como  () 
2026-09-29 11:19:57 [INFO]: [TelegramAdapter] Inicializando... 
2026-09-29 11:19:57 [INFO]: [Telegram] Iniciando launch()... 
2026-09-29 11:19:57 [INFO]: [Telegram] ✅ Pronto como  () 
2026-09-29 11:19:57 [INFO]: [TelegramAdapter] Inicializando... 
2026-09-29 11:19:57 [INFO]: [Telegram] Iniciando launch()... 
2026-09-29 11:19:57 [INFO]: [Telegram] ✅ Pronto como  () 
2026-09-29 11:19:57 [INFO]: [TelegramAdapter] Inicializando... 
2026-09-29 11:19:57 [INFO]: [TelegramAdapter] Já estava pronto 
2026-09-29 11:19:57 [INFO]: [TelegramAdapter] Inicializando... 
2026-09-29 11:19:57 [INFO]: [Telegram] Iniciando launch()... 
2026-09-29 11:19:57 [INFO]: [Telegram] ✅ Pronto como  () 
2026-09-29 11:19:57 [INFO]: [TelegramAdapter] Inicializando... 
2026-09-29 11:19:57 [INFO]: [Telegram] Iniciando launch()... 
2026-09-29 11:19:57 [INFO]: [Telegram] ✅ Pronto como  () 
2026-09-29 11:19:57 [INFO]: [Discord] Cliente v14 inicializado com intents, partials e presence 
2026-09-29 11:19:57 [INFO]: [Discord] Iniciando login... 
2026-09-29 11:19:57 [INFO]: [Discord] ✅ Pronto como TestDiscordBot (1111) 
2026-09-29 11:19:57 [ERROR]: ❌ [[Discord] Erro ao definir presença:] this.client.user?.setPresence is not a function
2026-09-29 11:19:57 [INFO]: [Discord] Chamada de login concluída 
2026-09-29 11:19:57 [INFO]: [Discord] Cliente v14 inicializado com intents, partials e presence 
2026-09-29 11:19:57 [INFO]: [Discord] Iniciando login... 
2026-09-29 11:19:57 [INFO]: [Discord] ✅ Pronto como TestDiscordBot (1111) 
2026-09-29 11:19:57 [ERROR]: ❌ [[Discord] Erro ao definir presença:] this.client.user?.setPresence is not a function
2026-09-29 11:19:57 [INFO]: [Discord] Chamada de login concluída 
2026-09-29 11:19:57 [INFO]: [Discord] Iniciando login... 
2026-09-29 11:19:57 [INFO]: [Discord] Chamada de login concluída 
2026-09-29 11:19:57 [INFO]: [Discord] Cliente v14 inicializado com intents, partials e presence 
2026-09-29 11:19:57 [INFO]: [Discord] Iniciando login... 
2026-09-29 11:19:57 [INFO]: [Discord] ✅ Pronto como TestDiscordBot (1111) 
2026-09-29 11:19:57 [ERROR]: ❌ [[Discord] Erro ao definir presença:] this.client.user?.setPresence is not a function
2026-09-29 11:19:57 [INFO]: [Discord] Chamada de login concluída 
2026-09-29 11:19:57 [INFO]: [keywordHandler] Palavra-chave detectada, resposta enviada
2026-09-29 11:19:58 [INFO]: [DiscordScreenService] Missing required Discord credentials, screen sharing disabled 
2026-09-29 11:19:58 [INFO]: [DiscordScreenService] Gerenciado externamente (DISCORD_SCREEN_EXTERNAL) — spawn interno desativado 
2026-09-29 11:19:58 [INFO]: [DiscordScreenService] Gerenciado externamente (DISCORD_SCREEN_EXTERNAL) — spawn interno desativado 
2026-09-29 11:19:58 [ERROR]: [memberJoinService] Erro ao processar entrada
2026-09-29 11:20:01 [INFO]: [Discord] Cliente v14 inicializado com intents, partials e presence 
2026-09-29 11:20:08 [WARN]: [BaileysSender] sendMessage: socket existe mas NÃO está pronto (readyState !== OPEN) 
2026-09-29 11:20:08 [INFO]: [BaileysSender.sendMessage] Reply: quotedRaw=false, replyTo=original:123, originalKey=NAO 
2026-09-29 11:20:08 [INFO]: [BaileysSender.sendMessage] Quoted payload construído: keyId=123, hasMessage=true 
2026-09-29 11:20:08 [WARN]: [BaileysSender] sendMessage: socket existe mas NÃO está pronto (readyState !== OPEN) 
2026-09-29 11:20:08 [INFO]: [BaileysSender.sendMessage] Reply: quotedRaw=false, replyTo=original:123, originalKey=NAO 
2026-09-29 11:20:08 [INFO]: [BaileysSender.sendMessage] Quoted payload construído: keyId=123, hasMessage=true 
2026-09-29 11:20:08 [WARN]: [BaileysSender] sendMessage: socket existe mas NÃO está pronto (readyState !== OPEN) 
2026-09-29 11:20:08 [INFO]: [BaileysSender.sendMessage] Reply: quotedRaw=false, replyTo=undefined, originalKey=NAO 
2026-09-29 11:20:08 [WARN]: [BaileysSender] sendMessage: socket existe mas NÃO está pronto (readyState !== OPEN) 
2026-09-29 11:20:08 [INFO]: [BaileysSender.sendMessage] Reply: quotedRaw=false, replyTo=original:123, originalKey=NAO 
2026-09-29 11:20:08 [INFO]: [BaileysSender.sendMessage] Quoted payload construído: keyId=123, hasMessage=true 
2026-09-29 11:27:33 [ERROR]: [DB] Falha ao registrar infração
2026-09-29 11:27:33 [ERROR]: [DB] Falha ao registrar infração
2026-09-29 11:27:33 [ERROR]: [DB] Falha ao registrar infração
2026-09-29 11:27:33 [ERROR]: [DB] Falha ao registrar infração
2026-09-29 11:27:33 [ERROR]: [DB] Falha ao registrar infração
2026-09-29 11:27:33 [ERROR]: [DB] Falha ao registrar infração
2026-09-29 11:27:33 [ERROR]: [DB] Falha ao registrar infração
2026-09-29 11:27:33 [ERROR]: [DB] Falha ao registrar infração
2026-09-29 11:27:33 [ERROR]: [DB] Falha ao registrar infração
2026-09-29 11:27:34 [INFO]: [TelegramAdapter] Inicializando... 
2026-09-29 11:27:34 [INFO]: [Telegram] Iniciando launch()... 
2026-09-29 11:27:34 [INFO]: [Telegram] ✅ Pronto como  () 
2026-09-29 11:27:34 [INFO]: [TelegramAdapter] Inicializando... 
2026-09-29 11:27:34 [INFO]: [Telegram] Iniciando launch()... 
2026-09-29 11:27:34 [INFO]: [Telegram] ✅ Pronto como  () 
2026-09-29 11:27:34 [INFO]: [TelegramAdapter] Inicializando... 
2026-09-29 11:27:34 [INFO]: [Telegram] Iniciando launch()... 
2026-09-29 11:27:34 [INFO]: [Telegram] ✅ Pronto como  () 
2026-09-29 11:27:34 [INFO]: [TelegramAdapter] Inicializando... 
2026-09-29 11:27:34 [INFO]: [TelegramAdapter] Já estava pronto 
2026-09-29 11:27:34 [INFO]: [TelegramAdapter] Inicializando... 
2026-09-29 11:27:34 [INFO]: [Telegram] Iniciando launch()... 
2026-09-29 11:27:34 [INFO]: [Telegram] ✅ Pronto como  () 
2026-09-29 11:27:34 [INFO]: [TelegramAdapter] Inicializando... 
2026-09-29 11:27:34 [INFO]: [Telegram] Iniciando launch()... 
2026-09-29 11:27:34 [INFO]: [Telegram] ✅ Pronto como  () 
2026-09-29 11:27:34 [INFO]: [Discord] Cliente v14 inicializado com intents, partials e presence 
2026-09-29 11:27:34 [INFO]: [Discord] Iniciando login... 
2026-09-29 11:27:34 [INFO]: [Discord] ✅ Pronto como TestDiscordBot (1111) 
2026-09-29 11:27:34 [ERROR]: ❌ [[Discord] Erro ao definir presença:] this.client.user?.setPresence is not a function
2026-09-29 11:27:34 [INFO]: [Discord] Chamada de login concluída 
2026-09-29 11:27:34 [INFO]: [Discord] Cliente v14 inicializado com intents, partials e presence 
2026-09-29 11:27:34 [INFO]: [Discord] Iniciando login... 
2026-09-29 11:27:34 [INFO]: [Discord] ✅ Pronto como TestDiscordBot (1111) 
2026-09-29 11:27:34 [ERROR]: ❌ [[Discord] Erro ao definir presença:] this.client.user?.setPresence is not a function
2026-09-29 11:27:34 [INFO]: [Discord] Chamada de login concluída 
2026-09-29 11:27:34 [INFO]: [Discord] Iniciando login... 
2026-09-29 11:27:34 [INFO]: [Discord] Chamada de login concluída 
2026-09-29 11:27:34 [INFO]: [Discord] Cliente v14 inicializado com intents, partials e presence 
2026-09-29 11:27:34 [INFO]: [Discord] Iniciando login... 
2026-09-29 11:27:34 [INFO]: [Discord] ✅ Pronto como TestDiscordBot (1111) 
2026-09-29 11:27:34 [ERROR]: ❌ [[Discord] Erro ao definir presença:] this.client.user?.setPresence is not a function
2026-09-29 11:27:34 [INFO]: [Discord] Chamada de login concluída 
2026-09-29 11:27:35 [ERROR]: ❌ [Erro no comando $stats:] SQLITE_ERROR: no such table: feedbacks
2026-09-29 11:27:35 [ERROR]:    Stack: 
2026-09-29 11:27:35 [INFO]: 🛑 [SHUTDOWN] Comando executado por: 5588998314322@c.us 
2026-09-29 11:27:35 [ERROR]: ❌ [❌ Erro no $grupos:] ctx.client.getChats is not a function
2026-09-29 11:27:35 [ERROR]:    Stack: at Object.execute (D:\Desktop\Programas\bot-wpp\src\bot\commands\grupos.ts:17:44)
2026-09-29 11:27:35 [ERROR]: ❌ [[ScreenCommand] Erro:] connect ECONNREFUSED 127.0.0.1:3002
2026-09-29 11:27:35 [ERROR]:    Stack: at TCPConnectWrap.afterConnect [as oncomplete] (node:net:2017:16)
2026-09-29 11:27:35 [INFO]: 🛑 [SHUTDOWN] Comando executado por: 5588998314322@c.us 
2026-09-29 11:27:37 [INFO]: [DiscordScreenService] Missing required Discord credentials, screen sharing disabled 
2026-09-29 11:27:37 [INFO]: [DiscordScreenService] Gerenciado externamente (DISCORD_SCREEN_EXTERNAL) — spawn interno desativado 
2026-09-29 11:27:37 [INFO]: [DiscordScreenService] Gerenciado externamente (DISCORD_SCREEN_EXTERNAL) — spawn interno desativado 
2026-09-29 11:27:38 [ERROR]: [memberJoinService] Erro ao processar entrada
2026-09-29 11:27:40 [INFO]: [keywordHandler] Palavra-chave detectada, resposta enviada
2026-09-29 11:27:40 [WARN]: [BaileysSender] sendMessage: socket existe mas NÃO está pronto (readyState !== OPEN) 
2026-09-29 11:27:40 [INFO]: [BaileysSender.sendMessage] Reply: quotedRaw=false, replyTo=original:123, originalKey=NAO 
2026-09-29 11:27:40 [INFO]: [BaileysSender.sendMessage] Quoted payload construído: keyId=123, hasMessage=true 
2026-09-29 11:27:40 [WARN]: [BaileysSender] sendMessage: socket existe mas NÃO está pronto (readyState !== OPEN) 
2026-09-29 11:27:40 [INFO]: [BaileysSender.sendMessage] Reply: quotedRaw=false, replyTo=original:123, originalKey=NAO 
2026-09-29 11:27:40 [INFO]: [BaileysSender.sendMessage] Quoted payload construído: keyId=123, hasMessage=true 
2026-09-29 11:27:40 [WARN]: [BaileysSender] sendMessage: socket existe mas NÃO está pronto (readyState !== OPEN) 
2026-09-29 11:27:40 [INFO]: [BaileysSender.sendMessage] Reply: quotedRaw=false, replyTo=undefined, originalKey=NAO 
2026-09-29 11:27:40 [WARN]: [BaileysSender] sendMessage: socket existe mas NÃO está pronto (readyState !== OPEN) 
2026-09-29 11:27:40 [INFO]: [BaileysSender.sendMessage] Reply: quotedRaw=false, replyTo=original:123, originalKey=NAO 
2026-09-29 11:27:40 [INFO]: [BaileysSender.sendMessage] Quoted payload construído: keyId=123, hasMessage=true 
2026-09-29 11:27:41 [INFO]: [Discord] Cliente v14 inicializado com intents, partials e presence 
2026-09-29 13:23:23 [ERROR]: [DB] Falha ao registrar infração
2026-09-29 13:23:23 [ERROR]: [DB] Falha ao registrar infração
2026-09-29 13:23:23 [ERROR]: [DB] Falha ao registrar infração
2026-09-29 13:23:23 [ERROR]: [DB] Falha ao registrar infração
2026-09-29 13:23:23 [ERROR]: [DB] Falha ao registrar infração
2026-09-29 13:23:23 [ERROR]: [DB] Falha ao registrar infração
2026-09-29 13:23:23 [ERROR]: [DB] Falha ao registrar infração
2026-09-29 13:23:23 [ERROR]: [DB] Falha ao registrar infração
2026-09-29 13:23:23 [ERROR]: [DB] Falha ao registrar infração
2026-09-29 13:23:26 [ERROR]: ❌ [Erro no comando $stats:] SQLITE_ERROR: no such table: feedbacks
2026-09-29 13:23:26 [ERROR]:    Stack: 
2026-09-29 13:23:26 [INFO]: 🛑 [SHUTDOWN] Comando executado por: 5588998314322@c.us 
2026-09-29 13:23:26 [ERROR]: ❌ [❌ Erro no $grupos:] ctx.client.getChats is not a function
2026-09-29 13:23:26 [ERROR]:    Stack: at Object.execute (D:\Desktop\Programas\bot-wpp\src\bot\commands\grupos.ts:17:44)
2026-09-29 13:23:27 [ERROR]: ❌ [[ScreenCommand] Erro:] connect ECONNREFUSED 127.0.0.1:3002
2026-09-29 13:23:27 [ERROR]:    Stack: at TCPConnectWrap.afterConnect [as oncomplete] (node:net:2017:16)
2026-09-29 13:23:27 [INFO]: 🛑 [SHUTDOWN] Comando executado por: 5588998314322@c.us 
2026-09-29 13:23:30 [INFO]: [TelegramAdapter] Inicializando... 
2026-09-29 13:23:30 [INFO]: [Telegram] Iniciando launch()... 
2026-09-29 13:23:30 [INFO]: [Telegram] ✅ Pronto como  () 
2026-09-29 13:23:30 [INFO]: [TelegramAdapter] Inicializando... 
2026-09-29 13:23:30 [INFO]: [Telegram] Iniciando launch()... 
2026-09-29 13:23:30 [INFO]: [Telegram] ✅ Pronto como  () 
2026-09-29 13:23:30 [INFO]: [TelegramAdapter] Inicializando... 
2026-09-29 13:23:30 [INFO]: [Telegram] Iniciando launch()... 
2026-09-29 13:23:30 [INFO]: [Telegram] ✅ Pronto como  () 
2026-09-29 13:23:30 [INFO]: [TelegramAdapter] Inicializando... 
2026-09-29 13:23:30 [INFO]: [TelegramAdapter] Já estava pronto 
2026-09-29 13:23:30 [INFO]: [TelegramAdapter] Inicializando... 
2026-09-29 13:23:30 [INFO]: [Telegram] Iniciando launch()... 
2026-09-29 13:23:30 [INFO]: [Telegram] ✅ Pronto como  () 
2026-09-29 13:23:30 [INFO]: [TelegramAdapter] Inicializando... 
2026-09-29 13:23:30 [INFO]: [Telegram] Iniciando launch()... 
2026-09-29 13:23:30 [INFO]: [Telegram] ✅ Pronto como  () 
2026-09-29 13:23:30 [INFO]: [Discord] Cliente v14 inicializado com intents, partials e presence 
2026-09-29 13:23:30 [INFO]: [Discord] Iniciando login... 
2026-09-29 13:23:30 [INFO]: [Discord] ✅ Pronto como TestDiscordBot (1111) 
2026-09-29 13:23:30 [ERROR]: ❌ [[Discord] Erro ao definir presença:] this.client.user?.setPresence is not a function
2026-09-29 13:23:30 [INFO]: [Discord] Chamada de login concluída 
2026-09-29 13:23:30 [INFO]: [Discord] Cliente v14 inicializado com intents, partials e presence 
2026-09-29 13:23:30 [INFO]: [Discord] Iniciando login... 
2026-09-29 13:23:30 [INFO]: [Discord] ✅ Pronto como TestDiscordBot (1111) 
2026-09-29 13:23:30 [ERROR]: ❌ [[Discord] Erro ao definir presença:] this.client.user?.setPresence is not a function
2026-09-29 13:23:30 [INFO]: [Discord] Chamada de login concluída 
2026-09-29 13:23:30 [INFO]: [Discord] Iniciando login... 
2026-09-29 13:23:30 [INFO]: [Discord] Chamada de login concluída 
2026-09-29 13:23:30 [INFO]: [Discord] Cliente v14 inicializado com intents, partials e presence 
2026-09-29 13:23:30 [INFO]: [Discord] Iniciando login... 
2026-09-29 13:23:30 [INFO]: [Discord] ✅ Pronto como TestDiscordBot (1111) 
2026-09-29 13:23:30 [ERROR]: ❌ [[Discord] Erro ao definir presença:] this.client.user?.setPresence is not a function
2026-09-29 13:23:30 [INFO]: [Discord] Chamada de login concluída 
2026-09-29 13:23:31 [INFO]: [DiscordScreenService] Missing required Discord credentials, screen sharing disabled 
2026-09-29 13:23:31 [INFO]: [DiscordScreenService] Gerenciado externamente (DISCORD_SCREEN_EXTERNAL) — spawn interno desativado 
2026-09-29 13:23:31 [INFO]: [DiscordScreenService] Gerenciado externamente (DISCORD_SCREEN_EXTERNAL) — spawn interno desativado 
2026-09-29 13:23:31 [INFO]: [keywordHandler] Palavra-chave detectada, resposta enviada
2026-09-29 13:23:32 [ERROR]: [memberJoinService] Erro ao processar entrada
2026-09-29 13:23:35 [INFO]: [Discord] Cliente v14 inicializado com intents, partials e presence 
2026-09-29 13:23:35 [WARN]: [BaileysSender] sendMessage: socket existe mas NÃO está pronto (readyState !== OPEN) 
2026-09-29 13:23:35 [INFO]: [BaileysSender.sendMessage] Reply: quotedRaw=false, replyTo=original:123, originalKey=NAO 
2026-09-29 13:23:35 [INFO]: [BaileysSender.sendMessage] Quoted payload construído: keyId=123, hasMessage=true 
2026-09-29 13:23:35 [WARN]: [BaileysSender] sendMessage: socket existe mas NÃO está pronto (readyState !== OPEN) 
2026-09-29 13:23:35 [INFO]: [BaileysSender.sendMessage] Reply: quotedRaw=false, replyTo=original:123, originalKey=NAO 
2026-09-29 13:23:35 [INFO]: [BaileysSender.sendMessage] Quoted payload construído: keyId=123, hasMessage=true 
2026-09-29 13:23:35 [WARN]: [BaileysSender] sendMessage: socket existe mas NÃO está pronto (readyState !== OPEN) 
2026-09-29 13:23:35 [INFO]: [BaileysSender.sendMessage] Reply: quotedRaw=false, replyTo=undefined, originalKey=NAO 
2026-09-29 13:23:35 [WARN]: [BaileysSender] sendMessage: socket existe mas NÃO está pronto (readyState !== OPEN) 
2026-09-29 13:23:35 [INFO]: [BaileysSender.sendMessage] Reply: quotedRaw=false, replyTo=original:123, originalKey=NAO 
2026-09-29 13:23:35 [INFO]: [BaileysSender.sendMessage] Quoted payload construído: keyId=123, hasMessage=true 
2026-09-29 15:17:46 [ERROR]: [DB] Falha ao registrar infração
2026-09-29 15:17:46 [ERROR]: [DB] Falha ao registrar infração
2026-09-29 15:17:46 [ERROR]: [DB] Falha ao registrar infração
2026-09-29 15:17:46 [ERROR]: [DB] Falha ao registrar infração
2026-09-29 15:17:46 [ERROR]: [DB] Falha ao registrar infração
2026-09-29 15:17:46 [ERROR]: [DB] Falha ao registrar infração
2026-09-29 15:17:46 [ERROR]: [DB] Falha ao registrar infração
2026-09-29 15:17:46 [ERROR]: [DB] Falha ao registrar infração
2026-09-29 15:17:46 [ERROR]: [DB] Falha ao registrar infração
2026-09-29 15:17:48 [INFO]: [TelegramAdapter] Inicializando... 
2026-09-29 15:17:48 [INFO]: [Telegram] Iniciando launch()... 
2026-09-29 15:17:48 [INFO]: [Telegram] ✅ Pronto como  () 
2026-09-29 15:17:48 [INFO]: [TelegramAdapter] Inicializando... 
2026-09-29 15:17:48 [INFO]: [Telegram] Iniciando launch()... 
2026-09-29 15:17:48 [INFO]: [Telegram] ✅ Pronto como  () 
2026-09-29 15:17:48 [INFO]: [TelegramAdapter] Inicializando... 
2026-09-29 15:17:48 [INFO]: [Telegram] Iniciando launch()... 
2026-09-29 15:17:48 [INFO]: [Telegram] ✅ Pronto como  () 
2026-09-29 15:17:48 [INFO]: [TelegramAdapter] Inicializando... 
2026-09-29 15:17:48 [INFO]: [TelegramAdapter] Já estava pronto 
2026-09-29 15:17:48 [INFO]: [TelegramAdapter] Inicializando... 
2026-09-29 15:17:48 [INFO]: [Telegram] Iniciando launch()... 
2026-09-29 15:17:48 [INFO]: [Telegram] ✅ Pronto como  () 
2026-09-29 15:17:48 [INFO]: [TelegramAdapter] Inicializando... 
2026-09-29 15:17:48 [INFO]: [Telegram] Iniciando launch()... 
2026-09-29 15:17:48 [INFO]: [Telegram] ✅ Pronto como  () 
2026-09-29 15:17:48 [INFO]: [Discord] Cliente v14 inicializado com intents, partials e presence 
2026-09-29 15:17:48 [INFO]: [Discord] Iniciando login... 
2026-09-29 15:17:48 [INFO]: [Discord] ✅ Pronto como TestDiscordBot (1111) 
2026-09-29 15:17:48 [ERROR]: ❌ [[Discord] Erro ao definir presença:] this.client.user?.setPresence is not a function
2026-09-29 15:17:48 [INFO]: [Discord] Chamada de login concluída 
2026-09-29 15:17:48 [INFO]: [Discord] Cliente v14 inicializado com intents, partials e presence 
2026-09-29 15:17:48 [INFO]: [Discord] Iniciando login... 
2026-09-29 15:17:48 [INFO]: [Discord] ✅ Pronto como TestDiscordBot (1111) 
2026-09-29 15:17:48 [ERROR]: ❌ [[Discord] Erro ao definir presença:] this.client.user?.setPresence is not a function
2026-09-29 15:17:48 [INFO]: [Discord] Chamada de login concluída 
2026-09-29 15:17:48 [INFO]: [Discord] Iniciando login... 
2026-09-29 15:17:48 [INFO]: [Discord] Chamada de login concluída 
2026-09-29 15:17:48 [INFO]: [Discord] Cliente v14 inicializado com intents, partials e presence 
2026-09-29 15:17:48 [INFO]: [Discord] Iniciando login... 
2026-09-29 15:17:48 [INFO]: [Discord] ✅ Pronto como TestDiscordBot (1111) 
2026-09-29 15:17:48 [ERROR]: ❌ [[Discord] Erro ao definir presença:] this.client.user?.setPresence is not a function
2026-09-29 15:17:48 [INFO]: [Discord] Chamada de login concluída 
2026-09-29 15:17:49 [ERROR]: ❌ [Erro no comando $stats:] SQLITE_ERROR: no such table: feedbacks
2026-09-29 15:17:49 [ERROR]:    Stack: 
2026-09-29 15:17:49 [INFO]: 🛑 [SHUTDOWN] Comando executado por: 5588998314322@c.us 
2026-09-29 15:17:49 [ERROR]: ❌ [❌ Erro no $grupos:] ctx.client.getChats is not a function
2026-09-29 15:17:49 [ERROR]:    Stack: at Object.execute (D:\Desktop\Programas\bot-wpp\src\bot\commands\grupos.ts:17:44)
2026-09-29 15:17:49 [ERROR]: ❌ [[ScreenCommand] Erro:] connect ECONNREFUSED 127.0.0.1:3002
2026-09-29 15:17:49 [ERROR]:    Stack: at TCPConnectWrap.afterConnect [as oncomplete] (node:net:2017:16)
2026-09-29 15:17:49 [INFO]: 🛑 [SHUTDOWN] Comando executado por: 5588998314322@c.us 
2026-09-29 15:17:50 [ERROR]: [memberJoinService] Erro ao processar entrada
2026-09-29 15:17:50 [WARN]: [BaileysSender] sendMessage: socket existe mas NÃO está pronto (readyState !== OPEN) 
2026-09-29 15:17:50 [INFO]: [BaileysSender.sendMessage] Reply: quotedRaw=false, replyTo=original:123, originalKey=NAO 
2026-09-29 15:17:50 [INFO]: [BaileysSender.sendMessage] Quoted payload construído: keyId=123, hasMessage=true 
2026-09-29 15:17:50 [WARN]: [BaileysSender] sendMessage: socket existe mas NÃO está pronto (readyState !== OPEN) 
2026-09-29 15:17:50 [INFO]: [BaileysSender.sendMessage] Reply: quotedRaw=false, replyTo=original:123, originalKey=NAO 
2026-09-29 15:17:50 [INFO]: [BaileysSender.sendMessage] Quoted payload construído: keyId=123, hasMessage=true 
2026-09-29 15:17:50 [WARN]: [BaileysSender] sendMessage: socket existe mas NÃO está pronto (readyState !== OPEN) 
2026-09-29 15:17:50 [INFO]: [BaileysSender.sendMessage] Reply: quotedRaw=false, replyTo=undefined, originalKey=NAO 
2026-09-29 15:17:50 [WARN]: [BaileysSender] sendMessage: socket existe mas NÃO está pronto (readyState !== OPEN) 
2026-09-29 15:17:50 [INFO]: [BaileysSender.sendMessage] Reply: quotedRaw=false, replyTo=original:123, originalKey=NAO 
2026-09-29 15:17:50 [INFO]: [BaileysSender.sendMessage] Quoted payload construído: keyId=123, hasMessage=true 
2026-09-29 15:17:51 [INFO]: [keywordHandler] Palavra-chave detectada, resposta enviada
2026-09-29 15:17:53 [INFO]: [DiscordScreenService] Missing required Discord credentials, screen sharing disabled 
2026-09-29 15:17:53 [INFO]: [DiscordScreenService] Gerenciado externamente (DISCORD_SCREEN_EXTERNAL) — spawn interno desativado 
2026-09-29 15:17:53 [INFO]: [DiscordScreenService] Gerenciado externamente (DISCORD_SCREEN_EXTERNAL) — spawn interno desativado 
2026-09-29 15:17:54 [INFO]: [Discord] Cliente v14 inicializado com intents, partials e presence 
2026-09-30 10:54:48 [ERROR]: [DB] Falha ao registrar infração
2026-09-30 10:54:48 [ERROR]: [DB] Falha ao registrar infração
2026-09-30 10:54:48 [ERROR]: [DB] Falha ao registrar infração
2026-09-30 10:54:48 [ERROR]: [DB] Falha ao registrar infração
2026-09-30 10:54:48 [ERROR]: [DB] Falha ao registrar infração
2026-09-30 10:54:48 [ERROR]: [DB] Falha ao registrar infração
2026-09-30 10:54:48 [ERROR]: [DB] Falha ao registrar infração
2026-09-30 10:54:48 [ERROR]: [DB] Falha ao registrar infração
2026-09-30 10:54:48 [ERROR]: [DB] Falha ao registrar infração
2026-09-30 10:54:52 [INFO]: [TelegramAdapter] Inicializando... 
2026-09-30 10:54:52 [INFO]: [Telegram] Iniciando launch()... 
2026-09-30 10:54:52 [INFO]: [Telegram] ✅ Pronto como  () 
2026-09-30 10:54:52 [INFO]: [TelegramAdapter] Inicializando... 
2026-09-30 10:54:52 [INFO]: [Telegram] Iniciando launch()... 
2026-09-30 10:54:52 [INFO]: [Telegram] ✅ Pronto como  () 
2026-09-30 10:54:52 [INFO]: [TelegramAdapter] Inicializando... 
2026-09-30 10:54:52 [INFO]: [Telegram] Iniciando launch()... 
2026-09-30 10:54:52 [INFO]: [Telegram] ✅ Pronto como  () 
2026-09-30 10:54:52 [INFO]: [TelegramAdapter] Inicializando... 
2026-09-30 10:54:52 [INFO]: [TelegramAdapter] Já estava pronto 
2026-09-30 10:54:52 [INFO]: [TelegramAdapter] Inicializando... 
2026-09-30 10:54:52 [INFO]: [Telegram] Iniciando launch()... 
2026-09-30 10:54:52 [INFO]: [Telegram] ✅ Pronto como  () 
2026-09-30 10:54:52 [INFO]: [TelegramAdapter] Inicializando... 
2026-09-30 10:54:52 [INFO]: [Telegram] Iniciando launch()... 
2026-09-30 10:54:52 [INFO]: [Telegram] ✅ Pronto como  () 
2026-09-30 10:54:52 [INFO]: [Discord] Cliente v14 inicializado com intents, partials e presence 
2026-09-30 10:54:52 [INFO]: [Discord] Iniciando login... 
2026-09-30 10:54:52 [INFO]: [Discord] ✅ Pronto como TestDiscordBot (1111) 
2026-09-30 10:54:52 [ERROR]: ❌ [[Discord] Erro ao definir presença:] this.client.user?.setPresence is not a function
2026-09-30 10:54:52 [INFO]: [Discord] Chamada de login concluída 
2026-09-30 10:54:52 [INFO]: [Discord] Cliente v14 inicializado com intents, partials e presence 
2026-09-30 10:54:52 [INFO]: [Discord] Iniciando login... 
2026-09-30 10:54:52 [INFO]: [Discord] ✅ Pronto como TestDiscordBot (1111) 
2026-09-30 10:54:52 [ERROR]: ❌ [[Discord] Erro ao definir presença:] this.client.user?.setPresence is not a function
2026-09-30 10:54:52 [INFO]: [Discord] Chamada de login concluída 
2026-09-30 10:54:52 [INFO]: [Discord] Iniciando login... 
2026-09-30 10:54:52 [INFO]: [Discord] Chamada de login concluída 
2026-09-30 10:54:52 [INFO]: [Discord] Cliente v14 inicializado com intents, partials e presence 
2026-09-30 10:54:52 [INFO]: [Discord] Iniciando login... 
2026-09-30 10:54:52 [INFO]: [Discord] ✅ Pronto como TestDiscordBot (1111) 
2026-09-30 10:54:52 [ERROR]: ❌ [[Discord] Erro ao definir presença:] this.client.user?.setPresence is not a function
2026-09-30 10:54:52 [INFO]: [Discord] Chamada de login concluída 
2026-09-30 10:55:07 [INFO]: 🛑 [SHUTDOWN] Comando executado por: 5588998314322@c.us 
2026-09-30 10:55:07 [ERROR]: ❌ [Erro no comando $stats:] SQLITE_ERROR: no such table: feedbacks
2026-09-30 10:55:07 [ERROR]:    Stack: 
2026-09-30 10:55:07 [INFO]: 🛑 [SHUTDOWN] Comando executado por: 5588998314322@c.us 
2026-09-30 10:55:07 [ERROR]: ❌ [❌ Erro no $grupos:] ctx.client.getChats is not a function
2026-09-30 10:55:07 [ERROR]:    Stack: at Object.execute (D:\Desktop\Programas\bot-wpp\src\bot\commands\grupos.ts:17:44)
2026-09-30 10:55:07 [ERROR]: ❌ [[ScreenCommand] Erro:] connect ECONNREFUSED 127.0.0.1:3002
2026-09-30 10:55:07 [ERROR]:    Stack: at TCPConnectWrap.afterConnect [as oncomplete] (node:net:2017:16)
2026-09-30 10:55:09 [ERROR]: [memberJoinService] Erro ao processar entrada
2026-09-30 10:55:12 [INFO]: [keywordHandler] Palavra-chave detectada, resposta enviada
2026-09-30 10:55:12 [INFO]: [DiscordScreenService] Missing required Discord credentials, screen sharing disabled 
2026-09-30 10:55:12 [INFO]: [DiscordScreenService] Gerenciado externamente (DISCORD_SCREEN_EXTERNAL) — spawn interno desativado 
2026-09-30 10:55:12 [INFO]: [DiscordScreenService] Gerenciado externamente (DISCORD_SCREEN_EXTERNAL) — spawn interno desativado 
2026-09-30 10:55:15 [INFO]: [Discord] Cliente v14 inicializado com intents, partials e presence 
2026-09-30 10:55:24 [WARN]: [BaileysSender] sendMessage: socket existe mas NÃO está pronto (readyState !== OPEN) 
2026-09-30 10:55:24 [INFO]: [BaileysSender.sendMessage] Reply: quotedRaw=false, replyTo=original:123, originalKey=NAO 
2026-09-30 10:55:24 [INFO]: [BaileysSender.sendMessage] Quoted payload construído: keyId=123, hasMessage=true 
2026-09-30 10:55:24 [WARN]: [BaileysSender] sendMessage: socket existe mas NÃO está pronto (readyState !== OPEN) 
2026-09-30 10:55:24 [INFO]: [BaileysSender.sendMessage] Reply: quotedRaw=false, replyTo=original:123, originalKey=NAO 
2026-09-30 10:55:24 [INFO]: [BaileysSender.sendMessage] Quoted payload construído: keyId=123, hasMessage=true 
2026-09-30 10:55:24 [WARN]: [BaileysSender] sendMessage: socket existe mas NÃO está pronto (readyState !== OPEN) 
2026-09-30 10:55:24 [INFO]: [BaileysSender.sendMessage] Reply: quotedRaw=false, replyTo=undefined, originalKey=NAO 
2026-09-30 10:55:24 [WARN]: [BaileysSender] sendMessage: socket existe mas NÃO está pronto (readyState !== OPEN) 
2026-09-30 10:55:24 [INFO]: [BaileysSender.sendMessage] Reply: quotedRaw=false, replyTo=original:123, originalKey=NAO 
2026-09-30 10:55:24 [INFO]: [BaileysSender.sendMessage] Quoted payload construído: keyId=123, hasMessage=true 
2026-09-30 10:59:15 [ERROR]: ❌ [Erro no comando $stats:] SQLITE_ERROR: no such table: feedbacks
2026-09-30 10:59:15 [ERROR]:    Stack: 
2026-09-30 10:59:15 [INFO]: 🛑 [SHUTDOWN] Comando executado por: 5588998314322@c.us 
2026-09-30 10:59:15 [ERROR]: ❌ [❌ Erro no $grupos:] ctx.client.getChats is not a function
2026-09-30 10:59:15 [ERROR]:    Stack: at Object.execute (D:\Desktop\Programas\bot-wpp\src\bot\commands\grupos.ts:17:44)
2026-09-30 10:59:15 [ERROR]: ❌ [[ScreenCommand] Erro:] connect ECONNREFUSED 127.0.0.1:3002
2026-09-30 10:59:15 [ERROR]:    Stack: at TCPConnectWrap.afterConnect [as oncomplete] (node:net:2017:16)
2026-09-30 10:59:15 [INFO]: 🛑 [SHUTDOWN] Comando executado por: 5588998314322@c.us 
2026-09-30 10:59:17 [ERROR]: [memberJoinService] Erro ao processar entrada
2026-09-30 10:59:17 [ERROR]: [DB] Falha ao registrar infração
2026-09-30 10:59:17 [INFO]: [TelegramAdapter] Inicializando... 
2026-09-30 10:59:17 [INFO]: [Telegram] Iniciando launch()... 
2026-09-30 10:59:17 [INFO]: [Telegram] ✅ Pronto como  () 
2026-09-30 10:59:17 [INFO]: [TelegramAdapter] Inicializando... 
2026-09-30 10:59:17 [INFO]: [Telegram] Iniciando launch()... 
2026-09-30 10:59:17 [INFO]: [Telegram] ✅ Pronto como  () 
2026-09-30 10:59:17 [INFO]: [TelegramAdapter] Inicializando... 
2026-09-30 10:59:17 [INFO]: [Telegram] Iniciando launch()... 
2026-09-30 10:59:17 [INFO]: [Telegram] ✅ Pronto como  () 
2026-09-30 10:59:17 [INFO]: [TelegramAdapter] Inicializando... 
2026-09-30 10:59:17 [INFO]: [TelegramAdapter] Já estava pronto 
2026-09-30 10:59:17 [INFO]: [TelegramAdapter] Inicializando... 
2026-09-30 10:59:17 [INFO]: [Telegram] Iniciando launch()... 
2026-09-30 10:59:17 [INFO]: [Telegram] ✅ Pronto como  () 
2026-09-30 10:59:17 [INFO]: [TelegramAdapter] Inicializando... 
2026-09-30 10:59:17 [INFO]: [Telegram] Iniciando launch()... 
2026-09-30 10:59:17 [INFO]: [Telegram] ✅ Pronto como  () 
2026-09-30 10:59:17 [INFO]: [Discord] Cliente v14 inicializado com intents, partials e presence 
2026-09-30 10:59:17 [INFO]: [Discord] Iniciando login... 
2026-09-30 10:59:17 [INFO]: [Discord] ✅ Pronto como TestDiscordBot (1111) 
2026-09-30 10:59:17 [ERROR]: [DB] Falha ao registrar infração
2026-09-30 10:59:17 [ERROR]: [DB] Falha ao registrar infração
2026-09-30 10:59:17 [ERROR]: [DB] Falha ao registrar infração
2026-09-30 10:59:17 [ERROR]: [DB] Falha ao registrar infração
2026-09-30 10:59:17 [ERROR]: [DB] Falha ao registrar infração
2026-09-30 10:59:17 [ERROR]: [DB] Falha ao registrar infração
2026-09-30 10:59:17 [ERROR]: [DB] Falha ao registrar infração
2026-09-30 10:59:17 [ERROR]: [DB] Falha ao registrar infração
2026-09-30 10:59:17 [ERROR]: ❌ [[Discord] Erro ao definir presença:] this.client.user?.setPresence is not a function
2026-09-30 10:59:17 [INFO]: [Discord] Chamada de login concluída 
2026-09-30 10:59:17 [INFO]: [Discord] Cliente v14 inicializado com intents, partials e presence 
2026-09-30 10:59:17 [INFO]: [Discord] Iniciando login... 
2026-09-30 10:59:17 [INFO]: [Discord] ✅ Pronto como TestDiscordBot (1111) 
2026-09-30 10:59:17 [ERROR]: ❌ [[Discord] Erro ao definir presença:] this.client.user?.setPresence is not a function
2026-09-30 10:59:17 [INFO]: [Discord] Chamada de login concluída 
2026-09-30 10:59:17 [INFO]: [Discord] Iniciando login... 
2026-09-30 10:59:17 [INFO]: [Discord] Chamada de login concluída 
2026-09-30 10:59:17 [INFO]: [Discord] Cliente v14 inicializado com intents, partials e presence 
2026-09-30 10:59:17 [INFO]: [Discord] Iniciando login... 
2026-09-30 10:59:17 [INFO]: [Discord] ✅ Pronto como TestDiscordBot (1111) 
2026-09-30 10:59:17 [ERROR]: ❌ [[Discord] Erro ao definir presença:] this.client.user?.setPresence is not a function
2026-09-30 10:59:17 [INFO]: [Discord] Chamada de login concluída 
2026-09-30 10:59:19 [INFO]: [keywordHandler] Palavra-chave detectada, resposta enviada
2026-09-30 10:59:19 [INFO]: [DiscordScreenService] Missing required Discord credentials, screen sharing disabled 
2026-09-30 10:59:19 [INFO]: [DiscordScreenService] Gerenciado externamente (DISCORD_SCREEN_EXTERNAL) — spawn interno desativado 
2026-09-30 10:59:19 [INFO]: [DiscordScreenService] Gerenciado externamente (DISCORD_SCREEN_EXTERNAL) — spawn interno desativado 
2026-09-30 10:59:20 [WARN]: [BaileysSender] sendMessage: socket existe mas NÃO está pronto (readyState !== OPEN) 
2026-09-30 10:59:20 [INFO]: [BaileysSender.sendMessage] Reply: quotedRaw=false, replyTo=original:123, originalKey=NAO 
2026-09-30 10:59:20 [INFO]: [BaileysSender.sendMessage] Quoted payload construído: keyId=123, hasMessage=true 
2026-09-30 10:59:20 [WARN]: [BaileysSender] sendMessage: socket existe mas NÃO está pronto (readyState !== OPEN) 
2026-09-30 10:59:20 [INFO]: [BaileysSender.sendMessage] Reply: quotedRaw=false, replyTo=original:123, originalKey=NAO 
2026-09-30 10:59:20 [INFO]: [BaileysSender.sendMessage] Quoted payload construído: keyId=123, hasMessage=true 
2026-09-30 10:59:20 [WARN]: [BaileysSender] sendMessage: socket existe mas NÃO está pronto (readyState !== OPEN) 
2026-09-30 10:59:20 [INFO]: [BaileysSender.sendMessage] Reply: quotedRaw=false, replyTo=undefined, originalKey=NAO 
2026-09-30 10:59:20 [WARN]: [BaileysSender] sendMessage: socket existe mas NÃO está pronto (readyState !== OPEN) 
2026-09-30 10:59:20 [INFO]: [BaileysSender.sendMessage] Reply: quotedRaw=false, replyTo=original:123, originalKey=NAO 
2026-09-30 10:59:20 [INFO]: [BaileysSender.sendMessage] Quoted payload construído: keyId=123, hasMessage=true 
2026-09-30 10:59:24 [INFO]: [Discord] Cliente v14 inicializado com intents, partials e presence 
2026-09-30 11:05:41 [ERROR]: [DB] Falha ao registrar infração
2026-09-30 11:05:41 [ERROR]: [DB] Falha ao registrar infração
2026-09-30 11:05:41 [ERROR]: [DB] Falha ao registrar infração
2026-09-30 11:05:41 [ERROR]: [DB] Falha ao registrar infração
2026-09-30 11:05:41 [ERROR]: [DB] Falha ao registrar infração
2026-09-30 11:05:41 [ERROR]: [DB] Falha ao registrar infração
2026-09-30 11:05:41 [ERROR]: [DB] Falha ao registrar infração
2026-09-30 11:05:41 [ERROR]: [DB] Falha ao registrar infração
2026-09-30 11:05:41 [ERROR]: [DB] Falha ao registrar infração
2026-09-30 11:05:44 [ERROR]: ❌ [Erro no comando $stats:] SQLITE_ERROR: no such table: feedbacks
2026-09-30 11:05:44 [ERROR]:    Stack: 
2026-09-30 11:05:44 [INFO]: 🛑 [SHUTDOWN] Comando executado por: 5588998314322@c.us 
2026-09-30 11:05:44 [ERROR]: ❌ [❌ Erro no $grupos:] ctx.client.getChats is not a function
2026-09-30 11:05:44 [ERROR]:    Stack: at Object.execute (D:\Desktop\Programas\bot-wpp\src\bot\commands\grupos.ts:17:44)
2026-09-30 11:05:44 [ERROR]: ❌ [[ScreenCommand] Erro:] connect ECONNREFUSED 127.0.0.1:3002
2026-09-30 11:05:44 [ERROR]:    Stack: at TCPConnectWrap.afterConnect [as oncomplete] (node:net:2017:16)
2026-09-30 11:05:44 [INFO]: 🛑 [SHUTDOWN] Comando executado por: 5588998314322@c.us 
2026-09-30 11:05:46 [INFO]: [TelegramAdapter] Inicializando... 
2026-09-30 11:05:46 [INFO]: [Telegram] Iniciando launch()... 
2026-09-30 11:05:46 [INFO]: [Telegram] ✅ Pronto como  () 
2026-09-30 11:05:46 [INFO]: [TelegramAdapter] Inicializando... 
2026-09-30 11:05:46 [INFO]: [Telegram] Iniciando launch()... 
2026-09-30 11:05:46 [INFO]: [Telegram] ✅ Pronto como  () 
2026-09-30 11:05:46 [INFO]: [TelegramAdapter] Inicializando... 
2026-09-30 11:05:46 [INFO]: [Telegram] Iniciando launch()... 
2026-09-30 11:05:46 [INFO]: [Telegram] ✅ Pronto como  () 
2026-09-30 11:05:46 [INFO]: [TelegramAdapter] Inicializando... 
2026-09-30 11:05:46 [INFO]: [TelegramAdapter] Já estava pronto 
2026-09-30 11:05:46 [INFO]: [TelegramAdapter] Inicializando... 
2026-09-30 11:05:46 [INFO]: [Telegram] Iniciando launch()... 
2026-09-30 11:05:46 [INFO]: [Telegram] ✅ Pronto como  () 
2026-09-30 11:05:46 [INFO]: [TelegramAdapter] Inicializando... 
2026-09-30 11:05:46 [INFO]: [Telegram] Iniciando launch()... 
2026-09-30 11:05:46 [INFO]: [Telegram] ✅ Pronto como  () 
2026-09-30 11:05:46 [INFO]: [Discord] Cliente v14 inicializado com intents, partials e presence 
2026-09-30 11:05:46 [INFO]: [Discord] Iniciando login... 
2026-09-30 11:05:46 [INFO]: [Discord] ✅ Pronto como TestDiscordBot (1111) 
2026-09-30 11:05:46 [ERROR]: ❌ [[Discord] Erro ao definir presença:] this.client.user?.setPresence is not a function
2026-09-30 11:05:46 [INFO]: [Discord] Chamada de login concluída 
2026-09-30 11:05:46 [INFO]: [Discord] Cliente v14 inicializado com intents, partials e presence 
2026-09-30 11:05:46 [INFO]: [Discord] Iniciando login... 
2026-09-30 11:05:46 [INFO]: [Discord] ✅ Pronto como TestDiscordBot (1111) 
2026-09-30 11:05:46 [ERROR]: ❌ [[Discord] Erro ao definir presença:] this.client.user?.setPresence is not a function
2026-09-30 11:05:46 [INFO]: [Discord] Chamada de login concluída 
2026-09-30 11:05:46 [INFO]: [Discord] Iniciando login... 
2026-09-30 11:05:46 [INFO]: [Discord] Chamada de login concluída 
2026-09-30 11:05:46 [INFO]: [Discord] Cliente v14 inicializado com intents, partials e presence 
2026-09-30 11:05:46 [INFO]: [Discord] Iniciando login... 
2026-09-30 11:05:46 [INFO]: [Discord] ✅ Pronto como TestDiscordBot (1111) 
2026-09-30 11:05:46 [ERROR]: ❌ [[Discord] Erro ao definir presença:] this.client.user?.setPresence is not a function
2026-09-30 11:05:46 [INFO]: [Discord] Chamada de login concluída 
2026-09-30 11:05:47 [WARN]: [BaileysSender] sendMessage: socket existe mas NÃO está pronto (readyState !== OPEN) 
2026-09-30 11:05:47 [INFO]: [BaileysSender.sendMessage] Reply: quotedRaw=false, replyTo=original:123, originalKey=NAO 
2026-09-30 11:05:47 [INFO]: [BaileysSender.sendMessage] Quoted payload construído: keyId=123, hasMessage=true 
2026-09-30 11:05:47 [WARN]: [BaileysSender] sendMessage: socket existe mas NÃO está pronto (readyState !== OPEN) 
2026-09-30 11:05:47 [INFO]: [BaileysSender.sendMessage] Reply: quotedRaw=false, replyTo=original:123, originalKey=NAO 
2026-09-30 11:05:47 [INFO]: [BaileysSender.sendMessage] Quoted payload construído: keyId=123, hasMessage=true 
2026-09-30 11:05:47 [WARN]: [BaileysSender] sendMessage: socket existe mas NÃO está pronto (readyState !== OPEN) 
2026-09-30 11:05:47 [INFO]: [BaileysSender.sendMessage] Reply: quotedRaw=false, replyTo=undefined, originalKey=NAO 
2026-09-30 11:05:47 [WARN]: [BaileysSender] sendMessage: socket existe mas NÃO está pronto (readyState !== OPEN) 
2026-09-30 11:05:47 [INFO]: [BaileysSender.sendMessage] Reply: quotedRaw=false, replyTo=original:123, originalKey=NAO 
2026-09-30 11:05:47 [INFO]: [BaileysSender.sendMessage] Quoted payload construído: keyId=123, hasMessage=true 
2026-09-30 11:05:47 [ERROR]: [memberJoinService] Erro ao processar entrada
2026-09-30 11:05:48 [INFO]: [DiscordScreenService] Missing required Discord credentials, screen sharing disabled 
2026-09-30 11:05:48 [INFO]: [DiscordScreenService] Gerenciado externamente (DISCORD_SCREEN_EXTERNAL) — spawn interno desativado 
2026-09-30 11:05:48 [INFO]: [DiscordScreenService] Gerenciado externamente (DISCORD_SCREEN_EXTERNAL) — spawn interno desativado 
2026-09-30 11:05:48 [INFO]: [keywordHandler] Palavra-chave detectada, resposta enviada
2026-09-30 11:05:51 [INFO]: [Discord] Cliente v14 inicializado com intents, partials e presence 
2026-09-30 11:09:47 [ERROR]: [DB] Falha ao registrar infração
2026-09-30 11:09:47 [ERROR]: [DB] Falha ao registrar infração
2026-09-30 11:09:47 [ERROR]: [DB] Falha ao registrar infração
2026-09-30 11:09:47 [ERROR]: [DB] Falha ao registrar infração
2026-09-30 11:09:47 [ERROR]: [DB] Falha ao registrar infração
2026-09-30 11:09:47 [ERROR]: [DB] Falha ao registrar infração
2026-09-30 11:09:47 [ERROR]: [DB] Falha ao registrar infração
2026-09-30 11:09:47 [ERROR]: [DB] Falha ao registrar infração
2026-09-30 11:09:47 [ERROR]: [DB] Falha ao registrar infração
2026-09-30 11:09:49 [INFO]: [TelegramAdapter] Inicializando... 
2026-09-30 11:09:49 [INFO]: [Telegram] Iniciando launch()... 
2026-09-30 11:09:49 [INFO]: [Telegram] ✅ Pronto como  () 
2026-09-30 11:09:49 [INFO]: [TelegramAdapter] Inicializando... 
2026-09-30 11:09:49 [INFO]: [Telegram] Iniciando launch()... 
2026-09-30 11:09:49 [INFO]: [Telegram] ✅ Pronto como  () 
2026-09-30 11:09:49 [INFO]: [TelegramAdapter] Inicializando... 
2026-09-30 11:09:49 [INFO]: [Telegram] Iniciando launch()... 
2026-09-30 11:09:49 [INFO]: [Telegram] ✅ Pronto como  () 
2026-09-30 11:09:49 [INFO]: [TelegramAdapter] Inicializando... 
2026-09-30 11:09:49 [INFO]: [TelegramAdapter] Já estava pronto 
2026-09-30 11:09:49 [INFO]: [TelegramAdapter] Inicializando... 
2026-09-30 11:09:49 [INFO]: [Telegram] Iniciando launch()... 
2026-09-30 11:09:49 [INFO]: [Telegram] ✅ Pronto como  () 
2026-09-30 11:09:49 [INFO]: [TelegramAdapter] Inicializando... 
2026-09-30 11:09:49 [INFO]: [Telegram] Iniciando launch()... 
2026-09-30 11:09:49 [INFO]: [Telegram] ✅ Pronto como  () 
2026-09-30 11:09:49 [INFO]: [Discord] Cliente v14 inicializado com intents, partials e presence 
2026-09-30 11:09:49 [INFO]: [Discord] Iniciando login... 
2026-09-30 11:09:49 [INFO]: [Discord] ✅ Pronto como TestDiscordBot (1111) 
2026-09-30 11:09:49 [ERROR]: ❌ [[Discord] Erro ao definir presença:] this.client.user?.setPresence is not a function
2026-09-30 11:09:49 [INFO]: [Discord] Chamada de login concluída 
2026-09-30 11:09:49 [INFO]: [Discord] Cliente v14 inicializado com intents, partials e presence 
2026-09-30 11:09:49 [INFO]: [Discord] Iniciando login... 
2026-09-30 11:09:49 [INFO]: [Discord] ✅ Pronto como TestDiscordBot (1111) 
2026-09-30 11:09:49 [ERROR]: ❌ [[Discord] Erro ao definir presença:] this.client.user?.setPresence is not a function
2026-09-30 11:09:49 [INFO]: [Discord] Chamada de login concluída 
2026-09-30 11:09:49 [INFO]: [Discord] Iniciando login... 
2026-09-30 11:09:49 [INFO]: [Discord] Chamada de login concluída 
2026-09-30 11:09:49 [INFO]: [Discord] Cliente v14 inicializado com intents, partials e presence 
2026-09-30 11:09:49 [INFO]: [Discord] Iniciando login... 
2026-09-30 11:09:49 [INFO]: [Discord] ✅ Pronto como TestDiscordBot (1111) 
2026-09-30 11:09:49 [ERROR]: ❌ [[Discord] Erro ao definir presença:] this.client.user?.setPresence is not a function
2026-09-30 11:09:49 [INFO]: [Discord] Chamada de login concluída 
2026-09-30 11:09:52 [ERROR]: ❌ [Erro no comando $stats:] SQLITE_ERROR: no such table: feedbacks
2026-09-30 11:09:52 [ERROR]:    Stack: 
2026-09-30 11:09:52 [INFO]: 🛑 [SHUTDOWN] Comando executado por: 5588998314322@c.us 
2026-09-30 11:09:52 [ERROR]: ❌ [❌ Erro no $grupos:] ctx.client.getChats is not a function
2026-09-30 11:09:52 [ERROR]:    Stack: at Object.execute (D:\Desktop\Programas\bot-wpp\src\bot\commands\grupos.ts:17:44)
2026-09-30 11:09:52 [ERROR]: ❌ [[ScreenCommand] Erro:] connect ECONNREFUSED 127.0.0.1:3002
2026-09-30 11:09:52 [ERROR]:    Stack: at TCPConnectWrap.afterConnect [as oncomplete] (node:net:2017:16)
2026-09-30 11:09:52 [INFO]: 🛑 [SHUTDOWN] Comando executado por: 5588998314322@c.us 
2026-09-30 11:09:53 [WARN]: [BaileysSender] sendMessage: socket existe mas NÃO está pronto (readyState !== OPEN) 
2026-09-30 11:09:53 [INFO]: [BaileysSender.sendMessage] Reply: quotedRaw=false, replyTo=original:123, originalKey=NAO 
2026-09-30 11:09:53 [INFO]: [BaileysSender.sendMessage] Quoted payload construído: keyId=123, hasMessage=true 
2026-09-30 11:09:53 [WARN]: [BaileysSender] sendMessage: socket existe mas NÃO está pronto (readyState !== OPEN) 
2026-09-30 11:09:53 [INFO]: [BaileysSender.sendMessage] Reply: quotedRaw=false, replyTo=original:123, originalKey=NAO 
2026-09-30 11:09:53 [INFO]: [BaileysSender.sendMessage] Quoted payload construído: keyId=123, hasMessage=true 
2026-09-30 11:09:53 [WARN]: [BaileysSender] sendMessage: socket existe mas NÃO está pronto (readyState !== OPEN) 
2026-09-30 11:09:53 [INFO]: [BaileysSender.sendMessage] Reply: quotedRaw=false, replyTo=undefined, originalKey=NAO 
2026-09-30 11:09:53 [WARN]: [BaileysSender] sendMessage: socket existe mas NÃO está pronto (readyState !== OPEN) 
2026-09-30 11:09:53 [INFO]: [BaileysSender.sendMessage] Reply: quotedRaw=false, replyTo=original:123, originalKey=NAO 
2026-09-30 11:09:53 [INFO]: [BaileysSender.sendMessage] Quoted payload construído: keyId=123, hasMessage=true 
2026-09-30 11:09:54 [INFO]: [DiscordScreenService] Missing required Discord credentials, screen sharing disabled 
2026-09-30 11:09:54 [INFO]: [DiscordScreenService] Gerenciado externamente (DISCORD_SCREEN_EXTERNAL) — spawn interno desativado 
2026-09-30 11:09:54 [INFO]: [DiscordScreenService] Gerenciado externamente (DISCORD_SCREEN_EXTERNAL) — spawn interno desativado 
2026-09-30 11:09:54 [INFO]: [Discord] Cliente v14 inicializado com intents, partials e presence 
2026-09-30 11:09:55 [ERROR]: [memberJoinService] Erro ao processar entrada
2026-09-30 11:09:56 [INFO]: [keywordHandler] Palavra-chave detectada, resposta enviada
2026-09-30 11:15:01 [ERROR]: [DB] Falha ao registrar infração
2026-09-30 11:15:01 [ERROR]: [DB] Falha ao registrar infração
2026-09-30 11:15:01 [ERROR]: [DB] Falha ao registrar infração
2026-09-30 11:15:01 [ERROR]: [DB] Falha ao registrar infração
2026-09-30 11:15:01 [ERROR]: [DB] Falha ao registrar infração
2026-09-30 11:15:01 [ERROR]: [DB] Falha ao registrar infração
2026-09-30 11:15:01 [ERROR]: [DB] Falha ao registrar infração
2026-09-30 11:15:01 [ERROR]: [DB] Falha ao registrar infração
2026-09-30 11:15:01 [ERROR]: [DB] Falha ao registrar infração
2026-09-30 11:15:04 [ERROR]: ❌ [Erro no comando $stats:] SQLITE_ERROR: no such table: feedbacks
2026-09-30 11:15:04 [ERROR]:    Stack: 
2026-09-30 11:15:04 [INFO]: 🛑 [SHUTDOWN] Comando executado por: 5588998314322@c.us 
2026-09-30 11:15:04 [ERROR]: ❌ [❌ Erro no $grupos:] ctx.client.getChats is not a function
2026-09-30 11:15:04 [ERROR]:    Stack: at Object.execute (D:\Desktop\Programas\bot-wpp\src\bot\commands\grupos.ts:17:44)
2026-09-30 11:15:04 [ERROR]: ❌ [[ScreenCommand] Erro:] connect ECONNREFUSED 127.0.0.1:3002
2026-09-30 11:15:04 [ERROR]:    Stack: at TCPConnectWrap.afterConnect [as oncomplete] (node:net:2017:16)
2026-09-30 11:15:05 [INFO]: 🛑 [SHUTDOWN] Comando executado por: 5588998314322@c.us 
2026-09-30 11:15:08 [INFO]: [TelegramAdapter] Inicializando... 
2026-09-30 11:15:08 [INFO]: [Telegram] Iniciando launch()... 
2026-09-30 11:15:08 [INFO]: [Telegram] ✅ Pronto como  () 
2026-09-30 11:15:08 [INFO]: [TelegramAdapter] Inicializando... 
2026-09-30 11:15:08 [INFO]: [Telegram] Iniciando launch()... 
2026-09-30 11:15:08 [INFO]: [Telegram] ✅ Pronto como  () 
2026-09-30 11:15:08 [INFO]: [TelegramAdapter] Inicializando... 
2026-09-30 11:15:08 [INFO]: [Telegram] Iniciando launch()... 
2026-09-30 11:15:08 [INFO]: [Telegram] ✅ Pronto como  () 
2026-09-30 11:15:08 [INFO]: [TelegramAdapter] Inicializando... 
2026-09-30 11:15:08 [INFO]: [TelegramAdapter] Já estava pronto 
2026-09-30 11:15:08 [INFO]: [TelegramAdapter] Inicializando... 
2026-09-30 11:15:08 [INFO]: [Telegram] Iniciando launch()... 
2026-09-30 11:15:08 [INFO]: [Telegram] ✅ Pronto como  () 
2026-09-30 11:15:08 [INFO]: [TelegramAdapter] Inicializando... 
2026-09-30 11:15:08 [INFO]: [Telegram] Iniciando launch()... 
2026-09-30 11:15:08 [INFO]: [Telegram] ✅ Pronto como  () 
2026-09-30 11:15:08 [INFO]: [Discord] Cliente v14 inicializado com intents, partials e presence 
2026-09-30 11:15:08 [INFO]: [Discord] Iniciando login... 
2026-09-30 11:15:08 [INFO]: [Discord] ✅ Pronto como TestDiscordBot (1111) 
2026-09-30 11:15:08 [ERROR]: ❌ [[Discord] Erro ao definir presença:] this.client.user?.setPresence is not a function
2026-09-30 11:15:08 [INFO]: [Discord] Chamada de login concluída 
2026-09-30 11:15:08 [INFO]: [Discord] Cliente v14 inicializado com intents, partials e presence 
2026-09-30 11:15:08 [INFO]: [Discord] Iniciando login... 
2026-09-30 11:15:08 [INFO]: [Discord] ✅ Pronto como TestDiscordBot (1111) 
2026-09-30 11:15:08 [ERROR]: ❌ [[Discord] Erro ao definir presença:] this.client.user?.setPresence is not a function
2026-09-30 11:15:08 [INFO]: [Discord] Chamada de login concluída 
2026-09-30 11:15:08 [INFO]: [Discord] Iniciando login... 
2026-09-30 11:15:08 [INFO]: [Discord] Chamada de login concluída 
2026-09-30 11:15:08 [INFO]: [Discord] Cliente v14 inicializado com intents, partials e presence 
2026-09-30 11:15:08 [INFO]: [Discord] Iniciando login... 
2026-09-30 11:15:08 [INFO]: [Discord] ✅ Pronto como TestDiscordBot (1111) 
2026-09-30 11:15:08 [ERROR]: ❌ [[Discord] Erro ao definir presença:] this.client.user?.setPresence is not a function
2026-09-30 11:15:08 [INFO]: [Discord] Chamada de login concluída 
2026-09-30 11:15:09 [ERROR]: [memberJoinService] Erro ao processar entrada
2026-09-30 11:15:09 [WARN]: [BaileysSender] sendMessage: socket existe mas NÃO está pronto (readyState !== OPEN) 
2026-09-30 11:15:09 [INFO]: [BaileysSender.sendMessage] Reply: quotedRaw=false, replyTo=original:123, originalKey=NAO 
2026-09-30 11:15:09 [INFO]: [BaileysSender.sendMessage] Quoted payload construído: keyId=123, hasMessage=true 
2026-09-30 11:15:09 [WARN]: [BaileysSender] sendMessage: socket existe mas NÃO está pronto (readyState !== OPEN) 
2026-09-30 11:15:09 [INFO]: [BaileysSender.sendMessage] Reply: quotedRaw=false, replyTo=original:123, originalKey=NAO 
2026-09-30 11:15:09 [INFO]: [BaileysSender.sendMessage] Quoted payload construído: keyId=123, hasMessage=true 
2026-09-30 11:15:09 [WARN]: [BaileysSender] sendMessage: socket existe mas NÃO está pronto (readyState !== OPEN) 
2026-09-30 11:15:09 [INFO]: [BaileysSender.sendMessage] Reply: quotedRaw=false, replyTo=undefined, originalKey=NAO 
2026-09-30 11:15:09 [WARN]: [BaileysSender] sendMessage: socket existe mas NÃO está pronto (readyState !== OPEN) 
2026-09-30 11:15:10 [INFO]: [BaileysSender.sendMessage] Reply: quotedRaw=false, replyTo=original:123, originalKey=NAO 
2026-09-30 11:15:10 [INFO]: [BaileysSender.sendMessage] Quoted payload construído: keyId=123, hasMessage=true 
2026-09-30 11:15:10 [INFO]: [keywordHandler] Palavra-chave detectada, resposta enviada
2026-09-30 11:15:11 [INFO]: [DiscordScreenService] Missing required Discord credentials, screen sharing disabled 
2026-09-30 11:15:11 [INFO]: [DiscordScreenService] Gerenciado externamente (DISCORD_SCREEN_EXTERNAL) — spawn interno desativado 
2026-09-30 11:15:11 [INFO]: [DiscordScreenService] Gerenciado externamente (DISCORD_SCREEN_EXTERNAL) — spawn interno desativado 
2026-09-30 11:15:13 [INFO]: [Discord] Cliente v14 inicializado com intents, partials e presence 
2026-09-30 12:29:52 [ERROR]: [DB] Falha ao registrar infração
2026-09-30 12:29:52 [ERROR]: [DB] Falha ao registrar infração
2026-09-30 12:29:52 [ERROR]: [DB] Falha ao registrar infração
2026-09-30 12:29:52 [ERROR]: [DB] Falha ao registrar infração
2026-09-30 12:29:52 [ERROR]: [DB] Falha ao registrar infração
2026-09-30 12:29:52 [ERROR]: [DB] Falha ao registrar infração
2026-09-30 12:29:52 [ERROR]: [DB] Falha ao registrar infração
2026-09-30 12:29:52 [ERROR]: [DB] Falha ao registrar infração
2026-09-30 12:29:52 [ERROR]: [DB] Falha ao registrar infração
2026-09-30 12:29:55 [ERROR]: ❌ [Erro no comando $stats:] SQLITE_ERROR: no such table: feedbacks
2026-09-30 12:29:55 [ERROR]:    Stack: 
2026-09-30 12:29:55 [INFO]: 🛑 [SHUTDOWN] Comando executado por: 5588998314322@c.us 
2026-09-30 12:29:55 [ERROR]: ❌ [❌ Erro no $grupos:] ctx.client.getChats is not a function
2026-09-30 12:29:55 [ERROR]:    Stack: at Object.execute (D:\Desktop\Programas\bot-wpp\src\bot\commands\grupos.ts:17:44)
2026-09-30 12:29:55 [ERROR]: ❌ [[ScreenCommand] Erro:] connect ECONNREFUSED 127.0.0.1:3002
2026-09-30 12:29:55 [ERROR]:    Stack: at TCPConnectWrap.afterConnect [as oncomplete] (node:net:2017:16)
2026-09-30 12:29:55 [INFO]: 🛑 [SHUTDOWN] Comando executado por: 5588998314322@c.us 
2026-09-30 12:29:56 [WARN]: [BaileysSender] sendMessage: socket existe mas NÃO está pronto (readyState !== OPEN) 
2026-09-30 12:29:56 [INFO]: [BaileysSender.sendMessage] Reply: quotedRaw=false, replyTo=original:123, originalKey=NAO 
2026-09-30 12:29:56 [INFO]: [BaileysSender.sendMessage] Quoted payload construído: keyId=123, hasMessage=true 
2026-09-30 12:29:56 [WARN]: [BaileysSender] sendMessage: socket existe mas NÃO está pronto (readyState !== OPEN) 
2026-09-30 12:29:56 [INFO]: [BaileysSender.sendMessage] Reply: quotedRaw=false, replyTo=original:123, originalKey=NAO 
2026-09-30 12:29:56 [INFO]: [BaileysSender.sendMessage] Quoted payload construído: keyId=123, hasMessage=true 
2026-09-30 12:29:56 [WARN]: [BaileysSender] sendMessage: socket existe mas NÃO está pronto (readyState !== OPEN) 
2026-09-30 12:29:56 [INFO]: [BaileysSender.sendMessage] Reply: quotedRaw=false, replyTo=undefined, originalKey=NAO 
2026-09-30 12:29:56 [WARN]: [BaileysSender] sendMessage: socket existe mas NÃO está pronto (readyState !== OPEN) 
2026-09-30 12:29:56 [INFO]: [BaileysSender.sendMessage] Reply: quotedRaw=false, replyTo=original:123, originalKey=NAO 
2026-09-30 12:29:56 [INFO]: [BaileysSender.sendMessage] Quoted payload construído: keyId=123, hasMessage=true 
2026-09-30 12:29:57 [INFO]: [TelegramAdapter] Inicializando... 
2026-09-30 12:29:57 [INFO]: [Telegram] Iniciando launch()... 
2026-09-30 12:29:57 [INFO]: [Telegram] ✅ Pronto como  () 
2026-09-30 12:29:57 [INFO]: [TelegramAdapter] Inicializando... 
2026-09-30 12:29:57 [INFO]: [Telegram] Iniciando launch()... 
2026-09-30 12:29:57 [INFO]: [Telegram] ✅ Pronto como  () 
2026-09-30 12:29:57 [INFO]: [TelegramAdapter] Inicializando... 
2026-09-30 12:29:57 [INFO]: [Telegram] Iniciando launch()... 
2026-09-30 12:29:57 [INFO]: [Telegram] ✅ Pronto como  () 
2026-09-30 12:29:57 [INFO]: [TelegramAdapter] Inicializando... 
2026-09-30 12:29:57 [INFO]: [TelegramAdapter] Já estava pronto 
2026-09-30 12:29:57 [INFO]: [TelegramAdapter] Inicializando... 
2026-09-30 12:29:57 [INFO]: [Telegram] Iniciando launch()... 
2026-09-30 12:29:57 [INFO]: [Telegram] ✅ Pronto como  () 
2026-09-30 12:29:57 [INFO]: [TelegramAdapter] Inicializando... 
2026-09-30 12:29:57 [INFO]: [Telegram] Iniciando launch()... 
2026-09-30 12:29:57 [INFO]: [Telegram] ✅ Pronto como  () 
2026-09-30 12:29:57 [INFO]: [Discord] Cliente v14 inicializado com intents, partials e presence 
2026-09-30 12:29:57 [INFO]: [Discord] Iniciando login... 
2026-09-30 12:29:57 [INFO]: [Discord] ✅ Pronto como TestDiscordBot (1111) 
2026-09-30 12:29:57 [ERROR]: ❌ [[Discord] Erro ao definir presença:] this.client.user?.setPresence is not a function
2026-09-30 12:29:57 [INFO]: [Discord] Chamada de login concluída 
2026-09-30 12:29:57 [INFO]: [Discord] Cliente v14 inicializado com intents, partials e presence 
2026-09-30 12:29:57 [INFO]: [Discord] Iniciando login... 
2026-09-30 12:29:57 [INFO]: [Discord] ✅ Pronto como TestDiscordBot (1111) 
2026-09-30 12:29:57 [ERROR]: ❌ [[Discord] Erro ao definir presença:] this.client.user?.setPresence is not a function
2026-09-30 12:29:57 [INFO]: [Discord] Chamada de login concluída 
2026-09-30 12:29:57 [INFO]: [Discord] Iniciando login... 
2026-09-30 12:29:57 [INFO]: [Discord] Chamada de login concluída 
2026-09-30 12:29:57 [INFO]: [Discord] Cliente v14 inicializado com intents, partials e presence 
2026-09-30 12:29:57 [INFO]: [Discord] Iniciando login... 
2026-09-30 12:29:57 [INFO]: [Discord] ✅ Pronto como TestDiscordBot (1111) 
2026-09-30 12:29:57 [ERROR]: ❌ [[Discord] Erro ao definir presença:] this.client.user?.setPresence is not a function
2026-09-30 12:29:57 [INFO]: [Discord] Chamada de login concluída 
2026-09-30 12:29:57 [ERROR]: [memberJoinService] Erro ao processar entrada
2026-09-30 12:30:00 [INFO]: [DiscordScreenService] Missing required Discord credentials, screen sharing disabled 
2026-09-30 12:30:00 [INFO]: [DiscordScreenService] Gerenciado externamente (DISCORD_SCREEN_EXTERNAL) — spawn interno desativado 
2026-09-30 12:30:00 [INFO]: [DiscordScreenService] Gerenciado externamente (DISCORD_SCREEN_EXTERNAL) — spawn interno desativado 
2026-09-30 12:30:04 [INFO]: [keywordHandler] Palavra-chave detectada, resposta enviada
2026-09-30 12:30:05 [INFO]: [Discord] Cliente v14 inicializado com intents, partials e presence 
2026-09-30 12:45:09 [ERROR]: [DB] Falha ao registrar infração
2026-09-30 12:47:18 [ERROR]: [DB] Falha ao registrar infração
2026-09-30 12:50:30 [ERROR]: [DB] Falha ao registrar infração
2026-09-30 12:50:30 [ERROR]: [DB] Falha ao registrar infração
2026-09-30 12:50:30 [ERROR]: [DB] Falha ao registrar infração
2026-09-30 12:50:30 [ERROR]: [DB] Falha ao registrar infração
2026-09-30 12:50:30 [ERROR]: [DB] Falha ao registrar infração
2026-09-30 12:50:30 [ERROR]: [DB] Falha ao registrar infração
2026-09-30 12:50:30 [ERROR]: [DB] Falha ao registrar infração
2026-09-30 12:50:30 [ERROR]: [DB] Falha ao registrar infração
2026-09-30 12:50:30 [ERROR]: [DB] Falha ao registrar infração
2026-09-30 12:50:32 [INFO]: [TelegramAdapter] Inicializando... 
2026-09-30 12:50:32 [INFO]: [Telegram] Iniciando launch()... 
2026-09-30 12:50:32 [INFO]: [Telegram] ✅ Pronto como  () 
2026-09-30 12:50:32 [INFO]: [TelegramAdapter] Inicializando... 
2026-09-30 12:50:32 [INFO]: [Telegram] Iniciando launch()... 
2026-09-30 12:50:32 [INFO]: [Telegram] ✅ Pronto como  () 
2026-09-30 12:50:32 [INFO]: [TelegramAdapter] Inicializando... 
2026-09-30 12:50:32 [INFO]: [Telegram] Iniciando launch()... 
2026-09-30 12:50:32 [INFO]: [Telegram] ✅ Pronto como  () 
2026-09-30 12:50:32 [INFO]: [TelegramAdapter] Inicializando... 
2026-09-30 12:50:32 [INFO]: [TelegramAdapter] Já estava pronto 
2026-09-30 12:50:32 [INFO]: [TelegramAdapter] Inicializando... 
2026-09-30 12:50:32 [INFO]: [Telegram] Iniciando launch()... 
2026-09-30 12:50:32 [INFO]: [Telegram] ✅ Pronto como  () 
2026-09-30 12:50:32 [INFO]: [TelegramAdapter] Inicializando... 
2026-09-30 12:50:32 [INFO]: [Telegram] Iniciando launch()... 
2026-09-30 12:50:32 [INFO]: [Telegram] ✅ Pronto como  () 
2026-09-30 12:50:32 [INFO]: [Discord] Cliente v14 inicializado com intents, partials e presence 
2026-09-30 12:50:32 [INFO]: [Discord] Iniciando login... 
2026-09-30 12:50:32 [INFO]: [Discord] ✅ Pronto como TestDiscordBot (1111) 
2026-09-30 12:50:32 [ERROR]: ❌ [[Discord] Erro ao definir presença:] this.client.user?.setPresence is not a function
2026-09-30 12:50:32 [INFO]: [Discord] Chamada de login concluída 
2026-09-30 12:50:32 [INFO]: [Discord] Cliente v14 inicializado com intents, partials e presence 
2026-09-30 12:50:32 [INFO]: [Discord] Iniciando login... 
2026-09-30 12:50:32 [INFO]: [Discord] ✅ Pronto como TestDiscordBot (1111) 
2026-09-30 12:50:32 [ERROR]: ❌ [[Discord] Erro ao definir presença:] this.client.user?.setPresence is not a function
2026-09-30 12:50:32 [INFO]: [Discord] Chamada de login concluída 
2026-09-30 12:50:32 [INFO]: [Discord] Iniciando login... 
2026-09-30 12:50:32 [INFO]: [Discord] Chamada de login concluída 
2026-09-30 12:50:32 [INFO]: [Discord] Cliente v14 inicializado com intents, partials e presence 
2026-09-30 12:50:32 [INFO]: [Discord] Iniciando login... 
2026-09-30 12:50:32 [INFO]: [Discord] ✅ Pronto como TestDiscordBot (1111) 
2026-09-30 12:50:32 [ERROR]: ❌ [[Discord] Erro ao definir presença:] this.client.user?.setPresence is not a function
2026-09-30 12:50:32 [INFO]: [Discord] Chamada de login concluída 
2026-09-30 12:50:33 [ERROR]: ❌ [Erro no comando $stats:] SQLITE_ERROR: no such table: feedbacks
2026-09-30 12:50:33 [ERROR]:    Stack: 
2026-09-30 12:50:33 [INFO]: 🛑 [SHUTDOWN] Comando executado por: 5588998314322@c.us 
2026-09-30 12:50:33 [ERROR]: ❌ [❌ Erro no $grupos:] ctx.client.getChats is not a function
2026-09-30 12:50:33 [ERROR]:    Stack: at Object.execute (D:\Desktop\Programas\bot-wpp\src\bot\commands\grupos.ts:17:44)
2026-09-30 12:50:33 [ERROR]: ❌ [[ScreenCommand] Erro:] connect ECONNREFUSED 127.0.0.1:3002
2026-09-30 12:50:33 [ERROR]:    Stack: at TCPConnectWrap.afterConnect [as oncomplete] (node:net:2017:16)
2026-09-30 12:50:33 [INFO]: 🛑 [SHUTDOWN] Comando executado por: 5588998314322@c.us 
2026-09-30 12:50:34 [ERROR]: [memberJoinService] Erro ao processar entrada
2026-09-30 12:50:36 [INFO]: [keywordHandler] Palavra-chave detectada, resposta enviada
2026-09-30 12:50:38 [INFO]: [DiscordScreenService] Missing required Discord credentials, screen sharing disabled 
2026-09-30 12:50:38 [INFO]: [DiscordScreenService] Gerenciado externamente (DISCORD_SCREEN_EXTERNAL) — spawn interno desativado 
2026-09-30 12:50:38 [INFO]: [DiscordScreenService] Gerenciado externamente (DISCORD_SCREEN_EXTERNAL) — spawn interno desativado 
2026-09-30 12:50:40 [WARN]: [BaileysSender] sendMessage: socket existe mas NÃO está pronto (readyState !== OPEN) 
2026-09-30 12:50:40 [INFO]: [BaileysSender.sendMessage] Reply: quotedRaw=false, replyTo=original:123, originalKey=NAO 
2026-09-30 12:50:40 [INFO]: [BaileysSender.sendMessage] Quoted payload construído: keyId=123, hasMessage=true 
2026-09-30 12:50:40 [WARN]: [BaileysSender] sendMessage: socket existe mas NÃO está pronto (readyState !== OPEN) 
2026-09-30 12:50:40 [INFO]: [BaileysSender.sendMessage] Reply: quotedRaw=false, replyTo=original:123, originalKey=NAO 
2026-09-30 12:50:40 [INFO]: [BaileysSender.sendMessage] Quoted payload construído: keyId=123, hasMessage=true 
2026-09-30 12:50:40 [WARN]: [BaileysSender] sendMessage: socket existe mas NÃO está pronto (readyState !== OPEN) 
2026-09-30 12:50:40 [INFO]: [BaileysSender.sendMessage] Reply: quotedRaw=false, replyTo=undefined, originalKey=NAO 
2026-09-30 12:50:40 [WARN]: [BaileysSender] sendMessage: socket existe mas NÃO está pronto (readyState !== OPEN) 
2026-09-30 12:50:40 [INFO]: [BaileysSender.sendMessage] Reply: quotedRaw=false, replyTo=original:123, originalKey=NAO 
2026-09-30 12:50:40 [INFO]: [BaileysSender.sendMessage] Quoted payload construído: keyId=123, hasMessage=true 
2026-09-30 12:50:42 [INFO]: [Discord] Cliente v14 inicializado com intents, partials e presence 
2026-09-30 12:54:47 [ERROR]: [DB] Falha ao registrar infração
2026-09-30 12:54:47 [ERROR]: [DB] Falha ao registrar infração
2026-09-30 12:54:47 [ERROR]: [DB] Falha ao registrar infração
2026-09-30 12:54:47 [ERROR]: [DB] Falha ao registrar infração
2026-09-30 12:54:47 [ERROR]: [DB] Falha ao registrar infração
2026-09-30 12:54:47 [ERROR]: [DB] Falha ao registrar infração
2026-09-30 12:54:47 [ERROR]: [DB] Falha ao registrar infração
2026-09-30 12:54:47 [ERROR]: [DB] Falha ao registrar infração
2026-09-30 12:54:47 [ERROR]: [DB] Falha ao registrar infração
2026-09-30 12:54:48 [INFO]: [TelegramAdapter] Inicializando... 
2026-09-30 12:54:48 [INFO]: [Telegram] Iniciando launch()... 
2026-09-30 12:54:48 [INFO]: [Telegram] ✅ Pronto como  () 
2026-09-30 12:54:48 [INFO]: [TelegramAdapter] Inicializando... 
2026-09-30 12:54:48 [INFO]: [Telegram] Iniciando launch()... 
2026-09-30 12:54:48 [INFO]: [Telegram] ✅ Pronto como  () 
2026-09-30 12:54:48 [INFO]: [TelegramAdapter] Inicializando... 
2026-09-30 12:54:48 [INFO]: [Telegram] Iniciando launch()... 
2026-09-30 12:54:48 [INFO]: [Telegram] ✅ Pronto como  () 
2026-09-30 12:54:48 [INFO]: [TelegramAdapter] Inicializando... 
2026-09-30 12:54:48 [INFO]: [TelegramAdapter] Já estava pronto 
2026-09-30 12:54:48 [INFO]: [TelegramAdapter] Inicializando... 
2026-09-30 12:54:48 [INFO]: [Telegram] Iniciando launch()... 
2026-09-30 12:54:48 [INFO]: [Telegram] ✅ Pronto como  () 
2026-09-30 12:54:48 [INFO]: [TelegramAdapter] Inicializando... 
2026-09-30 12:54:48 [INFO]: [Telegram] Iniciando launch()... 
2026-09-30 12:54:48 [INFO]: [Telegram] ✅ Pronto como  () 
2026-09-30 12:54:48 [INFO]: [Discord] Cliente v14 inicializado com intents, partials e presence 
2026-09-30 12:54:48 [INFO]: [Discord] Iniciando login... 
2026-09-30 12:54:48 [INFO]: [Discord] ✅ Pronto como TestDiscordBot (1111) 
2026-09-30 12:54:48 [ERROR]: ❌ [[Discord] Erro ao definir presença:] this.client.user?.setPresence is not a function
2026-09-30 12:54:48 [INFO]: [Discord] Chamada de login concluída 
2026-09-30 12:54:48 [INFO]: [Discord] Cliente v14 inicializado com intents, partials e presence 
2026-09-30 12:54:48 [INFO]: [Discord] Iniciando login... 
2026-09-30 12:54:48 [INFO]: [Discord] ✅ Pronto como TestDiscordBot (1111) 
2026-09-30 12:54:48 [ERROR]: ❌ [[Discord] Erro ao definir presença:] this.client.user?.setPresence is not a function
2026-09-30 12:54:48 [INFO]: [Discord] Chamada de login concluída 
2026-09-30 12:54:48 [INFO]: [Discord] Iniciando login... 
2026-09-30 12:54:48 [INFO]: [Discord] Chamada de login concluída 
2026-09-30 12:54:48 [INFO]: [Discord] Cliente v14 inicializado com intents, partials e presence 
2026-09-30 12:54:48 [INFO]: [Discord] Iniciando login... 
2026-09-30 12:54:48 [INFO]: [Discord] ✅ Pronto como TestDiscordBot (1111) 
2026-09-30 12:54:48 [ERROR]: ❌ [[Discord] Erro ao definir presença:] this.client.user?.setPresence is not a function
2026-09-30 12:54:48 [INFO]: [Discord] Chamada de login concluída 
2026-09-30 12:54:49 [ERROR]: ❌ [Erro no comando $stats:] SQLITE_ERROR: no such table: feedbacks
2026-09-30 12:54:49 [ERROR]:    Stack: 
2026-09-30 12:54:49 [INFO]: 🛑 [SHUTDOWN] Comando executado por: 5588998314322@c.us 
2026-09-30 12:54:49 [ERROR]: ❌ [❌ Erro no $grupos:] ctx.client.getChats is not a function
2026-09-30 12:54:49 [ERROR]:    Stack: at Object.execute (D:\Desktop\Programas\bot-wpp\src\bot\commands\grupos.ts:17:44)
2026-09-30 12:54:49 [ERROR]: ❌ [[ScreenCommand] Erro:] connect ECONNREFUSED 127.0.0.1:3002
2026-09-30 12:54:49 [ERROR]:    Stack: at TCPConnectWrap.afterConnect [as oncomplete] (node:net:2017:16)
2026-09-30 12:54:49 [INFO]: 🛑 [SHUTDOWN] Comando executado por: 5588998314322@c.us 
2026-09-30 12:54:50 [ERROR]: [memberJoinService] Erro ao processar entrada
2026-09-30 12:54:52 [WARN]: [BaileysSender] sendMessage: socket existe mas NÃO está pronto (readyState !== OPEN) 
2026-09-30 12:54:52 [INFO]: [BaileysSender.sendMessage] Reply: quotedRaw=false, replyTo=original:123, originalKey=NAO 
2026-09-30 12:54:52 [INFO]: [BaileysSender.sendMessage] Quoted payload construído: keyId=123, hasMessage=true 
2026-09-30 12:54:52 [WARN]: [BaileysSender] sendMessage: socket existe mas NÃO está pronto (readyState !== OPEN) 
2026-09-30 12:54:52 [INFO]: [BaileysSender.sendMessage] Reply: quotedRaw=false, replyTo=original:123, originalKey=NAO 
2026-09-30 12:54:52 [INFO]: [BaileysSender.sendMessage] Quoted payload construído: keyId=123, hasMessage=true 
2026-09-30 12:54:52 [WARN]: [BaileysSender] sendMessage: socket existe mas NÃO está pronto (readyState !== OPEN) 
2026-09-30 12:54:52 [INFO]: [BaileysSender.sendMessage] Reply: quotedRaw=false, replyTo=undefined, originalKey=NAO 
2026-09-30 12:54:52 [WARN]: [BaileysSender] sendMessage: socket existe mas NÃO está pronto (readyState !== OPEN) 
2026-09-30 12:54:52 [INFO]: [BaileysSender.sendMessage] Reply: quotedRaw=false, replyTo=original:123, originalKey=NAO 
2026-09-30 12:54:52 [INFO]: [BaileysSender.sendMessage] Quoted payload construído: keyId=123, hasMessage=true 
2026-09-30 12:54:54 [INFO]: [keywordHandler] Palavra-chave detectada, resposta enviada
2026-09-30 12:54:55 [INFO]: [DiscordScreenService] Missing required Discord credentials, screen sharing disabled 
2026-09-30 12:54:55 [INFO]: [DiscordScreenService] Gerenciado externamente (DISCORD_SCREEN_EXTERNAL) — spawn interno desativado 
2026-09-30 12:54:55 [INFO]: [DiscordScreenService] Gerenciado externamente (DISCORD_SCREEN_EXTERNAL) — spawn interno desativado 
2026-09-30 12:54:56 [INFO]: [Discord] Cliente v14 inicializado com intents, partials e presence 
2026-09-30 13:41:19 [ERROR]: [DB] Falha ao registrar infração
2026-09-30 13:42:16 [ERROR]: [DB] Falha ao registrar infração
2026-09-30 13:42:59 [ERROR]: [DB] Falha ao registrar infração
2026-09-30 13:43:01 [ERROR]: [DB] Falha ao registrar infração
2026-09-30 13:43:01 [ERROR]: [DB] Falha ao registrar infração
2026-09-30 13:43:01 [ERROR]: [DB] Falha ao registrar infração
2026-09-30 13:43:01 [ERROR]: [DB] Falha ao registrar infração
2026-09-30 13:43:01 [ERROR]: [DB] Falha ao registrar infração
2026-09-30 13:43:01 [ERROR]: [DB] Falha ao registrar infração
2026-09-30 13:43:01 [ERROR]: [DB] Falha ao registrar infração
2026-09-30 13:43:01 [ERROR]: [DB] Falha ao registrar infração
2026-09-30 13:43:01 [ERROR]: [DB] Falha ao registrar infração
2026-09-30 13:43:12 [INFO]: 🛑 [SHUTDOWN] Comando executado por: 5588998314322@c.us 
2026-09-30 13:43:12 [ERROR]: ❌ [Erro no comando $stats:] SQLITE_ERROR: no such table: feedbacks
2026-09-30 13:43:12 [ERROR]:    Stack: 
2026-09-30 13:43:12 [INFO]: 🛑 [SHUTDOWN] Comando executado por: 5588998314322@c.us 
2026-09-30 13:43:12 [ERROR]: ❌ [❌ Erro no $grupos:] ctx.client.getChats is not a function
2026-09-30 13:43:12 [ERROR]:    Stack: at Object.execute (D:\Desktop\Programas\bot-wpp\src\bot\commands\grupos.ts:18:44)
2026-09-30 13:43:12 [ERROR]: ❌ [[ScreenCommand] Erro:] connect ECONNREFUSED 127.0.0.1:3002
2026-09-30 13:43:12 [ERROR]:    Stack: at TCPConnectWrap.afterConnect [as oncomplete] (node:net:2017:16)
2026-09-30 13:43:14 [WARN]: [BaileysSender] sendMessage: socket existe mas NÃO está pronto (readyState !== OPEN) 
2026-09-30 13:43:14 [INFO]: [BaileysSender.sendMessage] Reply: quotedRaw=false, replyTo=original:123, originalKey=NAO 
2026-09-30 13:43:14 [INFO]: [BaileysSender.sendMessage] Quoted payload construído: keyId=123, hasMessage=true 
2026-09-30 13:43:14 [WARN]: [BaileysSender] sendMessage: socket existe mas NÃO está pronto (readyState !== OPEN) 
2026-09-30 13:43:14 [INFO]: [BaileysSender.sendMessage] Reply: quotedRaw=false, replyTo=original:123, originalKey=NAO 
2026-09-30 13:43:14 [INFO]: [BaileysSender.sendMessage] Quoted payload construído: keyId=123, hasMessage=true 
2026-09-30 13:43:14 [WARN]: [BaileysSender] sendMessage: socket existe mas NÃO está pronto (readyState !== OPEN) 
2026-09-30 13:43:14 [INFO]: [BaileysSender.sendMessage] Reply: quotedRaw=false, replyTo=undefined, originalKey=NAO 
2026-09-30 13:43:14 [WARN]: [BaileysSender] sendMessage: socket existe mas NÃO está pronto (readyState !== OPEN) 
2026-09-30 13:43:14 [INFO]: [BaileysSender.sendMessage] Reply: quotedRaw=false, replyTo=original:123, originalKey=NAO 
2026-09-30 13:43:14 [INFO]: [BaileysSender.sendMessage] Quoted payload construído: keyId=123, hasMessage=true 
2026-09-30 13:43:15 [INFO]: [TelegramAdapter] Inicializando... 
2026-09-30 13:43:15 [INFO]: [Telegram] Iniciando launch()... 
2026-09-30 13:43:15 [INFO]: [Telegram] ✅ Pronto como  () 
2026-09-30 13:43:15 [INFO]: [TelegramAdapter] Inicializando... 
2026-09-30 13:43:15 [INFO]: [Telegram] Iniciando launch()... 
2026-09-30 13:43:15 [INFO]: [Telegram] ✅ Pronto como  () 
2026-09-30 13:43:15 [INFO]: [TelegramAdapter] Inicializando... 
2026-09-30 13:43:15 [INFO]: [Telegram] Iniciando launch()... 
2026-09-30 13:43:15 [INFO]: [Telegram] ✅ Pronto como  () 
2026-09-30 13:43:15 [INFO]: [TelegramAdapter] Inicializando... 
2026-09-30 13:43:15 [INFO]: [TelegramAdapter] Já estava pronto 
2026-09-30 13:43:15 [INFO]: [TelegramAdapter] Inicializando... 
2026-09-30 13:43:15 [INFO]: [Telegram] Iniciando launch()... 
2026-09-30 13:43:15 [INFO]: [Telegram] ✅ Pronto como  () 
2026-09-30 13:43:15 [INFO]: [TelegramAdapter] Inicializando... 
2026-09-30 13:43:15 [INFO]: [Telegram] Iniciando launch()... 
2026-09-30 13:43:15 [INFO]: [Telegram] ✅ Pronto como  () 
2026-09-30 13:43:15 [INFO]: [Discord] Cliente v14 inicializado com intents, partials e presence 
2026-09-30 13:43:15 [INFO]: [Discord] Iniciando login... 
2026-09-30 13:43:15 [INFO]: [Discord] ✅ Pronto como TestDiscordBot (1111) 
2026-09-30 13:43:15 [ERROR]: ❌ [[Discord] Erro ao definir presença:] this.client.user?.setPresence is not a function
2026-09-30 13:43:15 [INFO]: [Discord] Chamada de login concluída 
2026-09-30 13:43:15 [INFO]: [Discord] Cliente v14 inicializado com intents, partials e presence 
2026-09-30 13:43:15 [INFO]: [Discord] Iniciando login... 
2026-09-30 13:43:15 [INFO]: [Discord] ✅ Pronto como TestDiscordBot (1111) 
2026-09-30 13:43:15 [ERROR]: ❌ [[Discord] Erro ao definir presença:] this.client.user?.setPresence is not a function
2026-09-30 13:43:15 [INFO]: [Discord] Chamada de login concluída 
2026-09-30 13:43:15 [INFO]: [Discord] Iniciando login... 
2026-09-30 13:43:15 [INFO]: [Discord] Chamada de login concluída 
2026-09-30 13:43:15 [INFO]: [Discord] Cliente v14 inicializado com intents, partials e presence 
2026-09-30 13:43:15 [INFO]: [Discord] Iniciando login... 
2026-09-30 13:43:15 [INFO]: [Discord] ✅ Pronto como TestDiscordBot (1111) 
2026-09-30 13:43:15 [ERROR]: ❌ [[Discord] Erro ao definir presença:] this.client.user?.setPresence is not a function
2026-09-30 13:43:15 [INFO]: [Discord] Chamada de login concluída 
2026-09-30 13:43:17 [ERROR]: [memberJoinService] Erro ao processar entrada
2026-09-30 13:43:18 [INFO]: [keywordHandler] Palavra-chave detectada, resposta enviada
2026-09-30 13:43:20 [INFO]: [DiscordScreenService] Missing required Discord credentials, screen sharing disabled 
2026-09-30 13:43:20 [INFO]: [DiscordScreenService] Gerenciado externamente (DISCORD_SCREEN_EXTERNAL) — spawn interno desativado 
2026-09-30 13:43:20 [INFO]: [DiscordScreenService] Gerenciado externamente (DISCORD_SCREEN_EXTERNAL) — spawn interno desativado 
2026-09-30 13:43:21 [INFO]: [Discord] Cliente v14 inicializado com intents, partials e presence 
2026-09-30 13:43:53 [ERROR]: ❌ [Erro no comando $stats:] SQLITE_ERROR: no such table: feedbacks
2026-09-30 13:43:53 [ERROR]:    Stack: 
2026-09-30 13:43:53 [INFO]: 🛑 [SHUTDOWN] Comando executado por: 5588998314322@c.us 
2026-09-30 13:43:53 [ERROR]: ❌ [❌ Erro no $grupos:] ctx.client.getChats is not a function
2026-09-30 13:43:53 [ERROR]:    Stack: at Object.execute (D:\Desktop\Programas\bot-wpp\src\bot\commands\grupos.ts:18:44)
2026-09-30 13:43:53 [ERROR]: ❌ [[ScreenCommand] Erro:] connect ECONNREFUSED 127.0.0.1:3002
2026-09-30 13:43:53 [ERROR]:    Stack: at TCPConnectWrap.afterConnect [as oncomplete] (node:net:2017:16)
2026-09-30 13:43:53 [INFO]: 🛑 [SHUTDOWN] Comando executado por: 5588998314322@c.us 
2026-09-30 13:45:26 [ERROR]: ❌ [Erro no comando $stats:] SQLITE_ERROR: no such table: feedbacks
2026-09-30 13:45:26 [ERROR]:    Stack: 
2026-09-30 13:45:26 [INFO]: 🛑 [SHUTDOWN] Comando executado por: 5588998314322@c.us 
2026-09-30 13:45:26 [ERROR]: ❌ [❌ Erro no $grupos:] ctx.client.getChats is not a function
2026-09-30 13:45:26 [ERROR]:    Stack: at Object.execute (D:\Desktop\Programas\bot-wpp\src\bot\commands\grupos.ts:18:44)
2026-09-30 13:45:26 [ERROR]: ❌ [[ScreenCommand] Erro:] connect ECONNREFUSED 127.0.0.1:3002
2026-09-30 13:45:26 [ERROR]:    Stack: at TCPConnectWrap.afterConnect [as oncomplete] (node:net:2017:16)
2026-09-30 13:45:27 [INFO]: 🛑 [SHUTDOWN] Comando executado por: 5588998314322@c.us 
2026-09-30 13:45:36 [ERROR]: ❌ [Erro no comando $stats:] SQLITE_ERROR: no such table: feedbacks
2026-09-30 13:45:36 [ERROR]:    Stack: 
2026-09-30 13:45:36 [INFO]: 🛑 [SHUTDOWN] Comando executado por: 5588998314322@c.us 
2026-09-30 13:45:36 [ERROR]: ❌ [❌ Erro no $grupos:] ctx.client.getChats is not a function
2026-09-30 13:45:36 [ERROR]:    Stack: at Object.execute (D:\Desktop\Programas\bot-wpp\src\bot\commands\grupos.ts:18:44)
2026-09-30 13:45:36 [ERROR]: ❌ [[ScreenCommand] Erro:] connect ECONNREFUSED 127.0.0.1:3002
2026-09-30 13:45:36 [ERROR]:    Stack: at TCPConnectWrap.afterConnect [as oncomplete] (node:net:2017:16)
2026-09-30 13:45:36 [INFO]: 🛑 [SHUTDOWN] Comando executado por: 5588998314322@c.us 
2026-09-30 13:45:45 [ERROR]: ❌ [Erro no comando $stats:] SQLITE_ERROR: no such table: feedbacks
2026-09-30 13:45:45 [ERROR]:    Stack: 
2026-09-30 13:45:45 [INFO]: 🛑 [SHUTDOWN] Comando executado por: 5588998314322@c.us 
2026-09-30 13:45:45 [ERROR]: ❌ [❌ Erro no $grupos:] ctx.client.getChats is not a function
2026-09-30 13:45:45 [ERROR]:    Stack: at Object.execute (D:\Desktop\Programas\bot-wpp\src\bot\commands\grupos.ts:18:44)
2026-09-30 13:45:45 [ERROR]: ❌ [[ScreenCommand] Erro:] connect ECONNREFUSED 127.0.0.1:3002
2026-09-30 13:45:45 [ERROR]:    Stack: at TCPConnectWrap.afterConnect [as oncomplete] (node:net:2017:16)
2026-09-30 13:45:45 [INFO]: 🛑 [SHUTDOWN] Comando executado por: 5588998314322@c.us 
2026-09-30 13:46:00 [ERROR]: [DB] Falha ao registrar infração
2026-09-30 13:46:02 [ERROR]: [DB] Falha ao registrar infração
2026-09-30 13:46:02 [ERROR]: [DB] Falha ao registrar infração
2026-09-30 13:46:02 [ERROR]: [DB] Falha ao registrar infração
2026-09-30 13:46:02 [ERROR]: [DB] Falha ao registrar infração
2026-09-30 13:46:02 [ERROR]: [DB] Falha ao registrar infração
2026-09-30 13:46:02 [ERROR]: [DB] Falha ao registrar infração
2026-09-30 13:46:02 [ERROR]: [DB] Falha ao registrar infração
2026-09-30 13:46:02 [ERROR]: [DB] Falha ao registrar infração
2026-09-30 13:46:02 [ERROR]: [DB] Falha ao registrar infração
2026-09-30 13:46:05 [ERROR]: ❌ [Erro no comando $stats:] SQLITE_ERROR: no such table: feedbacks
2026-09-30 13:46:05 [ERROR]:    Stack: 
2026-09-30 13:46:05 [INFO]: 🛑 [SHUTDOWN] Comando executado por: 5588998314322@c.us 
2026-09-30 13:46:05 [ERROR]: ❌ [❌ Erro no $grupos:] ctx.client.getChats is not a function
2026-09-30 13:46:05 [ERROR]:    Stack: at Object.execute (D:\Desktop\Programas\bot-wpp\src\bot\commands\grupos.ts:18:44)
2026-09-30 13:46:05 [ERROR]: ❌ [[ScreenCommand] Erro:] connect ECONNREFUSED 127.0.0.1:3002
2026-09-30 13:46:05 [ERROR]:    Stack: at TCPConnectWrap.afterConnect [as oncomplete] (node:net:2017:16)
2026-09-30 13:46:05 [INFO]: 🛑 [SHUTDOWN] Comando executado por: 5588998314322@c.us 
2026-09-30 13:46:06 [WARN]: [BaileysSender] sendMessage: socket existe mas NÃO está pronto (readyState !== OPEN) 
2026-09-30 13:46:06 [INFO]: [BaileysSender.sendMessage] Reply: quotedRaw=false, replyTo=original:123, originalKey=NAO 
2026-09-30 13:46:06 [INFO]: [BaileysSender.sendMessage] Quoted payload construído: keyId=123, hasMessage=true 
2026-09-30 13:46:06 [WARN]: [BaileysSender] sendMessage: socket existe mas NÃO está pronto (readyState !== OPEN) 
2026-09-30 13:46:06 [INFO]: [BaileysSender.sendMessage] Reply: quotedRaw=false, replyTo=original:123, originalKey=NAO 
2026-09-30 13:46:06 [INFO]: [BaileysSender.sendMessage] Quoted payload construído: keyId=123, hasMessage=true 
2026-09-30 13:46:06 [WARN]: [BaileysSender] sendMessage: socket existe mas NÃO está pronto (readyState !== OPEN) 
2026-09-30 13:46:06 [INFO]: [BaileysSender.sendMessage] Reply: quotedRaw=false, replyTo=undefined, originalKey=NAO 
2026-09-30 13:46:06 [WARN]: [BaileysSender] sendMessage: socket existe mas NÃO está pronto (readyState !== OPEN) 
2026-09-30 13:46:06 [INFO]: [BaileysSender.sendMessage] Reply: quotedRaw=false, replyTo=original:123, originalKey=NAO 
2026-09-30 13:46:06 [INFO]: [BaileysSender.sendMessage] Quoted payload construído: keyId=123, hasMessage=true 
2026-09-30 13:46:06 [INFO]: [TelegramAdapter] Inicializando... 
2026-09-30 13:46:06 [INFO]: [Telegram] Iniciando launch()... 
2026-09-30 13:46:06 [INFO]: [Telegram] ✅ Pronto como  () 
2026-09-30 13:46:06 [INFO]: [TelegramAdapter] Inicializando... 
2026-09-30 13:46:06 [INFO]: [Telegram] Iniciando launch()... 
2026-09-30 13:46:06 [INFO]: [Telegram] ✅ Pronto como  () 
2026-09-30 13:46:06 [INFO]: [TelegramAdapter] Inicializando... 
2026-09-30 13:46:06 [INFO]: [Telegram] Iniciando launch()... 
2026-09-30 13:46:06 [INFO]: [Telegram] ✅ Pronto como  () 
2026-09-30 13:46:06 [INFO]: [TelegramAdapter] Inicializando... 
2026-09-30 13:46:06 [INFO]: [TelegramAdapter] Já estava pronto 
2026-09-30 13:46:06 [INFO]: [TelegramAdapter] Inicializando... 
2026-09-30 13:46:06 [INFO]: [Telegram] Iniciando launch()... 
2026-09-30 13:46:06 [INFO]: [Telegram] ✅ Pronto como  () 
2026-09-30 13:46:06 [INFO]: [TelegramAdapter] Inicializando... 
2026-09-30 13:46:06 [INFO]: [Telegram] Iniciando launch()... 
2026-09-30 13:46:06 [INFO]: [Telegram] ✅ Pronto como  () 
2026-09-30 13:46:06 [INFO]: [Discord] Cliente v14 inicializado com intents, partials e presence 
2026-09-30 13:46:06 [INFO]: [Discord] Iniciando login... 
2026-09-30 13:46:06 [INFO]: [Discord] ✅ Pronto como TestDiscordBot (1111) 
2026-09-30 13:46:06 [ERROR]: ❌ [[Discord] Erro ao definir presença:] this.client.user?.setPresence is not a function
2026-09-30 13:46:06 [INFO]: [Discord] Chamada de login concluída 
2026-09-30 13:46:06 [INFO]: [Discord] Cliente v14 inicializado com intents, partials e presence 
2026-09-30 13:46:06 [INFO]: [Discord] Iniciando login... 
2026-09-30 13:46:07 [INFO]: [Discord] ✅ Pronto como TestDiscordBot (1111) 
2026-09-30 13:46:07 [ERROR]: ❌ [[Discord] Erro ao definir presença:] this.client.user?.setPresence is not a function
2026-09-30 13:46:07 [INFO]: [Discord] Chamada de login concluída 
2026-09-30 13:46:07 [INFO]: [Discord] Iniciando login... 
2026-09-30 13:46:07 [INFO]: [Discord] Chamada de login concluída 
2026-09-30 13:46:07 [INFO]: [Discord] Cliente v14 inicializado com intents, partials e presence 
2026-09-30 13:46:07 [INFO]: [Discord] Iniciando login... 
2026-09-30 13:46:07 [INFO]: [Discord] ✅ Pronto como TestDiscordBot (1111) 
2026-09-30 13:46:07 [ERROR]: ❌ [[Discord] Erro ao definir presença:] this.client.user?.setPresence is not a function
2026-09-30 13:46:07 [INFO]: [Discord] Chamada de login concluída 
2026-09-30 13:46:08 [ERROR]: [memberJoinService] Erro ao processar entrada
2026-09-30 13:46:08 [INFO]: [DiscordScreenService] Missing required Discord credentials, screen sharing disabled 
2026-09-30 13:46:08 [INFO]: [DiscordScreenService] Gerenciado externamente (DISCORD_SCREEN_EXTERNAL) — spawn interno desativado 
2026-09-30 13:46:08 [INFO]: [DiscordScreenService] Gerenciado externamente (DISCORD_SCREEN_EXTERNAL) — spawn interno desativado 
2026-09-30 13:46:11 [INFO]: [Discord] Cliente v14 inicializado com intents, partials e presence 
2026-09-30 13:46:11 [INFO]: [keywordHandler] Palavra-chave detectada, resposta enviada
2026-09-30 13:46:26 [ERROR]: [DB] Falha ao registrar infração
2026-09-30 13:46:27 [ERROR]: [DB] Falha ao registrar infração
2026-09-30 13:46:27 [ERROR]: [DB] Falha ao registrar infração
2026-09-30 13:46:27 [ERROR]: [DB] Falha ao registrar infração
2026-09-30 13:46:27 [ERROR]: [DB] Falha ao registrar infração
2026-09-30 13:46:27 [ERROR]: [DB] Falha ao registrar infração
2026-09-30 13:46:27 [ERROR]: [DB] Falha ao registrar infração
2026-09-30 13:46:27 [ERROR]: [DB] Falha ao registrar infração
2026-09-30 13:46:27 [ERROR]: [DB] Falha ao registrar infração
2026-09-30 13:46:27 [ERROR]: [DB] Falha ao registrar infração
2026-09-30 13:46:30 [ERROR]: ❌ [Erro no comando $stats:] SQLITE_ERROR: no such table: feedbacks
2026-09-30 13:46:30 [ERROR]:    Stack: 
2026-09-30 13:46:30 [INFO]: 🛑 [SHUTDOWN] Comando executado por: 5588998314322@c.us 
2026-09-30 13:46:30 [ERROR]: ❌ [❌ Erro no $grupos:] ctx.client.getChats is not a function
2026-09-30 13:46:30 [ERROR]:    Stack: at Object.execute (D:\Desktop\Programas\bot-wpp\src\bot\commands\grupos.ts:18:44)
2026-09-30 13:46:30 [ERROR]: ❌ [[ScreenCommand] Erro:] connect ECONNREFUSED 127.0.0.1:3002
2026-09-30 13:46:30 [ERROR]:    Stack: at TCPConnectWrap.afterConnect [as oncomplete] (node:net:2017:16)
2026-09-30 13:46:30 [INFO]: 🛑 [SHUTDOWN] Comando executado por: 5588998314322@c.us 
2026-09-30 13:46:30 [INFO]: [TelegramAdapter] Inicializando... 
2026-09-30 13:46:30 [INFO]: [Telegram] Iniciando launch()... 
2026-09-30 13:46:30 [INFO]: [Telegram] ✅ Pronto como  () 
2026-09-30 13:46:30 [INFO]: [TelegramAdapter] Inicializando... 
2026-09-30 13:46:30 [INFO]: [Telegram] Iniciando launch()... 
2026-09-30 13:46:30 [INFO]: [Telegram] ✅ Pronto como  () 
2026-09-30 13:46:30 [INFO]: [TelegramAdapter] Inicializando... 
2026-09-30 13:46:30 [INFO]: [Telegram] Iniciando launch()... 
2026-09-30 13:46:30 [INFO]: [Telegram] ✅ Pronto como  () 
2026-09-30 13:46:30 [INFO]: [TelegramAdapter] Inicializando... 
2026-09-30 13:46:30 [INFO]: [TelegramAdapter] Já estava pronto 
2026-09-30 13:46:30 [INFO]: [TelegramAdapter] Inicializando... 
2026-09-30 13:46:30 [INFO]: [Telegram] Iniciando launch()... 
2026-09-30 13:46:30 [INFO]: [Telegram] ✅ Pronto como  () 
2026-09-30 13:46:30 [INFO]: [TelegramAdapter] Inicializando... 
2026-09-30 13:46:30 [INFO]: [Telegram] Iniciando launch()... 
2026-09-30 13:46:30 [INFO]: [Telegram] ✅ Pronto como  () 
2026-09-30 13:46:30 [INFO]: [Discord] Cliente v14 inicializado com intents, partials e presence 
2026-09-30 13:46:30 [INFO]: [Discord] Iniciando login... 
2026-09-30 13:46:30 [INFO]: [Discord] ✅ Pronto como TestDiscordBot (1111) 
2026-09-30 13:46:30 [ERROR]: ❌ [[Discord] Erro ao definir presença:] this.client.user?.setPresence is not a function
2026-09-30 13:46:30 [INFO]: [Discord] Chamada de login concluída 
2026-09-30 13:46:30 [INFO]: [Discord] Cliente v14 inicializado com intents, partials e presence 
2026-09-30 13:46:30 [INFO]: [Discord] Iniciando login... 
2026-09-30 13:46:30 [INFO]: [Discord] ✅ Pronto como TestDiscordBot (1111) 
2026-09-30 13:46:30 [ERROR]: ❌ [[Discord] Erro ao definir presença:] this.client.user?.setPresence is not a function
2026-09-30 13:46:30 [INFO]: [Discord] Chamada de login concluída 
2026-09-30 13:46:30 [INFO]: [Discord] Iniciando login... 
2026-09-30 13:46:30 [INFO]: [Discord] Chamada de login concluída 
2026-09-30 13:46:30 [INFO]: [Discord] Cliente v14 inicializado com intents, partials e presence 
2026-09-30 13:46:30 [INFO]: [Discord] Iniciando login... 
2026-09-30 13:46:30 [INFO]: [Discord] ✅ Pronto como TestDiscordBot (1111) 
2026-09-30 13:46:30 [ERROR]: ❌ [[Discord] Erro ao definir presença:] this.client.user?.setPresence is not a function
2026-09-30 13:46:30 [INFO]: [Discord] Chamada de login concluída 
2026-09-30 13:46:32 [WARN]: [BaileysSender] sendMessage: socket existe mas NÃO está pronto (readyState !== OPEN) 
2026-09-30 13:46:32 [INFO]: [BaileysSender.sendMessage] Reply: quotedRaw=false, replyTo=original:123, originalKey=NAO 
2026-09-30 13:46:32 [INFO]: [BaileysSender.sendMessage] Quoted payload construído: keyId=123, hasMessage=true 
2026-09-30 13:46:32 [WARN]: [BaileysSender] sendMessage: socket existe mas NÃO está pronto (readyState !== OPEN) 
2026-09-30 13:46:32 [INFO]: [BaileysSender.sendMessage] Reply: quotedRaw=false, replyTo=original:123, originalKey=NAO 
2026-09-30 13:46:32 [INFO]: [BaileysSender.sendMessage] Quoted payload construído: keyId=123, hasMessage=true 
2026-09-30 13:46:32 [WARN]: [BaileysSender] sendMessage: socket existe mas NÃO está pronto (readyState !== OPEN) 
2026-09-30 13:46:32 [INFO]: [BaileysSender.sendMessage] Reply: quotedRaw=false, replyTo=undefined, originalKey=NAO 
2026-09-30 13:46:32 [WARN]: [BaileysSender] sendMessage: socket existe mas NÃO está pronto (readyState !== OPEN) 
2026-09-30 13:46:32 [INFO]: [BaileysSender.sendMessage] Reply: quotedRaw=false, replyTo=original:123, originalKey=NAO 
2026-09-30 13:46:32 [INFO]: [BaileysSender.sendMessage] Quoted payload construído: keyId=123, hasMessage=true 
2026-09-30 13:46:32 [INFO]: [keywordHandler] Palavra-chave detectada, resposta enviada
2026-09-30 13:46:33 [ERROR]: [memberJoinService] Erro ao processar entrada
2026-09-30 13:46:34 [INFO]: [DiscordScreenService] Missing required Discord credentials, screen sharing disabled 
2026-09-30 13:46:34 [INFO]: [DiscordScreenService] Gerenciado externamente (DISCORD_SCREEN_EXTERNAL) — spawn interno desativado 
2026-09-30 13:46:34 [INFO]: [DiscordScreenService] Gerenciado externamente (DISCORD_SCREEN_EXTERNAL) — spawn interno desativado 
2026-09-30 13:46:36 [INFO]: [Discord] Cliente v14 inicializado com intents, partials e presence 
2026-09-30 13:46:44 [ERROR]: [DB] Falha ao registrar infração
2026-09-30 13:46:45 [ERROR]: [DB] Falha ao registrar infração
2026-09-30 13:46:45 [ERROR]: [DB] Falha ao registrar infração
2026-09-30 13:46:45 [ERROR]: [DB] Falha ao registrar infração
2026-09-30 13:46:45 [ERROR]: [DB] Falha ao registrar infração
2026-09-30 13:46:45 [ERROR]: [DB] Falha ao registrar infração
2026-09-30 13:46:45 [ERROR]: [DB] Falha ao registrar infração
2026-09-30 13:46:45 [ERROR]: [DB] Falha ao registrar infração
2026-09-30 13:46:45 [ERROR]: [DB] Falha ao registrar infração
2026-09-30 13:46:45 [ERROR]: [DB] Falha ao registrar infração
2026-09-30 13:46:46 [ERROR]: ❌ [Erro no comando $stats:] SQLITE_ERROR: no such table: feedbacks
2026-09-30 13:46:46 [ERROR]:    Stack: 
2026-09-30 13:46:46 [INFO]: 🛑 [SHUTDOWN] Comando executado por: 5588998314322@c.us 
2026-09-30 13:46:46 [ERROR]: ❌ [❌ Erro no $grupos:] ctx.client.getChats is not a function
2026-09-30 13:46:46 [ERROR]:    Stack: at Object.execute (D:\Desktop\Programas\bot-wpp\src\bot\commands\grupos.ts:18:44)
2026-09-30 13:46:46 [ERROR]: ❌ [[ScreenCommand] Erro:] connect ECONNREFUSED 127.0.0.1:3002
2026-09-30 13:46:46 [ERROR]:    Stack: at TCPConnectWrap.afterConnect [as oncomplete] (node:net:2017:16)
2026-09-30 13:46:46 [INFO]: 🛑 [SHUTDOWN] Comando executado por: 5588998314322@c.us 
2026-09-30 13:46:48 [INFO]: [TelegramAdapter] Inicializando... 
2026-09-30 13:46:48 [INFO]: [Telegram] Iniciando launch()... 
2026-09-30 13:46:48 [INFO]: [Telegram] ✅ Pronto como  () 
2026-09-30 13:46:48 [INFO]: [TelegramAdapter] Inicializando... 
2026-09-30 13:46:48 [INFO]: [Telegram] Iniciando launch()... 
2026-09-30 13:46:48 [INFO]: [Telegram] ✅ Pronto como  () 
2026-09-30 13:46:48 [INFO]: [TelegramAdapter] Inicializando... 
2026-09-30 13:46:48 [INFO]: [Telegram] Iniciando launch()... 
2026-09-30 13:46:48 [INFO]: [Telegram] ✅ Pronto como  () 
2026-09-30 13:46:48 [INFO]: [TelegramAdapter] Inicializando... 
2026-09-30 13:46:48 [INFO]: [TelegramAdapter] Já estava pronto 
2026-09-30 13:46:48 [INFO]: [TelegramAdapter] Inicializando... 
2026-09-30 13:46:48 [INFO]: [Telegram] Iniciando launch()... 
2026-09-30 13:46:48 [INFO]: [Telegram] ✅ Pronto como  () 
2026-09-30 13:46:48 [INFO]: [TelegramAdapter] Inicializando... 
2026-09-30 13:46:48 [INFO]: [Telegram] Iniciando launch()... 
2026-09-30 13:46:48 [INFO]: [Telegram] ✅ Pronto como  () 
2026-09-30 13:46:48 [INFO]: [Discord] Cliente v14 inicializado com intents, partials e presence 
2026-09-30 13:46:48 [INFO]: [Discord] Iniciando login... 
2026-09-30 13:46:48 [INFO]: [Discord] ✅ Pronto como TestDiscordBot (1111) 
2026-09-30 13:46:48 [ERROR]: ❌ [[Discord] Erro ao definir presença:] this.client.user?.setPresence is not a function
2026-09-30 13:46:48 [INFO]: [Discord] Chamada de login concluída 
2026-09-30 13:46:48 [INFO]: [Discord] Cliente v14 inicializado com intents, partials e presence 
2026-09-30 13:46:48 [INFO]: [Discord] Iniciando login... 
2026-09-30 13:46:48 [INFO]: [Discord] ✅ Pronto como TestDiscordBot (1111) 
2026-09-30 13:46:48 [ERROR]: ❌ [[Discord] Erro ao definir presença:] this.client.user?.setPresence is not a function
2026-09-30 13:46:48 [INFO]: [Discord] Chamada de login concluída 
2026-09-30 13:46:48 [INFO]: [Discord] Iniciando login... 
2026-09-30 13:46:48 [INFO]: [Discord] Chamada de login concluída 
2026-09-30 13:46:48 [INFO]: [Discord] Cliente v14 inicializado com intents, partials e presence 
2026-09-30 13:46:48 [INFO]: [Discord] Iniciando login... 
2026-09-30 13:46:48 [INFO]: [Discord] ✅ Pronto como TestDiscordBot (1111) 
2026-09-30 13:46:48 [ERROR]: ❌ [[Discord] Erro ao definir presença:] this.client.user?.setPresence is not a function
2026-09-30 13:46:48 [INFO]: [Discord] Chamada de login concluída 
2026-09-30 13:46:51 [INFO]: [keywordHandler] Palavra-chave detectada, resposta enviada
2026-09-30 13:46:51 [ERROR]: [memberJoinService] Erro ao processar entrada
2026-09-30 13:46:52 [WARN]: [BaileysSender] sendMessage: socket existe mas NÃO está pronto (readyState !== OPEN) 
2026-09-30 13:46:52 [INFO]: [BaileysSender.sendMessage] Reply: quotedRaw=false, replyTo=original:123, originalKey=NAO 
2026-09-30 13:46:52 [INFO]: [BaileysSender.sendMessage] Quoted payload construído: keyId=123, hasMessage=true 
2026-09-30 13:46:52 [WARN]: [BaileysSender] sendMessage: socket existe mas NÃO está pronto (readyState !== OPEN) 
2026-09-30 13:46:52 [INFO]: [BaileysSender.sendMessage] Reply: quotedRaw=false, replyTo=original:123, originalKey=NAO 
2026-09-30 13:46:52 [INFO]: [BaileysSender.sendMessage] Quoted payload construído: keyId=123, hasMessage=true 
2026-09-30 13:46:52 [WARN]: [BaileysSender] sendMessage: socket existe mas NÃO está pronto (readyState !== OPEN) 
2026-09-30 13:46:52 [INFO]: [BaileysSender.sendMessage] Reply: quotedRaw=false, replyTo=undefined, originalKey=NAO 
2026-09-30 13:46:52 [WARN]: [BaileysSender] sendMessage: socket existe mas NÃO está pronto (readyState !== OPEN) 
2026-09-30 13:46:52 [INFO]: [BaileysSender.sendMessage] Reply: quotedRaw=false, replyTo=original:123, originalKey=NAO 
2026-09-30 13:46:52 [INFO]: [BaileysSender.sendMessage] Quoted payload construído: keyId=123, hasMessage=true 
2026-09-30 13:46:53 [INFO]: [DiscordScreenService] Missing required Discord credentials, screen sharing disabled 
2026-09-30 13:46:53 [INFO]: [DiscordScreenService] Gerenciado externamente (DISCORD_SCREEN_EXTERNAL) — spawn interno desativado 
2026-09-30 13:46:53 [INFO]: [DiscordScreenService] Gerenciado externamente (DISCORD_SCREEN_EXTERNAL) — spawn interno desativado 
2026-09-30 13:46:55 [INFO]: [Discord] Cliente v14 inicializado com intents, partials e presence 
2026-09-30 13:47:24 [ERROR]: [DB] Falha ao registrar infração
2026-09-30 14:11:25 [ERROR]: [DB] Falha ao registrar infração
2026-09-30 14:12:40 [ERROR]: [DB] Falha ao registrar infração
2026-09-30 14:15:32 [ERROR]: [DB] Falha ao registrar infração
2026-09-30 14:22:31 [ERROR]: [DB] Falha ao registrar infração
2026-09-30 14:22:34 [ERROR]: [DB] Falha ao registrar infração
2026-09-30 14:22:34 [ERROR]: [DB] Falha ao registrar infração
2026-09-30 14:22:34 [ERROR]: [DB] Falha ao registrar infração
2026-09-30 14:22:34 [ERROR]: [DB] Falha ao registrar infração
2026-09-30 14:22:34 [ERROR]: [DB] Falha ao registrar infração
2026-09-30 14:22:34 [ERROR]: [DB] Falha ao registrar infração
2026-09-30 14:22:35 [ERROR]: [DB] Falha ao registrar infração
2026-09-30 14:22:35 [ERROR]: [DB] Falha ao registrar infração
2026-09-30 14:22:35 [ERROR]: [DB] Falha ao registrar infração
2026-09-30 14:22:36 [ERROR]: ❌ [Erro no comando $stats:] SQLITE_ERROR: no such table: feedbacks
2026-09-30 14:22:36 [ERROR]:    Stack: 
2026-09-30 14:22:36 [INFO]: 🛑 [SHUTDOWN] Comando executado por: 5588998314322@c.us 
2026-09-30 14:22:36 [ERROR]: ❌ [❌ Erro no $grupos:] ctx.client.getChats is not a function
2026-09-30 14:22:36 [ERROR]:    Stack: at Object.execute (D:\Desktop\Programas\bot-wpp\src\bot\commands\grupos.ts:18:44)
2026-09-30 14:22:36 [ERROR]: ❌ [[ScreenCommand] Erro:] connect ECONNREFUSED 127.0.0.1:3002
2026-09-30 14:22:36 [ERROR]:    Stack: at TCPConnectWrap.afterConnect [as oncomplete] (node:net:2017:16)
2026-09-30 14:22:36 [INFO]: 🛑 [SHUTDOWN] Comando executado por: 5588998314322@c.us 
2026-09-30 14:22:37 [INFO]: [DiscordScreenService] Missing required Discord credentials, screen sharing disabled 
2026-09-30 14:22:37 [INFO]: [DiscordScreenService] Gerenciado externamente (DISCORD_SCREEN_EXTERNAL) — spawn interno desativado 
2026-09-30 14:22:37 [INFO]: [DiscordScreenService] Gerenciado externamente (DISCORD_SCREEN_EXTERNAL) — spawn interno desativado 
2026-09-30 14:22:40 [INFO]: [TelegramAdapter] Inicializando... 
2026-09-30 14:22:40 [INFO]: [Telegram] Iniciando launch()... 
2026-09-30 14:22:40 [INFO]: [Telegram] ✅ Pronto como  () 
2026-09-30 14:22:40 [INFO]: [TelegramAdapter] Inicializando... 
2026-09-30 14:22:40 [INFO]: [Telegram] Iniciando launch()... 
2026-09-30 14:22:40 [INFO]: [Telegram] ✅ Pronto como  () 
2026-09-30 14:22:40 [INFO]: [TelegramAdapter] Inicializando... 
2026-09-30 14:22:40 [INFO]: [Telegram] Iniciando launch()... 
2026-09-30 14:22:40 [INFO]: [Telegram] ✅ Pronto como  () 
2026-09-30 14:22:40 [INFO]: [TelegramAdapter] Inicializando... 
2026-09-30 14:22:40 [INFO]: [TelegramAdapter] Já estava pronto 
2026-09-30 14:22:40 [INFO]: [TelegramAdapter] Inicializando... 
2026-09-30 14:22:40 [INFO]: [Telegram] Iniciando launch()... 
2026-09-30 14:22:40 [INFO]: [Telegram] ✅ Pronto como  () 
2026-09-30 14:22:40 [INFO]: [TelegramAdapter] Inicializando... 
2026-09-30 14:22:40 [INFO]: [Telegram] Iniciando launch()... 
2026-09-30 14:22:40 [INFO]: [Telegram] ✅ Pronto como  () 
2026-09-30 14:22:40 [INFO]: [Discord] Cliente v14 inicializado com intents, partials e presence 
2026-09-30 14:22:40 [INFO]: [Discord] Iniciando login... 
2026-09-30 14:22:40 [INFO]: [Discord] ✅ Pronto como TestDiscordBot (1111) 
2026-09-30 14:22:40 [ERROR]: ❌ [[Discord] Erro ao definir presença:] this.client.user?.setPresence is not a function
2026-09-30 14:22:40 [INFO]: [Discord] Chamada de login concluída 
2026-09-30 14:22:40 [INFO]: [Discord] Cliente v14 inicializado com intents, partials e presence 
2026-09-30 14:22:40 [INFO]: [Discord] Iniciando login... 
2026-09-30 14:22:40 [INFO]: [Discord] ✅ Pronto como TestDiscordBot (1111) 
2026-09-30 14:22:40 [ERROR]: ❌ [[Discord] Erro ao definir presença:] this.client.user?.setPresence is not a function
2026-09-30 14:22:40 [INFO]: [Discord] Chamada de login concluída 
2026-09-30 14:22:40 [INFO]: [Discord] Iniciando login... 
2026-09-30 14:22:40 [INFO]: [Discord] Chamada de login concluída 
2026-09-30 14:22:40 [INFO]: [Discord] Cliente v14 inicializado com intents, partials e presence 
2026-09-30 14:22:40 [INFO]: [Discord] Iniciando login... 
2026-09-30 14:22:40 [INFO]: [Discord] ✅ Pronto como TestDiscordBot (1111) 
2026-09-30 14:22:40 [ERROR]: ❌ [[Discord] Erro ao definir presença:] this.client.user?.setPresence is not a function
2026-09-30 14:22:40 [INFO]: [Discord] Chamada de login concluída 
2026-09-30 14:22:41 [ERROR]: [memberJoinService] Erro ao processar entrada
2026-09-30 14:22:44 [WARN]: [BaileysSender] sendMessage: socket existe mas NÃO está pronto (readyState !== OPEN) 
2026-09-30 14:22:44 [INFO]: [BaileysSender.sendMessage] Reply: quotedRaw=false, replyTo=original:123, originalKey=NAO 
2026-09-30 14:22:44 [INFO]: [BaileysSender.sendMessage] Quoted payload construído: keyId=123, hasMessage=true 
2026-09-30 14:22:44 [WARN]: [BaileysSender] sendMessage: socket existe mas NÃO está pronto (readyState !== OPEN) 
2026-09-30 14:22:44 [INFO]: [BaileysSender.sendMessage] Reply: quotedRaw=false, replyTo=original:123, originalKey=NAO 
2026-09-30 14:22:44 [INFO]: [BaileysSender.sendMessage] Quoted payload construído: keyId=123, hasMessage=true 
2026-09-30 14:22:44 [WARN]: [BaileysSender] sendMessage: socket existe mas NÃO está pronto (readyState !== OPEN) 
2026-09-30 14:22:44 [INFO]: [BaileysSender.sendMessage] Reply: quotedRaw=false, replyTo=undefined, originalKey=NAO 
2026-09-30 14:22:44 [WARN]: [BaileysSender] sendMessage: socket existe mas NÃO está pronto (readyState !== OPEN) 
2026-09-30 14:22:44 [INFO]: [BaileysSender.sendMessage] Reply: quotedRaw=false, replyTo=original:123, originalKey=NAO 
2026-09-30 14:22:44 [INFO]: [BaileysSender.sendMessage] Quoted payload construído: keyId=123, hasMessage=true 
2026-09-30 14:22:45 [INFO]: [keywordHandler] Palavra-chave detectada, resposta enviada
2026-09-30 14:22:46 [INFO]: [Discord] Cliente v14 inicializado com intents, partials e presence 
2026-09-30 14:23:24 [ERROR]: [DB] Falha ao registrar infração
2026-09-30 14:23:28 [ERROR]: [DB] Falha ao registrar infração
2026-09-30 14:23:29 [ERROR]: [DB] Falha ao registrar infração
2026-09-30 14:23:29 [ERROR]: [DB] Falha ao registrar infração
2026-09-30 14:23:29 [ERROR]: [DB] Falha ao registrar infração
2026-09-30 14:23:29 [ERROR]: [DB] Falha ao registrar infração
2026-09-30 14:23:29 [ERROR]: [DB] Falha ao registrar infração
2026-09-30 14:23:29 [ERROR]: [DB] Falha ao registrar infração
2026-09-30 14:23:29 [ERROR]: [DB] Falha ao registrar infração
2026-09-30 14:23:29 [ERROR]: [DB] Falha ao registrar infração
2026-09-30 14:23:31 [ERROR]: ❌ [Erro no comando $stats:] SQLITE_ERROR: no such table: feedbacks
2026-09-30 14:23:31 [ERROR]:    Stack: 
2026-09-30 14:23:31 [INFO]: 🛑 [SHUTDOWN] Comando executado por: 5588998314322@c.us 
2026-09-30 14:23:31 [ERROR]: ❌ [❌ Erro no $grupos:] ctx.client.getChats is not a function
2026-09-30 14:23:31 [ERROR]:    Stack: at Object.execute (D:\Desktop\Programas\bot-wpp\src\bot\commands\grupos.ts:18:44)
2026-09-30 14:23:31 [ERROR]: ❌ [[ScreenCommand] Erro:] connect ECONNREFUSED 127.0.0.1:3002
2026-09-30 14:23:31 [ERROR]:    Stack: at TCPConnectWrap.afterConnect [as oncomplete] (node:net:2017:16)
2026-09-30 14:23:31 [INFO]: 🛑 [SHUTDOWN] Comando executado por: 5588998314322@c.us 
2026-09-30 14:23:32 [WARN]: [BaileysSender] sendMessage: socket existe mas NÃO está pronto (readyState !== OPEN) 
2026-09-30 14:23:32 [INFO]: [BaileysSender.sendMessage] Reply: quotedRaw=false, replyTo=original:123, originalKey=NAO 
2026-09-30 14:23:32 [INFO]: [BaileysSender.sendMessage] Quoted payload construído: keyId=123, hasMessage=true 
2026-09-30 14:23:32 [WARN]: [BaileysSender] sendMessage: socket existe mas NÃO está pronto (readyState !== OPEN) 
2026-09-30 14:23:32 [INFO]: [BaileysSender.sendMessage] Reply: quotedRaw=false, replyTo=original:123, originalKey=NAO 
2026-09-30 14:23:32 [INFO]: [BaileysSender.sendMessage] Quoted payload construído: keyId=123, hasMessage=true 
2026-09-30 14:23:32 [WARN]: [BaileysSender] sendMessage: socket existe mas NÃO está pronto (readyState !== OPEN) 
2026-09-30 14:23:32 [INFO]: [BaileysSender.sendMessage] Reply: quotedRaw=false, replyTo=undefined, originalKey=NAO 
2026-09-30 14:23:32 [WARN]: [BaileysSender] sendMessage: socket existe mas NÃO está pronto (readyState !== OPEN) 
2026-09-30 14:23:32 [INFO]: [BaileysSender.sendMessage] Reply: quotedRaw=false, replyTo=original:123, originalKey=NAO 
2026-09-30 14:23:32 [INFO]: [BaileysSender.sendMessage] Quoted payload construído: keyId=123, hasMessage=true 
2026-09-30 14:23:33 [INFO]: [TelegramAdapter] Inicializando... 
2026-09-30 14:23:33 [INFO]: [Telegram] Iniciando launch()... 
2026-09-30 14:23:33 [INFO]: [Telegram] ✅ Pronto como  () 
2026-09-30 14:23:33 [INFO]: [TelegramAdapter] Inicializando... 
2026-09-30 14:23:33 [INFO]: [Telegram] Iniciando launch()... 
2026-09-30 14:23:33 [INFO]: [Telegram] ✅ Pronto como  () 
2026-09-30 14:23:33 [INFO]: [TelegramAdapter] Inicializando... 
2026-09-30 14:23:33 [INFO]: [Telegram] Iniciando launch()... 
2026-09-30 14:23:33 [INFO]: [Telegram] ✅ Pronto como  () 
2026-09-30 14:23:33 [INFO]: [TelegramAdapter] Inicializando... 
2026-09-30 14:23:33 [INFO]: [TelegramAdapter] Já estava pronto 
2026-09-30 14:23:33 [INFO]: [TelegramAdapter] Inicializando... 
2026-09-30 14:23:33 [INFO]: [Telegram] Iniciando launch()... 
2026-09-30 14:23:33 [INFO]: [Telegram] ✅ Pronto como  () 
2026-09-30 14:23:33 [INFO]: [TelegramAdapter] Inicializando... 
2026-09-30 14:23:33 [INFO]: [Telegram] Iniciando launch()... 
2026-09-30 14:23:33 [INFO]: [Telegram] ✅ Pronto como  () 
2026-09-30 14:23:33 [INFO]: [Discord] Cliente v14 inicializado com intents, partials e presence 
2026-09-30 14:23:33 [INFO]: [Discord] Iniciando login... 
2026-09-30 14:23:33 [INFO]: [Discord] ✅ Pronto como TestDiscordBot (1111) 
2026-09-30 14:23:33 [ERROR]: ❌ [[Discord] Erro ao definir presença:] this.client.user?.setPresence is not a function
2026-09-30 14:23:33 [INFO]: [Discord] Chamada de login concluída 
2026-09-30 14:23:33 [INFO]: [Discord] Cliente v14 inicializado com intents, partials e presence 
2026-09-30 14:23:33 [INFO]: [Discord] Iniciando login... 
2026-09-30 14:23:33 [INFO]: [Discord] ✅ Pronto como TestDiscordBot (1111) 
2026-09-30 14:23:33 [ERROR]: ❌ [[Discord] Erro ao definir presença:] this.client.user?.setPresence is not a function
2026-09-30 14:23:33 [INFO]: [Discord] Chamada de login concluída 
2026-09-30 14:23:33 [INFO]: [Discord] Iniciando login... 
2026-09-30 14:23:33 [INFO]: [Discord] Chamada de login concluída 
2026-09-30 14:23:33 [INFO]: [Discord] Cliente v14 inicializado com intents, partials e presence 
2026-09-30 14:23:33 [INFO]: [Discord] Iniciando login... 
2026-09-30 14:23:34 [INFO]: [Discord] ✅ Pronto como TestDiscordBot (1111) 
2026-09-30 14:23:34 [ERROR]: ❌ [[Discord] Erro ao definir presença:] this.client.user?.setPresence is not a function
2026-09-30 14:23:34 [INFO]: [Discord] Chamada de login concluída 
2026-09-30 14:23:36 [INFO]: [DiscordScreenService] Missing required Discord credentials, screen sharing disabled 
2026-09-30 14:23:36 [INFO]: [DiscordScreenService] Gerenciado externamente (DISCORD_SCREEN_EXTERNAL) — spawn interno desativado 
2026-09-30 14:23:36 [INFO]: [DiscordScreenService] Gerenciado externamente (DISCORD_SCREEN_EXTERNAL) — spawn interno desativado 
2026-09-30 14:23:37 [ERROR]: [memberJoinService] Erro ao processar entrada
2026-09-30 14:23:39 [INFO]: [keywordHandler] Palavra-chave detectada, resposta enviada
2026-09-30 14:23:43 [INFO]: [Discord] Cliente v14 inicializado com intents, partials e presence 
2026-09-30 14:23:53 [ERROR]: [DB] Falha ao registrar infração
2026-09-30 14:23:55 [ERROR]: [DB] Falha ao registrar infração
2026-09-30 14:23:55 [ERROR]: [DB] Falha ao registrar infração
2026-09-30 14:23:55 [ERROR]: [DB] Falha ao registrar infração
2026-09-30 14:23:56 [ERROR]: [DB] Falha ao registrar infração
2026-09-30 14:23:56 [ERROR]: [DB] Falha ao registrar infração
2026-09-30 14:23:56 [ERROR]: [DB] Falha ao registrar infração
2026-09-30 14:23:56 [ERROR]: [DB] Falha ao registrar infração
2026-09-30 14:23:56 [ERROR]: [DB] Falha ao registrar infração
2026-09-30 14:23:56 [ERROR]: [DB] Falha ao registrar infração
2026-09-30 14:23:57 [ERROR]: ❌ [Erro no comando $stats:] SQLITE_ERROR: no such table: feedbacks
2026-09-30 14:23:57 [ERROR]:    Stack: 
2026-09-30 14:23:57 [INFO]: 🛑 [SHUTDOWN] Comando executado por: 5588998314322@c.us 
2026-09-30 14:23:57 [ERROR]: ❌ [❌ Erro no $grupos:] ctx.client.getChats is not a function
2026-09-30 14:23:57 [ERROR]:    Stack: at Object.execute (D:\Desktop\Programas\bot-wpp\src\bot\commands\grupos.ts:18:44)
2026-09-30 14:23:57 [ERROR]: ❌ [[ScreenCommand] Erro:] connect ECONNREFUSED 127.0.0.1:3002
2026-09-30 14:23:57 [ERROR]:    Stack: at TCPConnectWrap.afterConnect [as oncomplete] (node:net:2017:16)
2026-09-30 14:23:57 [INFO]: 🛑 [SHUTDOWN] Comando executado por: 5588998314322@c.us 
2026-09-30 14:23:59 [INFO]: [TelegramAdapter] Inicializando... 
2026-09-30 14:23:59 [INFO]: [Telegram] Iniciando launch()... 
2026-09-30 14:23:59 [INFO]: [Telegram] ✅ Pronto como  () 
2026-09-30 14:23:59 [INFO]: [TelegramAdapter] Inicializando... 
2026-09-30 14:23:59 [INFO]: [Telegram] Iniciando launch()... 
2026-09-30 14:23:59 [INFO]: [Telegram] ✅ Pronto como  () 
2026-09-30 14:23:59 [INFO]: [TelegramAdapter] Inicializando... 
2026-09-30 14:23:59 [INFO]: [Telegram] Iniciando launch()... 
2026-09-30 14:23:59 [INFO]: [Telegram] ✅ Pronto como  () 
2026-09-30 14:23:59 [INFO]: [TelegramAdapter] Inicializando... 
2026-09-30 14:23:59 [INFO]: [TelegramAdapter] Já estava pronto 
2026-09-30 14:23:59 [INFO]: [TelegramAdapter] Inicializando... 
2026-09-30 14:23:59 [INFO]: [Telegram] Iniciando launch()... 
2026-09-30 14:23:59 [INFO]: [Telegram] ✅ Pronto como  () 
2026-09-30 14:23:59 [INFO]: [TelegramAdapter] Inicializando... 
2026-09-30 14:23:59 [INFO]: [Telegram] Iniciando launch()... 
2026-09-30 14:23:59 [INFO]: [Telegram] ✅ Pronto como  () 
2026-09-30 14:23:59 [INFO]: [Discord] Cliente v14 inicializado com intents, partials e presence 
2026-09-30 14:23:59 [INFO]: [Discord] Iniciando login... 
2026-09-30 14:23:59 [INFO]: [Discord] ✅ Pronto como TestDiscordBot (1111) 
2026-09-30 14:23:59 [ERROR]: ❌ [[Discord] Erro ao definir presença:] this.client.user?.setPresence is not a function
2026-09-30 14:23:59 [INFO]: [Discord] Chamada de login concluída 
2026-09-30 14:23:59 [INFO]: [Discord] Cliente v14 inicializado com intents, partials e presence 
2026-09-30 14:23:59 [INFO]: [Discord] Iniciando login... 
2026-09-30 14:23:59 [INFO]: [Discord] ✅ Pronto como TestDiscordBot (1111) 
2026-09-30 14:23:59 [ERROR]: ❌ [[Discord] Erro ao definir presença:] this.client.user?.setPresence is not a function
2026-09-30 14:23:59 [INFO]: [Discord] Chamada de login concluída 
2026-09-30 14:23:59 [INFO]: [Discord] Iniciando login... 
2026-09-30 14:23:59 [INFO]: [Discord] Chamada de login concluída 
2026-09-30 14:23:59 [INFO]: [Discord] Cliente v14 inicializado com intents, partials e presence 
2026-09-30 14:23:59 [INFO]: [Discord] Iniciando login... 
2026-09-30 14:23:59 [INFO]: [Discord] ✅ Pronto como TestDiscordBot (1111) 
2026-09-30 14:23:59 [ERROR]: ❌ [[Discord] Erro ao definir presença:] this.client.user?.setPresence is not a function
2026-09-30 14:23:59 [INFO]: [Discord] Chamada de login concluída 
2026-09-30 14:24:03 [ERROR]: [memberJoinService] Erro ao processar entrada
2026-09-30 14:24:04 [INFO]: [keywordHandler] Palavra-chave detectada, resposta enviada
2026-09-30 14:24:05 [WARN]: [BaileysSender] sendMessage: socket existe mas NÃO está pronto (readyState !== OPEN) 
2026-09-30 14:24:05 [INFO]: [BaileysSender.sendMessage] Reply: quotedRaw=false, replyTo=original:123, originalKey=NAO 
2026-09-30 14:24:05 [INFO]: [BaileysSender.sendMessage] Quoted payload construído: keyId=123, hasMessage=true 
2026-09-30 14:24:05 [WARN]: [BaileysSender] sendMessage: socket existe mas NÃO está pronto (readyState !== OPEN) 
2026-09-30 14:24:05 [INFO]: [BaileysSender.sendMessage] Reply: quotedRaw=false, replyTo=original:123, originalKey=NAO 
2026-09-30 14:24:05 [INFO]: [BaileysSender.sendMessage] Quoted payload construído: keyId=123, hasMessage=true 
2026-09-30 14:24:05 [WARN]: [BaileysSender] sendMessage: socket existe mas NÃO está pronto (readyState !== OPEN) 
2026-09-30 14:24:05 [INFO]: [BaileysSender.sendMessage] Reply: quotedRaw=false, replyTo=undefined, originalKey=NAO 
2026-09-30 14:24:05 [WARN]: [BaileysSender] sendMessage: socket existe mas NÃO está pronto (readyState !== OPEN) 
2026-09-30 14:24:05 [INFO]: [BaileysSender.sendMessage] Reply: quotedRaw=false, replyTo=original:123, originalKey=NAO 
2026-09-30 14:24:05 [INFO]: [BaileysSender.sendMessage] Quoted payload construído: keyId=123, hasMessage=true 
2026-09-30 14:24:06 [INFO]: [DiscordScreenService] Missing required Discord credentials, screen sharing disabled 
2026-09-30 14:24:06 [INFO]: [DiscordScreenService] Gerenciado externamente (DISCORD_SCREEN_EXTERNAL) — spawn interno desativado 
2026-09-30 14:24:06 [INFO]: [DiscordScreenService] Gerenciado externamente (DISCORD_SCREEN_EXTERNAL) — spawn interno desativado 
2026-09-30 14:24:08 [INFO]: [Discord] Cliente v14 inicializado com intents, partials e presence 
2026-09-30 14:24:15 [ERROR]: [DB] Falha ao registrar infração
2026-09-30 14:24:17 [ERROR]: [DB] Falha ao registrar infração
2026-09-30 14:24:17 [ERROR]: [DB] Falha ao registrar infração
2026-09-30 14:24:17 [ERROR]: [DB] Falha ao registrar infração
2026-09-30 14:24:17 [ERROR]: [DB] Falha ao registrar infração
2026-09-30 14:24:17 [ERROR]: [DB] Falha ao registrar infração
2026-09-30 14:24:17 [ERROR]: [DB] Falha ao registrar infração
2026-09-30 14:24:17 [ERROR]: [DB] Falha ao registrar infração
2026-09-30 14:24:17 [ERROR]: [DB] Falha ao registrar infração
2026-09-30 14:24:17 [ERROR]: [DB] Falha ao registrar infração
2026-09-30 14:24:20 [INFO]: [TelegramAdapter] Inicializando... 
2026-09-30 14:24:20 [INFO]: [Telegram] Iniciando launch()... 
2026-09-30 14:24:20 [INFO]: [Telegram] ✅ Pronto como  () 
2026-09-30 14:24:20 [INFO]: [TelegramAdapter] Inicializando... 
2026-09-30 14:24:20 [INFO]: [Telegram] Iniciando launch()... 
2026-09-30 14:24:20 [INFO]: [Telegram] ✅ Pronto como  () 
2026-09-30 14:24:20 [INFO]: [TelegramAdapter] Inicializando... 
2026-09-30 14:24:20 [INFO]: [Telegram] Iniciando launch()... 
2026-09-30 14:24:20 [INFO]: [Telegram] ✅ Pronto como  () 
2026-09-30 14:24:20 [INFO]: [TelegramAdapter] Inicializando... 
2026-09-30 14:24:20 [INFO]: [TelegramAdapter] Já estava pronto 
2026-09-30 14:24:20 [INFO]: [TelegramAdapter] Inicializando... 
2026-09-30 14:24:20 [INFO]: [Telegram] Iniciando launch()... 
2026-09-30 14:24:20 [INFO]: [Telegram] ✅ Pronto como  () 
2026-09-30 14:24:20 [INFO]: [TelegramAdapter] Inicializando... 
2026-09-30 14:24:20 [INFO]: [Telegram] Iniciando launch()... 
2026-09-30 14:24:20 [INFO]: [Telegram] ✅ Pronto como  () 
2026-09-30 14:24:20 [INFO]: [Discord] Cliente v14 inicializado com intents, partials e presence 
2026-09-30 14:24:20 [INFO]: [Discord] Iniciando login... 
2026-09-30 14:24:21 [INFO]: [Discord] ✅ Pronto como TestDiscordBot (1111) 
2026-09-30 14:24:21 [ERROR]: ❌ [[Discord] Erro ao definir presença:] this.client.user?.setPresence is not a function
2026-09-30 14:24:21 [INFO]: [Discord] Chamada de login concluída 
2026-09-30 14:24:21 [INFO]: [Discord] Cliente v14 inicializado com intents, partials e presence 
2026-09-30 14:24:21 [INFO]: [Discord] Iniciando login... 
2026-09-30 14:24:21 [ERROR]: ❌ [Erro no comando $stats:] SQLITE_ERROR: no such table: feedbacks
2026-09-30 14:24:21 [INFO]: [Discord] ✅ Pronto como TestDiscordBot (1111) 
2026-09-30 14:24:21 [ERROR]:    Stack: 
2026-09-30 14:24:21 [INFO]: 🛑 [SHUTDOWN] Comando executado por: 5588998314322@c.us 
2026-09-30 14:24:21 [ERROR]: ❌ [❌ Erro no $grupos:] ctx.client.getChats is not a function
2026-09-30 14:24:21 [ERROR]:    Stack: at Object.execute (D:\Desktop\Programas\bot-wpp\src\bot\commands\grupos.ts:18:44)
2026-09-30 14:24:21 [ERROR]: ❌ [[Discord] Erro ao definir presença:] this.client.user?.setPresence is not a function
2026-09-30 14:24:21 [INFO]: [Discord] Chamada de login concluída 
2026-09-30 14:24:21 [INFO]: [Discord] Iniciando login... 
2026-09-30 14:24:21 [INFO]: [Discord] Chamada de login concluída 
2026-09-30 14:24:21 [INFO]: [Discord] Cliente v14 inicializado com intents, partials e presence 
2026-09-30 14:24:21 [INFO]: [Discord] Iniciando login... 
2026-09-30 14:24:21 [INFO]: [Discord] ✅ Pronto como TestDiscordBot (1111) 
2026-09-30 14:24:21 [ERROR]: ❌ [[Discord] Erro ao definir presença:] this.client.user?.setPresence is not a function
2026-09-30 14:24:21 [INFO]: [Discord] Chamada de login concluída 
2026-09-30 14:24:21 [ERROR]: ❌ [[ScreenCommand] Erro:] connect ECONNREFUSED 127.0.0.1:3002
2026-09-30 14:24:21 [ERROR]:    Stack: at TCPConnectWrap.afterConnect [as oncomplete] (node:net:2017:16)
2026-09-30 14:24:21 [INFO]: 🛑 [SHUTDOWN] Comando executado por: 5588998314322@c.us 
2026-09-30 14:24:24 [INFO]: [DiscordScreenService] Missing required Discord credentials, screen sharing disabled 
2026-09-30 14:24:24 [INFO]: [DiscordScreenService] Gerenciado externamente (DISCORD_SCREEN_EXTERNAL) — spawn interno desativado 
2026-09-30 14:24:24 [INFO]: [DiscordScreenService] Gerenciado externamente (DISCORD_SCREEN_EXTERNAL) — spawn interno desativado 
2026-09-30 14:24:24 [ERROR]: [memberJoinService] Erro ao processar entrada
2026-09-30 14:24:28 [INFO]: [keywordHandler] Palavra-chave detectada, resposta enviada
2026-09-30 14:24:31 [WARN]: [BaileysSender] sendMessage: socket existe mas NÃO está pronto (readyState !== OPEN) 
2026-09-30 14:24:31 [INFO]: [BaileysSender.sendMessage] Reply: quotedRaw=false, replyTo=original:123, originalKey=NAO 
2026-09-30 14:24:31 [INFO]: [BaileysSender.sendMessage] Quoted payload construído: keyId=123, hasMessage=true 
2026-09-30 14:24:31 [WARN]: [BaileysSender] sendMessage: socket existe mas NÃO está pronto (readyState !== OPEN) 
2026-09-30 14:24:31 [INFO]: [BaileysSender.sendMessage] Reply: quotedRaw=false, replyTo=original:123, originalKey=NAO 
2026-09-30 14:24:31 [INFO]: [BaileysSender.sendMessage] Quoted payload construído: keyId=123, hasMessage=true 
2026-09-30 14:24:31 [WARN]: [BaileysSender] sendMessage: socket existe mas NÃO está pronto (readyState !== OPEN) 
2026-09-30 14:24:31 [INFO]: [BaileysSender.sendMessage] Reply: quotedRaw=false, replyTo=undefined, originalKey=NAO 
2026-09-30 14:24:31 [WARN]: [BaileysSender] sendMessage: socket existe mas NÃO está pronto (readyState !== OPEN) 
2026-09-30 14:24:31 [INFO]: [BaileysSender.sendMessage] Reply: quotedRaw=false, replyTo=original:123, originalKey=NAO 
2026-09-30 14:24:31 [INFO]: [BaileysSender.sendMessage] Quoted payload construído: keyId=123, hasMessage=true 
2026-09-30 14:24:35 [INFO]: [Discord] Cliente v14 inicializado com intents, partials e presence 
2026-09-30 14:24:56 [ERROR]: [DB] Falha ao registrar infração
2026-09-30 14:24:59 [INFO]: [TelegramAdapter] Inicializando... 
2026-09-30 14:24:59 [INFO]: [Telegram] Iniciando launch()... 
2026-09-30 14:24:59 [INFO]: [Telegram] ✅ Pronto como  () 
2026-09-30 14:24:59 [INFO]: [TelegramAdapter] Inicializando... 
2026-09-30 14:24:59 [INFO]: [Telegram] Iniciando launch()... 
2026-09-30 14:24:59 [INFO]: [Telegram] ✅ Pronto como  () 
2026-09-30 14:24:59 [INFO]: [TelegramAdapter] Inicializando... 
2026-09-30 14:24:59 [INFO]: [Telegram] Iniciando launch()... 
2026-09-30 14:24:59 [INFO]: [Telegram] ✅ Pronto como  () 
2026-09-30 14:24:59 [INFO]: [TelegramAdapter] Inicializando... 
2026-09-30 14:24:59 [INFO]: [TelegramAdapter] Já estava pronto 
2026-09-30 14:24:59 [INFO]: [TelegramAdapter] Inicializando... 
2026-09-30 14:24:59 [INFO]: [Telegram] Iniciando launch()... 
2026-09-30 14:24:59 [INFO]: [Telegram] ✅ Pronto como  () 
2026-09-30 14:24:59 [INFO]: [TelegramAdapter] Inicializando... 
2026-09-30 14:24:59 [INFO]: [Telegram] Iniciando launch()... 
2026-09-30 14:24:59 [INFO]: [Telegram] ✅ Pronto como  () 
2026-09-30 14:24:59 [INFO]: [Discord] Cliente v14 inicializado com intents, partials e presence 
2026-09-30 14:24:59 [INFO]: [Discord] Iniciando login... 
2026-09-30 14:24:59 [INFO]: [Discord] ✅ Pronto como TestDiscordBot (1111) 
2026-09-30 14:24:59 [ERROR]: ❌ [[Discord] Erro ao definir presença:] this.client.user?.setPresence is not a function
2026-09-30 14:24:59 [INFO]: [Discord] Chamada de login concluída 
2026-09-30 14:24:59 [INFO]: [Discord] Cliente v14 inicializado com intents, partials e presence 
2026-09-30 14:24:59 [INFO]: [Discord] Iniciando login... 
2026-09-30 14:24:59 [INFO]: [Discord] ✅ Pronto como TestDiscordBot (1111) 
2026-09-30 14:24:59 [ERROR]: ❌ [[Discord] Erro ao definir presença:] this.client.user?.setPresence is not a function
2026-09-30 14:24:59 [INFO]: [Discord] Chamada de login concluída 
2026-09-30 14:24:59 [INFO]: [Discord] Iniciando login... 
2026-09-30 14:24:59 [INFO]: [Discord] Chamada de login concluída 
2026-09-30 14:24:59 [INFO]: [Discord] Cliente v14 inicializado com intents, partials e presence 
2026-09-30 14:24:59 [INFO]: [Discord] Iniciando login... 
2026-09-30 14:24:59 [INFO]: [Discord] ✅ Pronto como TestDiscordBot (1111) 
2026-09-30 14:24:59 [ERROR]: ❌ [[Discord] Erro ao definir presença:] this.client.user?.setPresence is not a function
2026-09-30 14:24:59 [INFO]: [Discord] Chamada de login concluída 
2026-09-30 14:25:01 [ERROR]: ❌ [Erro no comando $stats:] SQLITE_ERROR: no such table: feedbacks
2026-09-30 14:25:01 [ERROR]:    Stack: 
2026-09-30 14:25:01 [INFO]: 🛑 [SHUTDOWN] Comando executado por: 5588998314322@c.us 
2026-09-30 14:25:01 [ERROR]: ❌ [❌ Erro no $grupos:] ctx.client.getChats is not a function
2026-09-30 14:25:01 [ERROR]:    Stack: at Object.execute (D:\Desktop\Programas\bot-wpp\src\bot\commands\grupos.ts:18:44)
2026-09-30 14:25:01 [ERROR]: ❌ [[ScreenCommand] Erro:] connect ECONNREFUSED 127.0.0.1:3002
2026-09-30 14:25:01 [ERROR]:    Stack: at TCPConnectWrap.afterConnect [as oncomplete] (node:net:2017:16)
2026-09-30 14:25:01 [INFO]: 🛑 [SHUTDOWN] Comando executado por: 5588998314322@c.us 
2026-09-30 14:25:01 [ERROR]: [DB] Falha ao registrar infração
2026-09-30 14:25:01 [ERROR]: [DB] Falha ao registrar infração
2026-09-30 14:25:02 [ERROR]: [DB] Falha ao registrar infração
2026-09-30 14:25:02 [ERROR]: [DB] Falha ao registrar infração
2026-09-30 14:25:02 [ERROR]: [DB] Falha ao registrar infração
2026-09-30 14:25:02 [ERROR]: [DB] Falha ao registrar infração
2026-09-30 14:25:02 [ERROR]: [DB] Falha ao registrar infração
2026-09-30 14:25:02 [ERROR]: [DB] Falha ao registrar infração
2026-09-30 14:25:02 [ERROR]: [DB] Falha ao registrar infração
2026-09-30 14:25:07 [ERROR]: [memberJoinService] Erro ao processar entrada
2026-09-30 14:25:08 [WARN]: [BaileysSender] sendMessage: socket existe mas NÃO está pronto (readyState !== OPEN) 
2026-09-30 14:25:08 [INFO]: [BaileysSender.sendMessage] Reply: quotedRaw=false, replyTo=original:123, originalKey=NAO 
2026-09-30 14:25:08 [INFO]: [BaileysSender.sendMessage] Quoted payload construído: keyId=123, hasMessage=true 
2026-09-30 14:25:08 [WARN]: [BaileysSender] sendMessage: socket existe mas NÃO está pronto (readyState !== OPEN) 
2026-09-30 14:25:08 [INFO]: [BaileysSender.sendMessage] Reply: quotedRaw=false, replyTo=original:123, originalKey=NAO 
2026-09-30 14:25:08 [INFO]: [BaileysSender.sendMessage] Quoted payload construído: keyId=123, hasMessage=true 
2026-09-30 14:25:08 [WARN]: [BaileysSender] sendMessage: socket existe mas NÃO está pronto (readyState !== OPEN) 
2026-09-30 14:25:08 [INFO]: [BaileysSender.sendMessage] Reply: quotedRaw=false, replyTo=undefined, originalKey=NAO 
2026-09-30 14:25:08 [WARN]: [BaileysSender] sendMessage: socket existe mas NÃO está pronto (readyState !== OPEN) 
2026-09-30 14:25:08 [INFO]: [BaileysSender.sendMessage] Reply: quotedRaw=false, replyTo=original:123, originalKey=NAO 
2026-09-30 14:25:08 [INFO]: [BaileysSender.sendMessage] Quoted payload construído: keyId=123, hasMessage=true 
2026-09-30 14:25:09 [INFO]: [DiscordScreenService] Missing required Discord credentials, screen sharing disabled 
2026-09-30 14:25:09 [INFO]: [DiscordScreenService] Gerenciado externamente (DISCORD_SCREEN_EXTERNAL) — spawn interno desativado 
2026-09-30 14:25:09 [INFO]: [DiscordScreenService] Gerenciado externamente (DISCORD_SCREEN_EXTERNAL) — spawn interno desativado 
2026-09-30 14:25:10 [INFO]: [keywordHandler] Palavra-chave detectada, resposta enviada
2026-09-30 14:25:13 [INFO]: [Discord] Cliente v14 inicializado com intents, partials e presence 
2026-09-30 14:25:24 [ERROR]: [DB] Falha ao registrar infração
2026-09-30 14:25:26 [ERROR]: [DB] Falha ao registrar infração
2026-09-30 14:25:26 [ERROR]: [DB] Falha ao registrar infração
2026-09-30 14:25:26 [ERROR]: [DB] Falha ao registrar infração
2026-09-30 14:25:27 [ERROR]: [DB] Falha ao registrar infração
2026-09-30 14:25:27 [ERROR]: [DB] Falha ao registrar infração
2026-09-30 14:25:27 [ERROR]: [DB] Falha ao registrar infração
2026-09-30 14:25:27 [ERROR]: [DB] Falha ao registrar infração
2026-09-30 14:25:27 [ERROR]: [DB] Falha ao registrar infração
2026-09-30 14:25:27 [ERROR]: [DB] Falha ao registrar infração
2026-09-30 14:25:28 [ERROR]: ❌ [Erro no comando $stats:] SQLITE_ERROR: no such table: feedbacks
2026-09-30 14:25:28 [INFO]: [DiscordScreenService] Missing required Discord credentials, screen sharing disabled 
2026-09-30 14:25:28 [INFO]: [DiscordScreenService] Gerenciado externamente (DISCORD_SCREEN_EXTERNAL) — spawn interno desativado 
2026-09-30 14:25:28 [INFO]: [DiscordScreenService] Gerenciado externamente (DISCORD_SCREEN_EXTERNAL) — spawn interno desativado 
2026-09-30 14:25:28 [ERROR]:    Stack: 
2026-09-30 14:25:28 [INFO]: 🛑 [SHUTDOWN] Comando executado por: 5588998314322@c.us 
2026-09-30 14:25:28 [ERROR]: ❌ [❌ Erro no $grupos:] ctx.client.getChats is not a function
2026-09-30 14:25:28 [ERROR]:    Stack: at Object.execute (D:\Desktop\Programas\bot-wpp\src\bot\commands\grupos.ts:18:44)
2026-09-30 14:25:28 [ERROR]: ❌ [[ScreenCommand] Erro:] connect ECONNREFUSED 127.0.0.1:3002
2026-09-30 14:25:28 [ERROR]:    Stack: at TCPConnectWrap.afterConnect [as oncomplete] (node:net:2017:16)
2026-09-30 14:25:28 [INFO]: 🛑 [SHUTDOWN] Comando executado por: 5588998314322@c.us 
2026-09-30 14:25:30 [INFO]: [TelegramAdapter] Inicializando... 
2026-09-30 14:25:30 [INFO]: [Telegram] Iniciando launch()... 
2026-09-30 14:25:30 [INFO]: [Telegram] ✅ Pronto como  () 
2026-09-30 14:25:30 [INFO]: [TelegramAdapter] Inicializando... 
2026-09-30 14:25:30 [INFO]: [Telegram] Iniciando launch()... 
2026-09-30 14:25:30 [INFO]: [Telegram] ✅ Pronto como  () 
2026-09-30 14:25:30 [INFO]: [TelegramAdapter] Inicializando... 
2026-09-30 14:25:30 [INFO]: [Telegram] Iniciando launch()... 
2026-09-30 14:25:30 [INFO]: [Telegram] ✅ Pronto como  () 
2026-09-30 14:25:30 [INFO]: [TelegramAdapter] Inicializando... 
2026-09-30 14:25:30 [INFO]: [TelegramAdapter] Já estava pronto 
2026-09-30 14:25:30 [INFO]: [TelegramAdapter] Inicializando... 
2026-09-30 14:25:30 [INFO]: [Telegram] Iniciando launch()... 
2026-09-30 14:25:30 [INFO]: [Telegram] ✅ Pronto como  () 
2026-09-30 14:25:30 [INFO]: [TelegramAdapter] Inicializando... 
2026-09-30 14:25:30 [INFO]: [Telegram] Iniciando launch()... 
2026-09-30 14:25:30 [INFO]: [Telegram] ✅ Pronto como  () 
2026-09-30 14:25:30 [INFO]: [Discord] Cliente v14 inicializado com intents, partials e presence 
2026-09-30 14:25:30 [INFO]: [Discord] Iniciando login... 
2026-09-30 14:25:30 [INFO]: [Discord] ✅ Pronto como TestDiscordBot (1111) 
2026-09-30 14:25:30 [ERROR]: ❌ [[Discord] Erro ao definir presença:] this.client.user?.setPresence is not a function
2026-09-30 14:25:30 [INFO]: [Discord] Chamada de login concluída 
2026-09-30 14:25:30 [INFO]: [Discord] Cliente v14 inicializado com intents, partials e presence 
2026-09-30 14:25:30 [INFO]: [Discord] Iniciando login... 
2026-09-30 14:25:30 [INFO]: [Discord] ✅ Pronto como TestDiscordBot (1111) 
2026-09-30 14:25:30 [ERROR]: ❌ [[Discord] Erro ao definir presença:] this.client.user?.setPresence is not a function
2026-09-30 14:25:30 [INFO]: [Discord] Chamada de login concluída 
2026-09-30 14:25:30 [INFO]: [Discord] Iniciando login... 
2026-09-30 14:25:30 [INFO]: [Discord] Chamada de login concluída 
2026-09-30 14:25:30 [INFO]: [Discord] Cliente v14 inicializado com intents, partials e presence 
2026-09-30 14:25:30 [INFO]: [Discord] Iniciando login... 
2026-09-30 14:25:30 [INFO]: [Discord] ✅ Pronto como TestDiscordBot (1111) 
2026-09-30 14:25:30 [ERROR]: ❌ [[Discord] Erro ao definir presença:] this.client.user?.setPresence is not a function
2026-09-30 14:25:30 [INFO]: [Discord] Chamada de login concluída 
2026-09-30 14:25:34 [ERROR]: [memberJoinService] Erro ao processar entrada
2026-09-30 14:25:38 [WARN]: [BaileysSender] sendMessage: socket existe mas NÃO está pronto (readyState !== OPEN) 
2026-09-30 14:25:38 [INFO]: [BaileysSender.sendMessage] Reply: quotedRaw=false, replyTo=original:123, originalKey=NAO 
2026-09-30 14:25:38 [INFO]: [BaileysSender.sendMessage] Quoted payload construído: keyId=123, hasMessage=true 
2026-09-30 14:25:38 [WARN]: [BaileysSender] sendMessage: socket existe mas NÃO está pronto (readyState !== OPEN) 
2026-09-30 14:25:38 [INFO]: [BaileysSender.sendMessage] Reply: quotedRaw=false, replyTo=original:123, originalKey=NAO 
2026-09-30 14:25:38 [INFO]: [BaileysSender.sendMessage] Quoted payload construído: keyId=123, hasMessage=true 
2026-09-30 14:25:38 [WARN]: [BaileysSender] sendMessage: socket existe mas NÃO está pronto (readyState !== OPEN) 
2026-09-30 14:25:38 [INFO]: [BaileysSender.sendMessage] Reply: quotedRaw=false, replyTo=undefined, originalKey=NAO 
2026-09-30 14:25:38 [WARN]: [BaileysSender] sendMessage: socket existe mas NÃO está pronto (readyState !== OPEN) 
2026-09-30 14:25:38 [INFO]: [BaileysSender.sendMessage] Reply: quotedRaw=false, replyTo=original:123, originalKey=NAO 
2026-09-30 14:25:38 [INFO]: [BaileysSender.sendMessage] Quoted payload construído: keyId=123, hasMessage=true 
2026-09-30 14:25:40 [INFO]: [Discord] Cliente v14 inicializado com intents, partials e presence 
2026-09-30 14:25:41 [INFO]: [keywordHandler] Palavra-chave detectada, resposta enviada
2026-09-30 14:25:54 [ERROR]: [DB] Falha ao registrar infração
2026-09-30 14:25:57 [ERROR]: [DB] Falha ao registrar infração
2026-09-30 14:25:57 [ERROR]: [DB] Falha ao registrar infração
2026-09-30 14:25:57 [ERROR]: [DB] Falha ao registrar infração
2026-09-30 14:25:57 [ERROR]: [DB] Falha ao registrar infração
2026-09-30 14:25:57 [ERROR]: [DB] Falha ao registrar infração
2026-09-30 14:25:57 [ERROR]: [DB] Falha ao registrar infração
2026-09-30 14:25:57 [ERROR]: [DB] Falha ao registrar infração
2026-09-30 14:25:57 [ERROR]: [DB] Falha ao registrar infração
2026-09-30 14:25:57 [ERROR]: [DB] Falha ao registrar infração
2026-09-30 14:26:02 [ERROR]: ❌ [Erro no comando $stats:] SQLITE_ERROR: no such table: feedbacks
2026-09-30 14:26:02 [ERROR]:    Stack: 
2026-09-30 14:26:02 [INFO]: 🛑 [SHUTDOWN] Comando executado por: 5588998314322@c.us 
2026-09-30 14:26:02 [ERROR]: ❌ [❌ Erro no $grupos:] ctx.client.getChats is not a function
2026-09-30 14:26:02 [ERROR]:    Stack: at Object.execute (D:\Desktop\Programas\bot-wpp\src\bot\commands\grupos.ts:18:44)
2026-09-30 14:26:02 [ERROR]: ❌ [[ScreenCommand] Erro:] connect ECONNREFUSED 127.0.0.1:3002
2026-09-30 14:26:02 [ERROR]:    Stack: at TCPConnectWrap.afterConnect [as oncomplete] (node:net:2017:16)
2026-09-30 14:26:02 [INFO]: 🛑 [SHUTDOWN] Comando executado por: 5588998314322@c.us 
2026-09-30 14:26:03 [INFO]: [TelegramAdapter] Inicializando... 
2026-09-30 14:26:03 [INFO]: [Telegram] Iniciando launch()... 
2026-09-30 14:26:03 [INFO]: [Telegram] ✅ Pronto como  () 
2026-09-30 14:26:03 [INFO]: [TelegramAdapter] Inicializando... 
2026-09-30 14:26:03 [INFO]: [Telegram] Iniciando launch()... 
2026-09-30 14:26:03 [INFO]: [Telegram] ✅ Pronto como  () 
2026-09-30 14:26:03 [INFO]: [TelegramAdapter] Inicializando... 
2026-09-30 14:26:03 [INFO]: [Telegram] Iniciando launch()... 
2026-09-30 14:26:03 [INFO]: [Telegram] ✅ Pronto como  () 
2026-09-30 14:26:03 [INFO]: [TelegramAdapter] Inicializando... 
2026-09-30 14:26:03 [INFO]: [TelegramAdapter] Já estava pronto 
2026-09-30 14:26:03 [INFO]: [TelegramAdapter] Inicializando... 
2026-09-30 14:26:03 [INFO]: [Telegram] Iniciando launch()... 
2026-09-30 14:26:03 [INFO]: [Telegram] ✅ Pronto como  () 
2026-09-30 14:26:03 [INFO]: [TelegramAdapter] Inicializando... 
2026-09-30 14:26:03 [INFO]: [Telegram] Iniciando launch()... 
2026-09-30 14:26:03 [INFO]: [Telegram] ✅ Pronto como  () 
2026-09-30 14:26:03 [INFO]: [Discord] Cliente v14 inicializado com intents, partials e presence 
2026-09-30 14:26:03 [INFO]: [Discord] Iniciando login... 
2026-09-30 14:26:03 [INFO]: [Discord] ✅ Pronto como TestDiscordBot (1111) 
2026-09-30 14:26:03 [ERROR]: ❌ [[Discord] Erro ao definir presença:] this.client.user?.setPresence is not a function
2026-09-30 14:26:03 [INFO]: [Discord] Chamada de login concluída 
2026-09-30 14:26:04 [INFO]: [Discord] Cliente v14 inicializado com intents, partials e presence 
2026-09-30 14:26:04 [INFO]: [Discord] Iniciando login... 
2026-09-30 14:26:04 [INFO]: [Discord] ✅ Pronto como TestDiscordBot (1111) 
2026-09-30 14:26:04 [ERROR]: ❌ [[Discord] Erro ao definir presença:] this.client.user?.setPresence is not a function
2026-09-30 14:26:04 [INFO]: [Discord] Chamada de login concluída 
2026-09-30 14:26:04 [INFO]: [Discord] Iniciando login... 
2026-09-30 14:26:04 [INFO]: [Discord] Chamada de login concluída 
2026-09-30 14:26:04 [INFO]: [Discord] Cliente v14 inicializado com intents, partials e presence 
2026-09-30 14:26:04 [INFO]: [Discord] Iniciando login... 
2026-09-30 14:26:04 [INFO]: [Discord] ✅ Pronto como TestDiscordBot (1111) 
2026-09-30 14:26:04 [ERROR]: ❌ [[Discord] Erro ao definir presença:] this.client.user?.setPresence is not a function
2026-09-30 14:26:04 [INFO]: [Discord] Chamada de login concluída 
2026-09-30 14:26:05 [WARN]: [BaileysSender] sendMessage: socket existe mas NÃO está pronto (readyState !== OPEN) 
2026-09-30 14:26:05 [INFO]: [BaileysSender.sendMessage] Reply: quotedRaw=false, replyTo=original:123, originalKey=NAO 
2026-09-30 14:26:05 [INFO]: [BaileysSender.sendMessage] Quoted payload construído: keyId=123, hasMessage=true 
2026-09-30 14:26:05 [WARN]: [BaileysSender] sendMessage: socket existe mas NÃO está pronto (readyState !== OPEN) 
2026-09-30 14:26:05 [INFO]: [BaileysSender.sendMessage] Reply: quotedRaw=false, replyTo=original:123, originalKey=NAO 
2026-09-30 14:26:05 [INFO]: [BaileysSender.sendMessage] Quoted payload construído: keyId=123, hasMessage=true 
2026-09-30 14:26:05 [WARN]: [BaileysSender] sendMessage: socket existe mas NÃO está pronto (readyState !== OPEN) 
2026-09-30 14:26:05 [INFO]: [BaileysSender.sendMessage] Reply: quotedRaw=false, replyTo=undefined, originalKey=NAO 
2026-09-30 14:26:05 [WARN]: [BaileysSender] sendMessage: socket existe mas NÃO está pronto (readyState !== OPEN) 
2026-09-30 14:26:05 [INFO]: [BaileysSender.sendMessage] Reply: quotedRaw=false, replyTo=original:123, originalKey=NAO 
2026-09-30 14:26:05 [INFO]: [BaileysSender.sendMessage] Quoted payload construído: keyId=123, hasMessage=true 
2026-09-30 14:26:05 [ERROR]: [memberJoinService] Erro ao processar entrada
2026-09-30 14:26:09 [INFO]: [keywordHandler] Palavra-chave detectada, resposta enviada
2026-09-30 14:26:12 [INFO]: [DiscordScreenService] Missing required Discord credentials, screen sharing disabled 
2026-09-30 14:26:12 [INFO]: [DiscordScreenService] Gerenciado externamente (DISCORD_SCREEN_EXTERNAL) — spawn interno desativado 
2026-09-30 14:26:12 [INFO]: [DiscordScreenService] Gerenciado externamente (DISCORD_SCREEN_EXTERNAL) — spawn interno desativado 
2026-09-30 14:26:15 [INFO]: [Discord] Cliente v14 inicializado com intents, partials e presence 
2026-09-30 16:30:08 [ERROR]: [DB] Falha ao registrar infração
2026-09-30 16:30:09 [ERROR]: [DB] Falha ao registrar infração
2026-09-30 16:30:09 [ERROR]: [DB] Falha ao registrar infração
2026-09-30 16:30:09 [ERROR]: [DB] Falha ao registrar infração
2026-09-30 16:30:09 [ERROR]: [DB] Falha ao registrar infração
2026-09-30 16:30:09 [ERROR]: [DB] Falha ao registrar infração
2026-09-30 16:30:09 [ERROR]: [DB] Falha ao registrar infração
2026-09-30 16:30:10 [ERROR]: [DB] Falha ao registrar infração
2026-09-30 16:30:10 [ERROR]: [DB] Falha ao registrar infração
2026-09-30 16:30:10 [ERROR]: [DB] Falha ao registrar infração
2026-09-30 16:30:11 [INFO]: [TelegramAdapter] Inicializando... 
2026-09-30 16:30:11 [INFO]: [Telegram] Iniciando launch()... 
2026-09-30 16:30:11 [INFO]: [Telegram] ✅ Pronto como  () 
2026-09-30 16:30:11 [INFO]: [TelegramAdapter] Inicializando... 
2026-09-30 16:30:11 [INFO]: [Telegram] Iniciando launch()... 
2026-09-30 16:30:11 [INFO]: [Telegram] ✅ Pronto como  () 
2026-09-30 16:30:11 [INFO]: [TelegramAdapter] Inicializando... 
2026-09-30 16:30:11 [INFO]: [Telegram] Iniciando launch()... 
2026-09-30 16:30:11 [INFO]: [Telegram] ✅ Pronto como  () 
2026-09-30 16:30:11 [INFO]: [TelegramAdapter] Inicializando... 
2026-09-30 16:30:11 [INFO]: [TelegramAdapter] Já estava pronto 
2026-09-30 16:30:11 [INFO]: [TelegramAdapter] Inicializando... 
2026-09-30 16:30:11 [INFO]: [Telegram] Iniciando launch()... 
2026-09-30 16:30:11 [INFO]: [Telegram] ✅ Pronto como  () 
2026-09-30 16:30:11 [INFO]: [TelegramAdapter] Inicializando... 
2026-09-30 16:30:11 [INFO]: [Telegram] Iniciando launch()... 
2026-09-30 16:30:11 [INFO]: [Telegram] ✅ Pronto como  () 
2026-09-30 16:30:11 [INFO]: [Discord] Cliente v14 inicializado com intents, partials e presence 
2026-09-30 16:30:11 [INFO]: [Discord] Iniciando login... 
2026-09-30 16:30:11 [INFO]: [Discord] ✅ Pronto como TestDiscordBot (1111) 
2026-09-30 16:30:11 [ERROR]: ❌ [[Discord] Erro ao definir presença:] this.client.user?.setPresence is not a function
2026-09-30 16:30:11 [INFO]: [Discord] Chamada de login concluída 
2026-09-30 16:30:11 [INFO]: [Discord] Cliente v14 inicializado com intents, partials e presence 
2026-09-30 16:30:11 [INFO]: [Discord] Iniciando login... 
2026-09-30 16:30:11 [ERROR]: ❌ [Erro no comando $stats:] SQLITE_ERROR: no such table: feedbacks
2026-09-30 16:30:11 [INFO]: [Discord] ✅ Pronto como TestDiscordBot (1111) 
2026-09-30 16:30:11 [ERROR]: ❌ [[Discord] Erro ao definir presença:] this.client.user?.setPresence is not a function
2026-09-30 16:30:11 [INFO]: [Discord] Chamada de login concluída 
2026-09-30 16:30:11 [INFO]: [Discord] Iniciando login... 
2026-09-30 16:30:11 [INFO]: [Discord] Chamada de login concluída 
2026-09-30 16:30:11 [INFO]: [Discord] Cliente v14 inicializado com intents, partials e presence 
2026-09-30 16:30:11 [INFO]: [Discord] Iniciando login... 
2026-09-30 16:30:11 [INFO]: [Discord] ✅ Pronto como TestDiscordBot (1111) 
2026-09-30 16:30:11 [ERROR]:    Stack: 
2026-09-30 16:30:11 [INFO]: 🛑 [SHUTDOWN] Comando executado por: 5588998314322@c.us 
2026-09-30 16:30:11 [ERROR]: ❌ [❌ Erro no $grupos:] ctx.client.getChats is not a function
2026-09-30 16:30:11 [ERROR]:    Stack: at Object.execute (D:\Desktop\Programas\bot-wpp\src\bot\commands\grupos.ts:18:44)
2026-09-30 16:30:11 [ERROR]: ❌ [[Discord] Erro ao definir presença:] this.client.user?.setPresence is not a function
2026-09-30 16:30:11 [INFO]: [Discord] Chamada de login concluída 
2026-09-30 16:30:11 [ERROR]: ❌ [[ScreenCommand] Erro:] connect ECONNREFUSED 127.0.0.1:3002
2026-09-30 16:30:11 [ERROR]:    Stack: at TCPConnectWrap.afterConnect [as oncomplete] (node:net:2017:16)
2026-09-30 16:30:11 [INFO]: 🛑 [SHUTDOWN] Comando executado por: 5588998314322@c.us 
2026-09-30 16:30:14 [WARN]: [BaileysSender] sendMessage: socket existe mas NÃO está pronto (readyState !== OPEN) 
2026-09-30 16:30:14 [INFO]: [BaileysSender.sendMessage] Reply: quotedRaw=false, replyTo=original:123, originalKey=NAO 
2026-09-30 16:30:14 [INFO]: [BaileysSender.sendMessage] Quoted payload construído: keyId=123, hasMessage=true 
2026-09-30 16:30:14 [WARN]: [BaileysSender] sendMessage: socket existe mas NÃO está pronto (readyState !== OPEN) 
2026-09-30 16:30:14 [INFO]: [BaileysSender.sendMessage] Reply: quotedRaw=false, replyTo=original:123, originalKey=NAO 
2026-09-30 16:30:14 [INFO]: [BaileysSender.sendMessage] Quoted payload construído: keyId=123, hasMessage=true 
2026-09-30 16:30:14 [WARN]: [BaileysSender] sendMessage: socket existe mas NÃO está pronto (readyState !== OPEN) 
2026-09-30 16:30:14 [INFO]: [BaileysSender.sendMessage] Reply: quotedRaw=false, replyTo=undefined, originalKey=NAO 
2026-09-30 16:30:14 [WARN]: [BaileysSender] sendMessage: socket existe mas NÃO está pronto (readyState !== OPEN) 
2026-09-30 16:30:14 [INFO]: [BaileysSender.sendMessage] Reply: quotedRaw=false, replyTo=original:123, originalKey=NAO 
2026-09-30 16:30:14 [INFO]: [BaileysSender.sendMessage] Quoted payload construído: keyId=123, hasMessage=true 
2026-09-30 16:30:15 [ERROR]: [memberJoinService] Erro ao processar entrada
2026-09-30 16:30:15 [INFO]: [keywordHandler] Palavra-chave detectada, resposta enviada
2026-09-30 16:30:15 [INFO]: [DiscordScreenService] Missing required Discord credentials, screen sharing disabled 
2026-09-30 16:30:15 [INFO]: [DiscordScreenService] Gerenciado externamente (DISCORD_SCREEN_EXTERNAL) — spawn interno desativado 
2026-09-30 16:30:15 [INFO]: [DiscordScreenService] Gerenciado externamente (DISCORD_SCREEN_EXTERNAL) — spawn interno desativado 
2026-09-30 16:30:17 [INFO]: [Discord] Cliente v14 inicializado com intents, partials e presence 
2026-09-30 17:15:02 [ERROR]: [DB] Falha ao registrar infração
2026-09-30 17:15:04 [ERROR]: [DB] Falha ao registrar infração
2026-09-30 17:15:04 [ERROR]: [DB] Falha ao registrar infração
2026-09-30 17:15:04 [ERROR]: [DB] Falha ao registrar infração
2026-09-30 17:15:04 [ERROR]: [DB] Falha ao registrar infração
2026-09-30 17:15:04 [ERROR]: [DB] Falha ao registrar infração
2026-09-30 17:15:04 [ERROR]: [DB] Falha ao registrar infração
2026-09-30 17:15:04 [ERROR]: [DB] Falha ao registrar infração
2026-09-30 17:15:04 [ERROR]: [DB] Falha ao registrar infração
2026-09-30 17:15:04 [ERROR]: [DB] Falha ao registrar infração
2026-09-30 17:15:06 [INFO]: [TelegramAdapter] Inicializando... 
2026-09-30 17:15:06 [INFO]: [Telegram] Iniciando launch()... 
2026-09-30 17:15:06 [INFO]: [Telegram] ✅ Pronto como  () 
2026-09-30 17:15:06 [INFO]: [TelegramAdapter] Inicializando... 
2026-09-30 17:15:06 [INFO]: [Telegram] Iniciando launch()... 
2026-09-30 17:15:06 [INFO]: [Telegram] ✅ Pronto como  () 
2026-09-30 17:15:06 [INFO]: [TelegramAdapter] Inicializando... 
2026-09-30 17:15:06 [INFO]: [Telegram] Iniciando launch()... 
2026-09-30 17:15:06 [INFO]: [Telegram] ✅ Pronto como  () 
2026-09-30 17:15:06 [INFO]: [TelegramAdapter] Inicializando... 
2026-09-30 17:15:06 [INFO]: [TelegramAdapter] Já estava pronto 
2026-09-30 17:15:06 [INFO]: [TelegramAdapter] Inicializando... 
2026-09-30 17:15:06 [INFO]: [Telegram] Iniciando launch()... 
2026-09-30 17:15:06 [INFO]: [Telegram] ✅ Pronto como  () 
2026-09-30 17:15:06 [INFO]: [TelegramAdapter] Inicializando... 
2026-09-30 17:15:06 [INFO]: [Telegram] Iniciando launch()... 
2026-09-30 17:15:06 [INFO]: [Telegram] ✅ Pronto como  () 
2026-09-30 17:15:06 [INFO]: [Discord] Cliente v14 inicializado com intents, partials e presence 
2026-09-30 17:15:06 [INFO]: [Discord] Iniciando login... 
2026-09-30 17:15:06 [INFO]: [Discord] ✅ Pronto como TestDiscordBot (1111) 
2026-09-30 17:15:06 [ERROR]: ❌ [[Discord] Erro ao definir presença:] this.client.user?.setPresence is not a function
2026-09-30 17:15:06 [INFO]: [Discord] Chamada de login concluída 
2026-09-30 17:15:06 [INFO]: [Discord] Cliente v14 inicializado com intents, partials e presence 
2026-09-30 17:15:06 [INFO]: [Discord] Iniciando login... 
2026-09-30 17:15:06 [INFO]: [Discord] ✅ Pronto como TestDiscordBot (1111) 
2026-09-30 17:15:06 [ERROR]: ❌ [[Discord] Erro ao definir presença:] this.client.user?.setPresence is not a function
2026-09-30 17:15:06 [INFO]: [Discord] Chamada de login concluída 
2026-09-30 17:15:06 [INFO]: [Discord] Iniciando login... 
2026-09-30 17:15:06 [INFO]: [Discord] Chamada de login concluída 
2026-09-30 17:15:06 [INFO]: [Discord] Cliente v14 inicializado com intents, partials e presence 
2026-09-30 17:15:06 [INFO]: [Discord] Iniciando login... 
2026-09-30 17:15:06 [INFO]: [Discord] ✅ Pronto como TestDiscordBot (1111) 
2026-09-30 17:15:06 [ERROR]: ❌ [[Discord] Erro ao definir presença:] this.client.user?.setPresence is not a function
2026-09-30 17:15:06 [INFO]: [Discord] Chamada de login concluída 
2026-09-30 17:15:19 [INFO]: 🛑 [SHUTDOWN] Comando executado por: 5588998314322@c.us 
2026-09-30 17:15:19 [ERROR]: ❌ [Erro no comando $stats:] SQLITE_ERROR: no such table: feedbacks
2026-09-30 17:15:19 [ERROR]:    Stack: 
2026-09-30 17:15:19 [INFO]: 🛑 [SHUTDOWN] Comando executado por: 5588998314322@c.us 
2026-09-30 17:15:19 [ERROR]: ❌ [❌ Erro no $grupos:] ctx.client.getChats is not a function
2026-09-30 17:15:19 [ERROR]:    Stack: at Object.execute (D:\Desktop\Programas\bot-wpp\src\bot\commands\grupos.ts:18:44)
2026-09-30 17:15:19 [ERROR]: ❌ [[ScreenCommand] Erro:] connect ECONNREFUSED 127.0.0.1:3002
2026-09-30 17:15:19 [ERROR]:    Stack: at TCPConnectWrap.afterConnect [as oncomplete] (node:net:2017:16)
2026-09-30 17:15:24 [ERROR]: [memberJoinService] Erro ao processar entrada
2026-09-30 17:15:28 [INFO]: [keywordHandler] Palavra-chave detectada, resposta enviada
2026-09-30 17:15:28 [INFO]: [DiscordScreenService] Missing required Discord credentials, screen sharing disabled 
2026-09-30 17:15:28 [INFO]: [DiscordScreenService] Gerenciado externamente (DISCORD_SCREEN_EXTERNAL) — spawn interno desativado 
2026-09-30 17:15:28 [INFO]: [DiscordScreenService] Gerenciado externamente (DISCORD_SCREEN_EXTERNAL) — spawn interno desativado 
2026-09-30 17:15:30 [INFO]: [Discord] Cliente v14 inicializado com intents, partials e presence 
2026-09-30 17:15:39 [WARN]: [BaileysSender] sendMessage: socket existe mas NÃO está pronto (readyState !== OPEN) 
2026-09-30 17:15:39 [INFO]: [BaileysSender.sendMessage] Reply: quotedRaw=false, replyTo=original:123, originalKey=NAO 
2026-09-30 17:15:39 [INFO]: [BaileysSender.sendMessage] Quoted payload construído: keyId=123, hasMessage=true 
2026-09-30 17:15:39 [WARN]: [BaileysSender] sendMessage: socket existe mas NÃO está pronto (readyState !== OPEN) 
2026-09-30 17:15:39 [INFO]: [BaileysSender.sendMessage] Reply: quotedRaw=false, replyTo=original:123, originalKey=NAO 
2026-09-30 17:15:39 [INFO]: [BaileysSender.sendMessage] Quoted payload construído: keyId=123, hasMessage=true 
2026-09-30 17:15:39 [WARN]: [BaileysSender] sendMessage: socket existe mas NÃO está pronto (readyState !== OPEN) 
2026-09-30 17:15:39 [INFO]: [BaileysSender.sendMessage] Reply: quotedRaw=false, replyTo=undefined, originalKey=NAO 
2026-09-30 17:15:39 [WARN]: [BaileysSender] sendMessage: socket existe mas NÃO está pronto (readyState !== OPEN) 
2026-09-30 17:15:39 [INFO]: [BaileysSender.sendMessage] Reply: quotedRaw=false, replyTo=original:123, originalKey=NAO 
2026-09-30 17:15:39 [INFO]: [BaileysSender.sendMessage] Quoted payload construído: keyId=123, hasMessage=true 
2026-09-30 17:15:59 [ERROR]: ❌ [Erro no comando $stats:] SQLITE_ERROR: no such table: feedbacks
2026-09-30 17:15:59 [ERROR]:    Stack: 
2026-09-30 17:15:59 [INFO]: 🛑 [SHUTDOWN] Comando executado por: 5588998314322@c.us 
2026-09-30 17:15:59 [ERROR]: ❌ [❌ Erro no $grupos:] ctx.client.getChats is not a function
2026-09-30 17:15:59 [ERROR]:    Stack: at Object.execute (D:\Desktop\Programas\bot-wpp\src\bot\commands\grupos.ts:18:44)
2026-09-30 17:15:59 [ERROR]: ❌ [[ScreenCommand] Erro:] connect ECONNREFUSED 127.0.0.1:3002
2026-09-30 17:15:59 [ERROR]:    Stack: at TCPConnectWrap.afterConnect [as oncomplete] (node:net:2017:16)
2026-09-30 17:16:00 [INFO]: 🛑 [SHUTDOWN] Comando executado por: 5588998314322@c.us 
2026-09-30 17:17:05 [ERROR]: ❌ [Erro no comando $stats:] SQLITE_ERROR: no such table: feedbacks
2026-09-30 17:17:05 [ERROR]:    Stack: 
2026-09-30 17:17:05 [INFO]: 🛑 [SHUTDOWN] Comando executado por: 5588998314322@c.us 
2026-09-30 17:17:05 [ERROR]: ❌ [❌ Erro no $grupos:] ctx.client.getChats is not a function
2026-09-30 17:17:05 [ERROR]:    Stack: at Object.execute (D:\Desktop\Programas\bot-wpp\src\bot\commands\grupos.ts:18:44)
2026-09-30 17:17:05 [ERROR]: ❌ [[ScreenCommand] Erro:] connect ECONNREFUSED 127.0.0.1:3002
2026-09-30 17:17:05 [ERROR]:    Stack: at TCPConnectWrap.afterConnect [as oncomplete] (node:net:2017:16)
2026-09-30 17:17:05 [INFO]: 🛑 [SHUTDOWN] Comando executado por: 5588998314322@c.us 
2026-09-30 17:17:08 [ERROR]: [DB] Falha ao registrar infração
2026-09-30 17:17:13 [ERROR]: [DB] Falha ao registrar infração
2026-09-30 17:17:13 [ERROR]: [DB] Falha ao registrar infração
2026-09-30 17:17:13 [ERROR]: [DB] Falha ao registrar infração
2026-09-30 17:17:13 [ERROR]: [DB] Falha ao registrar infração
2026-09-30 17:17:13 [ERROR]: [DB] Falha ao registrar infração
2026-09-30 17:17:13 [ERROR]: [DB] Falha ao registrar infração
2026-09-30 17:17:13 [ERROR]: [DB] Falha ao registrar infração
2026-09-30 17:17:13 [ERROR]: [DB] Falha ao registrar infração
2026-09-30 17:17:13 [ERROR]: [DB] Falha ao registrar infração
2026-09-30 17:17:14 [INFO]: [TelegramAdapter] Inicializando... 
2026-09-30 17:17:14 [INFO]: [Telegram] Iniciando launch()... 
2026-09-30 17:17:14 [INFO]: [Telegram] ✅ Pronto como  () 
2026-09-30 17:17:14 [INFO]: [TelegramAdapter] Inicializando... 
2026-09-30 17:17:14 [INFO]: [Telegram] Iniciando launch()... 
2026-09-30 17:17:14 [INFO]: [Telegram] ✅ Pronto como  () 
2026-09-30 17:17:14 [INFO]: [TelegramAdapter] Inicializando... 
2026-09-30 17:17:14 [INFO]: [Telegram] Iniciando launch()... 
2026-09-30 17:17:14 [INFO]: [Telegram] ✅ Pronto como  () 
2026-09-30 17:17:14 [INFO]: [TelegramAdapter] Inicializando... 
2026-09-30 17:17:14 [INFO]: [TelegramAdapter] Já estava pronto 
2026-09-30 17:17:14 [INFO]: [TelegramAdapter] Inicializando... 
2026-09-30 17:17:14 [INFO]: [Telegram] Iniciando launch()... 
2026-09-30 17:17:14 [INFO]: [Telegram] ✅ Pronto como  () 
2026-09-30 17:17:14 [INFO]: [TelegramAdapter] Inicializando... 
2026-09-30 17:17:14 [INFO]: [Telegram] Iniciando launch()... 
2026-09-30 17:17:14 [INFO]: [Telegram] ✅ Pronto como  () 
2026-09-30 17:17:14 [INFO]: [Discord] Cliente v14 inicializado com intents, partials e presence 
2026-09-30 17:17:14 [INFO]: [Discord] Iniciando login... 
2026-09-30 17:17:14 [INFO]: [Discord] ✅ Pronto como TestDiscordBot (1111) 
2026-09-30 17:17:14 [ERROR]: ❌ [[Discord] Erro ao definir presença:] this.client.user?.setPresence is not a function
2026-09-30 17:17:14 [INFO]: [Discord] Chamada de login concluída 
2026-09-30 17:17:14 [INFO]: [Discord] Cliente v14 inicializado com intents, partials e presence 
2026-09-30 17:17:14 [INFO]: [Discord] Iniciando login... 
2026-09-30 17:17:14 [INFO]: [Discord] ✅ Pronto como TestDiscordBot (1111) 
2026-09-30 17:17:14 [ERROR]: ❌ [[Discord] Erro ao definir presença:] this.client.user?.setPresence is not a function
2026-09-30 17:17:14 [INFO]: [Discord] Chamada de login concluída 
2026-09-30 17:17:14 [INFO]: [Discord] Iniciando login... 
2026-09-30 17:17:14 [INFO]: [Discord] Chamada de login concluída 
2026-09-30 17:17:14 [INFO]: [Discord] Cliente v14 inicializado com intents, partials e presence 
2026-09-30 17:17:14 [INFO]: [Discord] Iniciando login... 
2026-09-30 17:17:14 [INFO]: [Discord] ✅ Pronto como TestDiscordBot (1111) 
2026-09-30 17:17:14 [ERROR]: ❌ [[Discord] Erro ao definir presença:] this.client.user?.setPresence is not a function
2026-09-30 17:17:14 [INFO]: [Discord] Chamada de login concluída 
2026-09-30 17:17:17 [ERROR]: [memberJoinService] Erro ao processar entrada
2026-09-30 17:17:21 [WARN]: [BaileysSender] sendMessage: socket existe mas NÃO está pronto (readyState !== OPEN) 
2026-09-30 17:17:21 [INFO]: [BaileysSender.sendMessage] Reply: quotedRaw=false, replyTo=original:123, originalKey=NAO 
2026-09-30 17:17:21 [INFO]: [BaileysSender.sendMessage] Quoted payload construído: keyId=123, hasMessage=true 
2026-09-30 17:17:21 [WARN]: [BaileysSender] sendMessage: socket existe mas NÃO está pronto (readyState !== OPEN) 
2026-09-30 17:17:21 [INFO]: [BaileysSender.sendMessage] Reply: quotedRaw=false, replyTo=original:123, originalKey=NAO 
2026-09-30 17:17:21 [INFO]: [BaileysSender.sendMessage] Quoted payload construído: keyId=123, hasMessage=true 
2026-09-30 17:17:21 [WARN]: [BaileysSender] sendMessage: socket existe mas NÃO está pronto (readyState !== OPEN) 
2026-09-30 17:17:21 [INFO]: [BaileysSender.sendMessage] Reply: quotedRaw=false, replyTo=undefined, originalKey=NAO 
2026-09-30 17:17:21 [WARN]: [BaileysSender] sendMessage: socket existe mas NÃO está pronto (readyState !== OPEN) 
2026-09-30 17:17:21 [INFO]: [BaileysSender.sendMessage] Reply: quotedRaw=false, replyTo=original:123, originalKey=NAO 
2026-09-30 17:17:21 [INFO]: [BaileysSender.sendMessage] Quoted payload construído: keyId=123, hasMessage=true 
2026-09-30 17:17:23 [INFO]: [keywordHandler] Palavra-chave detectada, resposta enviada
2026-09-30 17:17:24 [INFO]: [DiscordScreenService] Missing required Discord credentials, screen sharing disabled 
2026-09-30 17:17:24 [INFO]: [DiscordScreenService] Gerenciado externamente (DISCORD_SCREEN_EXTERNAL) — spawn interno desativado 
2026-09-30 17:17:24 [INFO]: [DiscordScreenService] Gerenciado externamente (DISCORD_SCREEN_EXTERNAL) — spawn interno desativado 
2026-09-30 17:17:31 [INFO]: [Discord] Cliente v14 inicializado com intents, partials e presence 
2026-09-30 17:18:14 [ERROR]: ❌ [Erro no comando $stats:] SQLITE_ERROR: no such table: feedbacks
2026-09-30 17:18:14 [ERROR]:    Stack: 
2026-09-30 17:18:14 [INFO]: 🛑 [SHUTDOWN] Comando executado por: 5588998314322@c.us 
2026-09-30 17:18:14 [ERROR]: ❌ [❌ Erro no $grupos:] ctx.client.getChats is not a function
2026-09-30 17:18:14 [ERROR]:    Stack: at Object.execute (D:\Desktop\Programas\bot-wpp\src\bot\commands\grupos.ts:18:44)
2026-09-30 17:18:14 [ERROR]: ❌ [[ScreenCommand] Erro:] connect ECONNREFUSED 127.0.0.1:3002
2026-09-30 17:18:14 [ERROR]:    Stack: at TCPConnectWrap.afterConnect [as oncomplete] (node:net:2017:16)
2026-09-30 17:18:15 [INFO]: 🛑 [SHUTDOWN] Comando executado por: 5588998314322@c.us 
2026-09-30 17:18:22 [ERROR]: [DB] Falha ao registrar infração
2026-09-30 17:18:25 [ERROR]: [DB] Falha ao registrar infração
2026-09-30 17:18:25 [ERROR]: [DB] Falha ao registrar infração
2026-09-30 17:18:25 [ERROR]: [DB] Falha ao registrar infração
2026-09-30 17:18:25 [ERROR]: [DB] Falha ao registrar infração
2026-09-30 17:18:25 [ERROR]: [DB] Falha ao registrar infração
2026-09-30 17:18:25 [ERROR]: [DB] Falha ao registrar infração
2026-09-30 17:18:25 [ERROR]: [DB] Falha ao registrar infração
2026-09-30 17:18:25 [ERROR]: [DB] Falha ao registrar infração
2026-09-30 17:18:25 [ERROR]: [DB] Falha ao registrar infração
2026-09-30 17:18:27 [WARN]: [BaileysSender] sendMessage: socket existe mas NÃO está pronto (readyState !== OPEN) 
2026-09-30 17:18:27 [INFO]: [BaileysSender.sendMessage] Reply: quotedRaw=false, replyTo=original:123, originalKey=NAO 
2026-09-30 17:18:27 [INFO]: [BaileysSender.sendMessage] Quoted payload construído: keyId=123, hasMessage=true 
2026-09-30 17:18:27 [WARN]: [BaileysSender] sendMessage: socket existe mas NÃO está pronto (readyState !== OPEN) 
2026-09-30 17:18:27 [INFO]: [BaileysSender.sendMessage] Reply: quotedRaw=false, replyTo=original:123, originalKey=NAO 
2026-09-30 17:18:27 [INFO]: [BaileysSender.sendMessage] Quoted payload construído: keyId=123, hasMessage=true 
2026-09-30 17:18:27 [WARN]: [BaileysSender] sendMessage: socket existe mas NÃO está pronto (readyState !== OPEN) 
2026-09-30 17:18:27 [INFO]: [BaileysSender.sendMessage] Reply: quotedRaw=false, replyTo=undefined, originalKey=NAO 
2026-09-30 17:18:27 [WARN]: [BaileysSender] sendMessage: socket existe mas NÃO está pronto (readyState !== OPEN) 
2026-09-30 17:18:27 [INFO]: [BaileysSender.sendMessage] Reply: quotedRaw=false, replyTo=original:123, originalKey=NAO 
2026-09-30 17:18:27 [INFO]: [BaileysSender.sendMessage] Quoted payload construído: keyId=123, hasMessage=true 
2026-09-30 17:18:32 [INFO]: [TelegramAdapter] Inicializando... 
2026-09-30 17:18:32 [INFO]: [Telegram] Iniciando launch()... 
2026-09-30 17:18:32 [INFO]: [Telegram] ✅ Pronto como  () 
2026-09-30 17:18:32 [INFO]: [TelegramAdapter] Inicializando... 
2026-09-30 17:18:32 [INFO]: [Telegram] Iniciando launch()... 
2026-09-30 17:18:32 [INFO]: [Telegram] ✅ Pronto como  () 
2026-09-30 17:18:32 [INFO]: [TelegramAdapter] Inicializando... 
2026-09-30 17:18:32 [INFO]: [Telegram] Iniciando launch()... 
2026-09-30 17:18:32 [INFO]: [Telegram] ✅ Pronto como  () 
2026-09-30 17:18:32 [INFO]: [TelegramAdapter] Inicializando... 
2026-09-30 17:18:32 [INFO]: [TelegramAdapter] Já estava pronto 
2026-09-30 17:18:32 [INFO]: [TelegramAdapter] Inicializando... 
2026-09-30 17:18:32 [INFO]: [Telegram] Iniciando launch()... 
2026-09-30 17:18:32 [INFO]: [Telegram] ✅ Pronto como  () 
2026-09-30 17:18:32 [INFO]: [TelegramAdapter] Inicializando... 
2026-09-30 17:18:32 [INFO]: [Telegram] Iniciando launch()... 
2026-09-30 17:18:32 [INFO]: [Telegram] ✅ Pronto como  () 
2026-09-30 17:18:32 [INFO]: [Discord] Cliente v14 inicializado com intents, partials e presence 
2026-09-30 17:18:32 [INFO]: [Discord] Iniciando login... 
2026-09-30 17:18:32 [INFO]: [Discord] ✅ Pronto como TestDiscordBot (1111) 
2026-09-30 17:18:32 [ERROR]: ❌ [[Discord] Erro ao definir presença:] this.client.user?.setPresence is not a function
2026-09-30 17:18:32 [INFO]: [Discord] Chamada de login concluída 
2026-09-30 17:18:32 [INFO]: [Discord] Cliente v14 inicializado com intents, partials e presence 
2026-09-30 17:18:32 [INFO]: [Discord] Iniciando login... 
2026-09-30 17:18:32 [INFO]: [Discord] ✅ Pronto como TestDiscordBot (1111) 
2026-09-30 17:18:32 [ERROR]: ❌ [[Discord] Erro ao definir presença:] this.client.user?.setPresence is not a function
2026-09-30 17:18:32 [INFO]: [Discord] Chamada de login concluída 
2026-09-30 17:18:32 [INFO]: [Discord] Iniciando login... 
2026-09-30 17:18:32 [INFO]: [Discord] Chamada de login concluída 
2026-09-30 17:18:32 [INFO]: [Discord] Cliente v14 inicializado com intents, partials e presence 
2026-09-30 17:18:32 [INFO]: [Discord] Iniciando login... 
2026-09-30 17:18:32 [INFO]: [Discord] ✅ Pronto como TestDiscordBot (1111) 
2026-09-30 17:18:32 [ERROR]: ❌ [[Discord] Erro ao definir presença:] this.client.user?.setPresence is not a function
2026-09-30 17:18:32 [INFO]: [Discord] Chamada de login concluída 
2026-09-30 17:18:35 [ERROR]: [memberJoinService] Erro ao processar entrada
2026-09-30 17:18:38 [INFO]: [keywordHandler] Palavra-chave detectada, resposta enviada
2026-09-30 17:18:39 [INFO]: [DiscordScreenService] Missing required Discord credentials, screen sharing disabled 
2026-09-30 17:18:43 [INFO]: [Discord] Cliente v14 inicializado com intents, partials e presence 
2026-09-30 17:19:22 [ERROR]: ❌ [Erro no comando $stats:] SQLITE_ERROR: no such table: feedbacks
2026-09-30 17:19:22 [ERROR]:    Stack: 
2026-09-30 17:19:22 [INFO]: 🛑 [SHUTDOWN] Comando executado por: 5588998314322@c.us 
2026-09-30 17:19:22 [ERROR]: ❌ [❌ Erro no $grupos:] ctx.client.getChats is not a function
2026-09-30 17:19:22 [ERROR]:    Stack: at Object.execute (D:\Desktop\Programas\bot-wpp\src\bot\commands\grupos.ts:18:44)
2026-09-30 17:19:22 [ERROR]: ❌ [[ScreenCommand] Erro:] connect ECONNREFUSED 127.0.0.1:3002
2026-09-30 17:19:22 [ERROR]:    Stack: at TCPConnectWrap.afterConnect [as oncomplete] (node:net:2017:16)
2026-09-30 17:19:22 [INFO]: 🛑 [SHUTDOWN] Comando executado por: 5588998314322@c.us 
2026-09-30 17:19:23 [ERROR]: [DB] Falha ao registrar infração
2026-09-30 17:19:27 [ERROR]: [DB] Falha ao registrar infração
2026-09-30 17:19:27 [ERROR]: [DB] Falha ao registrar infração
2026-09-30 17:19:27 [ERROR]: [DB] Falha ao registrar infração
2026-09-30 17:19:27 [ERROR]: [DB] Falha ao registrar infração
2026-09-30 17:19:27 [ERROR]: [DB] Falha ao registrar infração
2026-09-30 17:19:27 [ERROR]: [DB] Falha ao registrar infração
2026-09-30 17:19:27 [ERROR]: [DB] Falha ao registrar infração
2026-09-30 17:19:27 [ERROR]: [DB] Falha ao registrar infração
2026-09-30 17:19:27 [ERROR]: [DB] Falha ao registrar infração
2026-09-30 17:19:33 [INFO]: [TelegramAdapter] Inicializando... 
2026-09-30 17:19:33 [INFO]: [Telegram] Iniciando launch()... 
2026-09-30 17:19:33 [INFO]: [Telegram] ✅ Pronto como  () 
2026-09-30 17:19:33 [INFO]: [TelegramAdapter] Inicializando... 
2026-09-30 17:19:33 [INFO]: [Telegram] Iniciando launch()... 
2026-09-30 17:19:33 [INFO]: [Telegram] ✅ Pronto como  () 
2026-09-30 17:19:33 [INFO]: [TelegramAdapter] Inicializando... 
2026-09-30 17:19:33 [INFO]: [Telegram] Iniciando launch()... 
2026-09-30 17:19:33 [INFO]: [Telegram] ✅ Pronto como  () 
2026-09-30 17:19:33 [INFO]: [TelegramAdapter] Inicializando... 
2026-09-30 17:19:33 [INFO]: [TelegramAdapter] Já estava pronto 
2026-09-30 17:19:33 [INFO]: [TelegramAdapter] Inicializando... 
2026-09-30 17:19:33 [INFO]: [Telegram] Iniciando launch()... 
2026-09-30 17:19:33 [INFO]: [Telegram] ✅ Pronto como  () 
2026-09-30 17:19:33 [INFO]: [TelegramAdapter] Inicializando... 
2026-09-30 17:19:33 [INFO]: [Telegram] Iniciando launch()... 
2026-09-30 17:19:33 [INFO]: [Telegram] ✅ Pronto como  () 
2026-09-30 17:19:33 [INFO]: [Discord] Cliente v14 inicializado com intents, partials e presence 
2026-09-30 17:19:33 [INFO]: [Discord] Iniciando login... 
2026-09-30 17:19:33 [INFO]: [Discord] ✅ Pronto como TestDiscordBot (1111) 
2026-09-30 17:19:33 [ERROR]: ❌ [[Discord] Erro ao definir presença:] this.client.user?.setPresence is not a function
2026-09-30 17:19:33 [INFO]: [Discord] Chamada de login concluída 
2026-09-30 17:19:33 [INFO]: [Discord] Cliente v14 inicializado com intents, partials e presence 
2026-09-30 17:19:33 [INFO]: [Discord] Iniciando login... 
2026-09-30 17:19:33 [INFO]: [Discord] ✅ Pronto como TestDiscordBot (1111) 
2026-09-30 17:19:33 [ERROR]: ❌ [[Discord] Erro ao definir presença:] this.client.user?.setPresence is not a function
2026-09-30 17:19:33 [INFO]: [Discord] Chamada de login concluída 
2026-09-30 17:19:33 [INFO]: [Discord] Iniciando login... 
2026-09-30 17:19:33 [INFO]: [Discord] Chamada de login concluída 
2026-09-30 17:19:33 [INFO]: [Discord] Cliente v14 inicializado com intents, partials e presence 
2026-09-30 17:19:33 [INFO]: [Discord] Iniciando login... 
2026-09-30 17:19:33 [INFO]: [Discord] ✅ Pronto como TestDiscordBot (1111) 
2026-09-30 17:19:33 [ERROR]: ❌ [[Discord] Erro ao definir presença:] this.client.user?.setPresence is not a function
2026-09-30 17:19:33 [INFO]: [Discord] Chamada de login concluída 
2026-09-30 17:19:38 [WARN]: [BaileysSender] sendMessage: socket existe mas NÃO está pronto (readyState !== OPEN) 
2026-09-30 17:19:38 [INFO]: [BaileysSender.sendMessage] Reply: quotedRaw=false, replyTo=original:123, originalKey=NAO 
2026-09-30 17:19:38 [INFO]: [BaileysSender.sendMessage] Quoted payload construído: keyId=123, hasMessage=true 
2026-09-30 17:19:38 [WARN]: [BaileysSender] sendMessage: socket existe mas NÃO está pronto (readyState !== OPEN) 
2026-09-30 17:19:38 [INFO]: [BaileysSender.sendMessage] Reply: quotedRaw=false, replyTo=original:123, originalKey=NAO 
2026-09-30 17:19:38 [INFO]: [BaileysSender.sendMessage] Quoted payload construído: keyId=123, hasMessage=true 
2026-09-30 17:19:38 [WARN]: [BaileysSender] sendMessage: socket existe mas NÃO está pronto (readyState !== OPEN) 
2026-09-30 17:19:38 [INFO]: [BaileysSender.sendMessage] Reply: quotedRaw=false, replyTo=undefined, originalKey=NAO 
2026-09-30 17:19:38 [WARN]: [BaileysSender] sendMessage: socket existe mas NÃO está pronto (readyState !== OPEN) 
2026-09-30 17:19:38 [INFO]: [BaileysSender.sendMessage] Reply: quotedRaw=false, replyTo=original:123, originalKey=NAO 
2026-09-30 17:19:38 [INFO]: [BaileysSender.sendMessage] Quoted payload construído: keyId=123, hasMessage=true 
2026-09-30 17:19:40 [INFO]: [keywordHandler] Palavra-chave detectada, resposta enviada
2026-09-30 17:19:42 [ERROR]: [memberJoinService] Erro ao processar entrada
2026-09-30 17:19:46 [INFO]: [DiscordScreenService] Missing required Discord credentials, screen sharing disabled 
2026-09-30 17:19:49 [INFO]: [Discord] Cliente v14 inicializado com intents, partials e presence 
2026-09-30 17:29:41 [ERROR]: ❌ [Erro no comando $stats:] SQLITE_ERROR: no such table: feedbacks
2026-09-30 17:29:41 [ERROR]:    Stack: 
2026-09-30 17:29:41 [INFO]: 🛑 [SHUTDOWN] Comando executado por: 5588998314322@c.us 
2026-09-30 17:29:41 [ERROR]: ❌ [❌ Erro no $grupos:] ctx.client.getChats is not a function
2026-09-30 17:29:41 [ERROR]:    Stack: at Object.execute (D:\Desktop\Programas\bot-wpp\src\bot\commands\grupos.ts:18:44)
2026-09-30 17:29:41 [ERROR]: ❌ [[ScreenCommand] Erro:] connect ECONNREFUSED 127.0.0.1:3002
2026-09-30 17:29:41 [ERROR]:    Stack: at TCPConnectWrap.afterConnect [as oncomplete] (node:net:2017:16)
2026-09-30 17:29:41 [INFO]: 🛑 [SHUTDOWN] Comando executado por: 5588998314322@c.us 
2026-09-30 17:29:41 [ERROR]: [DB] Falha ao registrar infração
2026-09-30 17:29:43 [ERROR]: [DB] Falha ao registrar infração
2026-09-30 17:29:43 [ERROR]: [DB] Falha ao registrar infração
2026-09-30 17:29:43 [ERROR]: [DB] Falha ao registrar infração
2026-09-30 17:29:43 [ERROR]: [DB] Falha ao registrar infração
2026-09-30 17:29:43 [ERROR]: [DB] Falha ao registrar infração
2026-09-30 17:29:43 [ERROR]: [DB] Falha ao registrar infração
2026-09-30 17:29:43 [ERROR]: [DB] Falha ao registrar infração
2026-09-30 17:29:43 [ERROR]: [DB] Falha ao registrar infração
2026-09-30 17:29:43 [ERROR]: [DB] Falha ao registrar infração
2026-09-30 17:29:44 [INFO]: [TelegramAdapter] Inicializando... 
2026-09-30 17:29:44 [INFO]: [Telegram] Iniciando launch()... 
2026-09-30 17:29:44 [INFO]: [Telegram] ✅ Pronto como  () 
2026-09-30 17:29:44 [INFO]: [TelegramAdapter] Inicializando... 
2026-09-30 17:29:44 [INFO]: [Telegram] Iniciando launch()... 
2026-09-30 17:29:44 [INFO]: [Telegram] ✅ Pronto como  () 
2026-09-30 17:29:44 [INFO]: [TelegramAdapter] Inicializando... 
2026-09-30 17:29:44 [INFO]: [Telegram] Iniciando launch()... 
2026-09-30 17:29:44 [INFO]: [Telegram] ✅ Pronto como  () 
2026-09-30 17:29:44 [INFO]: [TelegramAdapter] Inicializando... 
2026-09-30 17:29:44 [INFO]: [TelegramAdapter] Já estava pronto 
2026-09-30 17:29:44 [INFO]: [TelegramAdapter] Inicializando... 
2026-09-30 17:29:44 [INFO]: [Telegram] Iniciando launch()... 
2026-09-30 17:29:44 [INFO]: [Telegram] ✅ Pronto como  () 
2026-09-30 17:29:44 [INFO]: [TelegramAdapter] Inicializando... 
2026-09-30 17:29:44 [INFO]: [Telegram] Iniciando launch()... 
2026-09-30 17:29:44 [INFO]: [Telegram] ✅ Pronto como  () 
2026-09-30 17:29:44 [INFO]: [Discord] Cliente v14 inicializado com intents, partials e presence 
2026-09-30 17:29:44 [INFO]: [Discord] Iniciando login... 
2026-09-30 17:29:44 [INFO]: [Discord] ✅ Pronto como TestDiscordBot (1111) 
2026-09-30 17:29:44 [ERROR]: ❌ [[Discord] Erro ao definir presença:] this.client.user?.setPresence is not a function
2026-09-30 17:29:44 [INFO]: [Discord] Chamada de login concluída 
2026-09-30 17:29:44 [INFO]: [Discord] Cliente v14 inicializado com intents, partials e presence 
2026-09-30 17:29:44 [INFO]: [Discord] Iniciando login... 
2026-09-30 17:29:44 [INFO]: [Discord] ✅ Pronto como TestDiscordBot (1111) 
2026-09-30 17:29:44 [ERROR]: ❌ [[Discord] Erro ao definir presença:] this.client.user?.setPresence is not a function
2026-09-30 17:29:44 [INFO]: [Discord] Chamada de login concluída 
2026-09-30 17:29:44 [INFO]: [Discord] Iniciando login... 
2026-09-30 17:29:44 [INFO]: [Discord] Chamada de login concluída 
2026-09-30 17:29:44 [INFO]: [Discord] Cliente v14 inicializado com intents, partials e presence 
2026-09-30 17:29:44 [INFO]: [Discord] Iniciando login... 
2026-09-30 17:29:44 [INFO]: [Discord] ✅ Pronto como TestDiscordBot (1111) 
2026-09-30 17:29:44 [ERROR]: ❌ [[Discord] Erro ao definir presença:] this.client.user?.setPresence is not a function
2026-09-30 17:29:44 [INFO]: [Discord] Chamada de login concluída 
2026-09-30 17:29:47 [WARN]: [BaileysSender] sendMessage: socket existe mas NÃO está pronto (readyState !== OPEN) 
2026-09-30 17:29:47 [INFO]: [BaileysSender.sendMessage] Reply: quotedRaw=false, replyTo=original:123, originalKey=NAO 
2026-09-30 17:29:47 [INFO]: [BaileysSender.sendMessage] Quoted payload construído: keyId=123, hasMessage=true 
2026-09-30 17:29:47 [WARN]: [BaileysSender] sendMessage: socket existe mas NÃO está pronto (readyState !== OPEN) 
2026-09-30 17:29:47 [INFO]: [BaileysSender.sendMessage] Reply: quotedRaw=false, replyTo=original:123, originalKey=NAO 
2026-09-30 17:29:47 [INFO]: [BaileysSender.sendMessage] Quoted payload construído: keyId=123, hasMessage=true 
2026-09-30 17:29:47 [WARN]: [BaileysSender] sendMessage: socket existe mas NÃO está pronto (readyState !== OPEN) 
2026-09-30 17:29:47 [INFO]: [BaileysSender.sendMessage] Reply: quotedRaw=false, replyTo=undefined, originalKey=NAO 
2026-09-30 17:29:47 [WARN]: [BaileysSender] sendMessage: socket existe mas NÃO está pronto (readyState !== OPEN) 
2026-09-30 17:29:47 [INFO]: [BaileysSender.sendMessage] Reply: quotedRaw=false, replyTo=original:123, originalKey=NAO 
2026-09-30 17:29:47 [INFO]: [BaileysSender.sendMessage] Quoted payload construído: keyId=123, hasMessage=true 
2026-09-30 17:29:48 [ERROR]: [memberJoinService] Erro ao processar entrada
2026-09-30 17:29:52 [INFO]: [keywordHandler] Palavra-chave detectada, resposta enviada
2026-09-30 17:29:53 [INFO]: [Discord] Cliente v14 inicializado com intents, partials e presence 
2026-09-30 17:29:55 [INFO]: [DiscordScreenService] Missing required Discord credentials, screen sharing disabled 
2026-09-30 17:29:55 [INFO]: [DiscordScreenService] Gerenciado externamente (DISCORD_SCREEN_EXTERNAL) — spawn interno desativado 
2026-09-30 17:29:55 [INFO]: [DiscordScreenService] Gerenciado externamente (DISCORD_SCREEN_EXTERNAL) — spawn interno desativado 
2026-09-30 17:30:04 [ERROR]: [DB] Falha ao registrar infração
2026-09-30 17:30:07 [ERROR]: ❌ [Erro no comando $stats:] SQLITE_ERROR: no such table: feedbacks
2026-09-30 17:30:07 [ERROR]:    Stack: 
2026-09-30 17:30:07 [INFO]: 🛑 [SHUTDOWN] Comando executado por: 5588998314322@c.us 
2026-09-30 17:30:07 [ERROR]: ❌ [❌ Erro no $grupos:] ctx.client.getChats is not a function
2026-09-30 17:30:07 [ERROR]:    Stack: at Object.execute (D:\Desktop\Programas\bot-wpp\src\bot\commands\grupos.ts:18:44)
2026-09-30 17:30:07 [ERROR]: ❌ [[ScreenCommand] Erro:] connect ECONNREFUSED 127.0.0.1:3002
2026-09-30 17:30:07 [ERROR]:    Stack: at TCPConnectWrap.afterConnect [as oncomplete] (node:net:2017:16)
2026-09-30 17:30:07 [INFO]: 🛑 [SHUTDOWN] Comando executado por: 5588998314322@c.us 
2026-09-30 17:30:10 [ERROR]: [DB] Falha ao registrar infração
2026-09-30 17:30:10 [ERROR]: [DB] Falha ao registrar infração
2026-09-30 17:30:10 [ERROR]: [DB] Falha ao registrar infração
2026-09-30 17:30:10 [ERROR]: [DB] Falha ao registrar infração
2026-09-30 17:30:10 [ERROR]: [DB] Falha ao registrar infração
2026-09-30 17:30:10 [ERROR]: [DB] Falha ao registrar infração
2026-09-30 17:30:10 [ERROR]: [DB] Falha ao registrar infração
2026-09-30 17:30:10 [ERROR]: [DB] Falha ao registrar infração
2026-09-30 17:30:10 [ERROR]: [DB] Falha ao registrar infração
2026-09-30 17:30:11 [INFO]: [TelegramAdapter] Inicializando... 
2026-09-30 17:30:11 [INFO]: [Telegram] Iniciando launch()... 
2026-09-30 17:30:11 [INFO]: [Telegram] ✅ Pronto como  () 
2026-09-30 17:30:11 [INFO]: [TelegramAdapter] Inicializando... 
2026-09-30 17:30:11 [INFO]: [Telegram] Iniciando launch()... 
2026-09-30 17:30:11 [INFO]: [Telegram] ✅ Pronto como  () 
2026-09-30 17:30:11 [INFO]: [TelegramAdapter] Inicializando... 
2026-09-30 17:30:11 [INFO]: [Telegram] Iniciando launch()... 
2026-09-30 17:30:11 [INFO]: [Telegram] ✅ Pronto como  () 
2026-09-30 17:30:11 [INFO]: [TelegramAdapter] Inicializando... 
2026-09-30 17:30:11 [INFO]: [TelegramAdapter] Já estava pronto 
2026-09-30 17:30:11 [INFO]: [TelegramAdapter] Inicializando... 
2026-09-30 17:30:11 [INFO]: [Telegram] Iniciando launch()... 
2026-09-30 17:30:11 [INFO]: [Telegram] ✅ Pronto como  () 
2026-09-30 17:30:11 [INFO]: [TelegramAdapter] Inicializando... 
2026-09-30 17:30:11 [INFO]: [Telegram] Iniciando launch()... 
2026-09-30 17:30:11 [INFO]: [Telegram] ✅ Pronto como  () 
2026-09-30 17:30:11 [INFO]: [Discord] Cliente v14 inicializado com intents, partials e presence 
2026-09-30 17:30:11 [INFO]: [Discord] Iniciando login... 
2026-09-30 17:30:11 [INFO]: [Discord] ✅ Pronto como TestDiscordBot (1111) 
2026-09-30 17:30:11 [ERROR]: ❌ [[Discord] Erro ao definir presença:] this.client.user?.setPresence is not a function
2026-09-30 17:30:11 [INFO]: [Discord] Chamada de login concluída 
2026-09-30 17:30:11 [INFO]: [Discord] Cliente v14 inicializado com intents, partials e presence 
2026-09-30 17:30:11 [INFO]: [Discord] Iniciando login... 
2026-09-30 17:30:11 [INFO]: [Discord] ✅ Pronto como TestDiscordBot (1111) 
2026-09-30 17:30:11 [ERROR]: ❌ [[Discord] Erro ao definir presença:] this.client.user?.setPresence is not a function
2026-09-30 17:30:11 [INFO]: [Discord] Chamada de login concluída 
2026-09-30 17:30:11 [INFO]: [Discord] Iniciando login... 
2026-09-30 17:30:11 [INFO]: [Discord] Chamada de login concluída 
2026-09-30 17:30:11 [INFO]: [Discord] Cliente v14 inicializado com intents, partials e presence 
2026-09-30 17:30:11 [INFO]: [Discord] Iniciando login... 
2026-09-30 17:30:11 [INFO]: [Discord] ✅ Pronto como TestDiscordBot (1111) 
2026-09-30 17:30:11 [ERROR]: ❌ [[Discord] Erro ao definir presença:] this.client.user?.setPresence is not a function
2026-09-30 17:30:11 [INFO]: [Discord] Chamada de login concluída 
2026-09-30 17:30:14 [INFO]: [keywordHandler] Palavra-chave detectada, resposta enviada
2026-09-30 17:30:16 [ERROR]: [memberJoinService] Erro ao processar entrada
2026-09-30 17:30:18 [WARN]: [BaileysSender] sendMessage: socket existe mas NÃO está pronto (readyState !== OPEN) 
2026-09-30 17:30:18 [INFO]: [BaileysSender.sendMessage] Reply: quotedRaw=false, replyTo=original:123, originalKey=NAO 
2026-09-30 17:30:18 [INFO]: [BaileysSender.sendMessage] Quoted payload construído: keyId=123, hasMessage=true 
2026-09-30 17:30:18 [WARN]: [BaileysSender] sendMessage: socket existe mas NÃO está pronto (readyState !== OPEN) 
2026-09-30 17:30:18 [INFO]: [BaileysSender.sendMessage] Reply: quotedRaw=false, replyTo=original:123, originalKey=NAO 
2026-09-30 17:30:18 [INFO]: [BaileysSender.sendMessage] Quoted payload construído: keyId=123, hasMessage=true 
2026-09-30 17:30:18 [WARN]: [BaileysSender] sendMessage: socket existe mas NÃO está pronto (readyState !== OPEN) 
2026-09-30 17:30:18 [INFO]: [BaileysSender.sendMessage] Reply: quotedRaw=false, replyTo=undefined, originalKey=NAO 
2026-09-30 17:30:18 [WARN]: [BaileysSender] sendMessage: socket existe mas NÃO está pronto (readyState !== OPEN) 
2026-09-30 17:30:18 [INFO]: [BaileysSender.sendMessage] Reply: quotedRaw=false, replyTo=original:123, originalKey=NAO 
2026-09-30 17:30:18 [INFO]: [BaileysSender.sendMessage] Quoted payload construído: keyId=123, hasMessage=true 
2026-09-30 17:30:19 [INFO]: [DiscordScreenService] Missing required Discord credentials, screen sharing disabled 
2026-09-30 17:30:19 [INFO]: [DiscordScreenService] Gerenciado externamente (DISCORD_SCREEN_EXTERNAL) — spawn interno desativado 
2026-09-30 17:30:19 [INFO]: [DiscordScreenService] Gerenciado externamente (DISCORD_SCREEN_EXTERNAL) — spawn interno desativado 
2026-09-30 17:30:24 [INFO]: [Discord] Cliente v14 inicializado com intents, partials e presence 
2026-09-30 17:30:40 [ERROR]: [DB] Falha ao registrar infração
2026-09-30 17:30:43 [ERROR]: ❌ [Erro no comando $stats:] SQLITE_ERROR: no such table: feedbacks
2026-09-30 17:30:43 [ERROR]:    Stack: 
2026-09-30 17:30:43 [INFO]: 🛑 [SHUTDOWN] Comando executado por: 5588998314322@c.us 
2026-09-30 17:30:43 [ERROR]: ❌ [❌ Erro no $grupos:] ctx.client.getChats is not a function
2026-09-30 17:30:43 [ERROR]:    Stack: at Object.execute (D:\Desktop\Programas\bot-wpp\src\bot\commands\grupos.ts:18:44)
2026-09-30 17:30:43 [ERROR]: ❌ [[ScreenCommand] Erro:] connect ECONNREFUSED 127.0.0.1:3002
2026-09-30 17:30:43 [ERROR]:    Stack: at TCPConnectWrap.afterConnect [as oncomplete] (node:net:2017:16)
2026-09-30 17:30:44 [INFO]: 🛑 [SHUTDOWN] Comando executado por: 5588998314322@c.us 
2026-09-30 17:30:45 [ERROR]: [DB] Falha ao registrar infração
2026-09-30 17:30:45 [ERROR]: [DB] Falha ao registrar infração
2026-09-30 17:30:45 [ERROR]: [DB] Falha ao registrar infração
2026-09-30 17:30:45 [ERROR]: [DB] Falha ao registrar infração
2026-09-30 17:30:45 [ERROR]: [DB] Falha ao registrar infração
2026-09-30 17:30:45 [ERROR]: [DB] Falha ao registrar infração
2026-09-30 17:30:45 [ERROR]: [DB] Falha ao registrar infração
2026-09-30 17:30:45 [ERROR]: [DB] Falha ao registrar infração
2026-09-30 17:30:45 [ERROR]: [DB] Falha ao registrar infração
2026-09-30 17:30:47 [INFO]: [TelegramAdapter] Inicializando... 
2026-09-30 17:30:47 [INFO]: [Telegram] Iniciando launch()... 
2026-09-30 17:30:47 [INFO]: [Telegram] ✅ Pronto como  () 
2026-09-30 17:30:47 [INFO]: [TelegramAdapter] Inicializando... 
2026-09-30 17:30:47 [INFO]: [Telegram] Iniciando launch()... 
2026-09-30 17:30:47 [INFO]: [Telegram] ✅ Pronto como  () 
2026-09-30 17:30:47 [INFO]: [TelegramAdapter] Inicializando... 
2026-09-30 17:30:47 [INFO]: [Telegram] Iniciando launch()... 
2026-09-30 17:30:47 [INFO]: [Telegram] ✅ Pronto como  () 
2026-09-30 17:30:47 [INFO]: [TelegramAdapter] Inicializando... 
2026-09-30 17:30:47 [INFO]: [TelegramAdapter] Já estava pronto 
2026-09-30 17:30:47 [INFO]: [TelegramAdapter] Inicializando... 
2026-09-30 17:30:47 [INFO]: [Telegram] Iniciando launch()... 
2026-09-30 17:30:47 [INFO]: [Telegram] ✅ Pronto como  () 
2026-09-30 17:30:47 [INFO]: [TelegramAdapter] Inicializando... 
2026-09-30 17:30:47 [INFO]: [Telegram] Iniciando launch()... 
2026-09-30 17:30:47 [INFO]: [Telegram] ✅ Pronto como  () 
2026-09-30 17:30:47 [INFO]: [Discord] Cliente v14 inicializado com intents, partials e presence 
2026-09-30 17:30:47 [INFO]: [Discord] Iniciando login... 
2026-09-30 17:30:47 [INFO]: [Discord] ✅ Pronto como TestDiscordBot (1111) 
2026-09-30 17:30:47 [ERROR]: ❌ [[Discord] Erro ao definir presença:] this.client.user?.setPresence is not a function
2026-09-30 17:30:47 [INFO]: [Discord] Chamada de login concluída 
2026-09-30 17:30:47 [INFO]: [Discord] Cliente v14 inicializado com intents, partials e presence 
2026-09-30 17:30:47 [INFO]: [Discord] Iniciando login... 
2026-09-30 17:30:47 [INFO]: [Discord] ✅ Pronto como TestDiscordBot (1111) 
2026-09-30 17:30:47 [ERROR]: ❌ [[Discord] Erro ao definir presença:] this.client.user?.setPresence is not a function
2026-09-30 17:30:47 [INFO]: [Discord] Chamada de login concluída 
2026-09-30 17:30:47 [INFO]: [Discord] Iniciando login... 
2026-09-30 17:30:47 [INFO]: [Discord] Chamada de login concluída 
2026-09-30 17:30:47 [INFO]: [Discord] Cliente v14 inicializado com intents, partials e presence 
2026-09-30 17:30:47 [INFO]: [Discord] Iniciando login... 
2026-09-30 17:30:47 [INFO]: [Discord] ✅ Pronto como TestDiscordBot (1111) 
2026-09-30 17:30:47 [ERROR]: ❌ [[Discord] Erro ao definir presença:] this.client.user?.setPresence is not a function
2026-09-30 17:30:47 [INFO]: [Discord] Chamada de login concluída 
2026-09-30 17:30:51 [INFO]: [Discord] Cliente v14 inicializado com intents, partials e presence 
2026-09-30 17:30:56 [INFO]: [keywordHandler] Palavra-chave detectada, resposta enviada
2026-09-30 17:30:57 [WARN]: [BaileysSender] sendMessage: socket existe mas NÃO está pronto (readyState !== OPEN) 
2026-09-30 17:30:57 [INFO]: [BaileysSender.sendMessage] Reply: quotedRaw=false, replyTo=original:123, originalKey=NAO 
2026-09-30 17:30:57 [INFO]: [BaileysSender.sendMessage] Quoted payload construído: keyId=123, hasMessage=true 
2026-09-30 17:30:57 [WARN]: [BaileysSender] sendMessage: socket existe mas NÃO está pronto (readyState !== OPEN) 
2026-09-30 17:30:57 [INFO]: [BaileysSender.sendMessage] Reply: quotedRaw=false, replyTo=original:123, originalKey=NAO 
2026-09-30 17:30:57 [INFO]: [BaileysSender.sendMessage] Quoted payload construído: keyId=123, hasMessage=true 
2026-09-30 17:30:57 [WARN]: [BaileysSender] sendMessage: socket existe mas NÃO está pronto (readyState !== OPEN) 
2026-09-30 17:30:57 [INFO]: [BaileysSender.sendMessage] Reply: quotedRaw=false, replyTo=undefined, originalKey=NAO 
2026-09-30 17:30:57 [WARN]: [BaileysSender] sendMessage: socket existe mas NÃO está pronto (readyState !== OPEN) 
2026-09-30 17:30:57 [INFO]: [BaileysSender.sendMessage] Reply: quotedRaw=false, replyTo=original:123, originalKey=NAO 
2026-09-30 17:30:57 [INFO]: [BaileysSender.sendMessage] Quoted payload construído: keyId=123, hasMessage=true 
2026-09-30 17:30:58 [ERROR]: [memberJoinService] Erro ao processar entrada
2026-09-30 17:31:01 [INFO]: [DiscordScreenService] Missing required Discord credentials, screen sharing disabled 
2026-09-30 17:31:01 [INFO]: [DiscordScreenService] Gerenciado externamente (DISCORD_SCREEN_EXTERNAL) — spawn interno desativado 
2026-09-30 17:31:01 [INFO]: [DiscordScreenService] Gerenciado externamente (DISCORD_SCREEN_EXTERNAL) — spawn interno desativado 
2026-09-30 17:31:37 [ERROR]: ❌ [Erro no comando $stats:] SQLITE_ERROR: no such table: feedbacks
2026-09-30 17:31:37 [ERROR]:    Stack: 
2026-09-30 17:31:37 [INFO]: 🛑 [SHUTDOWN] Comando executado por: 5588998314322@c.us 
2026-09-30 17:31:37 [ERROR]: ❌ [❌ Erro no $grupos:] ctx.client.getChats is not a function
2026-09-30 17:31:37 [ERROR]:    Stack: at Object.execute (D:\Desktop\Programas\bot-wpp\src\bot\commands\grupos.ts:18:44)
2026-09-30 17:31:37 [ERROR]: ❌ [[ScreenCommand] Erro:] connect ECONNREFUSED 127.0.0.1:3002
2026-09-30 17:31:37 [ERROR]: [DB] Falha ao registrar infração
2026-09-30 17:31:37 [ERROR]:    Stack: at TCPConnectWrap.afterConnect [as oncomplete] (node:net:2017:16)
2026-09-30 17:31:37 [INFO]: 🛑 [SHUTDOWN] Comando executado por: 5588998314322@c.us 
2026-09-30 17:31:38 [ERROR]: [DB] Falha ao registrar infração
2026-09-30 17:31:38 [ERROR]: [DB] Falha ao registrar infração
2026-09-30 17:31:38 [ERROR]: [DB] Falha ao registrar infração
2026-09-30 17:31:38 [ERROR]: [DB] Falha ao registrar infração
2026-09-30 17:31:38 [ERROR]: [DB] Falha ao registrar infração
2026-09-30 17:31:38 [ERROR]: [DB] Falha ao registrar infração
2026-09-30 17:31:38 [ERROR]: [DB] Falha ao registrar infração
2026-09-30 17:31:38 [ERROR]: [DB] Falha ao registrar infração
2026-09-30 17:31:38 [ERROR]: [DB] Falha ao registrar infração
2026-09-30 17:31:40 [INFO]: [TelegramAdapter] Inicializando... 
2026-09-30 17:31:40 [INFO]: [Telegram] Iniciando launch()... 
2026-09-30 17:31:40 [INFO]: [Telegram] ✅ Pronto como  () 
2026-09-30 17:31:40 [INFO]: [TelegramAdapter] Inicializando... 
2026-09-30 17:31:40 [INFO]: [Telegram] Iniciando launch()... 
2026-09-30 17:31:40 [INFO]: [Telegram] ✅ Pronto como  () 
2026-09-30 17:31:40 [INFO]: [TelegramAdapter] Inicializando... 
2026-09-30 17:31:40 [INFO]: [Telegram] Iniciando launch()... 
2026-09-30 17:31:40 [INFO]: [Telegram] ✅ Pronto como  () 
2026-09-30 17:31:40 [INFO]: [TelegramAdapter] Inicializando... 
2026-09-30 17:31:40 [INFO]: [TelegramAdapter] Já estava pronto 
2026-09-30 17:31:40 [INFO]: [TelegramAdapter] Inicializando... 
2026-09-30 17:31:40 [INFO]: [Telegram] Iniciando launch()... 
2026-09-30 17:31:40 [INFO]: [Telegram] ✅ Pronto como  () 
2026-09-30 17:31:40 [INFO]: [TelegramAdapter] Inicializando... 
2026-09-30 17:31:40 [INFO]: [Telegram] Iniciando launch()... 
2026-09-30 17:31:40 [INFO]: [Telegram] ✅ Pronto como  () 
2026-09-30 17:31:40 [INFO]: [Discord] Cliente v14 inicializado com intents, partials e presence 
2026-09-30 17:31:40 [INFO]: [Discord] Iniciando login... 
2026-09-30 17:31:41 [INFO]: [Discord] ✅ Pronto como TestDiscordBot (1111) 
2026-09-30 17:31:41 [ERROR]: ❌ [[Discord] Erro ao definir presença:] this.client.user?.setPresence is not a function
2026-09-30 17:31:41 [INFO]: [Discord] Chamada de login concluída 
2026-09-30 17:31:41 [INFO]: [Discord] Cliente v14 inicializado com intents, partials e presence 
2026-09-30 17:31:41 [INFO]: [Discord] Iniciando login... 
2026-09-30 17:31:41 [INFO]: [Discord] ✅ Pronto como TestDiscordBot (1111) 
2026-09-30 17:31:41 [ERROR]: ❌ [[Discord] Erro ao definir presença:] this.client.user?.setPresence is not a function
2026-09-30 17:31:41 [INFO]: [Discord] Chamada de login concluída 
2026-09-30 17:31:41 [INFO]: [Discord] Iniciando login... 
2026-09-30 17:31:41 [INFO]: [Discord] Chamada de login concluída 
2026-09-30 17:31:41 [INFO]: [Discord] Cliente v14 inicializado com intents, partials e presence 
2026-09-30 17:31:41 [INFO]: [Discord] Iniciando login... 
2026-09-30 17:31:41 [INFO]: [Discord] ✅ Pronto como TestDiscordBot (1111) 
2026-09-30 17:31:41 [ERROR]: ❌ [[Discord] Erro ao definir presença:] this.client.user?.setPresence is not a function
2026-09-30 17:31:41 [INFO]: [Discord] Chamada de login concluída 
2026-09-30 17:31:43 [ERROR]: [memberJoinService] Erro ao processar entrada
2026-09-30 17:31:45 [INFO]: [keywordHandler] Palavra-chave detectada, resposta enviada
2026-09-30 17:31:47 [WARN]: [BaileysSender] sendMessage: socket existe mas NÃO está pronto (readyState !== OPEN) 
2026-09-30 17:31:47 [INFO]: [BaileysSender.sendMessage] Reply: quotedRaw=false, replyTo=original:123, originalKey=NAO 
2026-09-30 17:31:47 [INFO]: [BaileysSender.sendMessage] Quoted payload construído: keyId=123, hasMessage=true 
2026-09-30 17:31:47 [WARN]: [BaileysSender] sendMessage: socket existe mas NÃO está pronto (readyState !== OPEN) 
2026-09-30 17:31:47 [INFO]: [BaileysSender.sendMessage] Reply: quotedRaw=false, replyTo=original:123, originalKey=NAO 
2026-09-30 17:31:47 [INFO]: [BaileysSender.sendMessage] Quoted payload construído: keyId=123, hasMessage=true 
2026-09-30 17:31:47 [WARN]: [BaileysSender] sendMessage: socket existe mas NÃO está pronto (readyState !== OPEN) 
2026-09-30 17:31:47 [INFO]: [BaileysSender.sendMessage] Reply: quotedRaw=false, replyTo=undefined, originalKey=NAO 
2026-09-30 17:31:47 [WARN]: [BaileysSender] sendMessage: socket existe mas NÃO está pronto (readyState !== OPEN) 
2026-09-30 17:31:47 [INFO]: [BaileysSender.sendMessage] Reply: quotedRaw=false, replyTo=original:123, originalKey=NAO 
2026-09-30 17:31:47 [INFO]: [BaileysSender.sendMessage] Quoted payload construído: keyId=123, hasMessage=true 
2026-09-30 17:31:48 [INFO]: [DiscordScreenService] Missing required Discord credentials, screen sharing disabled 
2026-09-30 17:31:48 [INFO]: [DiscordScreenService] Gerenciado externamente (DISCORD_SCREEN_EXTERNAL) — spawn interno desativado 
2026-09-30 17:31:48 [INFO]: [DiscordScreenService] Gerenciado externamente (DISCORD_SCREEN_EXTERNAL) — spawn interno desativado 
2026-09-30 17:31:50 [INFO]: [Discord] Cliente v14 inicializado com intents, partials e presence 
2026-09-30 17:33:45 [ERROR]: ❌ [Erro no comando $stats:] SQLITE_ERROR: no such table: feedbacks
2026-09-30 17:33:45 [ERROR]:    Stack: 
2026-09-30 17:33:45 [INFO]: 🛑 [SHUTDOWN] Comando executado por: 5588998314322@c.us 
2026-09-30 17:33:45 [ERROR]: ❌ [❌ Erro no $grupos:] ctx.client.getChats is not a function
2026-09-30 17:33:45 [ERROR]:    Stack: at Object.execute (D:\Desktop\Programas\bot-wpp\src\bot\commands\grupos.ts:18:44)
2026-09-30 17:33:45 [ERROR]: ❌ [[ScreenCommand] Erro:] connect ECONNREFUSED 127.0.0.1:3002
2026-09-30 17:33:45 [ERROR]:    Stack: at TCPConnectWrap.afterConnect [as oncomplete] (node:net:2017:16)
2026-09-30 17:33:45 [INFO]: 🛑 [SHUTDOWN] Comando executado por: 5588998314322@c.us 
2026-09-30 17:33:45 [ERROR]: [DB] Falha ao registrar infração
2026-09-30 17:33:47 [ERROR]: [DB] Falha ao registrar infração
2026-09-30 17:33:47 [ERROR]: [DB] Falha ao registrar infração
2026-09-30 17:33:47 [ERROR]: [DB] Falha ao registrar infração
2026-09-30 17:33:47 [ERROR]: [DB] Falha ao registrar infração
2026-09-30 17:33:47 [ERROR]: [DB] Falha ao registrar infração
2026-09-30 17:33:47 [ERROR]: [DB] Falha ao registrar infração
2026-09-30 17:33:47 [ERROR]: [DB] Falha ao registrar infração
2026-09-30 17:33:47 [ERROR]: [DB] Falha ao registrar infração
2026-09-30 17:33:47 [ERROR]: [DB] Falha ao registrar infração
2026-09-30 17:33:50 [INFO]: [TelegramAdapter] Inicializando... 
2026-09-30 17:33:50 [INFO]: [Telegram] Iniciando launch()... 
2026-09-30 17:33:50 [INFO]: [Telegram] ✅ Pronto como  () 
2026-09-30 17:33:50 [INFO]: [TelegramAdapter] Inicializando... 
2026-09-30 17:33:50 [INFO]: [Telegram] Iniciando launch()... 
2026-09-30 17:33:50 [INFO]: [Telegram] ✅ Pronto como  () 
2026-09-30 17:33:50 [INFO]: [TelegramAdapter] Inicializando... 
2026-09-30 17:33:50 [INFO]: [Telegram] Iniciando launch()... 
2026-09-30 17:33:50 [INFO]: [Telegram] ✅ Pronto como  () 
2026-09-30 17:33:50 [INFO]: [TelegramAdapter] Inicializando... 
2026-09-30 17:33:50 [INFO]: [TelegramAdapter] Já estava pronto 
2026-09-30 17:33:50 [INFO]: [TelegramAdapter] Inicializando... 
2026-09-30 17:33:50 [INFO]: [Telegram] Iniciando launch()... 
2026-09-30 17:33:50 [INFO]: [Telegram] ✅ Pronto como  () 
2026-09-30 17:33:50 [INFO]: [TelegramAdapter] Inicializando... 
2026-09-30 17:33:50 [INFO]: [Telegram] Iniciando launch()... 
2026-09-30 17:33:50 [INFO]: [Telegram] ✅ Pronto como  () 
2026-09-30 17:33:50 [INFO]: [Discord] Cliente v14 inicializado com intents, partials e presence 
2026-09-30 17:33:50 [INFO]: [Discord] Iniciando login... 
2026-09-30 17:33:50 [INFO]: [Discord] ✅ Pronto como TestDiscordBot (1111) 
2026-09-30 17:33:50 [ERROR]: ❌ [[Discord] Erro ao definir presença:] this.client.user?.setPresence is not a function
2026-09-30 17:33:50 [INFO]: [Discord] Chamada de login concluída 
2026-09-30 17:33:50 [INFO]: [Discord] Cliente v14 inicializado com intents, partials e presence 
2026-09-30 17:33:50 [INFO]: [Discord] Iniciando login... 
2026-09-30 17:33:50 [INFO]: [Discord] ✅ Pronto como TestDiscordBot (1111) 
2026-09-30 17:33:50 [ERROR]: ❌ [[Discord] Erro ao definir presença:] this.client.user?.setPresence is not a function
2026-09-30 17:33:50 [INFO]: [Discord] Chamada de login concluída 
2026-09-30 17:33:50 [INFO]: [Discord] Iniciando login... 
2026-09-30 17:33:50 [INFO]: [Discord] Chamada de login concluída 
2026-09-30 17:33:50 [INFO]: [Discord] Cliente v14 inicializado com intents, partials e presence 
2026-09-30 17:33:50 [INFO]: [Discord] Iniciando login... 
2026-09-30 17:33:50 [INFO]: [Discord] ✅ Pronto como TestDiscordBot (1111) 
2026-09-30 17:33:50 [ERROR]: ❌ [[Discord] Erro ao definir presença:] this.client.user?.setPresence is not a function
2026-09-30 17:33:50 [INFO]: [Discord] Chamada de login concluída 
2026-09-30 17:33:52 [INFO]: [keywordHandler] Palavra-chave detectada, resposta enviada
2026-09-30 17:33:54 [ERROR]: [memberJoinService] Erro ao processar entrada
2026-09-30 17:33:56 [WARN]: [BaileysSender] sendMessage: socket existe mas NÃO está pronto (readyState !== OPEN) 
2026-09-30 17:33:56 [INFO]: [BaileysSender.sendMessage] Reply: quotedRaw=false, replyTo=original:123, originalKey=NAO 
2026-09-30 17:33:56 [INFO]: [BaileysSender.sendMessage] Quoted payload construído: keyId=123, hasMessage=true 
2026-09-30 17:33:56 [WARN]: [BaileysSender] sendMessage: socket existe mas NÃO está pronto (readyState !== OPEN) 
2026-09-30 17:33:56 [INFO]: [BaileysSender.sendMessage] Reply: quotedRaw=false, replyTo=original:123, originalKey=NAO 
2026-09-30 17:33:56 [INFO]: [BaileysSender.sendMessage] Quoted payload construído: keyId=123, hasMessage=true 
2026-09-30 17:33:56 [WARN]: [BaileysSender] sendMessage: socket existe mas NÃO está pronto (readyState !== OPEN) 
2026-09-30 17:33:56 [INFO]: [BaileysSender.sendMessage] Reply: quotedRaw=false, replyTo=undefined, originalKey=NAO 
2026-09-30 17:33:56 [WARN]: [BaileysSender] sendMessage: socket existe mas NÃO está pronto (readyState !== OPEN) 
2026-09-30 17:33:56 [INFO]: [BaileysSender.sendMessage] Reply: quotedRaw=false, replyTo=original:123, originalKey=NAO 
2026-09-30 17:33:56 [INFO]: [BaileysSender.sendMessage] Quoted payload construído: keyId=123, hasMessage=true 
2026-09-30 17:34:01 [INFO]: [DiscordScreenService] Missing required Discord credentials, screen sharing disabled 
2026-09-30 17:34:01 [INFO]: [DiscordScreenService] Gerenciado externamente (DISCORD_SCREEN_EXTERNAL) — spawn interno desativado 
2026-09-30 17:34:01 [INFO]: [DiscordScreenService] Gerenciado externamente (DISCORD_SCREEN_EXTERNAL) — spawn interno desativado 
2026-09-30 17:34:02 [INFO]: [Discord] Cliente v14 inicializado com intents, partials e presence 
2026-09-30 17:36:29 [ERROR]: ❌ [Erro no comando $stats:] SQLITE_ERROR: no such table: feedbacks
2026-09-30 17:36:29 [ERROR]:    Stack: 
2026-09-30 17:36:29 [INFO]: 🛑 [SHUTDOWN] Comando executado por: 5588998314322@c.us 
2026-09-30 17:36:29 [ERROR]: ❌ [❌ Erro no $grupos:] ctx.client.getChats is not a function
2026-09-30 17:36:29 [ERROR]:    Stack: at Object.execute (D:\Desktop\Programas\bot-wpp\src\bot\commands\grupos.ts:18:44)
2026-09-30 17:36:29 [ERROR]: ❌ [[ScreenCommand] Erro:] connect ECONNREFUSED 127.0.0.1:3002
2026-09-30 17:36:29 [ERROR]:    Stack: at TCPConnectWrap.afterConnect [as oncomplete] (node:net:2017:16)
2026-09-30 17:36:29 [INFO]: 🛑 [SHUTDOWN] Comando executado por: 5588998314322@c.us 
2026-09-30 17:36:29 [ERROR]: [DB] Falha ao registrar infração
2026-09-30 17:36:32 [WARN]: [BaileysSender] sendMessage: socket existe mas NÃO está pronto (readyState !== OPEN) 
2026-09-30 17:36:32 [INFO]: [BaileysSender.sendMessage] Reply: quotedRaw=false, replyTo=original:123, originalKey=NAO 
2026-09-30 17:36:32 [INFO]: [BaileysSender.sendMessage] Quoted payload construído: keyId=123, hasMessage=true 
2026-09-30 17:36:32 [WARN]: [BaileysSender] sendMessage: socket existe mas NÃO está pronto (readyState !== OPEN) 
2026-09-30 17:36:32 [INFO]: [BaileysSender.sendMessage] Reply: quotedRaw=false, replyTo=original:123, originalKey=NAO 
2026-09-30 17:36:32 [INFO]: [BaileysSender.sendMessage] Quoted payload construído: keyId=123, hasMessage=true 
2026-09-30 17:36:32 [WARN]: [BaileysSender] sendMessage: socket existe mas NÃO está pronto (readyState !== OPEN) 
2026-09-30 17:36:32 [INFO]: [BaileysSender.sendMessage] Reply: quotedRaw=false, replyTo=undefined, originalKey=NAO 
2026-09-30 17:36:32 [WARN]: [BaileysSender] sendMessage: socket existe mas NÃO está pronto (readyState !== OPEN) 
2026-09-30 17:36:32 [INFO]: [BaileysSender.sendMessage] Reply: quotedRaw=false, replyTo=original:123, originalKey=NAO 
2026-09-30 17:36:32 [INFO]: [BaileysSender.sendMessage] Quoted payload construído: keyId=123, hasMessage=true 
2026-09-30 17:36:32 [ERROR]: [DB] Falha ao registrar infração
2026-09-30 17:36:32 [ERROR]: [DB] Falha ao registrar infração
2026-09-30 17:36:32 [ERROR]: [DB] Falha ao registrar infração
2026-09-30 17:36:32 [ERROR]: [DB] Falha ao registrar infração
2026-09-30 17:36:32 [ERROR]: [DB] Falha ao registrar infração
2026-09-30 17:36:32 [ERROR]: [DB] Falha ao registrar infração
2026-09-30 17:36:32 [ERROR]: [DB] Falha ao registrar infração
2026-09-30 17:36:32 [ERROR]: [DB] Falha ao registrar infração
2026-09-30 17:36:32 [ERROR]: [DB] Falha ao registrar infração
2026-09-30 17:36:33 [INFO]: [TelegramAdapter] Inicializando... 
2026-09-30 17:36:33 [INFO]: [Telegram] Iniciando launch()... 
2026-09-30 17:36:33 [INFO]: [Telegram] ✅ Pronto como  () 
2026-09-30 17:36:33 [INFO]: [TelegramAdapter] Inicializando... 
2026-09-30 17:36:33 [INFO]: [Telegram] Iniciando launch()... 
2026-09-30 17:36:33 [INFO]: [Telegram] ✅ Pronto como  () 
2026-09-30 17:36:33 [INFO]: [TelegramAdapter] Inicializando... 
2026-09-30 17:36:33 [INFO]: [Telegram] Iniciando launch()... 
2026-09-30 17:36:33 [INFO]: [Telegram] ✅ Pronto como  () 
2026-09-30 17:36:33 [INFO]: [TelegramAdapter] Inicializando... 
2026-09-30 17:36:33 [INFO]: [TelegramAdapter] Já estava pronto 
2026-09-30 17:36:33 [INFO]: [TelegramAdapter] Inicializando... 
2026-09-30 17:36:33 [INFO]: [Telegram] Iniciando launch()... 
2026-09-30 17:36:33 [INFO]: [Telegram] ✅ Pronto como  () 
2026-09-30 17:36:33 [INFO]: [TelegramAdapter] Inicializando... 
2026-09-30 17:36:33 [INFO]: [Telegram] Iniciando launch()... 
2026-09-30 17:36:33 [INFO]: [Telegram] ✅ Pronto como  () 
2026-09-30 17:36:33 [INFO]: [Discord] Cliente v14 inicializado com intents, partials e presence 
2026-09-30 17:36:33 [INFO]: [Discord] Iniciando login... 
2026-09-30 17:36:33 [INFO]: [Discord] ✅ Pronto como TestDiscordBot (1111) 
2026-09-30 17:36:33 [ERROR]: ❌ [[Discord] Erro ao definir presença:] this.client.user?.setPresence is not a function
2026-09-30 17:36:33 [INFO]: [Discord] Chamada de login concluída 
2026-09-30 17:36:33 [INFO]: [Discord] Cliente v14 inicializado com intents, partials e presence 
2026-09-30 17:36:33 [INFO]: [Discord] Iniciando login... 
2026-09-30 17:36:33 [INFO]: [Discord] ✅ Pronto como TestDiscordBot (1111) 
2026-09-30 17:36:33 [ERROR]: ❌ [[Discord] Erro ao definir presença:] this.client.user?.setPresence is not a function
2026-09-30 17:36:33 [INFO]: [Discord] Chamada de login concluída 
2026-09-30 17:36:33 [INFO]: [Discord] Iniciando login... 
2026-09-30 17:36:33 [INFO]: [Discord] Chamada de login concluída 
2026-09-30 17:36:33 [INFO]: [Discord] Cliente v14 inicializado com intents, partials e presence 
2026-09-30 17:36:33 [INFO]: [Discord] Iniciando login... 
2026-09-30 17:36:33 [INFO]: [Discord] ✅ Pronto como TestDiscordBot (1111) 
2026-09-30 17:36:33 [ERROR]: ❌ [[Discord] Erro ao definir presença:] this.client.user?.setPresence is not a function
2026-09-30 17:36:33 [INFO]: [Discord] Chamada de login concluída 
2026-09-30 17:36:36 [ERROR]: [memberJoinService] Erro ao processar entrada
2026-09-30 17:36:39 [INFO]: [keywordHandler] Palavra-chave detectada, resposta enviada
2026-09-30 17:36:43 [INFO]: [DiscordScreenService] Missing required Discord credentials, screen sharing disabled 
2026-09-30 17:36:43 [INFO]: [DiscordScreenService] Gerenciado externamente (DISCORD_SCREEN_EXTERNAL) — spawn interno desativado 
2026-09-30 17:36:43 [INFO]: [DiscordScreenService] Gerenciado externamente (DISCORD_SCREEN_EXTERNAL) — spawn interno desativado 
2026-09-30 17:36:44 [INFO]: [Discord] Cliente v14 inicializado com intents, partials e presence 
2026-10-01 09:10:57 [ERROR]: [DB] Falha ao registrar infração
2026-10-01 09:11:13 [INFO]: 🛑 [SHUTDOWN] Comando executado por: 5588998314322@c.us 
2026-10-01 09:11:13 [ERROR]: ❌ [Erro no comando $stats:] SQLITE_ERROR: no such table: feedbacks
2026-10-01 09:11:13 [ERROR]:    Stack: 
2026-10-01 09:11:13 [INFO]: 🛑 [SHUTDOWN] Comando executado por: 5588998314322@c.us 
2026-10-01 09:11:13 [ERROR]: ❌ [❌ Erro no $grupos:] ctx.client.getChats is not a function
2026-10-01 09:11:13 [ERROR]:    Stack: at Object.execute (D:\Desktop\Programas\bot-wpp\src\bot\commands\grupos.ts:18:44)
2026-10-01 09:11:13 [ERROR]: ❌ [[ScreenCommand] Erro:] connect ECONNREFUSED 127.0.0.1:3002
2026-10-01 09:11:13 [ERROR]:    Stack: at TCPConnectWrap.afterConnect [as oncomplete] (node:net:2017:16)
2026-10-01 09:11:15 [ERROR]: [DB] Falha ao registrar infração
2026-10-01 09:11:15 [ERROR]: [DB] Falha ao registrar infração
2026-10-01 09:11:15 [ERROR]: [DB] Falha ao registrar infração
2026-10-01 09:11:15 [ERROR]: [DB] Falha ao registrar infração
2026-10-01 09:11:15 [ERROR]: [DB] Falha ao registrar infração
2026-10-01 09:11:15 [ERROR]: [DB] Falha ao registrar infração
2026-10-01 09:11:15 [ERROR]: [DB] Falha ao registrar infração
2026-10-01 09:11:15 [ERROR]: [DB] Falha ao registrar infração
2026-10-01 09:11:15 [ERROR]: [DB] Falha ao registrar infração
2026-10-01 09:11:15 [INFO]: [TelegramAdapter] Inicializando... 
2026-10-01 09:11:15 [INFO]: [Telegram] Iniciando launch()... 
2026-10-01 09:11:15 [INFO]: [Telegram] ✅ Pronto como  () 
2026-10-01 09:11:15 [INFO]: [TelegramAdapter] Inicializando... 
2026-10-01 09:11:15 [INFO]: [Telegram] Iniciando launch()... 
2026-10-01 09:11:15 [INFO]: [Telegram] ✅ Pronto como  () 
2026-10-01 09:11:15 [INFO]: [TelegramAdapter] Inicializando... 
2026-10-01 09:11:15 [INFO]: [Telegram] Iniciando launch()... 
2026-10-01 09:11:15 [INFO]: [Telegram] ✅ Pronto como  () 
2026-10-01 09:11:15 [INFO]: [TelegramAdapter] Inicializando... 
2026-10-01 09:11:15 [INFO]: [TelegramAdapter] Já estava pronto 
2026-10-01 09:11:15 [INFO]: [TelegramAdapter] Inicializando... 
2026-10-01 09:11:15 [INFO]: [Telegram] Iniciando launch()... 
2026-10-01 09:11:15 [INFO]: [Telegram] ✅ Pronto como  () 
2026-10-01 09:11:15 [INFO]: [TelegramAdapter] Inicializando... 
2026-10-01 09:11:15 [INFO]: [Telegram] Iniciando launch()... 
2026-10-01 09:11:15 [INFO]: [Telegram] ✅ Pronto como  () 
2026-10-01 09:11:15 [INFO]: [Discord] Cliente v14 inicializado com intents, partials e presence 
2026-10-01 09:11:15 [INFO]: [Discord] Iniciando login... 
2026-10-01 09:11:15 [INFO]: [Discord] ✅ Pronto como TestDiscordBot (1111) 
2026-10-01 09:11:15 [ERROR]: ❌ [[Discord] Erro ao definir presença:] this.client.user?.setPresence is not a function
2026-10-01 09:11:15 [INFO]: [Discord] Chamada de login concluída 
2026-10-01 09:11:15 [INFO]: [Discord] Cliente v14 inicializado com intents, partials e presence 
2026-10-01 09:11:15 [INFO]: [Discord] Iniciando login... 
2026-10-01 09:11:15 [INFO]: [Discord] ✅ Pronto como TestDiscordBot (1111) 
2026-10-01 09:11:15 [ERROR]: ❌ [[Discord] Erro ao definir presença:] this.client.user?.setPresence is not a function
2026-10-01 09:11:15 [INFO]: [Discord] Chamada de login concluída 
2026-10-01 09:11:15 [INFO]: [Discord] Iniciando login... 
2026-10-01 09:11:15 [INFO]: [Discord] Chamada de login concluída 
2026-10-01 09:11:15 [INFO]: [Discord] Cliente v14 inicializado com intents, partials e presence 
2026-10-01 09:11:15 [INFO]: [Discord] Iniciando login... 
2026-10-01 09:11:15 [INFO]: [Discord] ✅ Pronto como TestDiscordBot (1111) 
2026-10-01 09:11:15 [ERROR]: ❌ [[Discord] Erro ao definir presença:] this.client.user?.setPresence is not a function
2026-10-01 09:11:15 [INFO]: [Discord] Chamada de login concluída 
2026-10-01 09:11:16 [INFO]: [DiscordScreenService] Missing required Discord credentials, screen sharing disabled 
2026-10-01 09:11:16 [INFO]: [DiscordScreenService] Gerenciado externamente (DISCORD_SCREEN_EXTERNAL) — spawn interno desativado 
2026-10-01 09:11:16 [INFO]: [DiscordScreenService] Gerenciado externamente (DISCORD_SCREEN_EXTERNAL) — spawn interno desativado 
2026-10-01 09:11:19 [ERROR]: [memberJoinService] Erro ao processar entrada
2026-10-01 09:11:25 [INFO]: [keywordHandler] Palavra-chave detectada, resposta enviada
2026-10-01 09:11:32 [INFO]: [Discord] Cliente v14 inicializado com intents, partials e presence 
2026-10-01 09:11:36 [WARN]: [BaileysSender] sendMessage: socket existe mas NÃO está pronto (readyState !== OPEN) 
2026-10-01 09:11:36 [INFO]: [BaileysSender.sendMessage] Reply: quotedRaw=false, replyTo=original:123, originalKey=NAO 
2026-10-01 09:11:36 [INFO]: [BaileysSender.sendMessage] Quoted payload construído: keyId=123, hasMessage=true 
2026-10-01 09:11:36 [WARN]: [BaileysSender] sendMessage: socket existe mas NÃO está pronto (readyState !== OPEN) 
2026-10-01 09:11:36 [INFO]: [BaileysSender.sendMessage] Reply: quotedRaw=false, replyTo=original:123, originalKey=NAO 
2026-10-01 09:11:36 [INFO]: [BaileysSender.sendMessage] Quoted payload construído: keyId=123, hasMessage=true 
2026-10-01 09:11:36 [WARN]: [BaileysSender] sendMessage: socket existe mas NÃO está pronto (readyState !== OPEN) 
2026-10-01 09:11:36 [INFO]: [BaileysSender.sendMessage] Reply: quotedRaw=false, replyTo=undefined, originalKey=NAO 
2026-10-01 09:11:36 [WARN]: [BaileysSender] sendMessage: socket existe mas NÃO está pronto (readyState !== OPEN) 
2026-10-01 09:11:36 [INFO]: [BaileysSender.sendMessage] Reply: quotedRaw=false, replyTo=original:123, originalKey=NAO 
2026-10-01 09:11:36 [INFO]: [BaileysSender.sendMessage] Quoted payload construído: keyId=123, hasMessage=true 
2026-10-01 09:12:03 [ERROR]: ❌ [Erro no comando $stats:] SQLITE_ERROR: no such table: feedbacks
2026-10-01 09:12:03 [ERROR]:    Stack: 
2026-10-01 09:12:03 [INFO]: 🛑 [SHUTDOWN] Comando executado por: 5588998314322@c.us 
2026-10-01 09:12:03 [ERROR]: ❌ [❌ Erro no $grupos:] ctx.client.getChats is not a function
2026-10-01 09:12:03 [ERROR]:    Stack: at Object.execute (D:\Desktop\Programas\bot-wpp\src\bot\commands\grupos.ts:18:44)
2026-10-01 09:12:03 [ERROR]: ❌ [[ScreenCommand] Erro:] connect ECONNREFUSED 127.0.0.1:3002
2026-10-01 09:12:03 [ERROR]:    Stack: at TCPConnectWrap.afterConnect [as oncomplete] (node:net:2017:16)
2026-10-01 09:12:03 [INFO]: 🛑 [SHUTDOWN] Comando executado por: 5588998314322@c.us 
2026-10-01 09:12:13 [ERROR]: ❌ [Erro no comando $stats:] SQLITE_ERROR: no such table: feedbacks
2026-10-01 09:12:13 [ERROR]:    Stack: 
2026-10-01 09:12:13 [INFO]: 🛑 [SHUTDOWN] Comando executado por: 5588998314322@c.us 
2026-10-01 09:12:13 [ERROR]: ❌ [❌ Erro no $grupos:] ctx.client.getChats is not a function
2026-10-01 09:12:13 [ERROR]:    Stack: at Object.execute (D:\Desktop\Programas\bot-wpp\src\bot\commands\grupos.ts:18:44)
2026-10-01 09:12:13 [ERROR]: ❌ [[ScreenCommand] Erro:] connect ECONNREFUSED 127.0.0.1:3002
2026-10-01 09:12:13 [ERROR]:    Stack: at TCPConnectWrap.afterConnect [as oncomplete] (node:net:2017:16)
2026-10-01 09:12:13 [INFO]: 🛑 [SHUTDOWN] Comando executado por: 5588998314322@c.us 
2026-10-01 09:12:22 [ERROR]: ❌ [Erro no comando $stats:] SQLITE_ERROR: no such table: feedbacks
2026-10-01 09:12:22 [ERROR]:    Stack: 
2026-10-01 09:12:22 [INFO]: 🛑 [SHUTDOWN] Comando executado por: 5588998314322@c.us 
2026-10-01 09:12:22 [ERROR]: ❌ [❌ Erro no $grupos:] ctx.client.getChats is not a function
2026-10-01 09:12:22 [ERROR]:    Stack: at Object.execute (D:\Desktop\Programas\bot-wpp\src\bot\commands\grupos.ts:18:44)
2026-10-01 09:12:22 [ERROR]: ❌ [[ScreenCommand] Erro:] connect ECONNREFUSED 127.0.0.1:3002
2026-10-01 09:12:22 [ERROR]:    Stack: at TCPConnectWrap.afterConnect [as oncomplete] (node:net:2017:16)
2026-10-01 09:12:22 [INFO]: 🛑 [SHUTDOWN] Comando executado por: 5588998314322@c.us 
2026-10-01 09:12:56 [ERROR]: ❌ [Erro no comando $stats:] SQLITE_ERROR: no such table: feedbacks
2026-10-01 09:12:56 [ERROR]:    Stack: 
2026-10-01 09:12:56 [ERROR]: ❌ [❌ Erro no $grupos:] ctx.client.getChats is not a function
2026-10-01 09:12:56 [ERROR]:    Stack: at Object.execute (D:\Desktop\Programas\bot-wpp\src\bot\commands\grupos.ts:18:44)
2026-10-01 09:12:56 [ERROR]: ❌ [[ScreenCommand] Erro:] connect ECONNREFUSED 127.0.0.1:3002
2026-10-01 09:12:56 [ERROR]:    Stack: at TCPConnectWrap.afterConnect [as oncomplete] (node:net:2017:16)
2026-10-01 09:14:36 [ERROR]: [DB] Falha ao registrar infração
2026-10-01 09:14:37 [ERROR]: ❌ [Erro no comando $stats:] SQLITE_ERROR: no such table: feedbacks
2026-10-01 09:14:37 [ERROR]:    Stack: 
2026-10-01 09:14:38 [INFO]: 🛑 [SHUTDOWN] Comando executado por: 5588998314322@c.us 
2026-10-01 09:14:38 [ERROR]: ❌ [❌ Erro no $grupos:] ctx.client.getChats is not a function
2026-10-01 09:14:38 [ERROR]:    Stack: at Object.execute (D:\Desktop\Programas\bot-wpp\src\bot\commands\grupos.ts:18:44)
2026-10-01 09:14:38 [ERROR]: ❌ [[ScreenCommand] Erro:] connect ECONNREFUSED 127.0.0.1:3002
2026-10-01 09:14:38 [ERROR]:    Stack: at TCPConnectWrap.afterConnect [as oncomplete] (node:net:2017:16)
2026-10-01 09:14:38 [INFO]: 🛑 [SHUTDOWN] Comando executado por: 5588998314322@c.us 
2026-10-01 09:14:40 [ERROR]: [DB] Falha ao registrar infração
2026-10-01 09:14:40 [ERROR]: [DB] Falha ao registrar infração
2026-10-01 09:14:40 [ERROR]: [DB] Falha ao registrar infração
2026-10-01 09:14:40 [ERROR]: [DB] Falha ao registrar infração
2026-10-01 09:14:40 [ERROR]: [DB] Falha ao registrar infração
2026-10-01 09:14:40 [ERROR]: [DB] Falha ao registrar infração
2026-10-01 09:14:40 [ERROR]: [DB] Falha ao registrar infração
2026-10-01 09:14:40 [ERROR]: [DB] Falha ao registrar infração
2026-10-01 09:14:40 [ERROR]: [DB] Falha ao registrar infração
2026-10-01 09:14:42 [INFO]: [TelegramAdapter] Inicializando... 
2026-10-01 09:14:42 [INFO]: [Telegram] Iniciando launch()... 
2026-10-01 09:14:42 [INFO]: [Telegram] ✅ Pronto como  () 
2026-10-01 09:14:42 [INFO]: [TelegramAdapter] Inicializando... 
2026-10-01 09:14:42 [INFO]: [Telegram] Iniciando launch()... 
2026-10-01 09:14:42 [INFO]: [Telegram] ✅ Pronto como  () 
2026-10-01 09:14:42 [INFO]: [TelegramAdapter] Inicializando... 
2026-10-01 09:14:42 [INFO]: [Telegram] Iniciando launch()... 
2026-10-01 09:14:42 [INFO]: [Telegram] ✅ Pronto como  () 
2026-10-01 09:14:42 [INFO]: [TelegramAdapter] Inicializando... 
2026-10-01 09:14:42 [INFO]: [TelegramAdapter] Já estava pronto 
2026-10-01 09:14:42 [INFO]: [TelegramAdapter] Inicializando... 
2026-10-01 09:14:42 [INFO]: [Telegram] Iniciando launch()... 
2026-10-01 09:14:42 [INFO]: [Telegram] ✅ Pronto como  () 
2026-10-01 09:14:42 [INFO]: [TelegramAdapter] Inicializando... 
2026-10-01 09:14:42 [INFO]: [Telegram] Iniciando launch()... 
2026-10-01 09:14:42 [INFO]: [Telegram] ✅ Pronto como  () 
2026-10-01 09:14:42 [INFO]: [Discord] Cliente v14 inicializado com intents, partials e presence 
2026-10-01 09:14:42 [INFO]: [Discord] Iniciando login... 
2026-10-01 09:14:42 [INFO]: [Discord] ✅ Pronto como TestDiscordBot (1111) 
2026-10-01 09:14:42 [ERROR]: ❌ [[Discord] Erro ao definir presença:] this.client.user?.setPresence is not a function
2026-10-01 09:14:42 [INFO]: [Discord] Chamada de login concluída 
2026-10-01 09:14:42 [INFO]: [Discord] Cliente v14 inicializado com intents, partials e presence 
2026-10-01 09:14:42 [INFO]: [Discord] Iniciando login... 
2026-10-01 09:14:42 [INFO]: [Discord] ✅ Pronto como TestDiscordBot (1111) 
2026-10-01 09:14:42 [ERROR]: ❌ [[Discord] Erro ao definir presença:] this.client.user?.setPresence is not a function
2026-10-01 09:14:42 [INFO]: [Discord] Chamada de login concluída 
2026-10-01 09:14:42 [INFO]: [Discord] Iniciando login... 
2026-10-01 09:14:42 [INFO]: [Discord] Chamada de login concluída 
2026-10-01 09:14:42 [INFO]: [Discord] Cliente v14 inicializado com intents, partials e presence 
2026-10-01 09:14:42 [INFO]: [Discord] Iniciando login... 
2026-10-01 09:14:42 [INFO]: [Discord] ✅ Pronto como TestDiscordBot (1111) 
2026-10-01 09:14:42 [ERROR]: ❌ [[Discord] Erro ao definir presença:] this.client.user?.setPresence is not a function
2026-10-01 09:14:42 [INFO]: [Discord] Chamada de login concluída 
2026-10-01 09:14:43 [WARN]: [BaileysSender] sendMessage: socket existe mas NÃO está pronto (readyState !== OPEN) 
2026-10-01 09:14:43 [INFO]: [BaileysSender.sendMessage] Reply: quotedRaw=false, replyTo=original:123, originalKey=NAO 
2026-10-01 09:14:43 [INFO]: [BaileysSender.sendMessage] Quoted payload construído: keyId=123, hasMessage=true 
2026-10-01 09:14:43 [WARN]: [BaileysSender] sendMessage: socket existe mas NÃO está pronto (readyState !== OPEN) 
2026-10-01 09:14:43 [INFO]: [BaileysSender.sendMessage] Reply: quotedRaw=false, replyTo=original:123, originalKey=NAO 
2026-10-01 09:14:43 [INFO]: [BaileysSender.sendMessage] Quoted payload construído: keyId=123, hasMessage=true 
2026-10-01 09:14:43 [WARN]: [BaileysSender] sendMessage: socket existe mas NÃO está pronto (readyState !== OPEN) 
2026-10-01 09:14:43 [INFO]: [BaileysSender.sendMessage] Reply: quotedRaw=false, replyTo=undefined, originalKey=NAO 
2026-10-01 09:14:43 [WARN]: [BaileysSender] sendMessage: socket existe mas NÃO está pronto (readyState !== OPEN) 
2026-10-01 09:14:43 [INFO]: [BaileysSender.sendMessage] Reply: quotedRaw=false, replyTo=original:123, originalKey=NAO 
2026-10-01 09:14:43 [INFO]: [BaileysSender.sendMessage] Quoted payload construído: keyId=123, hasMessage=true 
2026-10-01 09:14:46 [ERROR]: [memberJoinService] Erro ao processar entrada
2026-10-01 09:14:47 [INFO]: [keywordHandler] Palavra-chave detectada, resposta enviada
2026-10-01 09:14:48 [INFO]: [DiscordScreenService] Missing required Discord credentials, screen sharing disabled 
2026-10-01 09:14:48 [INFO]: [DiscordScreenService] Gerenciado externamente (DISCORD_SCREEN_EXTERNAL) — spawn interno desativado 
2026-10-01 09:14:48 [INFO]: [DiscordScreenService] Gerenciado externamente (DISCORD_SCREEN_EXTERNAL) — spawn interno desativado 
2026-10-01 09:14:51 [INFO]: [Discord] Cliente v14 inicializado com intents, partials e presence 
2026-10-01 09:15:04 [ERROR]: ❌ [Erro no comando $stats:] SQLITE_ERROR: no such table: feedbacks
2026-10-01 09:15:04 [ERROR]:    Stack: 
2026-10-01 09:15:04 [INFO]: 🛑 [SHUTDOWN] Comando executado por: 5588998314322@c.us 
2026-10-01 09:15:04 [ERROR]: ❌ [❌ Erro no $grupos:] ctx.client.getChats is not a function
2026-10-01 09:15:04 [ERROR]:    Stack: at Object.execute (D:\Desktop\Programas\bot-wpp\src\bot\commands\grupos.ts:18:44)
2026-10-01 09:15:04 [ERROR]: [DB] Falha ao registrar infração
2026-10-01 09:15:04 [ERROR]: ❌ [[ScreenCommand] Erro:] connect ECONNREFUSED 127.0.0.1:3002
2026-10-01 09:15:04 [ERROR]:    Stack: at TCPConnectWrap.afterConnect [as oncomplete] (node:net:2017:16)
2026-10-01 09:15:04 [INFO]: 🛑 [SHUTDOWN] Comando executado por: 5588998314322@c.us 
2026-10-01 09:15:05 [ERROR]: [DB] Falha ao registrar infração
2026-10-01 09:15:05 [ERROR]: [DB] Falha ao registrar infração
2026-10-01 09:15:05 [ERROR]: [DB] Falha ao registrar infração
2026-10-01 09:15:05 [ERROR]: [DB] Falha ao registrar infração
2026-10-01 09:15:05 [ERROR]: [DB] Falha ao registrar infração
2026-10-01 09:15:05 [ERROR]: [DB] Falha ao registrar infração
2026-10-01 09:15:05 [ERROR]: [DB] Falha ao registrar infração
2026-10-01 09:15:05 [ERROR]: [DB] Falha ao registrar infração
2026-10-01 09:15:05 [ERROR]: [DB] Falha ao registrar infração
2026-10-01 09:15:06 [INFO]: [TelegramAdapter] Inicializando... 
2026-10-01 09:15:06 [INFO]: [Telegram] Iniciando launch()... 
2026-10-01 09:15:06 [INFO]: [Telegram] ✅ Pronto como  () 
2026-10-01 09:15:06 [INFO]: [TelegramAdapter] Inicializando... 
2026-10-01 09:15:06 [INFO]: [Telegram] Iniciando launch()... 
2026-10-01 09:15:06 [INFO]: [Telegram] ✅ Pronto como  () 
2026-10-01 09:15:06 [INFO]: [TelegramAdapter] Inicializando... 
2026-10-01 09:15:06 [INFO]: [Telegram] Iniciando launch()... 
2026-10-01 09:15:06 [INFO]: [Telegram] ✅ Pronto como  () 
2026-10-01 09:15:06 [INFO]: [TelegramAdapter] Inicializando... 
2026-10-01 09:15:06 [INFO]: [TelegramAdapter] Já estava pronto 
2026-10-01 09:15:06 [INFO]: [TelegramAdapter] Inicializando... 
2026-10-01 09:15:06 [INFO]: [Telegram] Iniciando launch()... 
2026-10-01 09:15:06 [INFO]: [Telegram] ✅ Pronto como  () 
2026-10-01 09:15:06 [INFO]: [TelegramAdapter] Inicializando... 
2026-10-01 09:15:06 [INFO]: [Telegram] Iniciando launch()... 
2026-10-01 09:15:06 [INFO]: [Telegram] ✅ Pronto como  () 
2026-10-01 09:15:06 [INFO]: [Discord] Cliente v14 inicializado com intents, partials e presence 
2026-10-01 09:15:06 [INFO]: [Discord] Iniciando login... 
2026-10-01 09:15:06 [INFO]: [Discord] ✅ Pronto como TestDiscordBot (1111) 
2026-10-01 09:15:06 [ERROR]: ❌ [[Discord] Erro ao definir presença:] this.client.user?.setPresence is not a function
2026-10-01 09:15:06 [INFO]: [Discord] Chamada de login concluída 
2026-10-01 09:15:06 [INFO]: [Discord] Cliente v14 inicializado com intents, partials e presence 
2026-10-01 09:15:06 [INFO]: [Discord] Iniciando login... 
2026-10-01 09:15:06 [INFO]: [Discord] ✅ Pronto como TestDiscordBot (1111) 
2026-10-01 09:15:06 [ERROR]: ❌ [[Discord] Erro ao definir presença:] this.client.user?.setPresence is not a function
2026-10-01 09:15:06 [INFO]: [Discord] Chamada de login concluída 
2026-10-01 09:15:06 [INFO]: [Discord] Iniciando login... 
2026-10-01 09:15:06 [INFO]: [Discord] Chamada de login concluída 
2026-10-01 09:15:06 [INFO]: [Discord] Cliente v14 inicializado com intents, partials e presence 
2026-10-01 09:15:06 [INFO]: [Discord] Iniciando login... 
2026-10-01 09:15:06 [INFO]: [Discord] ✅ Pronto como TestDiscordBot (1111) 
2026-10-01 09:15:06 [ERROR]: ❌ [[Discord] Erro ao definir presença:] this.client.user?.setPresence is not a function
2026-10-01 09:15:06 [INFO]: [Discord] Chamada de login concluída 
2026-10-01 09:15:10 [ERROR]: [memberJoinService] Erro ao processar entrada
2026-10-01 09:15:11 [WARN]: [BaileysSender] sendMessage: socket existe mas NÃO está pronto (readyState !== OPEN) 
2026-10-01 09:15:11 [INFO]: [BaileysSender.sendMessage] Reply: quotedRaw=false, replyTo=original:123, originalKey=NAO 
2026-10-01 09:15:11 [INFO]: [BaileysSender.sendMessage] Quoted payload construído: keyId=123, hasMessage=true 
2026-10-01 09:15:11 [WARN]: [BaileysSender] sendMessage: socket existe mas NÃO está pronto (readyState !== OPEN) 
2026-10-01 09:15:11 [INFO]: [BaileysSender.sendMessage] Reply: quotedRaw=false, replyTo=original:123, originalKey=NAO 
2026-10-01 09:15:11 [INFO]: [BaileysSender.sendMessage] Quoted payload construído: keyId=123, hasMessage=true 
2026-10-01 09:15:11 [WARN]: [BaileysSender] sendMessage: socket existe mas NÃO está pronto (readyState !== OPEN) 
2026-10-01 09:15:11 [INFO]: [BaileysSender.sendMessage] Reply: quotedRaw=false, replyTo=undefined, originalKey=NAO 
2026-10-01 09:15:11 [WARN]: [BaileysSender] sendMessage: socket existe mas NÃO está pronto (readyState !== OPEN) 
2026-10-01 09:15:11 [INFO]: [BaileysSender.sendMessage] Reply: quotedRaw=false, replyTo=original:123, originalKey=NAO 
2026-10-01 09:15:11 [INFO]: [BaileysSender.sendMessage] Quoted payload construído: keyId=123, hasMessage=true 
2026-10-01 09:15:11 [INFO]: [keywordHandler] Palavra-chave detectada, resposta enviada
2026-10-01 09:15:13 [INFO]: [DiscordScreenService] Missing required Discord credentials, screen sharing disabled 
2026-10-01 09:15:13 [INFO]: [DiscordScreenService] Gerenciado externamente (DISCORD_SCREEN_EXTERNAL) — spawn interno desativado 
2026-10-01 09:15:13 [INFO]: [DiscordScreenService] Gerenciado externamente (DISCORD_SCREEN_EXTERNAL) — spawn interno desativado 
2026-10-01 09:15:14 [INFO]: [Discord] Cliente v14 inicializado com intents, partials e presence 
2026-10-01 09:15:26 [ERROR]: ❌ [Erro no comando $stats:] SQLITE_ERROR: no such table: feedbacks
2026-10-01 09:15:26 [ERROR]:    Stack: 
2026-10-01 09:15:26 [INFO]: 🛑 [SHUTDOWN] Comando executado por: 5588998314322@c.us 
2026-10-01 09:15:26 [ERROR]: ❌ [❌ Erro no $grupos:] ctx.client.getChats is not a function
2026-10-01 09:15:26 [ERROR]:    Stack: at Object.execute (D:\Desktop\Programas\bot-wpp\src\bot\commands\grupos.ts:18:44)
2026-10-01 09:15:26 [ERROR]: ❌ [[ScreenCommand] Erro:] connect ECONNREFUSED 127.0.0.1:3002
2026-10-01 09:15:26 [ERROR]:    Stack: at TCPConnectWrap.afterConnect [as oncomplete] (node:net:2017:16)
2026-10-01 09:15:26 [INFO]: 🛑 [SHUTDOWN] Comando executado por: 5588998314322@c.us 
2026-10-01 09:15:26 [ERROR]: [DB] Falha ao registrar infração
2026-10-01 09:15:30 [ERROR]: [DB] Falha ao registrar infração
2026-10-01 09:15:30 [ERROR]: [DB] Falha ao registrar infração
2026-10-01 09:15:30 [ERROR]: [DB] Falha ao registrar infração
2026-10-01 09:15:30 [ERROR]: [DB] Falha ao registrar infração
2026-10-01 09:15:30 [ERROR]: [DB] Falha ao registrar infração
2026-10-01 09:15:30 [ERROR]: [DB] Falha ao registrar infração
2026-10-01 09:15:30 [ERROR]: [DB] Falha ao registrar infração
2026-10-01 09:15:30 [ERROR]: [DB] Falha ao registrar infração
2026-10-01 09:15:30 [ERROR]: [DB] Falha ao registrar infração
2026-10-01 09:15:31 [WARN]: [BaileysSender] sendMessage: socket existe mas NÃO está pronto (readyState !== OPEN) 
2026-10-01 09:15:31 [INFO]: [BaileysSender.sendMessage] Reply: quotedRaw=false, replyTo=original:123, originalKey=NAO 
2026-10-01 09:15:31 [INFO]: [BaileysSender.sendMessage] Quoted payload construído: keyId=123, hasMessage=true 
2026-10-01 09:15:31 [WARN]: [BaileysSender] sendMessage: socket existe mas NÃO está pronto (readyState !== OPEN) 
2026-10-01 09:15:31 [INFO]: [BaileysSender.sendMessage] Reply: quotedRaw=false, replyTo=original:123, originalKey=NAO 
2026-10-01 09:15:31 [INFO]: [BaileysSender.sendMessage] Quoted payload construído: keyId=123, hasMessage=true 
2026-10-01 09:15:31 [WARN]: [BaileysSender] sendMessage: socket existe mas NÃO está pronto (readyState !== OPEN) 
2026-10-01 09:15:31 [INFO]: [BaileysSender.sendMessage] Reply: quotedRaw=false, replyTo=undefined, originalKey=NAO 
2026-10-01 09:15:31 [WARN]: [BaileysSender] sendMessage: socket existe mas NÃO está pronto (readyState !== OPEN) 
2026-10-01 09:15:31 [INFO]: [BaileysSender.sendMessage] Reply: quotedRaw=false, replyTo=original:123, originalKey=NAO 
2026-10-01 09:15:31 [INFO]: [BaileysSender.sendMessage] Quoted payload construído: keyId=123, hasMessage=true 
2026-10-01 09:15:32 [INFO]: [TelegramAdapter] Inicializando... 
2026-10-01 09:15:32 [INFO]: [Telegram] Iniciando launch()... 
2026-10-01 09:15:32 [INFO]: [Telegram] ✅ Pronto como  () 
2026-10-01 09:15:32 [INFO]: [TelegramAdapter] Inicializando... 
2026-10-01 09:15:32 [INFO]: [Telegram] Iniciando launch()... 
2026-10-01 09:15:32 [INFO]: [Telegram] ✅ Pronto como  () 
2026-10-01 09:15:32 [INFO]: [TelegramAdapter] Inicializando... 
2026-10-01 09:15:32 [INFO]: [Telegram] Iniciando launch()... 
2026-10-01 09:15:32 [INFO]: [Telegram] ✅ Pronto como  () 
2026-10-01 09:15:32 [INFO]: [TelegramAdapter] Inicializando... 
2026-10-01 09:15:32 [INFO]: [TelegramAdapter] Já estava pronto 
2026-10-01 09:15:32 [INFO]: [TelegramAdapter] Inicializando... 
2026-10-01 09:15:32 [INFO]: [Telegram] Iniciando launch()... 
2026-10-01 09:15:32 [INFO]: [Telegram] ✅ Pronto como  () 
2026-10-01 09:15:32 [INFO]: [TelegramAdapter] Inicializando... 
2026-10-01 09:15:32 [INFO]: [Telegram] Iniciando launch()... 
2026-10-01 09:15:32 [INFO]: [Telegram] ✅ Pronto como  () 
2026-10-01 09:15:32 [INFO]: [Discord] Cliente v14 inicializado com intents, partials e presence 
2026-10-01 09:15:32 [INFO]: [Discord] Iniciando login... 
2026-10-01 09:15:32 [INFO]: [Discord] ✅ Pronto como TestDiscordBot (1111) 
2026-10-01 09:15:32 [ERROR]: ❌ [[Discord] Erro ao definir presença:] this.client.user?.setPresence is not a function
2026-10-01 09:15:32 [INFO]: [Discord] Chamada de login concluída 
2026-10-01 09:15:32 [INFO]: [Discord] Cliente v14 inicializado com intents, partials e presence 
2026-10-01 09:15:32 [INFO]: [Discord] Iniciando login... 
2026-10-01 09:15:32 [INFO]: [Discord] ✅ Pronto como TestDiscordBot (1111) 
2026-10-01 09:15:32 [ERROR]: ❌ [[Discord] Erro ao definir presença:] this.client.user?.setPresence is not a function
2026-10-01 09:15:32 [INFO]: [Discord] Chamada de login concluída 
2026-10-01 09:15:32 [INFO]: [Discord] Iniciando login... 
2026-10-01 09:15:32 [INFO]: [Discord] Chamada de login concluída 
2026-10-01 09:15:32 [INFO]: [Discord] Cliente v14 inicializado com intents, partials e presence 
2026-10-01 09:15:32 [INFO]: [Discord] Iniciando login... 
2026-10-01 09:15:32 [INFO]: [Discord] ✅ Pronto como TestDiscordBot (1111) 
2026-10-01 09:15:32 [ERROR]: ❌ [[Discord] Erro ao definir presença:] this.client.user?.setPresence is not a function
2026-10-01 09:15:32 [INFO]: [Discord] Chamada de login concluída 
2026-10-01 09:15:33 [ERROR]: [memberJoinService] Erro ao processar entrada
2026-10-01 09:15:34 [INFO]: [keywordHandler] Palavra-chave detectada, resposta enviada
2026-10-01 09:15:34 [INFO]: [DiscordScreenService] Missing required Discord credentials, screen sharing disabled 
2026-10-01 09:15:34 [INFO]: [DiscordScreenService] Gerenciado externamente (DISCORD_SCREEN_EXTERNAL) — spawn interno desativado 
2026-10-01 09:15:34 [INFO]: [DiscordScreenService] Gerenciado externamente (DISCORD_SCREEN_EXTERNAL) — spawn interno desativado 
2026-10-01 09:15:37 [INFO]: [Discord] Cliente v14 inicializado com intents, partials e presence 
2026-10-01 09:15:57 [ERROR]: ❌ [Erro no comando $stats:] SQLITE_ERROR: no such table: feedbacks
2026-10-01 09:15:57 [ERROR]:    Stack: 
2026-10-01 09:15:57 [INFO]: 🛑 [SHUTDOWN] Comando executado por: 5588998314322@c.us 
2026-10-01 09:15:57 [ERROR]: ❌ [❌ Erro no $grupos:] ctx.client.getChats is not a function
2026-10-01 09:15:57 [ERROR]:    Stack: at Object.execute (D:\Desktop\Programas\bot-wpp\src\bot\commands\grupos.ts:18:44)
2026-10-01 09:15:57 [ERROR]: ❌ [[ScreenCommand] Erro:] connect ECONNREFUSED 127.0.0.1:3002
2026-10-01 09:15:57 [ERROR]:    Stack: at TCPConnectWrap.afterConnect [as oncomplete] (node:net:2017:16)
2026-10-01 09:15:57 [INFO]: 🛑 [SHUTDOWN] Comando executado por: 5588998314322@c.us 
2026-10-01 09:15:59 [ERROR]: [DB] Falha ao registrar infração
2026-10-01 09:15:59 [ERROR]: [DB] Falha ao registrar infração
2026-10-01 09:15:59 [ERROR]: [DB] Falha ao registrar infração
2026-10-01 09:15:59 [ERROR]: [DB] Falha ao registrar infração
2026-10-01 09:15:59 [ERROR]: [DB] Falha ao registrar infração
2026-10-01 09:15:59 [ERROR]: [DB] Falha ao registrar infração
2026-10-01 09:15:59 [ERROR]: [DB] Falha ao registrar infração
2026-10-01 09:15:59 [ERROR]: [DB] Falha ao registrar infração
2026-10-01 09:15:59 [ERROR]: [DB] Falha ao registrar infração
2026-10-01 09:15:59 [ERROR]: [DB] Falha ao registrar infração
2026-10-01 09:16:00 [INFO]: [TelegramAdapter] Inicializando... 
2026-10-01 09:16:00 [INFO]: [Telegram] Iniciando launch()... 
2026-10-01 09:16:00 [INFO]: [Telegram] ✅ Pronto como  () 
2026-10-01 09:16:00 [INFO]: [TelegramAdapter] Inicializando... 
2026-10-01 09:16:00 [INFO]: [Telegram] Iniciando launch()... 
2026-10-01 09:16:00 [INFO]: [Telegram] ✅ Pronto como  () 
2026-10-01 09:16:00 [INFO]: [TelegramAdapter] Inicializando... 
2026-10-01 09:16:00 [INFO]: [Telegram] Iniciando launch()... 
2026-10-01 09:16:00 [INFO]: [Telegram] ✅ Pronto como  () 
2026-10-01 09:16:00 [INFO]: [TelegramAdapter] Inicializando... 
2026-10-01 09:16:00 [INFO]: [TelegramAdapter] Já estava pronto 
2026-10-01 09:16:00 [INFO]: [TelegramAdapter] Inicializando... 
2026-10-01 09:16:00 [INFO]: [Telegram] Iniciando launch()... 
2026-10-01 09:16:00 [INFO]: [Telegram] ✅ Pronto como  () 
2026-10-01 09:16:00 [INFO]: [TelegramAdapter] Inicializando... 
2026-10-01 09:16:00 [INFO]: [Telegram] Iniciando launch()... 
2026-10-01 09:16:00 [INFO]: [Telegram] ✅ Pronto como  () 
2026-10-01 09:16:00 [INFO]: [Discord] Cliente v14 inicializado com intents, partials e presence 
2026-10-01 09:16:00 [INFO]: [Discord] Iniciando login... 
2026-10-01 09:16:01 [INFO]: [Discord] ✅ Pronto como TestDiscordBot (1111) 
2026-10-01 09:16:01 [ERROR]: ❌ [[Discord] Erro ao definir presença:] this.client.user?.setPresence is not a function
2026-10-01 09:16:01 [INFO]: [Discord] Chamada de login concluída 
2026-10-01 09:16:01 [INFO]: [Discord] Cliente v14 inicializado com intents, partials e presence 
2026-10-01 09:16:01 [INFO]: [Discord] Iniciando login... 
2026-10-01 09:16:01 [INFO]: [Discord] ✅ Pronto como TestDiscordBot (1111) 
2026-10-01 09:16:01 [ERROR]: ❌ [[Discord] Erro ao definir presença:] this.client.user?.setPresence is not a function
2026-10-01 09:16:01 [INFO]: [Discord] Chamada de login concluída 
2026-10-01 09:16:01 [INFO]: [Discord] Iniciando login... 
2026-10-01 09:16:01 [INFO]: [Discord] Chamada de login concluída 
2026-10-01 09:16:01 [INFO]: [Discord] Cliente v14 inicializado com intents, partials e presence 
2026-10-01 09:16:01 [INFO]: [Discord] Iniciando login... 
2026-10-01 09:16:01 [INFO]: [Discord] ✅ Pronto como TestDiscordBot (1111) 
2026-10-01 09:16:01 [ERROR]: ❌ [[Discord] Erro ao definir presença:] this.client.user?.setPresence is not a function
2026-10-01 09:16:01 [INFO]: [Discord] Chamada de login concluída 
2026-10-01 09:16:03 [ERROR]: [memberJoinService] Erro ao processar entrada
2026-10-01 09:16:04 [WARN]: [BaileysSender] sendMessage: socket existe mas NÃO está pronto (readyState !== OPEN) 
2026-10-01 09:16:04 [INFO]: [BaileysSender.sendMessage] Reply: quotedRaw=false, replyTo=original:123, originalKey=NAO 
2026-10-01 09:16:04 [INFO]: [BaileysSender.sendMessage] Quoted payload construído: keyId=123, hasMessage=true 
2026-10-01 09:16:04 [WARN]: [BaileysSender] sendMessage: socket existe mas NÃO está pronto (readyState !== OPEN) 
2026-10-01 09:16:04 [INFO]: [BaileysSender.sendMessage] Reply: quotedRaw=false, replyTo=original:123, originalKey=NAO 
2026-10-01 09:16:04 [INFO]: [BaileysSender.sendMessage] Quoted payload construído: keyId=123, hasMessage=true 
2026-10-01 09:16:04 [WARN]: [BaileysSender] sendMessage: socket existe mas NÃO está pronto (readyState !== OPEN) 
2026-10-01 09:16:04 [INFO]: [BaileysSender.sendMessage] Reply: quotedRaw=false, replyTo=undefined, originalKey=NAO 
2026-10-01 09:16:04 [WARN]: [BaileysSender] sendMessage: socket existe mas NÃO está pronto (readyState !== OPEN) 
2026-10-01 09:16:04 [INFO]: [BaileysSender.sendMessage] Reply: quotedRaw=false, replyTo=original:123, originalKey=NAO 
2026-10-01 09:16:04 [INFO]: [BaileysSender.sendMessage] Quoted payload construído: keyId=123, hasMessage=true 
2026-10-01 09:16:05 [INFO]: [DiscordScreenService] Missing required Discord credentials, screen sharing disabled 
2026-10-01 09:16:05 [INFO]: [DiscordScreenService] Gerenciado externamente (DISCORD_SCREEN_EXTERNAL) — spawn interno desativado 
2026-10-01 09:16:05 [INFO]: [DiscordScreenService] Gerenciado externamente (DISCORD_SCREEN_EXTERNAL) — spawn interno desativado 
2026-10-01 09:16:07 [INFO]: [keywordHandler] Palavra-chave detectada, resposta enviada
2026-10-01 09:16:08 [INFO]: [Discord] Cliente v14 inicializado com intents, partials e presence 
2026-10-01 09:16:44 [ERROR]: ❌ [Erro no comando $stats:] SQLITE_ERROR: no such table: feedbacks
2026-10-01 09:16:44 [ERROR]:    Stack: 
2026-10-01 09:16:44 [INFO]: 🛑 [SHUTDOWN] Comando executado por: 5588998314322@c.us 
2026-10-01 09:16:44 [ERROR]: ❌ [❌ Erro no $grupos:] ctx.client.getChats is not a function
2026-10-01 09:16:44 [ERROR]:    Stack: at Object.execute (D:\Desktop\Programas\bot-wpp\src\bot\commands\grupos.ts:18:44)
2026-10-01 09:16:45 [ERROR]: ❌ [[ScreenCommand] Erro:] connect ECONNREFUSED 127.0.0.1:3002
2026-10-01 09:16:45 [ERROR]:    Stack: at TCPConnectWrap.afterConnect [as oncomplete] (node:net:2017:16)
2026-10-01 09:16:45 [INFO]: 🛑 [SHUTDOWN] Comando executado por: 5588998314322@c.us 
2026-10-01 09:16:50 [ERROR]: [DB] Falha ao registrar infração
2026-10-01 09:16:53 [ERROR]: [DB] Falha ao registrar infração
2026-10-01 09:16:53 [ERROR]: [DB] Falha ao registrar infração
2026-10-01 09:16:53 [ERROR]: [DB] Falha ao registrar infração
2026-10-01 09:16:53 [ERROR]: [DB] Falha ao registrar infração
2026-10-01 09:16:53 [ERROR]: [DB] Falha ao registrar infração
2026-10-01 09:16:53 [ERROR]: [DB] Falha ao registrar infração
2026-10-01 09:16:53 [ERROR]: [DB] Falha ao registrar infração
2026-10-01 09:16:53 [ERROR]: [DB] Falha ao registrar infração
2026-10-01 09:16:53 [ERROR]: [DB] Falha ao registrar infração
2026-10-01 09:17:01 [INFO]: [TelegramAdapter] Inicializando... 
2026-10-01 09:17:01 [INFO]: [Telegram] Iniciando launch()... 
2026-10-01 09:17:01 [INFO]: [Telegram] ✅ Pronto como  () 
2026-10-01 09:17:01 [INFO]: [TelegramAdapter] Inicializando... 
2026-10-01 09:17:01 [INFO]: [Telegram] Iniciando launch()... 
2026-10-01 09:17:01 [INFO]: [Telegram] ✅ Pronto como  () 
2026-10-01 09:17:02 [INFO]: [TelegramAdapter] Inicializando... 
2026-10-01 09:17:02 [INFO]: [Telegram] Iniciando launch()... 
2026-10-01 09:17:02 [INFO]: [Telegram] ✅ Pronto como  () 
2026-10-01 09:17:02 [INFO]: [TelegramAdapter] Inicializando... 
2026-10-01 09:17:02 [INFO]: [TelegramAdapter] Já estava pronto 
2026-10-01 09:17:02 [INFO]: [TelegramAdapter] Inicializando... 
2026-10-01 09:17:02 [INFO]: [Telegram] Iniciando launch()... 
2026-10-01 09:17:02 [INFO]: [Telegram] ✅ Pronto como  () 
2026-10-01 09:17:02 [INFO]: [TelegramAdapter] Inicializando... 
2026-10-01 09:17:02 [INFO]: [Telegram] Iniciando launch()... 
2026-10-01 09:17:02 [INFO]: [Telegram] ✅ Pronto como  () 
2026-10-01 09:17:02 [INFO]: [Discord] Cliente v14 inicializado com intents, partials e presence 
2026-10-01 09:17:02 [INFO]: [Discord] Iniciando login... 
2026-10-01 09:17:02 [INFO]: [Discord] ✅ Pronto como TestDiscordBot (1111) 
2026-10-01 09:17:02 [ERROR]: ❌ [[Discord] Erro ao definir presença:] this.client.user?.setPresence is not a function
2026-10-01 09:17:02 [INFO]: [Discord] Chamada de login concluída 
2026-10-01 09:17:02 [INFO]: [Discord] Cliente v14 inicializado com intents, partials e presence 
2026-10-01 09:17:02 [INFO]: [Discord] Iniciando login... 
2026-10-01 09:17:02 [INFO]: [Discord] ✅ Pronto como TestDiscordBot (1111) 
2026-10-01 09:17:02 [ERROR]: ❌ [[Discord] Erro ao definir presença:] this.client.user?.setPresence is not a function
2026-10-01 09:17:02 [INFO]: [Discord] Chamada de login concluída 
2026-10-01 09:17:02 [INFO]: [Discord] Iniciando login... 
2026-10-01 09:17:02 [INFO]: [Discord] Chamada de login concluída 
2026-10-01 09:17:02 [INFO]: [Discord] Cliente v14 inicializado com intents, partials e presence 
2026-10-01 09:17:02 [INFO]: [Discord] Iniciando login... 
2026-10-01 09:17:02 [INFO]: [Discord] ✅ Pronto como TestDiscordBot (1111) 
2026-10-01 09:17:02 [ERROR]: ❌ [[Discord] Erro ao definir presença:] this.client.user?.setPresence is not a function
2026-10-01 09:17:02 [INFO]: [Discord] Chamada de login concluída 
2026-10-01 09:17:08 [ERROR]: [memberJoinService] Erro ao processar entrada
2026-10-01 09:17:08 [INFO]: [keywordHandler] Palavra-chave detectada, resposta enviada
2026-10-01 09:17:14 [WARN]: [BaileysSender] sendMessage: socket existe mas NÃO está pronto (readyState !== OPEN) 
2026-10-01 09:17:14 [INFO]: [BaileysSender.sendMessage] Reply: quotedRaw=false, replyTo=original:123, originalKey=NAO 
2026-10-01 09:17:14 [INFO]: [BaileysSender.sendMessage] Quoted payload construído: keyId=123, hasMessage=true 
2026-10-01 09:17:14 [WARN]: [BaileysSender] sendMessage: socket existe mas NÃO está pronto (readyState !== OPEN) 
2026-10-01 09:17:14 [INFO]: [BaileysSender.sendMessage] Reply: quotedRaw=false, replyTo=original:123, originalKey=NAO 
2026-10-01 09:17:14 [INFO]: [BaileysSender.sendMessage] Quoted payload construído: keyId=123, hasMessage=true 
2026-10-01 09:17:14 [WARN]: [BaileysSender] sendMessage: socket existe mas NÃO está pronto (readyState !== OPEN) 
2026-10-01 09:17:14 [INFO]: [BaileysSender.sendMessage] Reply: quotedRaw=false, replyTo=undefined, originalKey=NAO 
2026-10-01 09:17:14 [WARN]: [BaileysSender] sendMessage: socket existe mas NÃO está pronto (readyState !== OPEN) 
2026-10-01 09:17:14 [INFO]: [BaileysSender.sendMessage] Reply: quotedRaw=false, replyTo=original:123, originalKey=NAO 
2026-10-01 09:17:14 [INFO]: [BaileysSender.sendMessage] Quoted payload construído: keyId=123, hasMessage=true 
2026-10-01 09:17:14 [INFO]: [DiscordScreenService] Missing required Discord credentials, screen sharing disabled 
2026-10-01 09:17:14 [INFO]: [DiscordScreenService] Gerenciado externamente (DISCORD_SCREEN_EXTERNAL) — spawn interno desativado 
2026-10-01 09:17:14 [INFO]: [DiscordScreenService] Gerenciado externamente (DISCORD_SCREEN_EXTERNAL) — spawn interno desativado 
2026-10-01 09:17:19 [INFO]: [Discord] Cliente v14 inicializado com intents, partials e presence 
2026-10-01 09:18:22 [ERROR]: [DB] Falha ao registrar infração
2026-10-01 09:18:24 [ERROR]: ❌ [Erro no comando $stats:] SQLITE_ERROR: no such table: feedbacks
2026-10-01 09:18:24 [ERROR]:    Stack: 
2026-10-01 09:18:24 [INFO]: 🛑 [SHUTDOWN] Comando executado por: 5588998314322@c.us 
2026-10-01 09:18:24 [ERROR]: ❌ [❌ Erro no $grupos:] ctx.client.getChats is not a function
2026-10-01 09:18:24 [ERROR]:    Stack: at Object.execute (D:\Desktop\Programas\bot-wpp\src\bot\commands\grupos.ts:18:44)
2026-10-01 09:18:24 [ERROR]: ❌ [[ScreenCommand] Erro:] connect ECONNREFUSED 127.0.0.1:3002
2026-10-01 09:18:24 [ERROR]:    Stack: at TCPConnectWrap.afterConnect [as oncomplete] (node:net:2017:16)
2026-10-01 09:18:25 [INFO]: 🛑 [SHUTDOWN] Comando executado por: 5588998314322@c.us 
2026-10-01 09:18:28 [ERROR]: [DB] Falha ao registrar infração
2026-10-01 09:18:28 [INFO]: [TelegramAdapter] Inicializando... 
2026-10-01 09:18:28 [INFO]: [Telegram] Iniciando launch()... 
2026-10-01 09:18:28 [INFO]: [Telegram] ✅ Pronto como  () 
2026-10-01 09:18:28 [INFO]: [TelegramAdapter] Inicializando... 
2026-10-01 09:18:28 [INFO]: [Telegram] Iniciando launch()... 
2026-10-01 09:18:28 [INFO]: [Telegram] ✅ Pronto como  () 
2026-10-01 09:18:28 [INFO]: [TelegramAdapter] Inicializando... 
2026-10-01 09:18:28 [INFO]: [Telegram] Iniciando launch()... 
2026-10-01 09:18:28 [INFO]: [Telegram] ✅ Pronto como  () 
2026-10-01 09:18:28 [INFO]: [TelegramAdapter] Inicializando... 
2026-10-01 09:18:28 [INFO]: [TelegramAdapter] Já estava pronto 
2026-10-01 09:18:28 [INFO]: [TelegramAdapter] Inicializando... 
2026-10-01 09:18:28 [INFO]: [Telegram] Iniciando launch()... 
2026-10-01 09:18:28 [INFO]: [Telegram] ✅ Pronto como  () 
2026-10-01 09:18:28 [INFO]: [TelegramAdapter] Inicializando... 
2026-10-01 09:18:28 [INFO]: [Telegram] Iniciando launch()... 
2026-10-01 09:18:28 [INFO]: [Telegram] ✅ Pronto como  () 
2026-10-01 09:18:28 [INFO]: [Discord] Cliente v14 inicializado com intents, partials e presence 
2026-10-01 09:18:28 [INFO]: [Discord] Iniciando login... 
2026-10-01 09:18:28 [ERROR]: [DB] Falha ao registrar infração
2026-10-01 09:18:28 [ERROR]: [DB] Falha ao registrar infração
2026-10-01 09:18:28 [ERROR]: [DB] Falha ao registrar infração
2026-10-01 09:18:28 [ERROR]: [DB] Falha ao registrar infração
2026-10-01 09:18:28 [ERROR]: [DB] Falha ao registrar infração
2026-10-01 09:18:28 [ERROR]: [DB] Falha ao registrar infração
2026-10-01 09:18:28 [ERROR]: [DB] Falha ao registrar infração
2026-10-01 09:18:28 [ERROR]: [DB] Falha ao registrar infração
2026-10-01 09:18:28 [INFO]: [Discord] ✅ Pronto como TestDiscordBot (1111) 
2026-10-01 09:18:28 [ERROR]: ❌ [[Discord] Erro ao definir presença:] this.client.user?.setPresence is not a function
2026-10-01 09:18:28 [INFO]: [Discord] Chamada de login concluída 
2026-10-01 09:18:28 [INFO]: [Discord] Cliente v14 inicializado com intents, partials e presence 
2026-10-01 09:18:28 [INFO]: [Discord] Iniciando login... 
2026-10-01 09:18:28 [INFO]: [Discord] ✅ Pronto como TestDiscordBot (1111) 
2026-10-01 09:18:28 [ERROR]: ❌ [[Discord] Erro ao definir presença:] this.client.user?.setPresence is not a function
2026-10-01 09:18:28 [INFO]: [Discord] Chamada de login concluída 
2026-10-01 09:18:28 [INFO]: [Discord] Iniciando login... 
2026-10-01 09:18:28 [INFO]: [Discord] Chamada de login concluída 
2026-10-01 09:18:28 [INFO]: [Discord] Cliente v14 inicializado com intents, partials e presence 
2026-10-01 09:18:28 [INFO]: [Discord] Iniciando login... 
2026-10-01 09:18:28 [INFO]: [Discord] ✅ Pronto como TestDiscordBot (1111) 
2026-10-01 09:18:28 [ERROR]: ❌ [[Discord] Erro ao definir presença:] this.client.user?.setPresence is not a function
2026-10-01 09:18:28 [INFO]: [Discord] Chamada de login concluída 
2026-10-01 09:18:29 [ERROR]: [memberJoinService] Erro ao processar entrada
2026-10-01 09:18:32 [WARN]: [BaileysSender] sendMessage: socket existe mas NÃO está pronto (readyState !== OPEN) 
2026-10-01 09:18:32 [INFO]: [BaileysSender.sendMessage] Reply: quotedRaw=false, replyTo=original:123, originalKey=NAO 
2026-10-01 09:18:32 [INFO]: [BaileysSender.sendMessage] Quoted payload construído: keyId=123, hasMessage=true 
2026-10-01 09:18:32 [WARN]: [BaileysSender] sendMessage: socket existe mas NÃO está pronto (readyState !== OPEN) 
2026-10-01 09:18:32 [INFO]: [BaileysSender.sendMessage] Reply: quotedRaw=false, replyTo=original:123, originalKey=NAO 
2026-10-01 09:18:32 [INFO]: [BaileysSender.sendMessage] Quoted payload construído: keyId=123, hasMessage=true 
2026-10-01 09:18:32 [WARN]: [BaileysSender] sendMessage: socket existe mas NÃO está pronto (readyState !== OPEN) 
2026-10-01 09:18:32 [INFO]: [BaileysSender.sendMessage] Reply: quotedRaw=false, replyTo=undefined, originalKey=NAO 
2026-10-01 09:18:32 [WARN]: [BaileysSender] sendMessage: socket existe mas NÃO está pronto (readyState !== OPEN) 
2026-10-01 09:18:32 [INFO]: [BaileysSender.sendMessage] Reply: quotedRaw=false, replyTo=original:123, originalKey=NAO 
2026-10-01 09:18:32 [INFO]: [BaileysSender.sendMessage] Quoted payload construído: keyId=123, hasMessage=true 
2026-10-01 09:18:33 [INFO]: [keywordHandler] Palavra-chave detectada, resposta enviada
2026-10-01 09:18:35 [INFO]: [Discord] Cliente v14 inicializado com intents, partials e presence 
2026-10-01 09:18:36 [INFO]: [DiscordScreenService] Missing required Discord credentials, screen sharing disabled 
2026-10-01 09:18:36 [INFO]: [DiscordScreenService] Gerenciado externamente (DISCORD_SCREEN_EXTERNAL) — spawn interno desativado 
2026-10-01 09:18:36 [INFO]: [DiscordScreenService] Gerenciado externamente (DISCORD_SCREEN_EXTERNAL) — spawn interno desativado 
2026-10-01 09:18:53 [ERROR]: [DB] Falha ao registrar infração
2026-10-01 09:18:54 [ERROR]: ❌ [Erro no comando $stats:] SQLITE_ERROR: no such table: feedbacks
2026-10-01 09:18:54 [ERROR]:    Stack: 
2026-10-01 09:18:54 [INFO]: 🛑 [SHUTDOWN] Comando executado por: 5588998314322@c.us 
2026-10-01 09:18:54 [ERROR]: ❌ [❌ Erro no $grupos:] ctx.client.getChats is not a function
2026-10-01 09:18:54 [ERROR]:    Stack: at Object.execute (D:\Desktop\Programas\bot-wpp\src\bot\commands\grupos.ts:18:44)
2026-10-01 09:18:54 [ERROR]: [DB] Falha ao registrar infração
2026-10-01 09:18:54 [ERROR]: ❌ [[ScreenCommand] Erro:] connect ECONNREFUSED 127.0.0.1:3002
2026-10-01 09:18:54 [ERROR]: [DB] Falha ao registrar infração
2026-10-01 09:18:54 [ERROR]: [DB] Falha ao registrar infração
2026-10-01 09:18:54 [ERROR]: [DB] Falha ao registrar infração
2026-10-01 09:18:54 [ERROR]: [DB] Falha ao registrar infração
2026-10-01 09:18:54 [ERROR]: [DB] Falha ao registrar infração
2026-10-01 09:18:54 [ERROR]: [DB] Falha ao registrar infração
2026-10-01 09:18:54 [ERROR]: [DB] Falha ao registrar infração
2026-10-01 09:18:54 [ERROR]: [DB] Falha ao registrar infração
2026-10-01 09:18:54 [ERROR]:    Stack: at TCPConnectWrap.afterConnect [as oncomplete] (node:net:2017:16)
2026-10-01 09:18:54 [INFO]: 🛑 [SHUTDOWN] Comando executado por: 5588998314322@c.us 
2026-10-01 09:18:56 [INFO]: [TelegramAdapter] Inicializando... 
2026-10-01 09:18:56 [INFO]: [Telegram] Iniciando launch()... 
2026-10-01 09:18:56 [INFO]: [Telegram] ✅ Pronto como  () 
2026-10-01 09:18:56 [INFO]: [TelegramAdapter] Inicializando... 
2026-10-01 09:18:56 [INFO]: [Telegram] Iniciando launch()... 
2026-10-01 09:18:56 [INFO]: [Telegram] ✅ Pronto como  () 
2026-10-01 09:18:56 [INFO]: [TelegramAdapter] Inicializando... 
2026-10-01 09:18:56 [INFO]: [Telegram] Iniciando launch()... 
2026-10-01 09:18:56 [INFO]: [Telegram] ✅ Pronto como  () 
2026-10-01 09:18:56 [INFO]: [TelegramAdapter] Inicializando... 
2026-10-01 09:18:56 [INFO]: [TelegramAdapter] Já estava pronto 
2026-10-01 09:18:56 [INFO]: [TelegramAdapter] Inicializando... 
2026-10-01 09:18:56 [INFO]: [Telegram] Iniciando launch()... 
2026-10-01 09:18:56 [INFO]: [Telegram] ✅ Pronto como  () 
2026-10-01 09:18:56 [INFO]: [TelegramAdapter] Inicializando... 
2026-10-01 09:18:56 [INFO]: [Telegram] Iniciando launch()... 
2026-10-01 09:18:56 [INFO]: [Telegram] ✅ Pronto como  () 
2026-10-01 09:18:56 [INFO]: [Discord] Cliente v14 inicializado com intents, partials e presence 
2026-10-01 09:18:56 [INFO]: [Discord] Iniciando login... 
2026-10-01 09:18:56 [INFO]: [Discord] ✅ Pronto como TestDiscordBot (1111) 
2026-10-01 09:18:56 [ERROR]: ❌ [[Discord] Erro ao definir presença:] this.client.user?.setPresence is not a function
2026-10-01 09:18:56 [INFO]: [Discord] Chamada de login concluída 
2026-10-01 09:18:56 [INFO]: [Discord] Cliente v14 inicializado com intents, partials e presence 
2026-10-01 09:18:56 [INFO]: [Discord] Iniciando login... 
2026-10-01 09:18:56 [INFO]: [Discord] ✅ Pronto como TestDiscordBot (1111) 
2026-10-01 09:18:56 [ERROR]: ❌ [[Discord] Erro ao definir presença:] this.client.user?.setPresence is not a function
2026-10-01 09:18:56 [INFO]: [Discord] Chamada de login concluída 
2026-10-01 09:18:56 [INFO]: [Discord] Iniciando login... 
2026-10-01 09:18:56 [INFO]: [Discord] Chamada de login concluída 
2026-10-01 09:18:56 [INFO]: [Discord] Cliente v14 inicializado com intents, partials e presence 
2026-10-01 09:18:56 [INFO]: [Discord] Iniciando login... 
2026-10-01 09:18:56 [INFO]: [Discord] ✅ Pronto como TestDiscordBot (1111) 
2026-10-01 09:18:56 [ERROR]: ❌ [[Discord] Erro ao definir presença:] this.client.user?.setPresence is not a function
2026-10-01 09:18:56 [INFO]: [Discord] Chamada de login concluída 
2026-10-01 09:18:58 [ERROR]: [memberJoinService] Erro ao processar entrada
2026-10-01 09:18:59 [INFO]: [keywordHandler] Palavra-chave detectada, resposta enviada
2026-10-01 09:19:01 [WARN]: [BaileysSender] sendMessage: socket existe mas NÃO está pronto (readyState !== OPEN) 
2026-10-01 09:19:01 [INFO]: [BaileysSender.sendMessage] Reply: quotedRaw=false, replyTo=original:123, originalKey=NAO 
2026-10-01 09:19:01 [INFO]: [BaileysSender.sendMessage] Quoted payload construído: keyId=123, hasMessage=true 
2026-10-01 09:19:01 [WARN]: [BaileysSender] sendMessage: socket existe mas NÃO está pronto (readyState !== OPEN) 
2026-10-01 09:19:01 [INFO]: [BaileysSender.sendMessage] Reply: quotedRaw=false, replyTo=original:123, originalKey=NAO 
2026-10-01 09:19:01 [INFO]: [BaileysSender.sendMessage] Quoted payload construído: keyId=123, hasMessage=true 
2026-10-01 09:19:01 [WARN]: [BaileysSender] sendMessage: socket existe mas NÃO está pronto (readyState !== OPEN) 
2026-10-01 09:19:01 [INFO]: [BaileysSender.sendMessage] Reply: quotedRaw=false, replyTo=undefined, originalKey=NAO 
2026-10-01 09:19:01 [WARN]: [BaileysSender] sendMessage: socket existe mas NÃO está pronto (readyState !== OPEN) 
2026-10-01 09:19:01 [INFO]: [BaileysSender.sendMessage] Reply: quotedRaw=false, replyTo=original:123, originalKey=NAO 
2026-10-01 09:19:01 [INFO]: [BaileysSender.sendMessage] Quoted payload construído: keyId=123, hasMessage=true 
2026-10-01 09:19:02 [INFO]: [DiscordScreenService] Missing required Discord credentials, screen sharing disabled 
2026-10-01 09:19:02 [INFO]: [DiscordScreenService] Gerenciado externamente (DISCORD_SCREEN_EXTERNAL) — spawn interno desativado 
2026-10-01 09:19:02 [INFO]: [DiscordScreenService] Gerenciado externamente (DISCORD_SCREEN_EXTERNAL) — spawn interno desativado 
2026-10-01 09:19:03 [INFO]: [Discord] Cliente v14 inicializado com intents, partials e presence 
2026-10-01 09:19:13 [ERROR]: [DB] Falha ao registrar infração
2026-10-01 09:19:13 [ERROR]: [DB] Falha ao registrar infração
2026-10-01 09:19:13 [ERROR]: [DB] Falha ao registrar infração
2026-10-01 09:19:13 [ERROR]: [DB] Falha ao registrar infração
2026-10-01 09:19:13 [ERROR]: [DB] Falha ao registrar infração
2026-10-01 09:19:13 [ERROR]: [DB] Falha ao registrar infração
2026-10-01 09:19:14 [ERROR]: [DB] Falha ao registrar infração
2026-10-01 09:19:14 [ERROR]: [DB] Falha ao registrar infração
2026-10-01 09:19:14 [ERROR]: [DB] Falha ao registrar infração
2026-10-01 09:19:15 [ERROR]: ❌ [Erro no comando $stats:] SQLITE_ERROR: no such table: feedbacks
2026-10-01 09:19:15 [ERROR]:    Stack: 
2026-10-01 09:19:15 [INFO]: 🛑 [SHUTDOWN] Comando executado por: 5588998314322@c.us 
2026-10-01 09:19:15 [ERROR]: ❌ [❌ Erro no $grupos:] ctx.client.getChats is not a function
2026-10-01 09:19:15 [ERROR]:    Stack: at Object.execute (D:\Desktop\Programas\bot-wpp\src\bot\commands\grupos.ts:18:44)
2026-10-01 09:19:15 [ERROR]: ❌ [[ScreenCommand] Erro:] connect ECONNREFUSED 127.0.0.1:3002
2026-10-01 09:19:15 [ERROR]:    Stack: at TCPConnectWrap.afterConnect [as oncomplete] (node:net:2017:16)
2026-10-01 09:19:16 [INFO]: 🛑 [SHUTDOWN] Comando executado por: 5588998314322@c.us 
2026-10-01 09:19:16 [ERROR]: [DB] Falha ao registrar infração
2026-10-01 09:19:17 [INFO]: [TelegramAdapter] Inicializando... 
2026-10-01 09:19:17 [INFO]: [Telegram] Iniciando launch()... 
2026-10-01 09:19:17 [INFO]: [Telegram] ✅ Pronto como  () 
2026-10-01 09:19:17 [INFO]: [TelegramAdapter] Inicializando... 
2026-10-01 09:19:17 [INFO]: [Telegram] Iniciando launch()... 
2026-10-01 09:19:17 [INFO]: [Telegram] ✅ Pronto como  () 
2026-10-01 09:19:17 [INFO]: [TelegramAdapter] Inicializando... 
2026-10-01 09:19:17 [INFO]: [Telegram] Iniciando launch()... 
2026-10-01 09:19:17 [INFO]: [Telegram] ✅ Pronto como  () 
2026-10-01 09:19:17 [INFO]: [TelegramAdapter] Inicializando... 
2026-10-01 09:19:17 [INFO]: [TelegramAdapter] Já estava pronto 
2026-10-01 09:19:17 [INFO]: [TelegramAdapter] Inicializando... 
2026-10-01 09:19:17 [INFO]: [Telegram] Iniciando launch()... 
2026-10-01 09:19:17 [INFO]: [Telegram] ✅ Pronto como  () 
2026-10-01 09:19:17 [INFO]: [TelegramAdapter] Inicializando... 
2026-10-01 09:19:17 [INFO]: [Telegram] Iniciando launch()... 
2026-10-01 09:19:17 [INFO]: [Telegram] ✅ Pronto como  () 
2026-10-01 09:19:17 [INFO]: [Discord] Cliente v14 inicializado com intents, partials e presence 
2026-10-01 09:19:17 [INFO]: [Discord] Iniciando login... 
2026-10-01 09:19:17 [INFO]: [Discord] ✅ Pronto como TestDiscordBot (1111) 
2026-10-01 09:19:17 [ERROR]: ❌ [[Discord] Erro ao definir presença:] this.client.user?.setPresence is not a function
2026-10-01 09:19:17 [INFO]: [Discord] Chamada de login concluída 
2026-10-01 09:19:17 [INFO]: [Discord] Cliente v14 inicializado com intents, partials e presence 
2026-10-01 09:19:17 [INFO]: [Discord] Iniciando login... 
2026-10-01 09:19:17 [INFO]: [Discord] ✅ Pronto como TestDiscordBot (1111) 
2026-10-01 09:19:17 [ERROR]: ❌ [[Discord] Erro ao definir presença:] this.client.user?.setPresence is not a function
2026-10-01 09:19:17 [INFO]: [Discord] Chamada de login concluída 
2026-10-01 09:19:17 [INFO]: [Discord] Iniciando login... 
2026-10-01 09:19:17 [INFO]: [Discord] Chamada de login concluída 
2026-10-01 09:19:17 [INFO]: [Discord] Cliente v14 inicializado com intents, partials e presence 
2026-10-01 09:19:17 [INFO]: [Discord] Iniciando login... 
2026-10-01 09:19:17 [INFO]: [Discord] ✅ Pronto como TestDiscordBot (1111) 
2026-10-01 09:19:17 [ERROR]: ❌ [[Discord] Erro ao definir presença:] this.client.user?.setPresence is not a function
2026-10-01 09:19:17 [INFO]: [Discord] Chamada de login concluída 
2026-10-01 09:19:21 [INFO]: [DiscordScreenService] Missing required Discord credentials, screen sharing disabled 
2026-10-01 09:19:21 [INFO]: [DiscordScreenService] Gerenciado externamente (DISCORD_SCREEN_EXTERNAL) — spawn interno desativado 
2026-10-01 09:19:21 [INFO]: [DiscordScreenService] Gerenciado externamente (DISCORD_SCREEN_EXTERNAL) — spawn interno desativado 
2026-10-01 09:19:21 [ERROR]: [memberJoinService] Erro ao processar entrada
2026-10-01 09:19:23 [INFO]: [keywordHandler] Palavra-chave detectada, resposta enviada
2026-10-01 09:19:23 [WARN]: [BaileysSender] sendMessage: socket existe mas NÃO está pronto (readyState !== OPEN) 
2026-10-01 09:19:23 [INFO]: [BaileysSender.sendMessage] Reply: quotedRaw=false, replyTo=original:123, originalKey=NAO 
2026-10-01 09:19:23 [INFO]: [BaileysSender.sendMessage] Quoted payload construído: keyId=123, hasMessage=true 
2026-10-01 09:19:23 [WARN]: [BaileysSender] sendMessage: socket existe mas NÃO está pronto (readyState !== OPEN) 
2026-10-01 09:19:23 [INFO]: [BaileysSender.sendMessage] Reply: quotedRaw=false, replyTo=original:123, originalKey=NAO 
2026-10-01 09:19:23 [INFO]: [BaileysSender.sendMessage] Quoted payload construído: keyId=123, hasMessage=true 
2026-10-01 09:19:23 [WARN]: [BaileysSender] sendMessage: socket existe mas NÃO está pronto (readyState !== OPEN) 
2026-10-01 09:19:23 [INFO]: [BaileysSender.sendMessage] Reply: quotedRaw=false, replyTo=undefined, originalKey=NAO 
2026-10-01 09:19:23 [WARN]: [BaileysSender] sendMessage: socket existe mas NÃO está pronto (readyState !== OPEN) 
2026-10-01 09:19:23 [INFO]: [BaileysSender.sendMessage] Reply: quotedRaw=false, replyTo=original:123, originalKey=NAO 
2026-10-01 09:19:23 [INFO]: [BaileysSender.sendMessage] Quoted payload construído: keyId=123, hasMessage=true 
2026-10-01 09:19:25 [INFO]: [Discord] Cliente v14 inicializado com intents, partials e presence 
2026-10-01 09:21:34 [ERROR]: [DB] Falha ao registrar infração
2026-10-01 09:21:34 [ERROR]: [DB] Falha ao registrar infração
2026-10-01 09:21:34 [ERROR]: [DB] Falha ao registrar infração
2026-10-01 09:21:34 [ERROR]: [DB] Falha ao registrar infração
2026-10-01 09:21:34 [ERROR]: [DB] Falha ao registrar infração
2026-10-01 09:21:34 [ERROR]: [DB] Falha ao registrar infração
2026-10-01 09:21:34 [ERROR]: [DB] Falha ao registrar infração
2026-10-01 09:21:34 [ERROR]: [DB] Falha ao registrar infração
2026-10-01 09:21:34 [ERROR]: [DB] Falha ao registrar infração
2026-10-01 09:21:36 [ERROR]: ❌ [Erro no comando $stats:] SQLITE_ERROR: no such table: feedbacks
2026-10-01 09:21:36 [ERROR]:    Stack: 
2026-10-01 09:21:36 [INFO]: 🛑 [SHUTDOWN] Comando executado por: 5588998314322@c.us 
2026-10-01 09:21:36 [ERROR]: ❌ [❌ Erro no $grupos:] ctx.client.getChats is not a function
2026-10-01 09:21:36 [ERROR]:    Stack: at Object.execute (D:\Desktop\Programas\bot-wpp\src\bot\commands\grupos.ts:18:44)
2026-10-01 09:21:36 [ERROR]: ❌ [[ScreenCommand] Erro:] connect ECONNREFUSED 127.0.0.1:3002
2026-10-01 09:21:36 [ERROR]: [DB] Falha ao registrar infração
2026-10-01 09:21:36 [ERROR]:    Stack: at TCPConnectWrap.afterConnect [as oncomplete] (node:net:2017:16)
2026-10-01 09:21:37 [INFO]: 🛑 [SHUTDOWN] Comando executado por: 5588998314322@c.us 
2026-10-01 09:21:38 [INFO]: [TelegramAdapter] Inicializando... 
2026-10-01 09:21:38 [INFO]: [Telegram] Iniciando launch()... 
2026-10-01 09:21:38 [INFO]: [Telegram] ✅ Pronto como  () 
2026-10-01 09:21:38 [INFO]: [TelegramAdapter] Inicializando... 
2026-10-01 09:21:38 [INFO]: [Telegram] Iniciando launch()... 
2026-10-01 09:21:38 [INFO]: [Telegram] ✅ Pronto como  () 
2026-10-01 09:21:38 [INFO]: [TelegramAdapter] Inicializando... 
2026-10-01 09:21:38 [INFO]: [Telegram] Iniciando launch()... 
2026-10-01 09:21:38 [INFO]: [Telegram] ✅ Pronto como  () 
2026-10-01 09:21:38 [INFO]: [TelegramAdapter] Inicializando... 
2026-10-01 09:21:38 [INFO]: [TelegramAdapter] Já estava pronto 
2026-10-01 09:21:38 [INFO]: [TelegramAdapter] Inicializando... 
2026-10-01 09:21:38 [INFO]: [Telegram] Iniciando launch()... 
2026-10-01 09:21:38 [INFO]: [Telegram] ✅ Pronto como  () 
2026-10-01 09:21:38 [INFO]: [TelegramAdapter] Inicializando... 
2026-10-01 09:21:38 [INFO]: [Telegram] Iniciando launch()... 
2026-10-01 09:21:38 [INFO]: [Telegram] ✅ Pronto como  () 
2026-10-01 09:21:38 [INFO]: [Discord] Cliente v14 inicializado com intents, partials e presence 
2026-10-01 09:21:38 [INFO]: [Discord] Iniciando login... 
2026-10-01 09:21:38 [INFO]: [Discord] ✅ Pronto como TestDiscordBot (1111) 
2026-10-01 09:21:38 [ERROR]: ❌ [[Discord] Erro ao definir presença:] this.client.user?.setPresence is not a function
2026-10-01 09:21:38 [INFO]: [Discord] Chamada de login concluída 
2026-10-01 09:21:38 [INFO]: [Discord] Cliente v14 inicializado com intents, partials e presence 
2026-10-01 09:21:38 [INFO]: [Discord] Iniciando login... 
2026-10-01 09:21:38 [INFO]: [Discord] ✅ Pronto como TestDiscordBot (1111) 
2026-10-01 09:21:38 [ERROR]: ❌ [[Discord] Erro ao definir presença:] this.client.user?.setPresence is not a function
2026-10-01 09:21:38 [INFO]: [Discord] Chamada de login concluída 
2026-10-01 09:21:38 [INFO]: [Discord] Iniciando login... 
2026-10-01 09:21:38 [INFO]: [Discord] Chamada de login concluída 
2026-10-01 09:21:38 [INFO]: [Discord] Cliente v14 inicializado com intents, partials e presence 
2026-10-01 09:21:38 [INFO]: [Discord] Iniciando login... 
2026-10-01 09:21:38 [INFO]: [Discord] ✅ Pronto como TestDiscordBot (1111) 
2026-10-01 09:21:38 [ERROR]: ❌ [[Discord] Erro ao definir presença:] this.client.user?.setPresence is not a function
2026-10-01 09:21:38 [INFO]: [Discord] Chamada de login concluída 
2026-10-01 09:21:39 [ERROR]: [memberJoinService] Erro ao processar entrada
2026-10-01 09:21:41 [INFO]: [DiscordScreenService] Missing required Discord credentials, screen sharing disabled 
2026-10-01 09:21:41 [INFO]: [DiscordScreenService] Gerenciado externamente (DISCORD_SCREEN_EXTERNAL) — spawn interno desativado 
2026-10-01 09:21:41 [INFO]: [DiscordScreenService] Gerenciado externamente (DISCORD_SCREEN_EXTERNAL) — spawn interno desativado 
2026-10-01 09:21:42 [WARN]: [BaileysSender] sendMessage: socket existe mas NÃO está pronto (readyState !== OPEN) 
2026-10-01 09:21:42 [INFO]: [BaileysSender.sendMessage] Reply: quotedRaw=false, replyTo=original:123, originalKey=NAO 
2026-10-01 09:21:42 [INFO]: [BaileysSender.sendMessage] Quoted payload construído: keyId=123, hasMessage=true 
2026-10-01 09:21:42 [WARN]: [BaileysSender] sendMessage: socket existe mas NÃO está pronto (readyState !== OPEN) 
2026-10-01 09:21:42 [INFO]: [BaileysSender.sendMessage] Reply: quotedRaw=false, replyTo=original:123, originalKey=NAO 
2026-10-01 09:21:42 [INFO]: [BaileysSender.sendMessage] Quoted payload construído: keyId=123, hasMessage=true 
2026-10-01 09:21:42 [WARN]: [BaileysSender] sendMessage: socket existe mas NÃO está pronto (readyState !== OPEN) 
2026-10-01 09:21:42 [INFO]: [BaileysSender.sendMessage] Reply: quotedRaw=false, replyTo=undefined, originalKey=NAO 
2026-10-01 09:21:42 [WARN]: [BaileysSender] sendMessage: socket existe mas NÃO está pronto (readyState !== OPEN) 
2026-10-01 09:21:42 [INFO]: [BaileysSender.sendMessage] Reply: quotedRaw=false, replyTo=original:123, originalKey=NAO 
2026-10-01 09:21:42 [INFO]: [BaileysSender.sendMessage] Quoted payload construído: keyId=123, hasMessage=true 
2026-10-01 09:21:44 [INFO]: [keywordHandler] Palavra-chave detectada, resposta enviada
2026-10-01 09:21:46 [INFO]: [Discord] Cliente v14 inicializado com intents, partials e presence 
2026-10-01 09:47:34 [ERROR]: [DB] Falha ao registrar infração
2026-10-01 09:47:36 [ERROR]: [DB] Falha ao registrar infração
2026-10-01 09:47:36 [ERROR]: [DB] Falha ao registrar infração
2026-10-01 09:47:36 [ERROR]: [DB] Falha ao registrar infração
2026-10-01 09:47:36 [ERROR]: [DB] Falha ao registrar infração
2026-10-01 09:47:36 [ERROR]: [DB] Falha ao registrar infração
2026-10-01 09:47:36 [ERROR]: [DB] Falha ao registrar infração
2026-10-01 09:47:36 [ERROR]: [DB] Falha ao registrar infração
2026-10-01 09:47:36 [ERROR]: [DB] Falha ao registrar infração
2026-10-01 09:47:36 [ERROR]: [DB] Falha ao registrar infração
2026-10-01 09:47:36 [ERROR]: ❌ [Erro no comando $stats:] SQLITE_ERROR: no such table: feedbacks
2026-10-01 09:47:36 [ERROR]:    Stack: 
2026-10-01 09:47:36 [INFO]: 🛑 [SHUTDOWN] Comando executado por: 5588998314322@c.us 
2026-10-01 09:47:36 [ERROR]: ❌ [❌ Erro no $grupos:] ctx.client.getChats is not a function
2026-10-01 09:47:36 [ERROR]:    Stack: at Object.execute (D:\Desktop\Programas\bot-wpp\src\bot\commands\grupos.ts:18:44)
2026-10-01 09:47:36 [ERROR]: ❌ [[ScreenCommand] Erro:] connect ECONNREFUSED 127.0.0.1:3002
2026-10-01 09:47:36 [ERROR]:    Stack: at TCPConnectWrap.afterConnect [as oncomplete] (node:net:2017:16)
2026-10-01 09:47:36 [INFO]: 🛑 [SHUTDOWN] Comando executado por: 5588998314322@c.us 
2026-10-01 09:47:39 [INFO]: [TelegramAdapter] Inicializando... 
2026-10-01 09:47:39 [INFO]: [Telegram] Iniciando launch()... 
2026-10-01 09:47:39 [INFO]: [Telegram] ✅ Pronto como  () 
2026-10-01 09:47:39 [INFO]: [TelegramAdapter] Inicializando... 
2026-10-01 09:47:39 [INFO]: [Telegram] Iniciando launch()... 
2026-10-01 09:47:39 [INFO]: [Telegram] ✅ Pronto como  () 
2026-10-01 09:47:39 [INFO]: [TelegramAdapter] Inicializando... 
2026-10-01 09:47:39 [INFO]: [Telegram] Iniciando launch()... 
2026-10-01 09:47:39 [INFO]: [Telegram] ✅ Pronto como  () 
2026-10-01 09:47:39 [INFO]: [TelegramAdapter] Inicializando... 
2026-10-01 09:47:39 [INFO]: [TelegramAdapter] Já estava pronto 
2026-10-01 09:47:39 [INFO]: [TelegramAdapter] Inicializando... 
2026-10-01 09:47:39 [INFO]: [Telegram] Iniciando launch()... 
2026-10-01 09:47:39 [INFO]: [Telegram] ✅ Pronto como  () 
2026-10-01 09:47:39 [INFO]: [TelegramAdapter] Inicializando... 
2026-10-01 09:47:39 [INFO]: [Telegram] Iniciando launch()... 
2026-10-01 09:47:39 [INFO]: [Telegram] ✅ Pronto como  () 
2026-10-01 09:47:39 [INFO]: [Discord] Cliente v14 inicializado com intents, partials e presence 
2026-10-01 09:47:39 [INFO]: [Discord] Iniciando login... 
2026-10-01 09:47:39 [INFO]: [Discord] ✅ Pronto como TestDiscordBot (1111) 
2026-10-01 09:47:39 [ERROR]: ❌ [[Discord] Erro ao definir presença:] this.client.user?.setPresence is not a function
2026-10-01 09:47:39 [INFO]: [Discord] Chamada de login concluída 
2026-10-01 09:47:39 [INFO]: [Discord] Cliente v14 inicializado com intents, partials e presence 
2026-10-01 09:47:39 [INFO]: [Discord] Iniciando login... 
2026-10-01 09:47:39 [INFO]: [Discord] ✅ Pronto como TestDiscordBot (1111) 
2026-10-01 09:47:39 [ERROR]: ❌ [[Discord] Erro ao definir presença:] this.client.user?.setPresence is not a function
2026-10-01 09:47:39 [INFO]: [Discord] Chamada de login concluída 
2026-10-01 09:47:39 [INFO]: [Discord] Iniciando login... 
2026-10-01 09:47:39 [INFO]: [Discord] Chamada de login concluída 
2026-10-01 09:47:39 [INFO]: [Discord] Cliente v14 inicializado com intents, partials e presence 
2026-10-01 09:47:39 [INFO]: [Discord] Iniciando login... 
2026-10-01 09:47:39 [INFO]: [Discord] ✅ Pronto como TestDiscordBot (1111) 
2026-10-01 09:47:39 [ERROR]: ❌ [[Discord] Erro ao definir presença:] this.client.user?.setPresence is not a function
2026-10-01 09:47:39 [INFO]: [Discord] Chamada de login concluída 
2026-10-01 09:47:41 [ERROR]: [memberJoinService] Erro ao processar entrada
2026-10-01 09:47:41 [INFO]: [keywordHandler] Palavra-chave detectada, resposta enviada
2026-10-01 09:47:41 [WARN]: [BaileysSender] sendMessage: socket existe mas NÃO está pronto (readyState !== OPEN) 
2026-10-01 09:47:41 [INFO]: [BaileysSender.sendMessage] Reply: quotedRaw=false, replyTo=original:123, originalKey=NAO 
2026-10-01 09:47:41 [INFO]: [BaileysSender.sendMessage] Quoted payload construído: keyId=123, hasMessage=true 
2026-10-01 09:47:41 [WARN]: [BaileysSender] sendMessage: socket existe mas NÃO está pronto (readyState !== OPEN) 
2026-10-01 09:47:41 [INFO]: [BaileysSender.sendMessage] Reply: quotedRaw=false, replyTo=original:123, originalKey=NAO 
2026-10-01 09:47:41 [INFO]: [BaileysSender.sendMessage] Quoted payload construído: keyId=123, hasMessage=true 
2026-10-01 09:47:41 [WARN]: [BaileysSender] sendMessage: socket existe mas NÃO está pronto (readyState !== OPEN) 
2026-10-01 09:47:41 [INFO]: [BaileysSender.sendMessage] Reply: quotedRaw=false, replyTo=undefined, originalKey=NAO 
2026-10-01 09:47:41 [WARN]: [BaileysSender] sendMessage: socket existe mas NÃO está pronto (readyState !== OPEN) 
2026-10-01 09:47:41 [INFO]: [BaileysSender.sendMessage] Reply: quotedRaw=false, replyTo=original:123, originalKey=NAO 
2026-10-01 09:47:41 [INFO]: [BaileysSender.sendMessage] Quoted payload construído: keyId=123, hasMessage=true 
2026-10-01 09:47:43 [INFO]: [DiscordScreenService] Missing required Discord credentials, screen sharing disabled 
2026-10-01 09:47:43 [INFO]: [DiscordScreenService] Gerenciado externamente (DISCORD_SCREEN_EXTERNAL) — spawn interno desativado 
2026-10-01 09:47:43 [INFO]: [DiscordScreenService] Gerenciado externamente (DISCORD_SCREEN_EXTERNAL) — spawn interno desativado 
2026-10-01 09:47:46 [INFO]: [Discord] Cliente v14 inicializado com intents, partials e presence 
2026-10-01 09:51:08 [ERROR]: [DB] Falha ao registrar infração
2026-10-01 09:51:12 [ERROR]: [DB] Falha ao registrar infração
2026-10-01 09:51:12 [ERROR]: ❌ [Erro no comando $stats:] SQLITE_ERROR: no such table: feedbacks
2026-10-01 09:51:12 [ERROR]:    Stack: 
2026-10-01 09:51:12 [INFO]: 🛑 [SHUTDOWN] Comando executado por: 5588998314322@c.us 
2026-10-01 09:51:12 [ERROR]: ❌ [❌ Erro no $grupos:] ctx.client.getChats is not a function
2026-10-01 09:51:12 [ERROR]:    Stack: at Object.execute (D:\Desktop\Programas\bot-wpp\src\bot\commands\grupos.ts:18:44)
2026-10-01 09:51:12 [ERROR]: [DB] Falha ao registrar infração
2026-10-01 09:51:12 [ERROR]: [DB] Falha ao registrar infração
2026-10-01 09:51:12 [ERROR]: [DB] Falha ao registrar infração
2026-10-01 09:51:12 [ERROR]: [DB] Falha ao registrar infração
2026-10-01 09:51:12 [ERROR]: [DB] Falha ao registrar infração
2026-10-01 09:51:12 [ERROR]: [DB] Falha ao registrar infração
2026-10-01 09:51:12 [ERROR]: [DB] Falha ao registrar infração
2026-10-01 09:51:12 [ERROR]: [DB] Falha ao registrar infração
2026-10-01 09:51:12 [ERROR]: ❌ [[ScreenCommand] Erro:] connect ECONNREFUSED 127.0.0.1:3002
2026-10-01 09:51:12 [ERROR]:    Stack: at TCPConnectWrap.afterConnect [as oncomplete] (node:net:2017:16)
2026-10-01 09:51:12 [INFO]: 🛑 [SHUTDOWN] Comando executado por: 5588998314322@c.us 
2026-10-01 09:51:14 [INFO]: [TelegramAdapter] Inicializando... 
2026-10-01 09:51:14 [INFO]: [Telegram] Iniciando launch()... 
2026-10-01 09:51:14 [INFO]: [Telegram] ✅ Pronto como  () 
2026-10-01 09:51:14 [INFO]: [TelegramAdapter] Inicializando... 
2026-10-01 09:51:14 [INFO]: [Telegram] Iniciando launch()... 
2026-10-01 09:51:14 [INFO]: [Telegram] ✅ Pronto como  () 
2026-10-01 09:51:14 [INFO]: [TelegramAdapter] Inicializando... 
2026-10-01 09:51:14 [INFO]: [Telegram] Iniciando launch()... 
2026-10-01 09:51:14 [INFO]: [Telegram] ✅ Pronto como  () 
2026-10-01 09:51:14 [INFO]: [TelegramAdapter] Inicializando... 
2026-10-01 09:51:14 [INFO]: [TelegramAdapter] Já estava pronto 
2026-10-01 09:51:14 [INFO]: [TelegramAdapter] Inicializando... 
2026-10-01 09:51:14 [INFO]: [Telegram] Iniciando launch()... 
2026-10-01 09:51:14 [INFO]: [Telegram] ✅ Pronto como  () 
2026-10-01 09:51:14 [INFO]: [TelegramAdapter] Inicializando... 
2026-10-01 09:51:14 [INFO]: [Telegram] Iniciando launch()... 
2026-10-01 09:51:14 [INFO]: [Telegram] ✅ Pronto como  () 
2026-10-01 09:51:14 [INFO]: [Discord] Cliente v14 inicializado com intents, partials e presence 
2026-10-01 09:51:14 [INFO]: [Discord] Iniciando login... 
2026-10-01 09:51:14 [INFO]: [Discord] ✅ Pronto como TestDiscordBot (1111) 
2026-10-01 09:51:14 [ERROR]: ❌ [[Discord] Erro ao definir presença:] this.client.user?.setPresence is not a function
2026-10-01 09:51:14 [INFO]: [Discord] Chamada de login concluída 
2026-10-01 09:51:14 [INFO]: [Discord] Cliente v14 inicializado com intents, partials e presence 
2026-10-01 09:51:14 [INFO]: [Discord] Iniciando login... 
2026-10-01 09:51:14 [INFO]: [Discord] ✅ Pronto como TestDiscordBot (1111) 
2026-10-01 09:51:14 [ERROR]: ❌ [[Discord] Erro ao definir presença:] this.client.user?.setPresence is not a function
2026-10-01 09:51:14 [INFO]: [Discord] Chamada de login concluída 
2026-10-01 09:51:14 [INFO]: [Discord] Iniciando login... 
2026-10-01 09:51:14 [INFO]: [Discord] Chamada de login concluída 
2026-10-01 09:51:14 [INFO]: [Discord] Cliente v14 inicializado com intents, partials e presence 
2026-10-01 09:51:14 [INFO]: [Discord] Iniciando login... 
2026-10-01 09:51:14 [INFO]: [Discord] ✅ Pronto como TestDiscordBot (1111) 
2026-10-01 09:51:14 [ERROR]: ❌ [[Discord] Erro ao definir presença:] this.client.user?.setPresence is not a function
2026-10-01 09:51:14 [INFO]: [Discord] Chamada de login concluída 
2026-10-01 09:51:14 [INFO]: [keywordHandler] Palavra-chave detectada, resposta enviada
2026-10-01 09:51:16 [ERROR]: [memberJoinService] Erro ao processar entrada
2026-10-01 09:51:18 [WARN]: [BaileysSender] sendMessage: socket existe mas NÃO está pronto (readyState !== OPEN) 
2026-10-01 09:51:18 [INFO]: [BaileysSender.sendMessage] Reply: quotedRaw=false, replyTo=original:123, originalKey=NAO 
2026-10-01 09:51:18 [INFO]: [BaileysSender.sendMessage] Quoted payload construído: keyId=123, hasMessage=true 
2026-10-01 09:51:18 [WARN]: [BaileysSender] sendMessage: socket existe mas NÃO está pronto (readyState !== OPEN) 
2026-10-01 09:51:18 [INFO]: [BaileysSender.sendMessage] Reply: quotedRaw=false, replyTo=original:123, originalKey=NAO 
2026-10-01 09:51:18 [INFO]: [BaileysSender.sendMessage] Quoted payload construído: keyId=123, hasMessage=true 
2026-10-01 09:51:18 [WARN]: [BaileysSender] sendMessage: socket existe mas NÃO está pronto (readyState !== OPEN) 
2026-10-01 09:51:18 [INFO]: [BaileysSender.sendMessage] Reply: quotedRaw=false, replyTo=undefined, originalKey=NAO 
2026-10-01 09:51:18 [WARN]: [BaileysSender] sendMessage: socket existe mas NÃO está pronto (readyState !== OPEN) 
2026-10-01 09:51:18 [INFO]: [BaileysSender.sendMessage] Reply: quotedRaw=false, replyTo=original:123, originalKey=NAO 
2026-10-01 09:51:18 [INFO]: [BaileysSender.sendMessage] Quoted payload construído: keyId=123, hasMessage=true 
2026-10-01 09:51:21 [INFO]: [DiscordScreenService] Missing required Discord credentials, screen sharing disabled 
2026-10-01 09:51:21 [INFO]: [DiscordScreenService] Gerenciado externamente (DISCORD_SCREEN_EXTERNAL) — spawn interno desativado 
2026-10-01 09:51:21 [INFO]: [DiscordScreenService] Gerenciado externamente (DISCORD_SCREEN_EXTERNAL) — spawn interno desativado 
2026-10-01 09:51:21 [INFO]: [Discord] Cliente v14 inicializado com intents, partials e presence 
2026-10-01 09:54:30 [ERROR]: [DB] Falha ao registrar infração
2026-10-01 09:54:34 [ERROR]: [DB] Falha ao registrar infração
2026-10-01 09:54:34 [ERROR]: ❌ [Erro no comando $stats:] SQLITE_ERROR: no such table: feedbacks
2026-10-01 09:54:34 [ERROR]:    Stack: 
2026-10-01 09:54:34 [INFO]: 🛑 [SHUTDOWN] Comando executado por: 5588998314322@c.us 
2026-10-01 09:54:34 [ERROR]: ❌ [❌ Erro no $grupos:] ctx.client.getChats is not a function
2026-10-01 09:54:34 [ERROR]:    Stack: at Object.execute (D:\Desktop\Programas\bot-wpp\src\bot\commands\grupos.ts:18:44)
2026-10-01 09:54:34 [ERROR]: [DB] Falha ao registrar infração
2026-10-01 09:54:34 [ERROR]: [DB] Falha ao registrar infração
2026-10-01 09:54:34 [ERROR]: [DB] Falha ao registrar infração
2026-10-01 09:54:34 [ERROR]: [DB] Falha ao registrar infração
2026-10-01 09:54:34 [ERROR]: [DB] Falha ao registrar infração
2026-10-01 09:54:34 [ERROR]: [DB] Falha ao registrar infração
2026-10-01 09:54:34 [ERROR]: [DB] Falha ao registrar infração
2026-10-01 09:54:34 [ERROR]: [DB] Falha ao registrar infração
2026-10-01 09:54:34 [ERROR]: ❌ [[ScreenCommand] Erro:] connect ECONNREFUSED 127.0.0.1:3002
2026-10-01 09:54:34 [ERROR]:    Stack: at TCPConnectWrap.afterConnect [as oncomplete] (node:net:2017:16)
2026-10-01 09:54:34 [INFO]: 🛑 [SHUTDOWN] Comando executado por: 5588998314322@c.us 
2026-10-01 09:54:36 [INFO]: [TelegramAdapter] Inicializando... 
2026-10-01 09:54:36 [INFO]: [Telegram] Iniciando launch()... 
2026-10-01 09:54:36 [INFO]: [Telegram] ✅ Pronto como  () 
2026-10-01 09:54:36 [INFO]: [TelegramAdapter] Inicializando... 
2026-10-01 09:54:36 [INFO]: [Telegram] Iniciando launch()... 
2026-10-01 09:54:36 [INFO]: [Telegram] ✅ Pronto como  () 
2026-10-01 09:54:36 [INFO]: [TelegramAdapter] Inicializando... 
2026-10-01 09:54:36 [INFO]: [Telegram] Iniciando launch()... 
2026-10-01 09:54:36 [INFO]: [Telegram] ✅ Pronto como  () 
2026-10-01 09:54:36 [INFO]: [TelegramAdapter] Inicializando... 
2026-10-01 09:54:36 [INFO]: [TelegramAdapter] Já estava pronto 
2026-10-01 09:54:36 [INFO]: [TelegramAdapter] Inicializando... 
2026-10-01 09:54:36 [INFO]: [Telegram] Iniciando launch()... 
2026-10-01 09:54:36 [INFO]: [Telegram] ✅ Pronto como  () 
2026-10-01 09:54:36 [INFO]: [TelegramAdapter] Inicializando... 
2026-10-01 09:54:36 [INFO]: [Telegram] Iniciando launch()... 
2026-10-01 09:54:36 [INFO]: [Telegram] ✅ Pronto como  () 
2026-10-01 09:54:36 [INFO]: [Discord] Cliente v14 inicializado com intents, partials e presence 
2026-10-01 09:54:36 [INFO]: [Discord] Iniciando login... 
2026-10-01 09:54:36 [INFO]: [Discord] ✅ Pronto como TestDiscordBot (1111) 
2026-10-01 09:54:36 [ERROR]: ❌ [[Discord] Erro ao definir presença:] this.client.user?.setPresence is not a function
2026-10-01 09:54:36 [INFO]: [Discord] Chamada de login concluída 
2026-10-01 09:54:36 [INFO]: [Discord] Cliente v14 inicializado com intents, partials e presence 
2026-10-01 09:54:36 [INFO]: [Discord] Iniciando login... 
2026-10-01 09:54:36 [INFO]: [Discord] ✅ Pronto como TestDiscordBot (1111) 
2026-10-01 09:54:36 [ERROR]: ❌ [[Discord] Erro ao definir presença:] this.client.user?.setPresence is not a function
2026-10-01 09:54:36 [INFO]: [Discord] Chamada de login concluída 
2026-10-01 09:54:36 [INFO]: [Discord] Iniciando login... 
2026-10-01 09:54:36 [INFO]: [Discord] Chamada de login concluída 
2026-10-01 09:54:36 [INFO]: [Discord] Cliente v14 inicializado com intents, partials e presence 
2026-10-01 09:54:36 [INFO]: [Discord] Iniciando login... 
2026-10-01 09:54:36 [INFO]: [Discord] ✅ Pronto como TestDiscordBot (1111) 
2026-10-01 09:54:36 [ERROR]: ❌ [[Discord] Erro ao definir presença:] this.client.user?.setPresence is not a function
2026-10-01 09:54:36 [INFO]: [Discord] Chamada de login concluída 
2026-10-01 09:54:36 [ERROR]: [memberJoinService] Erro ao processar entrada
2026-10-01 09:54:39 [INFO]: [keywordHandler] Palavra-chave detectada, resposta enviada
2026-10-01 09:54:40 [WARN]: [BaileysSender] sendMessage: socket existe mas NÃO está pronto (readyState !== OPEN) 
2026-10-01 09:54:40 [INFO]: [BaileysSender.sendMessage] Reply: quotedRaw=false, replyTo=original:123, originalKey=NAO 
2026-10-01 09:54:40 [INFO]: [BaileysSender.sendMessage] Quoted payload construído: keyId=123, hasMessage=true 
2026-10-01 09:54:40 [WARN]: [BaileysSender] sendMessage: socket existe mas NÃO está pronto (readyState !== OPEN) 
2026-10-01 09:54:40 [INFO]: [BaileysSender.sendMessage] Reply: quotedRaw=false, replyTo=original:123, originalKey=NAO 
2026-10-01 09:54:40 [INFO]: [BaileysSender.sendMessage] Quoted payload construído: keyId=123, hasMessage=true 
2026-10-01 09:54:40 [WARN]: [BaileysSender] sendMessage: socket existe mas NÃO está pronto (readyState !== OPEN) 
2026-10-01 09:54:40 [INFO]: [BaileysSender.sendMessage] Reply: quotedRaw=false, replyTo=undefined, originalKey=NAO 
2026-10-01 09:54:40 [WARN]: [BaileysSender] sendMessage: socket existe mas NÃO está pronto (readyState !== OPEN) 
2026-10-01 09:54:40 [INFO]: [BaileysSender.sendMessage] Reply: quotedRaw=false, replyTo=original:123, originalKey=NAO 
2026-10-01 09:54:40 [INFO]: [BaileysSender.sendMessage] Quoted payload construído: keyId=123, hasMessage=true 
2026-10-01 09:54:41 [INFO]: [DiscordScreenService] Missing required Discord credentials, screen sharing disabled 
2026-10-01 09:54:41 [INFO]: [DiscordScreenService] Gerenciado externamente (DISCORD_SCREEN_EXTERNAL) — spawn interno desativado 
2026-10-01 09:54:41 [INFO]: [DiscordScreenService] Gerenciado externamente (DISCORD_SCREEN_EXTERNAL) — spawn interno desativado 
2026-10-01 09:54:42 [INFO]: [Discord] Cliente v14 inicializado com intents, partials e presence 
2026-10-01 10:00:08 [ERROR]: [DB] Falha ao registrar infração
2026-10-01 10:00:12 [ERROR]: ❌ [Erro no comando $stats:] SQLITE_ERROR: no such table: feedbacks
2026-10-01 10:00:12 [ERROR]:    Stack: 
2026-10-01 10:00:12 [INFO]: 🛑 [SHUTDOWN] Comando executado por: 5588998314322@c.us 
2026-10-01 10:00:12 [ERROR]: ❌ [❌ Erro no $grupos:] ctx.client.getChats is not a function
2026-10-01 10:00:12 [ERROR]:    Stack: at Object.execute (D:\Desktop\Programas\bot-wpp\src\bot\commands\grupos.ts:18:44)
2026-10-01 10:00:12 [ERROR]: ❌ [[ScreenCommand] Erro:] connect ECONNREFUSED 127.0.0.1:3002
2026-10-01 10:00:13 [ERROR]: [DB] Falha ao registrar infração
2026-10-01 10:00:12 [ERROR]:    Stack: at TCPConnectWrap.afterConnect [as oncomplete] (node:net:2017:16)
2026-10-01 10:00:13 [INFO]: 🛑 [SHUTDOWN] Comando executado por: 5588998314322@c.us 
2026-10-01 10:00:13 [ERROR]: [DB] Falha ao registrar infração
2026-10-01 10:00:13 [ERROR]: [DB] Falha ao registrar infração
2026-10-01 10:00:13 [ERROR]: [DB] Falha ao registrar infração
2026-10-01 10:00:13 [ERROR]: [DB] Falha ao registrar infração
2026-10-01 10:00:13 [ERROR]: [DB] Falha ao registrar infração
2026-10-01 10:00:13 [ERROR]: [DB] Falha ao registrar infração
2026-10-01 10:00:13 [ERROR]: [DB] Falha ao registrar infração
2026-10-01 10:00:13 [ERROR]: [DB] Falha ao registrar infração
2026-10-01 10:00:14 [INFO]: [TelegramAdapter] Inicializando... 
2026-10-01 10:00:14 [INFO]: [Telegram] Iniciando launch()... 
2026-10-01 10:00:14 [INFO]: [Telegram] ✅ Pronto como  () 
2026-10-01 10:00:14 [INFO]: [TelegramAdapter] Inicializando... 
2026-10-01 10:00:14 [INFO]: [Telegram] Iniciando launch()... 
2026-10-01 10:00:14 [INFO]: [Telegram] ✅ Pronto como  () 
2026-10-01 10:00:14 [INFO]: [TelegramAdapter] Inicializando... 
2026-10-01 10:00:14 [INFO]: [Telegram] Iniciando launch()... 
2026-10-01 10:00:14 [INFO]: [Telegram] ✅ Pronto como  () 
2026-10-01 10:00:14 [INFO]: [TelegramAdapter] Inicializando... 
2026-10-01 10:00:14 [INFO]: [TelegramAdapter] Já estava pronto 
2026-10-01 10:00:14 [INFO]: [TelegramAdapter] Inicializando... 
2026-10-01 10:00:14 [INFO]: [Telegram] Iniciando launch()... 
2026-10-01 10:00:14 [INFO]: [Telegram] ✅ Pronto como  () 
2026-10-01 10:00:14 [INFO]: [TelegramAdapter] Inicializando... 
2026-10-01 10:00:14 [INFO]: [Telegram] Iniciando launch()... 
2026-10-01 10:00:14 [INFO]: [Telegram] ✅ Pronto como  () 
2026-10-01 10:00:14 [INFO]: [Discord] Cliente v14 inicializado com intents, partials e presence 
2026-10-01 10:00:14 [INFO]: [Discord] Iniciando login... 
2026-10-01 10:00:15 [INFO]: [Discord] ✅ Pronto como TestDiscordBot (1111) 
2026-10-01 10:00:15 [ERROR]: ❌ [[Discord] Erro ao definir presença:] this.client.user?.setPresence is not a function
2026-10-01 10:00:15 [INFO]: [Discord] Chamada de login concluída 
2026-10-01 10:00:15 [INFO]: [Discord] Cliente v14 inicializado com intents, partials e presence 
2026-10-01 10:00:15 [INFO]: [Discord] Iniciando login... 
2026-10-01 10:00:15 [INFO]: [Discord] ✅ Pronto como TestDiscordBot (1111) 
2026-10-01 10:00:15 [ERROR]: ❌ [[Discord] Erro ao definir presença:] this.client.user?.setPresence is not a function
2026-10-01 10:00:15 [INFO]: [Discord] Chamada de login concluída 
2026-10-01 10:00:15 [INFO]: [Discord] Iniciando login... 
2026-10-01 10:00:15 [INFO]: [Discord] Chamada de login concluída 
2026-10-01 10:00:15 [INFO]: [Discord] Cliente v14 inicializado com intents, partials e presence 
2026-10-01 10:00:15 [INFO]: [Discord] Iniciando login... 
2026-10-01 10:00:15 [INFO]: [Discord] ✅ Pronto como TestDiscordBot (1111) 
2026-10-01 10:00:15 [ERROR]: ❌ [[Discord] Erro ao definir presença:] this.client.user?.setPresence is not a function
2026-10-01 10:00:15 [INFO]: [Discord] Chamada de login concluída 
2026-10-01 10:00:15 [INFO]: [keywordHandler] Palavra-chave detectada, resposta enviada
2026-10-01 10:00:17 [ERROR]: [memberJoinService] Erro ao processar entrada
2026-10-01 10:00:18 [WARN]: [BaileysSender] sendMessage: socket existe mas NÃO está pronto (readyState !== OPEN) 
2026-10-01 10:00:18 [INFO]: [BaileysSender.sendMessage] Reply: quotedRaw=false, replyTo=original:123, originalKey=NAO 
2026-10-01 10:00:18 [INFO]: [BaileysSender.sendMessage] Quoted payload construído: keyId=123, hasMessage=true 
2026-10-01 10:00:18 [WARN]: [BaileysSender] sendMessage: socket existe mas NÃO está pronto (readyState !== OPEN) 
2026-10-01 10:00:18 [INFO]: [BaileysSender.sendMessage] Reply: quotedRaw=false, replyTo=original:123, originalKey=NAO 
2026-10-01 10:00:18 [INFO]: [BaileysSender.sendMessage] Quoted payload construído: keyId=123, hasMessage=true 
2026-10-01 10:00:18 [WARN]: [BaileysSender] sendMessage: socket existe mas NÃO está pronto (readyState !== OPEN) 
2026-10-01 10:00:18 [INFO]: [BaileysSender.sendMessage] Reply: quotedRaw=false, replyTo=undefined, originalKey=NAO 
2026-10-01 10:00:18 [WARN]: [BaileysSender] sendMessage: socket existe mas NÃO está pronto (readyState !== OPEN) 
2026-10-01 10:00:18 [INFO]: [BaileysSender.sendMessage] Reply: quotedRaw=false, replyTo=original:123, originalKey=NAO 
2026-10-01 10:00:18 [INFO]: [BaileysSender.sendMessage] Quoted payload construído: keyId=123, hasMessage=true 
2026-10-01 10:00:20 [INFO]: [DiscordScreenService] Missing required Discord credentials, screen sharing disabled 
2026-10-01 10:00:20 [INFO]: [DiscordScreenService] Gerenciado externamente (DISCORD_SCREEN_EXTERNAL) — spawn interno desativado 
2026-10-01 10:00:20 [INFO]: [DiscordScreenService] Gerenciado externamente (DISCORD_SCREEN_EXTERNAL) — spawn interno desativado 
2026-10-01 10:00:21 [INFO]: [Discord] Cliente v14 inicializado com intents, partials e presence 
2026-10-01 10:03:19 [ERROR]: [DB] Falha ao registrar infração
2026-10-01 10:03:22 [ERROR]: ❌ [Erro no comando $stats:] SQLITE_ERROR: no such table: feedbacks
2026-10-01 10:03:22 [ERROR]:    Stack: 
2026-10-01 10:03:22 [INFO]: 🛑 [SHUTDOWN] Comando executado por: 5588998314322@c.us 
2026-10-01 10:03:22 [ERROR]: ❌ [❌ Erro no $grupos:] ctx.client.getChats is not a function
2026-10-01 10:03:22 [ERROR]:    Stack: at Object.execute (D:\Desktop\Programas\bot-wpp\src\bot\commands\grupos.ts:18:44)
2026-10-01 10:03:23 [ERROR]: ❌ [[ScreenCommand] Erro:] connect ECONNREFUSED 127.0.0.1:3002
2026-10-01 10:03:23 [ERROR]:    Stack: at TCPConnectWrap.afterConnect [as oncomplete] (node:net:2017:16)
2026-10-01 10:03:23 [INFO]: 🛑 [SHUTDOWN] Comando executado por: 5588998314322@c.us 
2026-10-01 10:03:24 [INFO]: [TelegramAdapter] Inicializando... 
2026-10-01 10:03:24 [INFO]: [Telegram] Iniciando launch()... 
2026-10-01 10:03:24 [INFO]: [Telegram] ✅ Pronto como  () 
2026-10-01 10:03:24 [INFO]: [TelegramAdapter] Inicializando... 
2026-10-01 10:03:24 [INFO]: [Telegram] Iniciando launch()... 
2026-10-01 10:03:24 [INFO]: [Telegram] ✅ Pronto como  () 
2026-10-01 10:03:24 [INFO]: [TelegramAdapter] Inicializando... 
2026-10-01 10:03:24 [INFO]: [Telegram] Iniciando launch()... 
2026-10-01 10:03:24 [INFO]: [Telegram] ✅ Pronto como  () 
2026-10-01 10:03:24 [INFO]: [TelegramAdapter] Inicializando... 
2026-10-01 10:03:24 [INFO]: [TelegramAdapter] Já estava pronto 
2026-10-01 10:03:24 [INFO]: [TelegramAdapter] Inicializando... 
2026-10-01 10:03:24 [INFO]: [Telegram] Iniciando launch()... 
2026-10-01 10:03:24 [INFO]: [Telegram] ✅ Pronto como  () 
2026-10-01 10:03:24 [INFO]: [TelegramAdapter] Inicializando... 
2026-10-01 10:03:24 [INFO]: [Telegram] Iniciando launch()... 
2026-10-01 10:03:24 [INFO]: [Telegram] ✅ Pronto como  () 
2026-10-01 10:03:24 [INFO]: [Discord] Cliente v14 inicializado com intents, partials e presence 
2026-10-01 10:03:24 [INFO]: [Discord] Iniciando login... 
2026-10-01 10:03:24 [INFO]: [Discord] ✅ Pronto como TestDiscordBot (1111) 
2026-10-01 10:03:24 [ERROR]: ❌ [[Discord] Erro ao definir presença:] this.client.user?.setPresence is not a function
2026-10-01 10:03:24 [INFO]: [Discord] Chamada de login concluída 
2026-10-01 10:03:24 [INFO]: [Discord] Cliente v14 inicializado com intents, partials e presence 
2026-10-01 10:03:24 [INFO]: [Discord] Iniciando login... 
2026-10-01 10:03:24 [INFO]: [Discord] ✅ Pronto como TestDiscordBot (1111) 
2026-10-01 10:03:24 [ERROR]: ❌ [[Discord] Erro ao definir presença:] this.client.user?.setPresence is not a function
2026-10-01 10:03:24 [INFO]: [Discord] Chamada de login concluída 
2026-10-01 10:03:24 [INFO]: [Discord] Iniciando login... 
2026-10-01 10:03:24 [INFO]: [Discord] Chamada de login concluída 
2026-10-01 10:03:24 [INFO]: [Discord] Cliente v14 inicializado com intents, partials e presence 
2026-10-01 10:03:24 [INFO]: [Discord] Iniciando login... 
2026-10-01 10:03:24 [INFO]: [Discord] ✅ Pronto como TestDiscordBot (1111) 
2026-10-01 10:03:24 [ERROR]: ❌ [[Discord] Erro ao definir presença:] this.client.user?.setPresence is not a function
2026-10-01 10:03:24 [INFO]: [Discord] Chamada de login concluída 
2026-10-01 10:03:27 [ERROR]: [DB] Falha ao registrar infração
2026-10-01 10:03:27 [ERROR]: [DB] Falha ao registrar infração
2026-10-01 10:03:27 [ERROR]: [DB] Falha ao registrar infração
2026-10-01 10:03:27 [ERROR]: [DB] Falha ao registrar infração
2026-10-01 10:03:27 [ERROR]: [DB] Falha ao registrar infração
2026-10-01 10:03:27 [ERROR]: [DB] Falha ao registrar infração
2026-10-01 10:03:27 [ERROR]: [DB] Falha ao registrar infração
2026-10-01 10:03:27 [ERROR]: [DB] Falha ao registrar infração
2026-10-01 10:03:27 [ERROR]: [DB] Falha ao registrar infração
2026-10-01 10:03:30 [WARN]: [BaileysSender] sendMessage: socket existe mas NÃO está pronto (readyState !== OPEN) 
2026-10-01 10:03:30 [INFO]: [BaileysSender.sendMessage] Reply: quotedRaw=false, replyTo=original:123, originalKey=NAO 
2026-10-01 10:03:30 [INFO]: [BaileysSender.sendMessage] Quoted payload construído: keyId=123, hasMessage=true 
2026-10-01 10:03:30 [WARN]: [BaileysSender] sendMessage: socket existe mas NÃO está pronto (readyState !== OPEN) 
2026-10-01 10:03:30 [INFO]: [BaileysSender.sendMessage] Reply: quotedRaw=false, replyTo=original:123, originalKey=NAO 
2026-10-01 10:03:30 [INFO]: [BaileysSender.sendMessage] Quoted payload construído: keyId=123, hasMessage=true 
2026-10-01 10:03:30 [WARN]: [BaileysSender] sendMessage: socket existe mas NÃO está pronto (readyState !== OPEN) 
2026-10-01 10:03:30 [INFO]: [BaileysSender.sendMessage] Reply: quotedRaw=false, replyTo=undefined, originalKey=NAO 
2026-10-01 10:03:30 [WARN]: [BaileysSender] sendMessage: socket existe mas NÃO está pronto (readyState !== OPEN) 
2026-10-01 10:03:30 [INFO]: [BaileysSender.sendMessage] Reply: quotedRaw=false, replyTo=original:123, originalKey=NAO 
2026-10-01 10:03:30 [INFO]: [BaileysSender.sendMessage] Quoted payload construído: keyId=123, hasMessage=true 
2026-10-01 10:03:31 [ERROR]: [memberJoinService] Erro ao processar entrada
2026-10-01 10:03:31 [INFO]: [keywordHandler] Palavra-chave detectada, resposta enviada
2026-10-01 10:03:32 [INFO]: [DiscordScreenService] Missing required Discord credentials, screen sharing disabled 
2026-10-01 10:03:32 [INFO]: [DiscordScreenService] Gerenciado externamente (DISCORD_SCREEN_EXTERNAL) — spawn interno desativado 
2026-10-01 10:03:32 [INFO]: [DiscordScreenService] Gerenciado externamente (DISCORD_SCREEN_EXTERNAL) — spawn interno desativado 
2026-10-01 10:03:33 [INFO]: [Discord] Cliente v14 inicializado com intents, partials e presence 
2026-10-01 10:04:42 [ERROR]: [DB] Falha ao registrar infração
2026-10-01 10:04:46 [ERROR]: [DB] Falha ao registrar infração
2026-10-01 10:04:46 [ERROR]: ❌ [Erro no comando $stats:] SQLITE_ERROR: no such table: feedbacks
2026-10-01 10:04:46 [ERROR]:    Stack: 
2026-10-01 10:04:46 [INFO]: 🛑 [SHUTDOWN] Comando executado por: 5588998314322@c.us 
2026-10-01 10:04:46 [ERROR]: ❌ [❌ Erro no $grupos:] ctx.client.getChats is not a function
2026-10-01 10:04:46 [ERROR]:    Stack: at Object.execute (D:\Desktop\Programas\bot-wpp\src\bot\commands\grupos.ts:18:44)
2026-10-01 10:04:46 [ERROR]: ❌ [[ScreenCommand] Erro:] connect ECONNREFUSED 127.0.0.1:3002
2026-10-01 10:04:46 [ERROR]: [DB] Falha ao registrar infração
2026-10-01 10:04:46 [ERROR]: [DB] Falha ao registrar infração
2026-10-01 10:04:46 [ERROR]: [DB] Falha ao registrar infração
2026-10-01 10:04:46 [ERROR]: [DB] Falha ao registrar infração
2026-10-01 10:04:46 [ERROR]: [DB] Falha ao registrar infração
2026-10-01 10:04:46 [ERROR]: [DB] Falha ao registrar infração
2026-10-01 10:04:46 [ERROR]: [DB] Falha ao registrar infração
2026-10-01 10:04:46 [ERROR]: [DB] Falha ao registrar infração
2026-10-01 10:04:46 [ERROR]:    Stack: at TCPConnectWrap.afterConnect [as oncomplete] (node:net:2017:16)
2026-10-01 10:04:46 [INFO]: 🛑 [SHUTDOWN] Comando executado por: 5588998314322@c.us 
2026-10-01 10:04:47 [INFO]: [TelegramAdapter] Inicializando... 
2026-10-01 10:04:47 [INFO]: [Telegram] Iniciando launch()... 
2026-10-01 10:04:47 [INFO]: [Telegram] ✅ Pronto como  () 
2026-10-01 10:04:47 [INFO]: [TelegramAdapter] Inicializando... 
2026-10-01 10:04:47 [INFO]: [Telegram] Iniciando launch()... 
2026-10-01 10:04:47 [INFO]: [Telegram] ✅ Pronto como  () 
2026-10-01 10:04:47 [INFO]: [TelegramAdapter] Inicializando... 
2026-10-01 10:04:47 [INFO]: [Telegram] Iniciando launch()... 
2026-10-01 10:04:47 [INFO]: [Telegram] ✅ Pronto como  () 
2026-10-01 10:04:47 [INFO]: [TelegramAdapter] Inicializando... 
2026-10-01 10:04:47 [INFO]: [TelegramAdapter] Já estava pronto 
2026-10-01 10:04:47 [INFO]: [TelegramAdapter] Inicializando... 
2026-10-01 10:04:47 [INFO]: [Telegram] Iniciando launch()... 
2026-10-01 10:04:47 [INFO]: [Telegram] ✅ Pronto como  () 
2026-10-01 10:04:47 [INFO]: [TelegramAdapter] Inicializando... 
2026-10-01 10:04:47 [INFO]: [Telegram] Iniciando launch()... 
2026-10-01 10:04:47 [INFO]: [Telegram] ✅ Pronto como  () 
2026-10-01 10:04:47 [INFO]: [Discord] Cliente v14 inicializado com intents, partials e presence 
2026-10-01 10:04:47 [INFO]: [Discord] Iniciando login... 
2026-10-01 10:04:47 [INFO]: [Discord] ✅ Pronto como TestDiscordBot (1111) 
2026-10-01 10:04:47 [ERROR]: ❌ [[Discord] Erro ao definir presença:] this.client.user?.setPresence is not a function
2026-10-01 10:04:47 [INFO]: [Discord] Chamada de login concluída 
2026-10-01 10:04:47 [INFO]: [Discord] Cliente v14 inicializado com intents, partials e presence 
2026-10-01 10:04:47 [INFO]: [Discord] Iniciando login... 
2026-10-01 10:04:47 [INFO]: [Discord] ✅ Pronto como TestDiscordBot (1111) 
2026-10-01 10:04:47 [ERROR]: ❌ [[Discord] Erro ao definir presença:] this.client.user?.setPresence is not a function
2026-10-01 10:04:47 [INFO]: [Discord] Chamada de login concluída 
2026-10-01 10:04:47 [INFO]: [Discord] Iniciando login... 
2026-10-01 10:04:47 [INFO]: [Discord] Chamada de login concluída 
2026-10-01 10:04:47 [INFO]: [Discord] Cliente v14 inicializado com intents, partials e presence 
2026-10-01 10:04:47 [INFO]: [Discord] Iniciando login... 
2026-10-01 10:04:47 [INFO]: [Discord] ✅ Pronto como TestDiscordBot (1111) 
2026-10-01 10:04:47 [ERROR]: ❌ [[Discord] Erro ao definir presença:] this.client.user?.setPresence is not a function
2026-10-01 10:04:47 [INFO]: [Discord] Chamada de login concluída 
2026-10-01 10:04:49 [INFO]: [DiscordScreenService] Missing required Discord credentials, screen sharing disabled 
2026-10-01 10:04:49 [INFO]: [DiscordScreenService] Gerenciado externamente (DISCORD_SCREEN_EXTERNAL) — spawn interno desativado 
2026-10-01 10:04:49 [INFO]: [DiscordScreenService] Gerenciado externamente (DISCORD_SCREEN_EXTERNAL) — spawn interno desativado 
2026-10-01 10:04:49 [ERROR]: [memberJoinService] Erro ao processar entrada
2026-10-01 10:04:50 [WARN]: [BaileysSender] sendMessage: socket existe mas NÃO está pronto (readyState !== OPEN) 
2026-10-01 10:04:50 [INFO]: [BaileysSender.sendMessage] Reply: quotedRaw=false, replyTo=original:123, originalKey=NAO 
2026-10-01 10:04:50 [INFO]: [BaileysSender.sendMessage] Quoted payload construído: keyId=123, hasMessage=true 
2026-10-01 10:04:50 [WARN]: [BaileysSender] sendMessage: socket existe mas NÃO está pronto (readyState !== OPEN) 
2026-10-01 10:04:50 [INFO]: [BaileysSender.sendMessage] Reply: quotedRaw=false, replyTo=original:123, originalKey=NAO 
2026-10-01 10:04:50 [INFO]: [BaileysSender.sendMessage] Quoted payload construído: keyId=123, hasMessage=true 
2026-10-01 10:04:50 [WARN]: [BaileysSender] sendMessage: socket existe mas NÃO está pronto (readyState !== OPEN) 
2026-10-01 10:04:50 [INFO]: [BaileysSender.sendMessage] Reply: quotedRaw=false, replyTo=undefined, originalKey=NAO 
2026-10-01 10:04:50 [WARN]: [BaileysSender] sendMessage: socket existe mas NÃO está pronto (readyState !== OPEN) 
2026-10-01 10:04:50 [INFO]: [BaileysSender.sendMessage] Reply: quotedRaw=false, replyTo=original:123, originalKey=NAO 
2026-10-01 10:04:50 [INFO]: [BaileysSender.sendMessage] Quoted payload construído: keyId=123, hasMessage=true 
2026-10-01 10:04:52 [INFO]: [Discord] Cliente v14 inicializado com intents, partials e presence 
2026-10-01 10:04:53 [INFO]: [keywordHandler] Palavra-chave detectada, resposta enviada
2026-10-01 10:13:07 [ERROR]: [DB] Falha ao registrar infração
2026-10-01 10:13:10 [ERROR]: [DB] Falha ao registrar infração
2026-10-01 10:13:11 [ERROR]: [DB] Falha ao registrar infração
2026-10-01 10:13:11 [ERROR]: [DB] Falha ao registrar infração
2026-10-01 10:13:11 [ERROR]: [DB] Falha ao registrar infração
2026-10-01 10:13:11 [ERROR]: [DB] Falha ao registrar infração
2026-10-01 10:13:11 [ERROR]: [DB] Falha ao registrar infração
2026-10-01 10:13:11 [ERROR]: [DB] Falha ao registrar infração
2026-10-01 10:13:11 [ERROR]: [DB] Falha ao registrar infração
2026-10-01 10:13:11 [ERROR]: [DB] Falha ao registrar infração
2026-10-01 10:13:12 [INFO]: [TelegramAdapter] Inicializando... 
2026-10-01 10:13:12 [INFO]: [Telegram] Iniciando launch()... 
2026-10-01 10:13:12 [INFO]: [Telegram] ✅ Pronto como  () 
2026-10-01 10:13:12 [INFO]: [TelegramAdapter] Inicializando... 
2026-10-01 10:13:12 [INFO]: [Telegram] Iniciando launch()... 
2026-10-01 10:13:12 [INFO]: [Telegram] ✅ Pronto como  () 
2026-10-01 10:13:12 [INFO]: [TelegramAdapter] Inicializando... 
2026-10-01 10:13:12 [INFO]: [Telegram] Iniciando launch()... 
2026-10-01 10:13:12 [INFO]: [Telegram] ✅ Pronto como  () 
2026-10-01 10:13:12 [INFO]: [TelegramAdapter] Inicializando... 
2026-10-01 10:13:12 [INFO]: [TelegramAdapter] Já estava pronto 
2026-10-01 10:13:12 [INFO]: [TelegramAdapter] Inicializando... 
2026-10-01 10:13:12 [INFO]: [Telegram] Iniciando launch()... 
2026-10-01 10:13:12 [INFO]: [Telegram] ✅ Pronto como  () 
2026-10-01 10:13:12 [INFO]: [TelegramAdapter] Inicializando... 
2026-10-01 10:13:12 [INFO]: [Telegram] Iniciando launch()... 
2026-10-01 10:13:12 [INFO]: [Telegram] ✅ Pronto como  () 
2026-10-01 10:13:12 [INFO]: [Discord] Cliente v14 inicializado com intents, partials e presence 
2026-10-01 10:13:12 [INFO]: [Discord] Iniciando login... 
2026-10-01 10:13:12 [INFO]: [Discord] ✅ Pronto como TestDiscordBot (1111) 
2026-10-01 10:13:12 [ERROR]: ❌ [[Discord] Erro ao definir presença:] this.client.user?.setPresence is not a function
2026-10-01 10:13:12 [INFO]: [Discord] Chamada de login concluída 
2026-10-01 10:13:12 [INFO]: [Discord] Cliente v14 inicializado com intents, partials e presence 
2026-10-01 10:13:12 [INFO]: [Discord] Iniciando login... 
2026-10-01 10:13:12 [INFO]: [Discord] ✅ Pronto como TestDiscordBot (1111) 
2026-10-01 10:13:12 [ERROR]: ❌ [[Discord] Erro ao definir presença:] this.client.user?.setPresence is not a function
2026-10-01 10:13:12 [INFO]: [Discord] Chamada de login concluída 
2026-10-01 10:13:12 [INFO]: [Discord] Iniciando login... 
2026-10-01 10:13:12 [INFO]: [Discord] Chamada de login concluída 
2026-10-01 10:13:12 [INFO]: [Discord] Cliente v14 inicializado com intents, partials e presence 
2026-10-01 10:13:12 [INFO]: [Discord] Iniciando login... 
2026-10-01 10:13:12 [INFO]: [Discord] ✅ Pronto como TestDiscordBot (1111) 
2026-10-01 10:13:12 [ERROR]: ❌ [[Discord] Erro ao definir presença:] this.client.user?.setPresence is not a function
2026-10-01 10:13:12 [INFO]: [Discord] Chamada de login concluída 
2026-10-01 10:13:22 [ERROR]: ❌ [Erro no comando $stats:] SQLITE_ERROR: no such table: feedbacks
2026-10-01 10:13:22 [ERROR]:    Stack: 
2026-10-01 10:13:22 [INFO]: 🛑 [SHUTDOWN] Comando executado por: 5588998314322@c.us 
2026-10-01 10:13:22 [ERROR]: ❌ [❌ Erro no $grupos:] ctx.client.getChats is not a function
2026-10-01 10:13:22 [ERROR]:    Stack: at Object.execute (D:\Desktop\Programas\bot-wpp\src\bot\commands\grupos.ts:18:44)
2026-10-01 10:13:22 [ERROR]: ❌ [[ScreenCommand] Erro:] connect ECONNREFUSED 127.0.0.1:3002
2026-10-01 10:13:22 [ERROR]:    Stack: at TCPConnectWrap.afterConnect [as oncomplete] (node:net:2017:16)
2026-10-01 10:13:22 [INFO]: 🛑 [SHUTDOWN] Comando executado por: 5588998314322@c.us 
2026-10-01 10:13:25 [ERROR]: [memberJoinService] Erro ao processar entrada
2026-10-01 10:13:25 [INFO]: [keywordHandler] Palavra-chave detectada, resposta enviada
2026-10-01 10:13:26 [INFO]: [DiscordScreenService] Missing required Discord credentials, screen sharing disabled 
2026-10-01 10:13:26 [INFO]: [DiscordScreenService] Gerenciado externamente (DISCORD_SCREEN_EXTERNAL) — spawn interno desativado 
2026-10-01 10:13:26 [INFO]: [DiscordScreenService] Gerenciado externamente (DISCORD_SCREEN_EXTERNAL) — spawn interno desativado 
2026-10-01 10:13:28 [INFO]: [Discord] Cliente v14 inicializado com intents, partials e presence 
2026-10-01 10:13:36 [WARN]: [BaileysSender] sendMessage: socket existe mas NÃO está pronto (readyState !== OPEN) 
2026-10-01 10:13:36 [INFO]: [BaileysSender.sendMessage] Reply: quotedRaw=false, replyTo=original:123, originalKey=NAO 
2026-10-01 10:13:36 [INFO]: [BaileysSender.sendMessage] Quoted payload construído: keyId=123, hasMessage=true 
2026-10-01 10:13:36 [WARN]: [BaileysSender] sendMessage: socket existe mas NÃO está pronto (readyState !== OPEN) 
2026-10-01 10:13:36 [INFO]: [BaileysSender.sendMessage] Reply: quotedRaw=false, replyTo=original:123, originalKey=NAO 
2026-10-01 10:13:36 [INFO]: [BaileysSender.sendMessage] Quoted payload construído: keyId=123, hasMessage=true 
2026-10-01 10:13:36 [WARN]: [BaileysSender] sendMessage: socket existe mas NÃO está pronto (readyState !== OPEN) 
2026-10-01 10:13:36 [INFO]: [BaileysSender.sendMessage] Reply: quotedRaw=false, replyTo=undefined, originalKey=NAO 
2026-10-01 10:13:36 [WARN]: [BaileysSender] sendMessage: socket existe mas NÃO está pronto (readyState !== OPEN) 
2026-10-01 10:13:36 [INFO]: [BaileysSender.sendMessage] Reply: quotedRaw=false, replyTo=original:123, originalKey=NAO 
2026-10-01 10:13:36 [INFO]: [BaileysSender.sendMessage] Quoted payload construído: keyId=123, hasMessage=true 
2026-10-01 10:16:03 [ERROR]: [DB] Falha ao registrar infração
2026-10-01 10:16:06 [ERROR]: [DB] Falha ao registrar infração
2026-10-01 10:16:06 [ERROR]: [DB] Falha ao registrar infração
2026-10-01 10:16:07 [ERROR]: [DB] Falha ao registrar infração
2026-10-01 10:16:07 [ERROR]: [DB] Falha ao registrar infração
2026-10-01 10:16:07 [ERROR]: [DB] Falha ao registrar infração
2026-10-01 10:16:07 [ERROR]: [DB] Falha ao registrar infração
2026-10-01 10:16:07 [ERROR]: [DB] Falha ao registrar infração
2026-10-01 10:16:07 [ERROR]: [DB] Falha ao registrar infração
2026-10-01 10:16:07 [ERROR]: [DB] Falha ao registrar infração
2026-10-01 10:16:07 [ERROR]: ❌ [Erro no comando $stats:] SQLITE_ERROR: no such table: feedbacks
2026-10-01 10:16:07 [ERROR]:    Stack: 
2026-10-01 10:16:07 [INFO]: 🛑 [SHUTDOWN] Comando executado por: 5588998314322@c.us 
2026-10-01 10:16:07 [ERROR]: ❌ [❌ Erro no $grupos:] ctx.client.getChats is not a function
2026-10-01 10:16:07 [ERROR]:    Stack: at Object.execute (D:\Desktop\Programas\bot-wpp\src\bot\commands\grupos.ts:18:44)
2026-10-01 10:16:07 [ERROR]: ❌ [[ScreenCommand] Erro:] connect ECONNREFUSED 127.0.0.1:3002
2026-10-01 10:16:07 [ERROR]:    Stack: at TCPConnectWrap.afterConnect [as oncomplete] (node:net:2017:16)
2026-10-01 10:16:07 [INFO]: 🛑 [SHUTDOWN] Comando executado por: 5588998314322@c.us 
2026-10-01 10:16:09 [INFO]: [TelegramAdapter] Inicializando... 
2026-10-01 10:16:09 [INFO]: [Telegram] Iniciando launch()... 
2026-10-01 10:16:09 [INFO]: [Telegram] ✅ Pronto como  () 
2026-10-01 10:16:09 [INFO]: [TelegramAdapter] Inicializando... 
2026-10-01 10:16:09 [INFO]: [Telegram] Iniciando launch()... 
2026-10-01 10:16:09 [INFO]: [Telegram] ✅ Pronto como  () 
2026-10-01 10:16:09 [INFO]: [TelegramAdapter] Inicializando... 
2026-10-01 10:16:09 [INFO]: [Telegram] Iniciando launch()... 
2026-10-01 10:16:09 [INFO]: [Telegram] ✅ Pronto como  () 
2026-10-01 10:16:09 [INFO]: [TelegramAdapter] Inicializando... 
2026-10-01 10:16:09 [INFO]: [TelegramAdapter] Já estava pronto 
2026-10-01 10:16:09 [INFO]: [TelegramAdapter] Inicializando... 
2026-10-01 10:16:09 [INFO]: [Telegram] Iniciando launch()... 
2026-10-01 10:16:09 [INFO]: [Telegram] ✅ Pronto como  () 
2026-10-01 10:16:09 [INFO]: [TelegramAdapter] Inicializando... 
2026-10-01 10:16:09 [INFO]: [Telegram] Iniciando launch()... 
2026-10-01 10:16:09 [INFO]: [Telegram] ✅ Pronto como  () 
2026-10-01 10:16:09 [INFO]: [Discord] Cliente v14 inicializado com intents, partials e presence 
2026-10-01 10:16:09 [INFO]: [Discord] Iniciando login... 
2026-10-01 10:16:09 [INFO]: [Discord] ✅ Pronto como TestDiscordBot (1111) 
2026-10-01 10:16:09 [ERROR]: ❌ [[Discord] Erro ao definir presença:] this.client.user?.setPresence is not a function
2026-10-01 10:16:09 [INFO]: [Discord] Chamada de login concluída 
2026-10-01 10:16:09 [INFO]: [Discord] Cliente v14 inicializado com intents, partials e presence 
2026-10-01 10:16:09 [INFO]: [Discord] Iniciando login... 
2026-10-01 10:16:09 [INFO]: [Discord] ✅ Pronto como TestDiscordBot (1111) 
2026-10-01 10:16:09 [ERROR]: ❌ [[Discord] Erro ao definir presença:] this.client.user?.setPresence is not a function
2026-10-01 10:16:09 [INFO]: [Discord] Chamada de login concluída 
2026-10-01 10:16:09 [INFO]: [Discord] Iniciando login... 
2026-10-01 10:16:09 [INFO]: [Discord] Chamada de login concluída 
2026-10-01 10:16:09 [INFO]: [Discord] Cliente v14 inicializado com intents, partials e presence 
2026-10-01 10:16:09 [INFO]: [Discord] Iniciando login... 
2026-10-01 10:16:09 [INFO]: [Discord] ✅ Pronto como TestDiscordBot (1111) 
2026-10-01 10:16:09 [ERROR]: ❌ [[Discord] Erro ao definir presença:] this.client.user?.setPresence is not a function
2026-10-01 10:16:09 [INFO]: [Discord] Chamada de login concluída 
2026-10-01 10:16:10 [ERROR]: [memberJoinService] Erro ao processar entrada
2026-10-01 10:16:13 [INFO]: [keywordHandler] Palavra-chave detectada, resposta enviada
2026-10-01 10:16:14 [INFO]: [DiscordScreenService] Missing required Discord credentials, screen sharing disabled 
2026-10-01 10:16:14 [INFO]: [DiscordScreenService] Gerenciado externamente (DISCORD_SCREEN_EXTERNAL) — spawn interno desativado 
2026-10-01 10:16:14 [INFO]: [DiscordScreenService] Gerenciado externamente (DISCORD_SCREEN_EXTERNAL) — spawn interno desativado 
2026-10-01 10:16:14 [WARN]: [BaileysSender] sendMessage: socket existe mas NÃO está pronto (readyState !== OPEN) 
2026-10-01 10:16:14 [INFO]: [BaileysSender.sendMessage] Reply: quotedRaw=false, replyTo=original:123, originalKey=NAO 
2026-10-01 10:16:14 [INFO]: [BaileysSender.sendMessage] Quoted payload construído: keyId=123, hasMessage=true 
2026-10-01 10:16:14 [WARN]: [BaileysSender] sendMessage: socket existe mas NÃO está pronto (readyState !== OPEN) 
2026-10-01 10:16:14 [INFO]: [BaileysSender.sendMessage] Reply: quotedRaw=false, replyTo=original:123, originalKey=NAO 
2026-10-01 10:16:14 [INFO]: [BaileysSender.sendMessage] Quoted payload construído: keyId=123, hasMessage=true 
2026-10-01 10:16:14 [WARN]: [BaileysSender] sendMessage: socket existe mas NÃO está pronto (readyState !== OPEN) 
2026-10-01 10:16:14 [INFO]: [BaileysSender.sendMessage] Reply: quotedRaw=false, replyTo=undefined, originalKey=NAO 
2026-10-01 10:16:14 [WARN]: [BaileysSender] sendMessage: socket existe mas NÃO está pronto (readyState !== OPEN) 
2026-10-01 10:16:14 [INFO]: [BaileysSender.sendMessage] Reply: quotedRaw=false, replyTo=original:123, originalKey=NAO 
2026-10-01 10:16:14 [INFO]: [BaileysSender.sendMessage] Quoted payload construído: keyId=123, hasMessage=true 
2026-10-01 10:16:16 [INFO]: [Discord] Cliente v14 inicializado com intents, partials e presence 
2026-10-01 10:16:26 [ERROR]: [DB] Falha ao registrar infração
2026-10-01 10:16:27 [ERROR]: [DB] Falha ao registrar infração
2026-10-01 10:16:27 [ERROR]: [DB] Falha ao registrar infração
2026-10-01 10:16:27 [ERROR]: [DB] Falha ao registrar infração
2026-10-01 10:16:27 [ERROR]: [DB] Falha ao registrar infração
2026-10-01 10:16:27 [ERROR]: [DB] Falha ao registrar infração
2026-10-01 10:16:27 [ERROR]: [DB] Falha ao registrar infração
2026-10-01 10:16:27 [ERROR]: [DB] Falha ao registrar infração
2026-10-01 10:16:27 [ERROR]: [DB] Falha ao registrar infração
2026-10-01 10:16:27 [ERROR]: [DB] Falha ao registrar infração
2026-10-01 10:16:29 [ERROR]: ❌ [Erro no comando $stats:] SQLITE_ERROR: no such table: feedbacks
2026-10-01 10:16:29 [ERROR]:    Stack: 
2026-10-01 10:16:29 [INFO]: 🛑 [SHUTDOWN] Comando executado por: 5588998314322@c.us 
2026-10-01 10:16:29 [ERROR]: ❌ [❌ Erro no $grupos:] ctx.client.getChats is not a function
2026-10-01 10:16:29 [ERROR]:    Stack: at Object.execute (D:\Desktop\Programas\bot-wpp\src\bot\commands\grupos.ts:18:44)
2026-10-01 10:16:29 [ERROR]: ❌ [[ScreenCommand] Erro:] connect ECONNREFUSED 127.0.0.1:3002
2026-10-01 10:16:29 [ERROR]:    Stack: at TCPConnectWrap.afterConnect [as oncomplete] (node:net:2017:16)
2026-10-01 10:16:29 [INFO]: 🛑 [SHUTDOWN] Comando executado por: 5588998314322@c.us 
2026-10-01 10:16:31 [INFO]: [TelegramAdapter] Inicializando... 
2026-10-01 10:16:31 [INFO]: [Telegram] Iniciando launch()... 
2026-10-01 10:16:31 [INFO]: [Telegram] ✅ Pronto como  () 
2026-10-01 10:16:31 [INFO]: [TelegramAdapter] Inicializando... 
2026-10-01 10:16:31 [INFO]: [Telegram] Iniciando launch()... 
2026-10-01 10:16:31 [INFO]: [Telegram] ✅ Pronto como  () 
2026-10-01 10:16:31 [INFO]: [TelegramAdapter] Inicializando... 
2026-10-01 10:16:31 [INFO]: [Telegram] Iniciando launch()... 
2026-10-01 10:16:31 [INFO]: [Telegram] ✅ Pronto como  () 
2026-10-01 10:16:31 [INFO]: [TelegramAdapter] Inicializando... 
2026-10-01 10:16:31 [INFO]: [TelegramAdapter] Já estava pronto 
2026-10-01 10:16:31 [INFO]: [TelegramAdapter] Inicializando... 
2026-10-01 10:16:31 [INFO]: [Telegram] Iniciando launch()... 
2026-10-01 10:16:31 [INFO]: [Telegram] ✅ Pronto como  () 
2026-10-01 10:16:31 [INFO]: [TelegramAdapter] Inicializando... 
2026-10-01 10:16:31 [INFO]: [Telegram] Iniciando launch()... 
2026-10-01 10:16:31 [INFO]: [Telegram] ✅ Pronto como  () 
2026-10-01 10:16:31 [INFO]: [Discord] Cliente v14 inicializado com intents, partials e presence 
2026-10-01 10:16:31 [INFO]: [Discord] Iniciando login... 
2026-10-01 10:16:31 [INFO]: [Discord] ✅ Pronto como TestDiscordBot (1111) 
2026-10-01 10:16:31 [ERROR]: ❌ [[Discord] Erro ao definir presença:] this.client.user?.setPresence is not a function
2026-10-01 10:16:31 [INFO]: [Discord] Chamada de login concluída 
2026-10-01 10:16:31 [INFO]: [Discord] Cliente v14 inicializado com intents, partials e presence 
2026-10-01 10:16:31 [INFO]: [Discord] Iniciando login... 
2026-10-01 10:16:31 [INFO]: [Discord] ✅ Pronto como TestDiscordBot (1111) 
2026-10-01 10:16:31 [ERROR]: ❌ [[Discord] Erro ao definir presença:] this.client.user?.setPresence is not a function
2026-10-01 10:16:31 [INFO]: [Discord] Chamada de login concluída 
2026-10-01 10:16:31 [INFO]: [Discord] Iniciando login... 
2026-10-01 10:16:31 [INFO]: [Discord] Chamada de login concluída 
2026-10-01 10:16:31 [INFO]: [Discord] Cliente v14 inicializado com intents, partials e presence 
2026-10-01 10:16:31 [INFO]: [Discord] Iniciando login... 
2026-10-01 10:16:31 [INFO]: [Discord] ✅ Pronto como TestDiscordBot (1111) 
2026-10-01 10:16:31 [ERROR]: ❌ [[Discord] Erro ao definir presença:] this.client.user?.setPresence is not a function
2026-10-01 10:16:31 [INFO]: [Discord] Chamada de login concluída 
2026-10-01 10:16:32 [ERROR]: [memberJoinService] Erro ao processar entrada
2026-10-01 10:16:33 [WARN]: [BaileysSender] sendMessage: socket existe mas NÃO está pronto (readyState !== OPEN) 
2026-10-01 10:16:33 [INFO]: [BaileysSender.sendMessage] Reply: quotedRaw=false, replyTo=original:123, originalKey=NAO 
2026-10-01 10:16:33 [INFO]: [BaileysSender.sendMessage] Quoted payload construído: keyId=123, hasMessage=true 
2026-10-01 10:16:33 [WARN]: [BaileysSender] sendMessage: socket existe mas NÃO está pronto (readyState !== OPEN) 
2026-10-01 10:16:33 [INFO]: [BaileysSender.sendMessage] Reply: quotedRaw=false, replyTo=original:123, originalKey=NAO 
2026-10-01 10:16:33 [INFO]: [BaileysSender.sendMessage] Quoted payload construído: keyId=123, hasMessage=true 
2026-10-01 10:16:33 [WARN]: [BaileysSender] sendMessage: socket existe mas NÃO está pronto (readyState !== OPEN) 
2026-10-01 10:16:33 [INFO]: [BaileysSender.sendMessage] Reply: quotedRaw=false, replyTo=undefined, originalKey=NAO 
2026-10-01 10:16:33 [WARN]: [BaileysSender] sendMessage: socket existe mas NÃO está pronto (readyState !== OPEN) 
2026-10-01 10:16:33 [INFO]: [BaileysSender.sendMessage] Reply: quotedRaw=false, replyTo=original:123, originalKey=NAO 
2026-10-01 10:16:33 [INFO]: [BaileysSender.sendMessage] Quoted payload construído: keyId=123, hasMessage=true 
2026-10-01 10:16:34 [INFO]: [keywordHandler] Palavra-chave detectada, resposta enviada
2026-10-01 10:16:34 [INFO]: [DiscordScreenService] Missing required Discord credentials, screen sharing disabled 
2026-10-01 10:16:34 [INFO]: [DiscordScreenService] Gerenciado externamente (DISCORD_SCREEN_EXTERNAL) — spawn interno desativado 
2026-10-01 10:16:34 [INFO]: [DiscordScreenService] Gerenciado externamente (DISCORD_SCREEN_EXTERNAL) — spawn interno desativado 
2026-10-01 10:16:36 [INFO]: [Discord] Cliente v14 inicializado com intents, partials e presence 
2026-10-01 10:16:45 [ERROR]: [DB] Falha ao registrar infração
2026-10-01 10:16:46 [ERROR]: ❌ [Erro no comando $stats:] SQLITE_ERROR: no such table: feedbacks
2026-10-01 10:16:46 [ERROR]:    Stack: 
2026-10-01 10:16:46 [INFO]: 🛑 [SHUTDOWN] Comando executado por: 5588998314322@c.us 
2026-10-01 10:16:46 [ERROR]: ❌ [❌ Erro no $grupos:] ctx.client.getChats is not a function
2026-10-01 10:16:46 [ERROR]:    Stack: at Object.execute (D:\Desktop\Programas\bot-wpp\src\bot\commands\grupos.ts:18:44)
2026-10-01 10:16:46 [ERROR]: [DB] Falha ao registrar infração
2026-10-01 10:16:46 [ERROR]: ❌ [[ScreenCommand] Erro:] connect ECONNREFUSED 127.0.0.1:3002
2026-10-01 10:16:46 [ERROR]: [DB] Falha ao registrar infração
2026-10-01 10:16:46 [ERROR]: [DB] Falha ao registrar infração
2026-10-01 10:16:46 [ERROR]: [DB] Falha ao registrar infração
2026-10-01 10:16:46 [ERROR]: [DB] Falha ao registrar infração
2026-10-01 10:16:46 [ERROR]: [DB] Falha ao registrar infração
2026-10-01 10:16:46 [ERROR]: [DB] Falha ao registrar infração
2026-10-01 10:16:46 [ERROR]: [DB] Falha ao registrar infração
2026-10-01 10:16:46 [ERROR]: [DB] Falha ao registrar infração
2026-10-01 10:16:46 [ERROR]:    Stack: at TCPConnectWrap.afterConnect [as oncomplete] (node:net:2017:16)
2026-10-01 10:16:46 [INFO]: 🛑 [SHUTDOWN] Comando executado por: 5588998314322@c.us 
2026-10-01 10:16:48 [INFO]: [TelegramAdapter] Inicializando... 
2026-10-01 10:16:48 [INFO]: [Telegram] Iniciando launch()... 
2026-10-01 10:16:48 [INFO]: [Telegram] ✅ Pronto como  () 
2026-10-01 10:16:48 [INFO]: [TelegramAdapter] Inicializando... 
2026-10-01 10:16:48 [INFO]: [Telegram] Iniciando launch()... 
2026-10-01 10:16:48 [INFO]: [Telegram] ✅ Pronto como  () 
2026-10-01 10:16:48 [INFO]: [TelegramAdapter] Inicializando... 
2026-10-01 10:16:48 [INFO]: [Telegram] Iniciando launch()... 
2026-10-01 10:16:48 [INFO]: [Telegram] ✅ Pronto como  () 
2026-10-01 10:16:48 [INFO]: [TelegramAdapter] Inicializando... 
2026-10-01 10:16:48 [INFO]: [TelegramAdapter] Já estava pronto 
2026-10-01 10:16:48 [INFO]: [TelegramAdapter] Inicializando... 
2026-10-01 10:16:48 [INFO]: [Telegram] Iniciando launch()... 
2026-10-01 10:16:48 [INFO]: [Telegram] ✅ Pronto como  () 
2026-10-01 10:16:48 [INFO]: [TelegramAdapter] Inicializando... 
2026-10-01 10:16:48 [INFO]: [Telegram] Iniciando launch()... 
2026-10-01 10:16:48 [INFO]: [Telegram] ✅ Pronto como  () 
2026-10-01 10:16:48 [INFO]: [Discord] Cliente v14 inicializado com intents, partials e presence 
2026-10-01 10:16:48 [INFO]: [Discord] Iniciando login... 
2026-10-01 10:16:48 [INFO]: [Discord] ✅ Pronto como TestDiscordBot (1111) 
2026-10-01 10:16:48 [ERROR]: ❌ [[Discord] Erro ao definir presença:] this.client.user?.setPresence is not a function
2026-10-01 10:16:48 [INFO]: [Discord] Chamada de login concluída 
2026-10-01 10:16:48 [INFO]: [Discord] Cliente v14 inicializado com intents, partials e presence 
2026-10-01 10:16:48 [INFO]: [Discord] Iniciando login... 
2026-10-01 10:16:48 [INFO]: [Discord] ✅ Pronto como TestDiscordBot (1111) 
2026-10-01 10:16:48 [ERROR]: ❌ [[Discord] Erro ao definir presença:] this.client.user?.setPresence is not a function
2026-10-01 10:16:48 [INFO]: [Discord] Chamada de login concluída 
2026-10-01 10:16:48 [INFO]: [Discord] Iniciando login... 
2026-10-01 10:16:48 [INFO]: [Discord] Chamada de login concluída 
2026-10-01 10:16:48 [INFO]: [Discord] Cliente v14 inicializado com intents, partials e presence 
2026-10-01 10:16:48 [INFO]: [Discord] Iniciando login... 
2026-10-01 10:16:48 [INFO]: [Discord] ✅ Pronto como TestDiscordBot (1111) 
2026-10-01 10:16:48 [ERROR]: ❌ [[Discord] Erro ao definir presença:] this.client.user?.setPresence is not a function
2026-10-01 10:16:48 [INFO]: [Discord] Chamada de login concluída 
2026-10-01 10:16:50 [INFO]: [keywordHandler] Palavra-chave detectada, resposta enviada
2026-10-01 10:16:50 [ERROR]: [memberJoinService] Erro ao processar entrada
2026-10-01 10:16:51 [INFO]: [DiscordScreenService] Missing required Discord credentials, screen sharing disabled 
2026-10-01 10:16:51 [INFO]: [DiscordScreenService] Gerenciado externamente (DISCORD_SCREEN_EXTERNAL) — spawn interno desativado 
2026-10-01 10:16:51 [INFO]: [DiscordScreenService] Gerenciado externamente (DISCORD_SCREEN_EXTERNAL) — spawn interno desativado 
2026-10-01 10:16:51 [WARN]: [BaileysSender] sendMessage: socket existe mas NÃO está pronto (readyState !== OPEN) 
2026-10-01 10:16:51 [INFO]: [BaileysSender.sendMessage] Reply: quotedRaw=false, replyTo=original:123, originalKey=NAO 
2026-10-01 10:16:51 [INFO]: [BaileysSender.sendMessage] Quoted payload construído: keyId=123, hasMessage=true 
2026-10-01 10:16:51 [WARN]: [BaileysSender] sendMessage: socket existe mas NÃO está pronto (readyState !== OPEN) 
2026-10-01 10:16:51 [INFO]: [BaileysSender.sendMessage] Reply: quotedRaw=false, replyTo=original:123, originalKey=NAO 
2026-10-01 10:16:51 [INFO]: [BaileysSender.sendMessage] Quoted payload construído: keyId=123, hasMessage=true 
2026-10-01 10:16:51 [WARN]: [BaileysSender] sendMessage: socket existe mas NÃO está pronto (readyState !== OPEN) 
2026-10-01 10:16:51 [INFO]: [BaileysSender.sendMessage] Reply: quotedRaw=false, replyTo=undefined, originalKey=NAO 
2026-10-01 10:16:51 [WARN]: [BaileysSender] sendMessage: socket existe mas NÃO está pronto (readyState !== OPEN) 
2026-10-01 10:16:51 [INFO]: [BaileysSender.sendMessage] Reply: quotedRaw=false, replyTo=original:123, originalKey=NAO 
2026-10-01 10:16:51 [INFO]: [BaileysSender.sendMessage] Quoted payload construído: keyId=123, hasMessage=true 
2026-10-01 10:16:53 [INFO]: [Discord] Cliente v14 inicializado com intents, partials e presence 
2026-10-01 10:45:29 [ERROR]: [DB] Falha ao registrar infração
2026-10-01 10:45:31 [ERROR]: ❌ [Erro no comando $stats:] SQLITE_ERROR: no such table: feedbacks
2026-10-01 10:45:31 [ERROR]:    Stack: 
2026-10-01 10:45:31 [INFO]: 🛑 [SHUTDOWN] Comando executado por: 5588998314322@c.us 
2026-10-01 10:45:31 [ERROR]: ❌ [❌ Erro no $grupos:] ctx.client.getChats is not a function
2026-10-01 10:45:31 [ERROR]:    Stack: at Object.execute (D:\Desktop\Programas\bot-wpp\src\bot\commands\grupos.ts:18:44)
2026-10-01 10:45:31 [ERROR]: ❌ [[ScreenCommand] Erro:] connect ECONNREFUSED 127.0.0.1:3002
2026-10-01 10:45:31 [ERROR]:    Stack: at TCPConnectWrap.afterConnect [as oncomplete] (node:net:2017:16)
2026-10-01 10:45:32 [INFO]: 🛑 [SHUTDOWN] Comando executado por: 5588998314322@c.us 
2026-10-01 10:45:32 [ERROR]: [DB] Falha ao registrar infração
2026-10-01 10:45:32 [ERROR]: [DB] Falha ao registrar infração
2026-10-01 10:45:33 [ERROR]: [DB] Falha ao registrar infração
2026-10-01 10:45:33 [ERROR]: [DB] Falha ao registrar infração
2026-10-01 10:45:33 [ERROR]: [DB] Falha ao registrar infração
2026-10-01 10:45:33 [ERROR]: [DB] Falha ao registrar infração
2026-10-01 10:45:33 [ERROR]: [DB] Falha ao registrar infração
2026-10-01 10:45:33 [ERROR]: [DB] Falha ao registrar infração
2026-10-01 10:45:33 [ERROR]: [DB] Falha ao registrar infração
2026-10-01 10:45:33 [INFO]: [TelegramAdapter] Inicializando... 
2026-10-01 10:45:33 [INFO]: [Telegram] Iniciando launch()... 
2026-10-01 10:45:33 [INFO]: [Telegram] ✅ Pronto como  () 
2026-10-01 10:45:33 [INFO]: [TelegramAdapter] Inicializando... 
2026-10-01 10:45:33 [INFO]: [Telegram] Iniciando launch()... 
2026-10-01 10:45:33 [INFO]: [Telegram] ✅ Pronto como  () 
2026-10-01 10:45:33 [INFO]: [TelegramAdapter] Inicializando... 
2026-10-01 10:45:33 [INFO]: [Telegram] Iniciando launch()... 
2026-10-01 10:45:33 [INFO]: [Telegram] ✅ Pronto como  () 
2026-10-01 10:45:33 [INFO]: [TelegramAdapter] Inicializando... 
2026-10-01 10:45:33 [INFO]: [TelegramAdapter] Já estava pronto 
2026-10-01 10:45:33 [INFO]: [TelegramAdapter] Inicializando... 
2026-10-01 10:45:33 [INFO]: [Telegram] Iniciando launch()... 
2026-10-01 10:45:33 [INFO]: [Telegram] ✅ Pronto como  () 
2026-10-01 10:45:33 [INFO]: [TelegramAdapter] Inicializando... 
2026-10-01 10:45:33 [INFO]: [Telegram] Iniciando launch()... 
2026-10-01 10:45:33 [INFO]: [Telegram] ✅ Pronto como  () 
2026-10-01 10:45:33 [INFO]: [Discord] Cliente v14 inicializado com intents, partials e presence 
2026-10-01 10:45:33 [INFO]: [Discord] Iniciando login... 
2026-10-01 10:45:33 [INFO]: [Discord] ✅ Pronto como TestDiscordBot (1111) 
2026-10-01 10:45:33 [ERROR]: ❌ [[Discord] Erro ao definir presença:] this.client.user?.setPresence is not a function
2026-10-01 10:45:33 [INFO]: [Discord] Chamada de login concluída 
2026-10-01 10:45:33 [INFO]: [Discord] Cliente v14 inicializado com intents, partials e presence 
2026-10-01 10:45:33 [INFO]: [Discord] Iniciando login... 
2026-10-01 10:45:33 [INFO]: [Discord] ✅ Pronto como TestDiscordBot (1111) 
2026-10-01 10:45:33 [ERROR]: ❌ [[Discord] Erro ao definir presença:] this.client.user?.setPresence is not a function
2026-10-01 10:45:33 [INFO]: [Discord] Chamada de login concluída 
2026-10-01 10:45:33 [INFO]: [Discord] Iniciando login... 
2026-10-01 10:45:33 [INFO]: [Discord] Chamada de login concluída 
2026-10-01 10:45:33 [INFO]: [Discord] Cliente v14 inicializado com intents, partials e presence 
2026-10-01 10:45:33 [INFO]: [Discord] Iniciando login... 
2026-10-01 10:45:33 [INFO]: [Discord] ✅ Pronto como TestDiscordBot (1111) 
2026-10-01 10:45:33 [ERROR]: ❌ [[Discord] Erro ao definir presença:] this.client.user?.setPresence is not a function
2026-10-01 10:45:33 [INFO]: [Discord] Chamada de login concluída 
2026-10-01 10:45:37 [ERROR]: [memberJoinService] Erro ao processar entrada
2026-10-01 10:45:38 [INFO]: [keywordHandler] Palavra-chave detectada, resposta enviada
2026-10-01 10:45:38 [WARN]: [BaileysSender] sendMessage: socket existe mas NÃO está pronto (readyState !== OPEN) 
2026-10-01 10:45:38 [INFO]: [BaileysSender.sendMessage] Reply: quotedRaw=false, replyTo=original:123, originalKey=NAO 
2026-10-01 10:45:38 [INFO]: [BaileysSender.sendMessage] Quoted payload construído: keyId=123, hasMessage=true 
2026-10-01 10:45:38 [WARN]: [BaileysSender] sendMessage: socket existe mas NÃO está pronto (readyState !== OPEN) 
2026-10-01 10:45:38 [INFO]: [BaileysSender.sendMessage] Reply: quotedRaw=false, replyTo=original:123, originalKey=NAO 
2026-10-01 10:45:38 [INFO]: [BaileysSender.sendMessage] Quoted payload construído: keyId=123, hasMessage=true 
2026-10-01 10:45:38 [WARN]: [BaileysSender] sendMessage: socket existe mas NÃO está pronto (readyState !== OPEN) 
2026-10-01 10:45:38 [INFO]: [BaileysSender.sendMessage] Reply: quotedRaw=false, replyTo=undefined, originalKey=NAO 
2026-10-01 10:45:38 [WARN]: [BaileysSender] sendMessage: socket existe mas NÃO está pronto (readyState !== OPEN) 
2026-10-01 10:45:38 [INFO]: [BaileysSender.sendMessage] Reply: quotedRaw=false, replyTo=original:123, originalKey=NAO 
2026-10-01 10:45:38 [INFO]: [BaileysSender.sendMessage] Quoted payload construído: keyId=123, hasMessage=true 
2026-10-01 10:45:38 [INFO]: [DiscordScreenService] Missing required Discord credentials, screen sharing disabled 
2026-10-01 10:45:39 [INFO]: [DiscordScreenService] Gerenciado externamente (DISCORD_SCREEN_EXTERNAL) — spawn interno desativado 
2026-10-01 10:45:39 [INFO]: [DiscordScreenService] Gerenciado externamente (DISCORD_SCREEN_EXTERNAL) — spawn interno desativado 
2026-10-01 10:45:41 [INFO]: [Discord] Cliente v14 inicializado com intents, partials e presence 
2026-10-01 11:00:39 [ERROR]: [DB] Falha ao registrar infração
2026-10-01 11:00:41 [ERROR]: ❌ [Erro no comando $stats:] SQLITE_ERROR: no such table: feedbacks
2026-10-01 11:00:41 [ERROR]: [DB] Falha ao registrar infração
2026-10-01 11:00:41 [ERROR]:    Stack: 
2026-10-01 11:00:41 [INFO]: 🛑 [SHUTDOWN] Comando executado por: 5588998314322@c.us 
2026-10-01 11:00:41 [ERROR]: ❌ [❌ Erro no $grupos:] ctx.client.getChats is not a function
2026-10-01 11:00:41 [ERROR]:    Stack: at Object.execute (D:\Desktop\Programas\bot-wpp\src\bot\commands\grupos.ts:18:44)
2026-10-01 11:00:42 [ERROR]: ❌ [[ScreenCommand] Erro:] connect ECONNREFUSED 127.0.0.1:3002
2026-10-01 11:00:41 [ERROR]: [DB] Falha ao registrar infração
2026-10-01 11:00:41 [ERROR]: [DB] Falha ao registrar infração
2026-10-01 11:00:42 [ERROR]: [DB] Falha ao registrar infração
2026-10-01 11:00:42 [ERROR]: [DB] Falha ao registrar infração
2026-10-01 11:00:42 [ERROR]: [DB] Falha ao registrar infração
2026-10-01 11:00:42 [ERROR]: [DB] Falha ao registrar infração
2026-10-01 11:00:42 [ERROR]: [DB] Falha ao registrar infração
2026-10-01 11:00:42 [ERROR]: [DB] Falha ao registrar infração
2026-10-01 11:00:42 [ERROR]:    Stack: at TCPConnectWrap.afterConnect [as oncomplete] (node:net:2017:16)
2026-10-01 11:00:42 [INFO]: 🛑 [SHUTDOWN] Comando executado por: 5588998314322@c.us 
2026-10-01 11:00:43 [INFO]: [TelegramAdapter] Inicializando... 
2026-10-01 11:00:43 [INFO]: [Telegram] Iniciando launch()... 
2026-10-01 11:00:43 [INFO]: [Telegram] ✅ Pronto como  () 
2026-10-01 11:00:43 [INFO]: [TelegramAdapter] Inicializando... 
2026-10-01 11:00:43 [INFO]: [Telegram] Iniciando launch()... 
2026-10-01 11:00:43 [INFO]: [Telegram] ✅ Pronto como  () 
2026-10-01 11:00:43 [INFO]: [TelegramAdapter] Inicializando... 
2026-10-01 11:00:43 [INFO]: [Telegram] Iniciando launch()... 
2026-10-01 11:00:43 [INFO]: [Telegram] ✅ Pronto como  () 
2026-10-01 11:00:43 [INFO]: [TelegramAdapter] Inicializando... 
2026-10-01 11:00:43 [INFO]: [TelegramAdapter] Já estava pronto 
2026-10-01 11:00:43 [INFO]: [TelegramAdapter] Inicializando... 
2026-10-01 11:00:43 [INFO]: [Telegram] Iniciando launch()... 
2026-10-01 11:00:43 [INFO]: [Telegram] ✅ Pronto como  () 
2026-10-01 11:00:43 [INFO]: [TelegramAdapter] Inicializando... 
2026-10-01 11:00:43 [INFO]: [Telegram] Iniciando launch()... 
2026-10-01 11:00:43 [INFO]: [Telegram] ✅ Pronto como  () 
2026-10-01 11:00:43 [INFO]: [Discord] Cliente v14 inicializado com intents, partials e presence 
2026-10-01 11:00:43 [INFO]: [Discord] Iniciando login... 
2026-10-01 11:00:43 [INFO]: [Discord] ✅ Pronto como TestDiscordBot (1111) 
2026-10-01 11:00:43 [ERROR]: ❌ [[Discord] Erro ao definir presença:] this.client.user?.setPresence is not a function
2026-10-01 11:00:43 [INFO]: [Discord] Chamada de login concluída 
2026-10-01 11:00:43 [INFO]: [Discord] Cliente v14 inicializado com intents, partials e presence 
2026-10-01 11:00:43 [INFO]: [Discord] Iniciando login... 
2026-10-01 11:00:43 [INFO]: [Discord] ✅ Pronto como TestDiscordBot (1111) 
2026-10-01 11:00:43 [ERROR]: ❌ [[Discord] Erro ao definir presença:] this.client.user?.setPresence is not a function
2026-10-01 11:00:43 [INFO]: [Discord] Chamada de login concluída 
2026-10-01 11:00:43 [INFO]: [Discord] Iniciando login... 
2026-10-01 11:00:43 [INFO]: [Discord] Chamada de login concluída 
2026-10-01 11:00:43 [INFO]: [Discord] Cliente v14 inicializado com intents, partials e presence 
2026-10-01 11:00:43 [INFO]: [Discord] Iniciando login... 
2026-10-01 11:00:43 [INFO]: [Discord] ✅ Pronto como TestDiscordBot (1111) 
2026-10-01 11:00:43 [ERROR]: ❌ [[Discord] Erro ao definir presença:] this.client.user?.setPresence is not a function
2026-10-01 11:00:43 [INFO]: [Discord] Chamada de login concluída 
2026-10-01 11:00:46 [WARN]: [BaileysSender] sendMessage: socket existe mas NÃO está pronto (readyState !== OPEN) 
2026-10-01 11:00:46 [INFO]: [BaileysSender.sendMessage] Reply: quotedRaw=false, replyTo=original:123, originalKey=NAO 
2026-10-01 11:00:46 [INFO]: [BaileysSender.sendMessage] Quoted payload construído: keyId=123, hasMessage=true 
2026-10-01 11:00:46 [WARN]: [BaileysSender] sendMessage: socket existe mas NÃO está pronto (readyState !== OPEN) 
2026-10-01 11:00:46 [INFO]: [BaileysSender.sendMessage] Reply: quotedRaw=false, replyTo=original:123, originalKey=NAO 
2026-10-01 11:00:46 [INFO]: [BaileysSender.sendMessage] Quoted payload construído: keyId=123, hasMessage=true 
2026-10-01 11:00:46 [WARN]: [BaileysSender] sendMessage: socket existe mas NÃO está pronto (readyState !== OPEN) 
2026-10-01 11:00:46 [INFO]: [BaileysSender.sendMessage] Reply: quotedRaw=false, replyTo=undefined, originalKey=NAO 
2026-10-01 11:00:46 [WARN]: [BaileysSender] sendMessage: socket existe mas NÃO está pronto (readyState !== OPEN) 
2026-10-01 11:00:46 [INFO]: [BaileysSender.sendMessage] Reply: quotedRaw=false, replyTo=original:123, originalKey=NAO 
2026-10-01 11:00:46 [INFO]: [BaileysSender.sendMessage] Quoted payload construído: keyId=123, hasMessage=true 
2026-10-01 11:00:47 [ERROR]: [memberJoinService] Erro ao processar entrada
2026-10-01 11:00:48 [INFO]: [DiscordScreenService] Missing required Discord credentials, screen sharing disabled 
2026-10-01 11:00:48 [INFO]: [DiscordScreenService] Gerenciado externamente (DISCORD_SCREEN_EXTERNAL) — spawn interno desativado 
2026-10-01 11:00:48 [INFO]: [DiscordScreenService] Gerenciado externamente (DISCORD_SCREEN_EXTERNAL) — spawn interno desativado 
2026-10-01 11:00:49 [INFO]: [keywordHandler] Palavra-chave detectada, resposta enviada
2026-10-01 11:00:51 [INFO]: [Discord] Cliente v14 inicializado com intents, partials e presence 
2026-10-01 11:01:07 [ERROR]: [DB] Falha ao registrar infração
2026-10-01 11:01:10 [ERROR]: [DB] Falha ao registrar infração
2026-10-01 11:01:10 [ERROR]: ❌ [Erro no comando $stats:] SQLITE_ERROR: no such table: feedbacks
2026-10-01 11:01:10 [ERROR]: [DB] Falha ao registrar infração
2026-10-01 11:01:10 [ERROR]: [DB] Falha ao registrar infração
2026-10-01 11:01:10 [ERROR]: [DB] Falha ao registrar infração
2026-10-01 11:01:10 [ERROR]: [DB] Falha ao registrar infração
2026-10-01 11:01:10 [ERROR]: [DB] Falha ao registrar infração
2026-10-01 11:01:10 [ERROR]: [DB] Falha ao registrar infração
2026-10-01 11:01:10 [ERROR]: [DB] Falha ao registrar infração
2026-10-01 11:01:10 [ERROR]: [DB] Falha ao registrar infração
2026-10-01 11:01:10 [ERROR]:    Stack: 
2026-10-01 11:01:10 [INFO]: 🛑 [SHUTDOWN] Comando executado por: 5588998314322@c.us 
2026-10-01 11:01:10 [ERROR]: ❌ [❌ Erro no $grupos:] ctx.client.getChats is not a function
2026-10-01 11:01:10 [ERROR]:    Stack: at Object.execute (D:\Desktop\Programas\bot-wpp\src\bot\commands\grupos.ts:18:44)
2026-10-01 11:01:10 [ERROR]: ❌ [[ScreenCommand] Erro:] connect ECONNREFUSED 127.0.0.1:3002
2026-10-01 11:01:10 [ERROR]:    Stack: at TCPConnectWrap.afterConnect [as oncomplete] (node:net:2017:16)
2026-10-01 11:01:10 [INFO]: 🛑 [SHUTDOWN] Comando executado por: 5588998314322@c.us 
2026-10-01 11:01:11 [INFO]: [TelegramAdapter] Inicializando... 
2026-10-01 11:01:11 [INFO]: [Telegram] Iniciando launch()... 
2026-10-01 11:01:11 [INFO]: [Telegram] ✅ Pronto como  () 
2026-10-01 11:01:11 [INFO]: [TelegramAdapter] Inicializando... 
2026-10-01 11:01:11 [INFO]: [Telegram] Iniciando launch()... 
2026-10-01 11:01:11 [INFO]: [Telegram] ✅ Pronto como  () 
2026-10-01 11:01:11 [INFO]: [TelegramAdapter] Inicializando... 
2026-10-01 11:01:11 [INFO]: [Telegram] Iniciando launch()... 
2026-10-01 11:01:11 [INFO]: [Telegram] ✅ Pronto como  () 
2026-10-01 11:01:11 [INFO]: [TelegramAdapter] Inicializando... 
2026-10-01 11:01:11 [INFO]: [TelegramAdapter] Já estava pronto 
2026-10-01 11:01:11 [INFO]: [TelegramAdapter] Inicializando... 
2026-10-01 11:01:11 [INFO]: [Telegram] Iniciando launch()... 
2026-10-01 11:01:11 [INFO]: [Telegram] ✅ Pronto como  () 
2026-10-01 11:01:11 [INFO]: [TelegramAdapter] Inicializando... 
2026-10-01 11:01:11 [INFO]: [Telegram] Iniciando launch()... 
2026-10-01 11:01:11 [INFO]: [Telegram] ✅ Pronto como  () 
2026-10-01 11:01:11 [INFO]: [Discord] Cliente v14 inicializado com intents, partials e presence 
2026-10-01 11:01:11 [INFO]: [Discord] Iniciando login... 
2026-10-01 11:01:11 [INFO]: [Discord] ✅ Pronto como TestDiscordBot (1111) 
2026-10-01 11:01:11 [ERROR]: ❌ [[Discord] Erro ao definir presença:] this.client.user?.setPresence is not a function
2026-10-01 11:01:11 [INFO]: [Discord] Chamada de login concluída 
2026-10-01 11:01:11 [INFO]: [Discord] Cliente v14 inicializado com intents, partials e presence 
2026-10-01 11:01:11 [INFO]: [Discord] Iniciando login... 
2026-10-01 11:01:11 [INFO]: [Discord] ✅ Pronto como TestDiscordBot (1111) 
2026-10-01 11:01:12 [ERROR]: ❌ [[Discord] Erro ao definir presença:] this.client.user?.setPresence is not a function
2026-10-01 11:01:12 [INFO]: [Discord] Chamada de login concluída 
2026-10-01 11:01:12 [INFO]: [Discord] Iniciando login... 
2026-10-01 11:01:12 [INFO]: [Discord] Chamada de login concluída 
2026-10-01 11:01:12 [INFO]: [Discord] Cliente v14 inicializado com intents, partials e presence 
2026-10-01 11:01:12 [INFO]: [Discord] Iniciando login... 
2026-10-01 11:01:12 [INFO]: [Discord] ✅ Pronto como TestDiscordBot (1111) 
2026-10-01 11:01:12 [ERROR]: ❌ [[Discord] Erro ao definir presença:] this.client.user?.setPresence is not a function
2026-10-01 11:01:12 [INFO]: [Discord] Chamada de login concluída 
2026-10-01 11:01:16 [ERROR]: [memberJoinService] Erro ao processar entrada
2026-10-01 11:01:17 [INFO]: [DiscordScreenService] Missing required Discord credentials, screen sharing disabled 
2026-10-01 11:01:17 [INFO]: [DiscordScreenService] Gerenciado externamente (DISCORD_SCREEN_EXTERNAL) — spawn interno desativado 
2026-10-01 11:01:17 [INFO]: [DiscordScreenService] Gerenciado externamente (DISCORD_SCREEN_EXTERNAL) — spawn interno desativado 
2026-10-01 11:01:17 [WARN]: [BaileysSender] sendMessage: socket existe mas NÃO está pronto (readyState !== OPEN) 
2026-10-01 11:01:17 [INFO]: [BaileysSender.sendMessage] Reply: quotedRaw=false, replyTo=original:123, originalKey=NAO 
2026-10-01 11:01:17 [INFO]: [BaileysSender.sendMessage] Quoted payload construído: keyId=123, hasMessage=true 
2026-10-01 11:01:17 [WARN]: [BaileysSender] sendMessage: socket existe mas NÃO está pronto (readyState !== OPEN) 
2026-10-01 11:01:17 [INFO]: [BaileysSender.sendMessage] Reply: quotedRaw=false, replyTo=original:123, originalKey=NAO 
2026-10-01 11:01:17 [INFO]: [BaileysSender.sendMessage] Quoted payload construído: keyId=123, hasMessage=true 
2026-10-01 11:01:17 [WARN]: [BaileysSender] sendMessage: socket existe mas NÃO está pronto (readyState !== OPEN) 
2026-10-01 11:01:17 [INFO]: [BaileysSender.sendMessage] Reply: quotedRaw=false, replyTo=undefined, originalKey=NAO 
2026-10-01 11:01:17 [WARN]: [BaileysSender] sendMessage: socket existe mas NÃO está pronto (readyState !== OPEN) 
2026-10-01 11:01:17 [INFO]: [BaileysSender.sendMessage] Reply: quotedRaw=false, replyTo=original:123, originalKey=NAO 
2026-10-01 11:01:17 [INFO]: [BaileysSender.sendMessage] Quoted payload construído: keyId=123, hasMessage=true 
2026-10-01 11:01:19 [INFO]: [keywordHandler] Palavra-chave detectada, resposta enviada
2026-10-01 11:01:21 [INFO]: [Discord] Cliente v14 inicializado com intents, partials e presence 
2026-10-01 11:04:48 [ERROR]: [DB] Falha ao registrar infração
2026-10-01 11:04:50 [ERROR]: [DB] Falha ao registrar infração
2026-10-01 11:04:50 [ERROR]: ❌ [Erro no comando $stats:] SQLITE_ERROR: no such table: feedbacks
2026-10-01 11:04:50 [ERROR]:    Stack: 
2026-10-01 11:04:50 [INFO]: 🛑 [SHUTDOWN] Comando executado por: 5588998314322@c.us 
2026-10-01 11:04:50 [ERROR]: ❌ [❌ Erro no $grupos:] ctx.client.getChats is not a function
2026-10-01 11:04:50 [ERROR]:    Stack: at Object.execute (D:\Desktop\Programas\bot-wpp\src\bot\commands\grupos.ts:18:44)
2026-10-01 11:04:50 [ERROR]: ❌ [[ScreenCommand] Erro:] connect ECONNREFUSED 127.0.0.1:3002
2026-10-01 11:04:50 [ERROR]: [DB] Falha ao registrar infração
2026-10-01 11:04:50 [ERROR]: [DB] Falha ao registrar infração
2026-10-01 11:04:50 [ERROR]: [DB] Falha ao registrar infração
2026-10-01 11:04:50 [ERROR]: [DB] Falha ao registrar infração
2026-10-01 11:04:50 [ERROR]: [DB] Falha ao registrar infração
2026-10-01 11:04:50 [ERROR]: [DB] Falha ao registrar infração
2026-10-01 11:04:50 [ERROR]: [DB] Falha ao registrar infração
2026-10-01 11:04:50 [ERROR]: [DB] Falha ao registrar infração
2026-10-01 11:04:50 [ERROR]:    Stack: at TCPConnectWrap.afterConnect [as oncomplete] (node:net:2017:16)
2026-10-01 11:04:50 [INFO]: 🛑 [SHUTDOWN] Comando executado por: 5588998314322@c.us 
2026-10-01 11:04:53 [INFO]: [TelegramAdapter] Inicializando... 
2026-10-01 11:04:53 [INFO]: [Telegram] Iniciando launch()... 
2026-10-01 11:04:53 [INFO]: [Telegram] ✅ Pronto como  () 
2026-10-01 11:04:53 [INFO]: [TelegramAdapter] Inicializando... 
2026-10-01 11:04:53 [INFO]: [Telegram] Iniciando launch()... 
2026-10-01 11:04:53 [INFO]: [Telegram] ✅ Pronto como  () 
2026-10-01 11:04:53 [INFO]: [TelegramAdapter] Inicializando... 
2026-10-01 11:04:53 [INFO]: [Telegram] Iniciando launch()... 
2026-10-01 11:04:53 [INFO]: [Telegram] ✅ Pronto como  () 
2026-10-01 11:04:53 [INFO]: [TelegramAdapter] Inicializando... 
2026-10-01 11:04:53 [INFO]: [TelegramAdapter] Já estava pronto 
2026-10-01 11:04:53 [INFO]: [TelegramAdapter] Inicializando... 
2026-10-01 11:04:53 [INFO]: [Telegram] Iniciando launch()... 
2026-10-01 11:04:53 [INFO]: [Telegram] ✅ Pronto como  () 
2026-10-01 11:04:53 [INFO]: [TelegramAdapter] Inicializando... 
2026-10-01 11:04:53 [INFO]: [Telegram] Iniciando launch()... 
2026-10-01 11:04:53 [INFO]: [Telegram] ✅ Pronto como  () 
2026-10-01 11:04:53 [INFO]: [Discord] Cliente v14 inicializado com intents, partials e presence 
2026-10-01 11:04:53 [INFO]: [Discord] Iniciando login... 
2026-10-01 11:04:53 [INFO]: [Discord] ✅ Pronto como TestDiscordBot (1111) 
2026-10-01 11:04:53 [ERROR]: ❌ [[Discord] Erro ao definir presença:] this.client.user?.setPresence is not a function
2026-10-01 11:04:53 [INFO]: [Discord] Chamada de login concluída 
2026-10-01 11:04:53 [INFO]: [Discord] Cliente v14 inicializado com intents, partials e presence 
2026-10-01 11:04:53 [INFO]: [Discord] Iniciando login... 
2026-10-01 11:04:53 [INFO]: [Discord] ✅ Pronto como TestDiscordBot (1111) 
2026-10-01 11:04:53 [ERROR]: ❌ [[Discord] Erro ao definir presença:] this.client.user?.setPresence is not a function
2026-10-01 11:04:53 [INFO]: [Discord] Chamada de login concluída 
2026-10-01 11:04:53 [INFO]: [Discord] Iniciando login... 
2026-10-01 11:04:53 [INFO]: [Discord] Chamada de login concluída 
2026-10-01 11:04:53 [INFO]: [Discord] Cliente v14 inicializado com intents, partials e presence 
2026-10-01 11:04:53 [INFO]: [Discord] Iniciando login... 
2026-10-01 11:04:53 [INFO]: [Discord] ✅ Pronto como TestDiscordBot (1111) 
2026-10-01 11:04:53 [ERROR]: ❌ [[Discord] Erro ao definir presença:] this.client.user?.setPresence is not a function
2026-10-01 11:04:53 [INFO]: [Discord] Chamada de login concluída 
2026-10-01 11:04:56 [INFO]: [keywordHandler] Palavra-chave detectada, resposta enviada
2026-10-01 11:04:58 [WARN]: [BaileysSender] sendMessage: socket existe mas NÃO está pronto (readyState !== OPEN) 
2026-10-01 11:04:58 [INFO]: [BaileysSender.sendMessage] Reply: quotedRaw=false, replyTo=original:123, originalKey=NAO 
2026-10-01 11:04:58 [INFO]: [BaileysSender.sendMessage] Quoted payload construído: keyId=123, hasMessage=true 
2026-10-01 11:04:58 [WARN]: [BaileysSender] sendMessage: socket existe mas NÃO está pronto (readyState !== OPEN) 
2026-10-01 11:04:58 [INFO]: [BaileysSender.sendMessage] Reply: quotedRaw=false, replyTo=original:123, originalKey=NAO 
2026-10-01 11:04:58 [INFO]: [BaileysSender.sendMessage] Quoted payload construído: keyId=123, hasMessage=true 
2026-10-01 11:04:58 [WARN]: [BaileysSender] sendMessage: socket existe mas NÃO está pronto (readyState !== OPEN) 
2026-10-01 11:04:58 [INFO]: [BaileysSender.sendMessage] Reply: quotedRaw=false, replyTo=undefined, originalKey=NAO 
2026-10-01 11:04:58 [WARN]: [BaileysSender] sendMessage: socket existe mas NÃO está pronto (readyState !== OPEN) 
2026-10-01 11:04:58 [INFO]: [BaileysSender.sendMessage] Reply: quotedRaw=false, replyTo=original:123, originalKey=NAO 
2026-10-01 11:04:58 [INFO]: [BaileysSender.sendMessage] Quoted payload construído: keyId=123, hasMessage=true 
2026-10-01 11:04:58 [ERROR]: [memberJoinService] Erro ao processar entrada
2026-10-01 11:04:59 [INFO]: [DiscordScreenService] Missing required Discord credentials, screen sharing disabled 
2026-10-01 11:04:59 [INFO]: [DiscordScreenService] Gerenciado externamente (DISCORD_SCREEN_EXTERNAL) — spawn interno desativado 
2026-10-01 11:04:59 [INFO]: [DiscordScreenService] Gerenciado externamente (DISCORD_SCREEN_EXTERNAL) — spawn interno desativado 
2026-10-01 11:05:01 [INFO]: [Discord] Cliente v14 inicializado com intents, partials e presence 
2026-10-01 11:05:50 [ERROR]: [DB] Falha ao registrar infração
2026-10-01 11:05:51 [ERROR]: ❌ [Erro no comando $stats:] SQLITE_ERROR: no such table: feedbacks
2026-10-01 11:05:51 [ERROR]: [DB] Falha ao registrar infração
2026-10-01 11:05:51 [ERROR]:    Stack: 
2026-10-01 11:05:51 [INFO]: 🛑 [SHUTDOWN] Comando executado por: 5588998314322@c.us 
2026-10-01 11:05:51 [ERROR]: ❌ [❌ Erro no $grupos:] ctx.client.getChats is not a function
2026-10-01 11:05:51 [ERROR]:    Stack: at Object.execute (D:\Desktop\Programas\bot-wpp\src\bot\commands\grupos.ts:18:44)
2026-10-01 11:05:51 [ERROR]: ❌ [[ScreenCommand] Erro:] connect ECONNREFUSED 127.0.0.1:3002
2026-10-01 11:05:51 [ERROR]: [DB] Falha ao registrar infração
2026-10-01 11:05:51 [ERROR]: [DB] Falha ao registrar infração
2026-10-01 11:05:51 [ERROR]: [DB] Falha ao registrar infração
2026-10-01 11:05:51 [ERROR]: [DB] Falha ao registrar infração
2026-10-01 11:05:51 [ERROR]: [DB] Falha ao registrar infração
2026-10-01 11:05:51 [ERROR]: [DB] Falha ao registrar infração
2026-10-01 11:05:51 [ERROR]: [DB] Falha ao registrar infração
2026-10-01 11:05:51 [ERROR]: [DB] Falha ao registrar infração
2026-10-01 11:05:51 [ERROR]:    Stack: at TCPConnectWrap.afterConnect [as oncomplete] (node:net:2017:16)
2026-10-01 11:05:51 [INFO]: 🛑 [SHUTDOWN] Comando executado por: 5588998314322@c.us 
2026-10-01 11:05:53 [INFO]: [TelegramAdapter] Inicializando... 
2026-10-01 11:05:53 [INFO]: [Telegram] Iniciando launch()... 
2026-10-01 11:05:53 [INFO]: [Telegram] ✅ Pronto como  () 
2026-10-01 11:05:53 [INFO]: [TelegramAdapter] Inicializando... 
2026-10-01 11:05:53 [INFO]: [Telegram] Iniciando launch()... 
2026-10-01 11:05:53 [INFO]: [Telegram] ✅ Pronto como  () 
2026-10-01 11:05:53 [INFO]: [TelegramAdapter] Inicializando... 
2026-10-01 11:05:53 [INFO]: [Telegram] Iniciando launch()... 
2026-10-01 11:05:53 [INFO]: [Telegram] ✅ Pronto como  () 
2026-10-01 11:05:53 [INFO]: [TelegramAdapter] Inicializando... 
2026-10-01 11:05:53 [INFO]: [TelegramAdapter] Já estava pronto 
2026-10-01 11:05:53 [INFO]: [TelegramAdapter] Inicializando... 
2026-10-01 11:05:53 [INFO]: [Telegram] Iniciando launch()... 
2026-10-01 11:05:53 [INFO]: [Telegram] ✅ Pronto como  () 
2026-10-01 11:05:53 [INFO]: [TelegramAdapter] Inicializando... 
2026-10-01 11:05:53 [INFO]: [Telegram] Iniciando launch()... 
2026-10-01 11:05:53 [INFO]: [Telegram] ✅ Pronto como  () 
2026-10-01 11:05:53 [INFO]: [Discord] Cliente v14 inicializado com intents, partials e presence 
2026-10-01 11:05:53 [INFO]: [Discord] Iniciando login... 
2026-10-01 11:05:53 [INFO]: [Discord] ✅ Pronto como TestDiscordBot (1111) 
2026-10-01 11:05:53 [ERROR]: ❌ [[Discord] Erro ao definir presença:] this.client.user?.setPresence is not a function
2026-10-01 11:05:53 [INFO]: [Discord] Chamada de login concluída 
2026-10-01 11:05:53 [INFO]: [Discord] Cliente v14 inicializado com intents, partials e presence 
2026-10-01 11:05:53 [INFO]: [Discord] Iniciando login... 
2026-10-01 11:05:53 [INFO]: [Discord] ✅ Pronto como TestDiscordBot (1111) 
2026-10-01 11:05:53 [ERROR]: ❌ [[Discord] Erro ao definir presença:] this.client.user?.setPresence is not a function
2026-10-01 11:05:53 [INFO]: [Discord] Chamada de login concluída 
2026-10-01 11:05:53 [INFO]: [Discord] Iniciando login... 
2026-10-01 11:05:53 [INFO]: [Discord] Chamada de login concluída 
2026-10-01 11:05:53 [INFO]: [Discord] Cliente v14 inicializado com intents, partials e presence 
2026-10-01 11:05:53 [INFO]: [Discord] Iniciando login... 
2026-10-01 11:05:53 [INFO]: [Discord] ✅ Pronto como TestDiscordBot (1111) 
2026-10-01 11:05:53 [ERROR]: ❌ [[Discord] Erro ao definir presença:] this.client.user?.setPresence is not a function
2026-10-01 11:05:53 [INFO]: [Discord] Chamada de login concluída 
2026-10-01 11:05:55 [ERROR]: [memberJoinService] Erro ao processar entrada
2026-10-01 11:05:56 [WARN]: [BaileysSender] sendMessage: socket existe mas NÃO está pronto (readyState !== OPEN) 
2026-10-01 11:05:56 [INFO]: [DiscordScreenService] Missing required Discord credentials, screen sharing disabled 
2026-10-01 11:05:56 [INFO]: [DiscordScreenService] Gerenciado externamente (DISCORD_SCREEN_EXTERNAL) — spawn interno desativado 
2026-10-01 11:05:56 [INFO]: [DiscordScreenService] Gerenciado externamente (DISCORD_SCREEN_EXTERNAL) — spawn interno desativado 
2026-10-01 11:05:56 [INFO]: [BaileysSender.sendMessage] Reply: quotedRaw=false, replyTo=original:123, originalKey=NAO 
2026-10-01 11:05:56 [INFO]: [BaileysSender.sendMessage] Quoted payload construído: keyId=123, hasMessage=true 
2026-10-01 11:05:56 [WARN]: [BaileysSender] sendMessage: socket existe mas NÃO está pronto (readyState !== OPEN) 
2026-10-01 11:05:56 [INFO]: [BaileysSender.sendMessage] Reply: quotedRaw=false, replyTo=original:123, originalKey=NAO 
2026-10-01 11:05:56 [INFO]: [BaileysSender.sendMessage] Quoted payload construído: keyId=123, hasMessage=true 
2026-10-01 11:05:56 [WARN]: [BaileysSender] sendMessage: socket existe mas NÃO está pronto (readyState !== OPEN) 
2026-10-01 11:05:56 [INFO]: [BaileysSender.sendMessage] Reply: quotedRaw=false, replyTo=undefined, originalKey=NAO 
2026-10-01 11:05:56 [WARN]: [BaileysSender] sendMessage: socket existe mas NÃO está pronto (readyState !== OPEN) 
2026-10-01 11:05:56 [INFO]: [BaileysSender.sendMessage] Reply: quotedRaw=false, replyTo=original:123, originalKey=NAO 
2026-10-01 11:05:56 [INFO]: [BaileysSender.sendMessage] Quoted payload construído: keyId=123, hasMessage=true 
2026-10-01 11:05:57 [INFO]: [keywordHandler] Palavra-chave detectada, resposta enviada
2026-10-01 11:05:58 [INFO]: [Discord] Cliente v14 inicializado com intents, partials e presence 
2026-10-01 17:14:25 [ERROR]: [DB] Falha ao registrar infração
2026-10-01 17:14:27 [ERROR]: [DB] Falha ao registrar infração
2026-10-01 17:14:27 [ERROR]: [DB] Falha ao registrar infração
2026-10-01 17:14:28 [ERROR]: [DB] Falha ao registrar infração
2026-10-01 17:14:28 [ERROR]: [DB] Falha ao registrar infração
2026-10-01 17:14:28 [ERROR]: [DB] Falha ao registrar infração
2026-10-01 17:14:28 [ERROR]: [DB] Falha ao registrar infração
2026-10-01 17:14:28 [ERROR]: [DB] Falha ao registrar infração
2026-10-01 17:14:28 [ERROR]: [DB] Falha ao registrar infração
2026-10-01 17:14:28 [ERROR]: [DB] Falha ao registrar infração
2026-10-01 17:14:28 [ERROR]: [DB] Falha ao registrar infração
2026-10-01 17:14:28 [ERROR]: [DB] Falha ao registrar infração
2026-10-01 17:14:29 [INFO]: [TelegramAdapter] Inicializando... 
2026-10-01 17:14:29 [INFO]: [Telegram] Iniciando launch()... 
2026-10-01 17:14:29 [INFO]: [Telegram] ✅ Pronto como  () 
2026-10-01 17:14:29 [INFO]: [TelegramAdapter] Inicializando... 
2026-10-01 17:14:29 [INFO]: [Telegram] Iniciando launch()... 
2026-10-01 17:14:29 [INFO]: [Telegram] ✅ Pronto como  () 
2026-10-01 17:14:29 [INFO]: [TelegramAdapter] Inicializando... 
2026-10-01 17:14:29 [INFO]: [Telegram] Iniciando launch()... 
2026-10-01 17:14:29 [INFO]: [Telegram] ✅ Pronto como  () 
2026-10-01 17:14:29 [INFO]: [TelegramAdapter] Inicializando... 
2026-10-01 17:14:29 [INFO]: [TelegramAdapter] Já estava pronto 
2026-10-01 17:14:29 [INFO]: [TelegramAdapter] Inicializando... 
2026-10-01 17:14:29 [INFO]: [Telegram] Iniciando launch()... 
2026-10-01 17:14:29 [INFO]: [Telegram] ✅ Pronto como  () 
2026-10-01 17:14:29 [INFO]: [TelegramAdapter] Inicializando... 
2026-10-01 17:14:29 [INFO]: [Telegram] Iniciando launch()... 
2026-10-01 17:14:29 [INFO]: [Telegram] ✅ Pronto como  () 
2026-10-01 17:14:29 [INFO]: [Discord] Cliente v14 inicializado com intents, partials e presence 
2026-10-01 17:14:29 [INFO]: [Discord] Iniciando login... 
2026-10-01 17:14:29 [INFO]: [Discord] ✅ Pronto como TestDiscordBot (1111) 
2026-10-01 17:14:29 [ERROR]: ❌ [[Discord] Erro ao definir presença:] this.client.user?.setPresence is not a function
2026-10-01 17:14:29 [INFO]: [Discord] Chamada de login concluída 
2026-10-01 17:14:29 [INFO]: [Discord] Cliente v14 inicializado com intents, partials e presence 
2026-10-01 17:14:29 [INFO]: [Discord] Iniciando login... 
2026-10-01 17:14:29 [INFO]: [Discord] ✅ Pronto como TestDiscordBot (1111) 
2026-10-01 17:14:29 [ERROR]: ❌ [[Discord] Erro ao definir presença:] this.client.user?.setPresence is not a function
2026-10-01 17:14:29 [INFO]: [Discord] Chamada de login concluída 
2026-10-01 17:14:29 [INFO]: [Discord] Iniciando login... 
2026-10-01 17:14:29 [INFO]: [Discord] Chamada de login concluída 
2026-10-01 17:14:29 [INFO]: [Discord] Cliente v14 inicializado com intents, partials e presence 
2026-10-01 17:14:29 [INFO]: [Discord] Iniciando login... 
2026-10-01 17:14:29 [INFO]: [Discord] ✅ Pronto como TestDiscordBot (1111) 
2026-10-01 17:14:29 [ERROR]: ❌ [[Discord] Erro ao definir presença:] this.client.user?.setPresence is not a function
2026-10-01 17:14:29 [INFO]: [Discord] Chamada de login concluída 
2026-10-01 17:14:33 [ERROR]: ❌ [Erro no comando $stats:] SQLITE_ERROR: no such table: feedbacks
2026-10-01 17:14:33 [ERROR]:    Stack: 
2026-10-01 17:14:33 [INFO]: 🛑 [SHUTDOWN] Comando executado por: 5588998314322@c.us 
2026-10-01 17:14:33 [ERROR]: ❌ [❌ Erro no $grupos:] ctx.client.getChats is not a function
2026-10-01 17:14:33 [ERROR]:    Stack: at Object.execute (D:\Desktop\Programas\bot-wpp\src\bot\commands\grupos.ts:18:44)
2026-10-01 17:14:33 [ERROR]: ❌ [[ScreenCommand] Erro:] connect ECONNREFUSED 127.0.0.1:3002
2026-10-01 17:14:33 [ERROR]:    Stack: at TCPConnectWrap.afterConnect [as oncomplete] (node:net:2017:16)
2026-10-01 17:14:33 [INFO]: 🛑 [SHUTDOWN] Comando executado por: 5588998314322@c.us 
2026-10-01 17:14:35 [ERROR]: [memberJoinService] Erro ao processar entrada
2026-10-01 17:14:35 [INFO]: [keywordHandler] Palavra-chave detectada, resposta enviada
2026-10-01 17:14:38 [INFO]: [DiscordScreenService] Missing required Discord credentials, screen sharing disabled 
2026-10-01 17:14:38 [INFO]: [DiscordScreenService] Gerenciado externamente (DISCORD_SCREEN_EXTERNAL) — spawn interno desativado 
2026-10-01 17:14:38 [INFO]: [DiscordScreenService] Gerenciado externamente (DISCORD_SCREEN_EXTERNAL) — spawn interno desativado 
2026-10-01 17:14:38 [INFO]: [Discord] Cliente v14 inicializado com intents, partials e presence 
2026-10-01 17:14:42 [WARN]: [BaileysSender] sendMessage: socket existe mas NÃO está pronto (readyState !== OPEN) 
2026-10-01 17:14:42 [INFO]: [BaileysSender.sendMessage] Reply: quotedRaw=false, replyTo=original:123, originalKey=NAO 
2026-10-01 17:14:42 [INFO]: [BaileysSender.sendMessage] Quoted payload construído: keyId=123, hasMessage=true 
2026-10-01 17:14:42 [WARN]: [BaileysSender] sendMessage: socket existe mas NÃO está pronto (readyState !== OPEN) 
2026-10-01 17:14:42 [INFO]: [BaileysSender.sendMessage] Reply: quotedRaw=false, replyTo=original:123, originalKey=NAO 
2026-10-01 17:14:42 [INFO]: [BaileysSender.sendMessage] Quoted payload construído: keyId=123, hasMessage=true 
2026-10-01 17:14:42 [WARN]: [BaileysSender] sendMessage: socket existe mas NÃO está pronto (readyState !== OPEN) 
2026-10-01 17:14:42 [INFO]: [BaileysSender.sendMessage] Reply: quotedRaw=false, replyTo=undefined, originalKey=NAO 
2026-10-01 17:14:42 [WARN]: [BaileysSender] sendMessage: socket existe mas NÃO está pronto (readyState !== OPEN) 
2026-10-01 17:14:42 [INFO]: [BaileysSender.sendMessage] Reply: quotedRaw=false, replyTo=original:123, originalKey=NAO 
2026-10-01 17:14:42 [INFO]: [BaileysSender.sendMessage] Quoted payload construído: keyId=123, hasMessage=true 
2026-10-01 17:15:08 [ERROR]: [DB] Falha ao registrar infração
2026-10-01 17:15:08 [ERROR]: [DB] Falha ao registrar infração
2026-10-01 17:15:08 [ERROR]: [DB] Falha ao registrar infração
2026-10-01 17:15:08 [ERROR]: [DB] Falha ao registrar infração
2026-10-01 17:15:08 [ERROR]: [DB] Falha ao registrar infração
2026-10-01 17:15:08 [ERROR]: [DB] Falha ao registrar infração
2026-10-01 17:15:08 [ERROR]: [DB] Falha ao registrar infração
2026-10-01 17:15:08 [ERROR]: [DB] Falha ao registrar infração
2026-10-01 17:15:08 [ERROR]: [DB] Falha ao registrar infração
2026-10-01 17:15:08 [ERROR]: [DB] Falha ao registrar infração
2026-10-01 17:15:08 [ERROR]: [DB] Falha ao registrar infração
2026-10-01 17:19:29 [ERROR]: [DB] Falha ao registrar infração
2026-10-01 17:19:29 [ERROR]: [DB] Falha ao registrar infração
2026-10-01 17:19:29 [ERROR]: [DB] Falha ao registrar infração
2026-10-01 17:19:29 [ERROR]: [DB] Falha ao registrar infração
2026-10-01 17:19:29 [ERROR]: [DB] Falha ao registrar infração
2026-10-01 17:19:29 [ERROR]: [DB] Falha ao registrar infração
2026-10-01 17:19:29 [ERROR]: [DB] Falha ao registrar infração
2026-10-01 17:19:29 [ERROR]: [DB] Falha ao registrar infração
2026-10-01 17:19:29 [ERROR]: [DB] Falha ao registrar infração
2026-10-01 17:19:30 [ERROR]: [DB] Falha ao registrar infração
2026-10-01 17:19:33 [ERROR]: ❌ [Erro no comando $stats:] SQLITE_ERROR: no such table: feedbacks
2026-10-01 17:19:33 [ERROR]:    Stack: 
2026-10-01 17:19:33 [INFO]: 🛑 [SHUTDOWN] Comando executado por: 5588998314322@c.us 
2026-10-01 17:19:33 [ERROR]: ❌ [❌ Erro no $grupos:] ctx.client.getChats is not a function
2026-10-01 17:19:33 [ERROR]:    Stack: at Object.execute (D:\Desktop\Programas\bot-wpp\src\bot\commands\grupos.ts:18:44)
2026-10-01 17:19:33 [ERROR]: ❌ [[ScreenCommand] Erro:] connect ECONNREFUSED 127.0.0.1:3002
2026-10-01 17:19:33 [ERROR]:    Stack: at TCPConnectWrap.afterConnect [as oncomplete] (node:net:2017:16)
2026-10-01 17:19:33 [INFO]: 🛑 [SHUTDOWN] Comando executado por: 5588998314322@c.us 
2026-10-01 17:19:34 [INFO]: [TelegramAdapter] Inicializando... 
2026-10-01 17:19:34 [INFO]: [Telegram] Iniciando launch()... 
2026-10-01 17:19:34 [INFO]: [Telegram] ✅ Pronto como  () 
2026-10-01 17:19:34 [INFO]: [TelegramAdapter] Inicializando... 
2026-10-01 17:19:34 [INFO]: [Telegram] Iniciando launch()... 
2026-10-01 17:19:34 [INFO]: [Telegram] ✅ Pronto como  () 
2026-10-01 17:19:34 [INFO]: [TelegramAdapter] Inicializando... 
2026-10-01 17:19:34 [INFO]: [Telegram] Iniciando launch()... 
2026-10-01 17:19:34 [INFO]: [Telegram] ✅ Pronto como  () 
2026-10-01 17:19:34 [INFO]: [TelegramAdapter] Inicializando... 
2026-10-01 17:19:34 [INFO]: [TelegramAdapter] Já estava pronto 
2026-10-01 17:19:34 [INFO]: [TelegramAdapter] Inicializando... 
2026-10-01 17:19:34 [INFO]: [Telegram] Iniciando launch()... 
2026-10-01 17:19:34 [INFO]: [Telegram] ✅ Pronto como  () 
2026-10-01 17:19:34 [INFO]: [TelegramAdapter] Inicializando... 
2026-10-01 17:19:34 [INFO]: [Telegram] Iniciando launch()... 
2026-10-01 17:19:34 [INFO]: [Telegram] ✅ Pronto como  () 
2026-10-01 17:19:34 [INFO]: [Discord] Cliente v14 inicializado com intents, partials e presence 
2026-10-01 17:19:34 [INFO]: [Discord] Iniciando login... 
2026-10-01 17:19:34 [INFO]: [Discord] ✅ Pronto como TestDiscordBot (1111) 
2026-10-01 17:19:34 [ERROR]: ❌ [[Discord] Erro ao definir presença:] this.client.user?.setPresence is not a function
2026-10-01 17:19:34 [INFO]: [Discord] Chamada de login concluída 
2026-10-01 17:19:34 [INFO]: [Discord] Cliente v14 inicializado com intents, partials e presence 
2026-10-01 17:19:34 [INFO]: [Discord] Iniciando login... 
2026-10-01 17:19:34 [INFO]: [Discord] ✅ Pronto como TestDiscordBot (1111) 
2026-10-01 17:19:34 [ERROR]: ❌ [[Discord] Erro ao definir presença:] this.client.user?.setPresence is not a function
2026-10-01 17:19:34 [INFO]: [Discord] Chamada de login concluída 
2026-10-01 17:19:34 [INFO]: [Discord] Iniciando login... 
2026-10-01 17:19:34 [INFO]: [Discord] Chamada de login concluída 
2026-10-01 17:19:34 [INFO]: [Discord] Cliente v14 inicializado com intents, partials e presence 
2026-10-01 17:19:34 [INFO]: [Discord] Iniciando login... 
2026-10-01 17:19:34 [INFO]: [Discord] ✅ Pronto como TestDiscordBot (1111) 
2026-10-01 17:19:34 [ERROR]: ❌ [[Discord] Erro ao definir presença:] this.client.user?.setPresence is not a function
2026-10-01 17:19:34 [INFO]: [Discord] Chamada de login concluída 
2026-10-01 17:19:36 [ERROR]: [memberJoinService] Erro ao processar entrada
2026-10-01 17:19:39 [INFO]: [keywordHandler] Palavra-chave detectada, resposta enviada
2026-10-01 17:19:39 [WARN]: [BaileysSender] sendMessage: socket existe mas NÃO está pronto (readyState !== OPEN) 
2026-10-01 17:19:39 [INFO]: [BaileysSender.sendMessage] Reply: quotedRaw=false, replyTo=original:123, originalKey=NAO 
2026-10-01 17:19:39 [INFO]: [BaileysSender.sendMessage] Quoted payload construído: keyId=123, hasMessage=true 
2026-10-01 17:19:39 [WARN]: [BaileysSender] sendMessage: socket existe mas NÃO está pronto (readyState !== OPEN) 
2026-10-01 17:19:39 [INFO]: [BaileysSender.sendMessage] Reply: quotedRaw=false, replyTo=original:123, originalKey=NAO 
2026-10-01 17:19:39 [INFO]: [BaileysSender.sendMessage] Quoted payload construído: keyId=123, hasMessage=true 
2026-10-01 17:19:39 [WARN]: [BaileysSender] sendMessage: socket existe mas NÃO está pronto (readyState !== OPEN) 
2026-10-01 17:19:39 [INFO]: [BaileysSender.sendMessage] Reply: quotedRaw=false, replyTo=undefined, originalKey=NAO 
2026-10-01 17:19:39 [WARN]: [BaileysSender] sendMessage: socket existe mas NÃO está pronto (readyState !== OPEN) 
2026-10-01 17:19:39 [INFO]: [BaileysSender.sendMessage] Reply: quotedRaw=false, replyTo=original:123, originalKey=NAO 
2026-10-01 17:19:39 [INFO]: [BaileysSender.sendMessage] Quoted payload construído: keyId=123, hasMessage=true 
2026-10-01 17:19:41 [INFO]: [DiscordScreenService] Missing required Discord credentials, screen sharing disabled 
2026-10-01 17:19:41 [INFO]: [DiscordScreenService] Gerenciado externamente (DISCORD_SCREEN_EXTERNAL) — spawn interno desativado 
2026-10-01 17:19:41 [INFO]: [DiscordScreenService] Gerenciado externamente (DISCORD_SCREEN_EXTERNAL) — spawn interno desativado 
2026-10-01 17:19:43 [INFO]: [Discord] Cliente v14 inicializado com intents, partials e presence 
2026-10-01 17:20:00 [ERROR]: [DB] Falha ao registrar infração
2026-10-01 17:20:01 [ERROR]: [DB] Falha ao registrar infração
2026-10-01 17:20:01 [ERROR]: [DB] Falha ao registrar infração
2026-10-01 17:20:01 [ERROR]: [DB] Falha ao registrar infração
2026-10-01 17:20:01 [ERROR]: [DB] Falha ao registrar infração
2026-10-01 17:20:01 [ERROR]: [DB] Falha ao registrar infração
2026-10-01 17:20:01 [ERROR]: [DB] Falha ao registrar infração
2026-10-01 17:20:01 [ERROR]: [DB] Falha ao registrar infração
2026-10-01 17:20:01 [ERROR]: [DB] Falha ao registrar infração
2026-10-01 17:20:01 [ERROR]: [DB] Falha ao registrar infração
2026-10-01 17:20:03 [ERROR]: ❌ [Erro no comando $stats:] SQLITE_ERROR: no such table: feedbacks
2026-10-01 17:20:03 [ERROR]:    Stack: 
2026-10-01 17:20:03 [INFO]: 🛑 [SHUTDOWN] Comando executado por: 5588998314322@c.us 
2026-10-01 17:20:03 [ERROR]: ❌ [❌ Erro no $grupos:] ctx.client.getChats is not a function
2026-10-01 17:20:03 [ERROR]:    Stack: at Object.execute (D:\Desktop\Programas\bot-wpp\src\bot\commands\grupos.ts:18:44)
2026-10-01 17:20:03 [ERROR]: ❌ [[ScreenCommand] Erro:] connect ECONNREFUSED 127.0.0.1:3002
2026-10-01 17:20:03 [ERROR]:    Stack: at TCPConnectWrap.afterConnect [as oncomplete] (node:net:2017:16)
2026-10-01 17:20:03 [INFO]: 🛑 [SHUTDOWN] Comando executado por: 5588998314322@c.us 
2026-10-01 17:20:05 [INFO]: [TelegramAdapter] Inicializando... 
2026-10-01 17:20:05 [INFO]: [Telegram] Iniciando launch()... 
2026-10-01 17:20:05 [INFO]: [Telegram] ✅ Pronto como  () 
2026-10-01 17:20:05 [INFO]: [TelegramAdapter] Inicializando... 
2026-10-01 17:20:05 [INFO]: [Telegram] Iniciando launch()... 
2026-10-01 17:20:05 [INFO]: [Telegram] ✅ Pronto como  () 
2026-10-01 17:20:05 [INFO]: [TelegramAdapter] Inicializando... 
2026-10-01 17:20:05 [INFO]: [Telegram] Iniciando launch()... 
2026-10-01 17:20:05 [INFO]: [Telegram] ✅ Pronto como  () 
2026-10-01 17:20:05 [INFO]: [TelegramAdapter] Inicializando... 
2026-10-01 17:20:05 [INFO]: [TelegramAdapter] Já estava pronto 
2026-10-01 17:20:05 [INFO]: [TelegramAdapter] Inicializando... 
2026-10-01 17:20:05 [INFO]: [Telegram] Iniciando launch()... 
2026-10-01 17:20:05 [INFO]: [Telegram] ✅ Pronto como  () 
2026-10-01 17:20:05 [INFO]: [TelegramAdapter] Inicializando... 
2026-10-01 17:20:05 [INFO]: [Telegram] Iniciando launch()... 
2026-10-01 17:20:05 [INFO]: [Telegram] ✅ Pronto como  () 
2026-10-01 17:20:05 [INFO]: [Discord] Cliente v14 inicializado com intents, partials e presence 
2026-10-01 17:20:05 [INFO]: [Discord] Iniciando login... 
2026-10-01 17:20:05 [INFO]: [Discord] ✅ Pronto como TestDiscordBot (1111) 
2026-10-01 17:20:05 [ERROR]: ❌ [[Discord] Erro ao definir presença:] this.client.user?.setPresence is not a function
2026-10-01 17:20:05 [INFO]: [Discord] Chamada de login concluída 
2026-10-01 17:20:05 [INFO]: [Discord] Cliente v14 inicializado com intents, partials e presence 
2026-10-01 17:20:05 [INFO]: [Discord] Iniciando login... 
2026-10-01 17:20:05 [INFO]: [Discord] ✅ Pronto como TestDiscordBot (1111) 
2026-10-01 17:20:05 [ERROR]: ❌ [[Discord] Erro ao definir presença:] this.client.user?.setPresence is not a function
2026-10-01 17:20:05 [INFO]: [Discord] Chamada de login concluída 
2026-10-01 17:20:05 [INFO]: [Discord] Iniciando login... 
2026-10-01 17:20:05 [INFO]: [Discord] Chamada de login concluída 
2026-10-01 17:20:05 [INFO]: [Discord] Cliente v14 inicializado com intents, partials e presence 
2026-10-01 17:20:05 [INFO]: [Discord] Iniciando login... 
2026-10-01 17:20:05 [INFO]: [Discord] ✅ Pronto como TestDiscordBot (1111) 
2026-10-01 17:20:05 [ERROR]: ❌ [[Discord] Erro ao definir presença:] this.client.user?.setPresence is not a function
2026-10-01 17:20:05 [INFO]: [Discord] Chamada de login concluída 
2026-10-01 17:20:06 [INFO]: [DiscordScreenService] Missing required Discord credentials, screen sharing disabled 
2026-10-01 17:20:06 [INFO]: [DiscordScreenService] Gerenciado externamente (DISCORD_SCREEN_EXTERNAL) — spawn interno desativado 
2026-10-01 17:20:06 [INFO]: [DiscordScreenService] Gerenciado externamente (DISCORD_SCREEN_EXTERNAL) — spawn interno desativado 
2026-10-01 17:20:08 [WARN]: [BaileysSender] sendMessage: socket existe mas NÃO está pronto (readyState !== OPEN) 
2026-10-01 17:20:08 [INFO]: [BaileysSender.sendMessage] Reply: quotedRaw=false, replyTo=original:123, originalKey=NAO 
2026-10-01 17:20:08 [INFO]: [BaileysSender.sendMessage] Quoted payload construído: keyId=123, hasMessage=true 
2026-10-01 17:20:08 [WARN]: [BaileysSender] sendMessage: socket existe mas NÃO está pronto (readyState !== OPEN) 
2026-10-01 17:20:08 [INFO]: [BaileysSender.sendMessage] Reply: quotedRaw=false, replyTo=original:123, originalKey=NAO 
2026-10-01 17:20:08 [INFO]: [BaileysSender.sendMessage] Quoted payload construído: keyId=123, hasMessage=true 
2026-10-01 17:20:08 [WARN]: [BaileysSender] sendMessage: socket existe mas NÃO está pronto (readyState !== OPEN) 
2026-10-01 17:20:08 [INFO]: [BaileysSender.sendMessage] Reply: quotedRaw=false, replyTo=undefined, originalKey=NAO 
2026-10-01 17:20:08 [WARN]: [BaileysSender] sendMessage: socket existe mas NÃO está pronto (readyState !== OPEN) 
2026-10-01 17:20:08 [INFO]: [BaileysSender.sendMessage] Reply: quotedRaw=false, replyTo=original:123, originalKey=NAO 
2026-10-01 17:20:08 [INFO]: [BaileysSender.sendMessage] Quoted payload construído: keyId=123, hasMessage=true 
2026-10-01 17:20:08 [ERROR]: [memberJoinService] Erro ao processar entrada
2026-10-01 17:20:10 [INFO]: [keywordHandler] Palavra-chave detectada, resposta enviada
2026-10-01 17:20:11 [INFO]: [Discord] Cliente v14 inicializado com intents, partials e presence 
2026-10-01 17:20:31 [ERROR]: [DB] Falha ao registrar infração
2026-10-01 17:20:37 [ERROR]: ❌ [Erro no comando $stats:] SQLITE_ERROR: no such table: feedbacks
2026-10-01 17:20:37 [ERROR]:    Stack: 
2026-10-01 17:20:37 [INFO]: 🛑 [SHUTDOWN] Comando executado por: 5588998314322@c.us 
2026-10-01 17:20:37 [ERROR]: ❌ [❌ Erro no $grupos:] ctx.client.getChats is not a function
2026-10-01 17:20:37 [ERROR]:    Stack: at Object.execute (D:\Desktop\Programas\bot-wpp\src\bot\commands\grupos.ts:18:44)
2026-10-01 17:20:37 [ERROR]: ❌ [[ScreenCommand] Erro:] connect ECONNREFUSED 127.0.0.1:3002
2026-10-01 17:20:37 [ERROR]:    Stack: at TCPConnectWrap.afterConnect [as oncomplete] (node:net:2017:16)
2026-10-01 17:20:38 [INFO]: 🛑 [SHUTDOWN] Comando executado por: 5588998314322@c.us 
2026-10-01 17:20:39 [ERROR]: [DB] Falha ao registrar infração
2026-10-01 17:20:40 [ERROR]: [DB] Falha ao registrar infração
2026-10-01 17:20:40 [ERROR]: [DB] Falha ao registrar infração
2026-10-01 17:20:40 [ERROR]: [DB] Falha ao registrar infração
2026-10-01 17:20:40 [ERROR]: [DB] Falha ao registrar infração
2026-10-01 17:20:40 [ERROR]: [DB] Falha ao registrar infração
2026-10-01 17:20:40 [ERROR]: [DB] Falha ao registrar infração
2026-10-01 17:20:40 [ERROR]: [DB] Falha ao registrar infração
2026-10-01 17:20:40 [ERROR]: [DB] Falha ao registrar infração
2026-10-01 17:20:40 [INFO]: [TelegramAdapter] Inicializando... 
2026-10-01 17:20:40 [INFO]: [Telegram] Iniciando launch()... 
2026-10-01 17:20:40 [INFO]: [Telegram] ✅ Pronto como  () 
2026-10-01 17:20:40 [INFO]: [TelegramAdapter] Inicializando... 
2026-10-01 17:20:40 [INFO]: [Telegram] Iniciando launch()... 
2026-10-01 17:20:40 [INFO]: [Telegram] ✅ Pronto como  () 
2026-10-01 17:20:40 [INFO]: [TelegramAdapter] Inicializando... 
2026-10-01 17:20:40 [INFO]: [Telegram] Iniciando launch()... 
2026-10-01 17:20:40 [INFO]: [Telegram] ✅ Pronto como  () 
2026-10-01 17:20:40 [INFO]: [TelegramAdapter] Inicializando... 
2026-10-01 17:20:40 [INFO]: [TelegramAdapter] Já estava pronto 
2026-10-01 17:20:40 [INFO]: [TelegramAdapter] Inicializando... 
2026-10-01 17:20:40 [INFO]: [Telegram] Iniciando launch()... 
2026-10-01 17:20:40 [INFO]: [Telegram] ✅ Pronto como  () 
2026-10-01 17:20:40 [INFO]: [TelegramAdapter] Inicializando... 
2026-10-01 17:20:40 [INFO]: [Telegram] Iniciando launch()... 
2026-10-01 17:20:40 [INFO]: [Telegram] ✅ Pronto como  () 
2026-10-01 17:20:40 [INFO]: [Discord] Cliente v14 inicializado com intents, partials e presence 
2026-10-01 17:20:40 [INFO]: [Discord] Iniciando login... 
2026-10-01 17:20:40 [INFO]: [Discord] ✅ Pronto como TestDiscordBot (1111) 
2026-10-01 17:20:40 [ERROR]: ❌ [[Discord] Erro ao definir presença:] this.client.user?.setPresence is not a function
2026-10-01 17:20:40 [INFO]: [Discord] Chamada de login concluída 
2026-10-01 17:20:40 [INFO]: [Discord] Cliente v14 inicializado com intents, partials e presence 
2026-10-01 17:20:40 [INFO]: [Discord] Iniciando login... 
2026-10-01 17:20:40 [INFO]: [Discord] ✅ Pronto como TestDiscordBot (1111) 
2026-10-01 17:20:40 [ERROR]: ❌ [[Discord] Erro ao definir presença:] this.client.user?.setPresence is not a function
2026-10-01 17:20:40 [INFO]: [Discord] Chamada de login concluída 
2026-10-01 17:20:40 [INFO]: [Discord] Iniciando login... 
2026-10-01 17:20:40 [INFO]: [Discord] Chamada de login concluída 
2026-10-01 17:20:40 [INFO]: [Discord] Cliente v14 inicializado com intents, partials e presence 
2026-10-01 17:20:40 [INFO]: [Discord] Iniciando login... 
2026-10-01 17:20:40 [INFO]: [Discord] ✅ Pronto como TestDiscordBot (1111) 
2026-10-01 17:20:40 [ERROR]: ❌ [[Discord] Erro ao definir presença:] this.client.user?.setPresence is not a function
2026-10-01 17:20:40 [INFO]: [Discord] Chamada de login concluída 
2026-10-01 17:20:42 [ERROR]: [memberJoinService] Erro ao processar entrada
2026-10-01 17:20:43 [INFO]: [keywordHandler] Palavra-chave detectada, resposta enviada
2026-10-01 17:20:44 [WARN]: [BaileysSender] sendMessage: socket existe mas NÃO está pronto (readyState !== OPEN) 
2026-10-01 17:20:44 [INFO]: [BaileysSender.sendMessage] Reply: quotedRaw=false, replyTo=original:123, originalKey=NAO 
2026-10-01 17:20:44 [INFO]: [BaileysSender.sendMessage] Quoted payload construído: keyId=123, hasMessage=true 
2026-10-01 17:20:44 [WARN]: [BaileysSender] sendMessage: socket existe mas NÃO está pronto (readyState !== OPEN) 
2026-10-01 17:20:44 [INFO]: [BaileysSender.sendMessage] Reply: quotedRaw=false, replyTo=original:123, originalKey=NAO 
2026-10-01 17:20:44 [INFO]: [BaileysSender.sendMessage] Quoted payload construído: keyId=123, hasMessage=true 
2026-10-01 17:20:44 [WARN]: [BaileysSender] sendMessage: socket existe mas NÃO está pronto (readyState !== OPEN) 
2026-10-01 17:20:44 [INFO]: [BaileysSender.sendMessage] Reply: quotedRaw=false, replyTo=undefined, originalKey=NAO 
2026-10-01 17:20:44 [WARN]: [BaileysSender] sendMessage: socket existe mas NÃO está pronto (readyState !== OPEN) 
2026-10-01 17:20:44 [INFO]: [BaileysSender.sendMessage] Reply: quotedRaw=false, replyTo=original:123, originalKey=NAO 
2026-10-01 17:20:44 [INFO]: [BaileysSender.sendMessage] Quoted payload construído: keyId=123, hasMessage=true 
2026-10-01 17:20:46 [INFO]: [DiscordScreenService] Missing required Discord credentials, screen sharing disabled 
2026-10-01 17:20:46 [INFO]: [DiscordScreenService] Gerenciado externamente (DISCORD_SCREEN_EXTERNAL) — spawn interno desativado 
2026-10-01 17:20:46 [INFO]: [DiscordScreenService] Gerenciado externamente (DISCORD_SCREEN_EXTERNAL) — spawn interno desativado 
2026-10-01 17:20:47 [INFO]: [Discord] Cliente v14 inicializado com intents, partials e presence 
2026-10-01 17:22:06 [ERROR]: [DB] Falha ao registrar infração
2026-10-01 17:22:10 [ERROR]: ❌ [Erro no comando $stats:] SQLITE_ERROR: no such table: feedbacks
2026-10-01 17:22:10 [ERROR]:    Stack: 
2026-10-01 17:22:10 [INFO]: 🛑 [SHUTDOWN] Comando executado por: 5588998314322@c.us 
2026-10-01 17:22:10 [ERROR]: ❌ [❌ Erro no $grupos:] ctx.client.getChats is not a function
2026-10-01 17:22:10 [ERROR]:    Stack: at Object.execute (D:\Desktop\Programas\bot-wpp\src\bot\commands\grupos.ts:18:44)
2026-10-01 17:22:10 [ERROR]: ❌ [[ScreenCommand] Erro:] connect ECONNREFUSED 127.0.0.1:3002
2026-10-01 17:22:10 [ERROR]:    Stack: at TCPConnectWrap.afterConnect [as oncomplete] (node:net:2017:16)
2026-10-01 17:22:10 [INFO]: 🛑 [SHUTDOWN] Comando executado por: 5588998314322@c.us 
2026-10-01 17:22:12 [ERROR]: [DB] Falha ao registrar infração
2026-10-01 17:22:12 [ERROR]: [DB] Falha ao registrar infração
2026-10-01 17:22:12 [ERROR]: [DB] Falha ao registrar infração
2026-10-01 17:22:12 [ERROR]: [DB] Falha ao registrar infração
2026-10-01 17:22:12 [ERROR]: [DB] Falha ao registrar infração
2026-10-01 17:22:12 [ERROR]: [DB] Falha ao registrar infração
2026-10-01 17:22:12 [ERROR]: [DB] Falha ao registrar infração
2026-10-01 17:22:12 [ERROR]: [DB] Falha ao registrar infração
2026-10-01 17:22:12 [ERROR]: [DB] Falha ao registrar infração
2026-10-01 17:22:14 [INFO]: [TelegramAdapter] Inicializando... 
2026-10-01 17:22:14 [INFO]: [Telegram] Iniciando launch()... 
2026-10-01 17:22:14 [INFO]: [Telegram] ✅ Pronto como  () 
2026-10-01 17:22:14 [INFO]: [TelegramAdapter] Inicializando... 
2026-10-01 17:22:14 [INFO]: [Telegram] Iniciando launch()... 
2026-10-01 17:22:14 [INFO]: [Telegram] ✅ Pronto como  () 
2026-10-01 17:22:14 [INFO]: [TelegramAdapter] Inicializando... 
2026-10-01 17:22:14 [INFO]: [Telegram] Iniciando launch()... 
2026-10-01 17:22:14 [INFO]: [Telegram] ✅ Pronto como  () 
2026-10-01 17:22:14 [INFO]: [TelegramAdapter] Inicializando... 
2026-10-01 17:22:14 [INFO]: [TelegramAdapter] Já estava pronto 
2026-10-01 17:22:14 [INFO]: [TelegramAdapter] Inicializando... 
2026-10-01 17:22:14 [INFO]: [Telegram] Iniciando launch()... 
2026-10-01 17:22:14 [INFO]: [Telegram] ✅ Pronto como  () 
2026-10-01 17:22:14 [INFO]: [TelegramAdapter] Inicializando... 
2026-10-01 17:22:14 [INFO]: [Telegram] Iniciando launch()... 
2026-10-01 17:22:14 [INFO]: [Telegram] ✅ Pronto como  () 
2026-10-01 17:22:14 [INFO]: [Discord] Cliente v14 inicializado com intents, partials e presence 
2026-10-01 17:22:14 [INFO]: [Discord] Iniciando login... 
2026-10-01 17:22:14 [INFO]: [Discord] ✅ Pronto como TestDiscordBot (1111) 
2026-10-01 17:22:14 [ERROR]: ❌ [[Discord] Erro ao definir presença:] this.client.user?.setPresence is not a function
2026-10-01 17:22:14 [INFO]: [Discord] Chamada de login concluída 
2026-10-01 17:22:14 [INFO]: [Discord] Cliente v14 inicializado com intents, partials e presence 
2026-10-01 17:22:14 [INFO]: [Discord] Iniciando login... 
2026-10-01 17:22:14 [INFO]: [Discord] ✅ Pronto como TestDiscordBot (1111) 
2026-10-01 17:22:14 [ERROR]: ❌ [[Discord] Erro ao definir presença:] this.client.user?.setPresence is not a function
2026-10-01 17:22:14 [INFO]: [Discord] Chamada de login concluída 
2026-10-01 17:22:14 [INFO]: [Discord] Iniciando login... 
2026-10-01 17:22:14 [INFO]: [Discord] Chamada de login concluída 
2026-10-01 17:22:14 [INFO]: [Discord] Cliente v14 inicializado com intents, partials e presence 
2026-10-01 17:22:14 [INFO]: [Discord] Iniciando login... 
2026-10-01 17:22:14 [INFO]: [Discord] ✅ Pronto como TestDiscordBot (1111) 
2026-10-01 17:22:14 [ERROR]: ❌ [[Discord] Erro ao definir presença:] this.client.user?.setPresence is not a function
2026-10-01 17:22:14 [INFO]: [Discord] Chamada de login concluída 
2026-10-01 17:22:16 [ERROR]: [memberJoinService] Erro ao processar entrada
2026-10-01 17:22:18 [WARN]: [BaileysSender] sendMessage: socket existe mas NÃO está pronto (readyState !== OPEN) 
2026-10-01 17:22:18 [INFO]: [BaileysSender.sendMessage] Reply: quotedRaw=false, replyTo=original:123, originalKey=NAO 
2026-10-01 17:22:18 [INFO]: [BaileysSender.sendMessage] Quoted payload construído: keyId=123, hasMessage=true 
2026-10-01 17:22:18 [WARN]: [BaileysSender] sendMessage: socket existe mas NÃO está pronto (readyState !== OPEN) 
2026-10-01 17:22:18 [INFO]: [BaileysSender.sendMessage] Reply: quotedRaw=false, replyTo=original:123, originalKey=NAO 
2026-10-01 17:22:18 [INFO]: [BaileysSender.sendMessage] Quoted payload construído: keyId=123, hasMessage=true 
2026-10-01 17:22:18 [WARN]: [BaileysSender] sendMessage: socket existe mas NÃO está pronto (readyState !== OPEN) 
2026-10-01 17:22:18 [INFO]: [BaileysSender.sendMessage] Reply: quotedRaw=false, replyTo=undefined, originalKey=NAO 
2026-10-01 17:22:18 [WARN]: [BaileysSender] sendMessage: socket existe mas NÃO está pronto (readyState !== OPEN) 
2026-10-01 17:22:18 [INFO]: [BaileysSender.sendMessage] Reply: quotedRaw=false, replyTo=original:123, originalKey=NAO 
2026-10-01 17:22:18 [INFO]: [BaileysSender.sendMessage] Quoted payload construído: keyId=123, hasMessage=true 
2026-10-01 17:22:19 [INFO]: [DiscordScreenService] Missing required Discord credentials, screen sharing disabled 
2026-10-01 17:22:19 [INFO]: [DiscordScreenService] Gerenciado externamente (DISCORD_SCREEN_EXTERNAL) — spawn interno desativado 
2026-10-01 17:22:19 [INFO]: [DiscordScreenService] Gerenciado externamente (DISCORD_SCREEN_EXTERNAL) — spawn interno desativado 
2026-10-01 17:22:20 [INFO]: [keywordHandler] Palavra-chave detectada, resposta enviada
2026-10-01 17:22:22 [INFO]: [Discord] Cliente v14 inicializado com intents, partials e presence 
2026-10-01 17:32:12 [ERROR]: [DB] Falha ao registrar infração
2026-10-01 17:32:14 [ERROR]: [DB] Falha ao registrar infração
2026-10-01 17:32:14 [ERROR]: [DB] Falha ao registrar infração
2026-10-01 17:32:14 [ERROR]: [DB] Falha ao registrar infração
2026-10-01 17:32:14 [ERROR]: [DB] Falha ao registrar infração
2026-10-01 17:32:14 [ERROR]: [DB] Falha ao registrar infração
2026-10-01 17:32:14 [ERROR]: [DB] Falha ao registrar infração
2026-10-01 17:32:14 [ERROR]: [DB] Falha ao registrar infração
2026-10-01 17:32:14 [ERROR]: [DB] Falha ao registrar infração
2026-10-01 17:32:14 [ERROR]: [DB] Falha ao registrar infração
2026-10-01 17:32:16 [ERROR]: ❌ [Erro no comando $stats:] SQLITE_ERROR: no such table: feedbacks
2026-10-01 17:32:16 [ERROR]:    Stack: 
2026-10-01 17:32:16 [INFO]: 🛑 [SHUTDOWN] Comando executado por: 5588998314322@c.us 
2026-10-01 17:32:16 [ERROR]: ❌ [❌ Erro no $grupos:] ctx.client.getChats is not a function
2026-10-01 17:32:16 [ERROR]:    Stack: at Object.execute (D:\Desktop\Programas\bot-wpp\src\bot\commands\grupos.ts:18:44)
2026-10-01 17:32:16 [ERROR]: ❌ [[ScreenCommand] Erro:] connect ECONNREFUSED 127.0.0.1:3002
2026-10-01 17:32:16 [ERROR]:    Stack: at TCPConnectWrap.afterConnect [as oncomplete] (node:net:2017:16)
2026-10-01 17:32:17 [INFO]: 🛑 [SHUTDOWN] Comando executado por: 5588998314322@c.us 
2026-10-01 17:32:18 [INFO]: [TelegramAdapter] Inicializando... 
2026-10-01 17:32:18 [INFO]: [Telegram] Iniciando launch()... 
2026-10-01 17:32:18 [INFO]: [Telegram] ✅ Pronto como  () 
2026-10-01 17:32:18 [INFO]: [TelegramAdapter] Inicializando... 
2026-10-01 17:32:18 [INFO]: [Telegram] Iniciando launch()... 
2026-10-01 17:32:18 [INFO]: [Telegram] ✅ Pronto como  () 
2026-10-01 17:32:18 [INFO]: [TelegramAdapter] Inicializando... 
2026-10-01 17:32:18 [INFO]: [Telegram] Iniciando launch()... 
2026-10-01 17:32:18 [INFO]: [Telegram] ✅ Pronto como  () 
2026-10-01 17:32:18 [INFO]: [TelegramAdapter] Inicializando... 
2026-10-01 17:32:18 [INFO]: [TelegramAdapter] Já estava pronto 
2026-10-01 17:32:18 [INFO]: [TelegramAdapter] Inicializando... 
2026-10-01 17:32:18 [INFO]: [Telegram] Iniciando launch()... 
2026-10-01 17:32:18 [INFO]: [Telegram] ✅ Pronto como  () 
2026-10-01 17:32:18 [INFO]: [TelegramAdapter] Inicializando... 
2026-10-01 17:32:18 [INFO]: [Telegram] Iniciando launch()... 
2026-10-01 17:32:18 [INFO]: [Telegram] ✅ Pronto como  () 
2026-10-01 17:32:18 [INFO]: [Discord] Cliente v14 inicializado com intents, partials e presence 
2026-10-01 17:32:18 [INFO]: [Discord] Iniciando login... 
2026-10-01 17:32:18 [INFO]: [Discord] ✅ Pronto como TestDiscordBot (1111) 
2026-10-01 17:32:18 [ERROR]: ❌ [[Discord] Erro ao definir presença:] this.client.user?.setPresence is not a function
2026-10-01 17:32:18 [INFO]: [Discord] Chamada de login concluída 
2026-10-01 17:32:18 [INFO]: [Discord] Cliente v14 inicializado com intents, partials e presence 
2026-10-01 17:32:18 [INFO]: [Discord] Iniciando login... 
2026-10-01 17:32:18 [INFO]: [Discord] ✅ Pronto como TestDiscordBot (1111) 
2026-10-01 17:32:18 [ERROR]: ❌ [[Discord] Erro ao definir presença:] this.client.user?.setPresence is not a function
2026-10-01 17:32:18 [INFO]: [Discord] Chamada de login concluída 
2026-10-01 17:32:18 [INFO]: [Discord] Iniciando login... 
2026-10-01 17:32:18 [INFO]: [Discord] Chamada de login concluída 
2026-10-01 17:32:18 [INFO]: [Discord] Cliente v14 inicializado com intents, partials e presence 
2026-10-01 17:32:18 [INFO]: [Discord] Iniciando login... 
2026-10-01 17:32:18 [INFO]: [Discord] ✅ Pronto como TestDiscordBot (1111) 
2026-10-01 17:32:18 [ERROR]: ❌ [[Discord] Erro ao definir presença:] this.client.user?.setPresence is not a function
2026-10-01 17:32:18 [INFO]: [Discord] Chamada de login concluída 
2026-10-01 17:32:21 [INFO]: [keywordHandler] Palavra-chave detectada, resposta enviada
2026-10-01 17:32:22 [ERROR]: [memberJoinService] Erro ao processar entrada
2026-10-01 17:32:22 [WARN]: [BaileysSender] sendMessage: socket existe mas NÃO está pronto (readyState !== OPEN) 
2026-10-01 17:32:22 [INFO]: [BaileysSender.sendMessage] Reply: quotedRaw=false, replyTo=original:123, originalKey=NAO 
2026-10-01 17:32:22 [INFO]: [BaileysSender.sendMessage] Quoted payload construído: keyId=123, hasMessage=true 
2026-10-01 17:32:22 [WARN]: [BaileysSender] sendMessage: socket existe mas NÃO está pronto (readyState !== OPEN) 
2026-10-01 17:32:22 [INFO]: [BaileysSender.sendMessage] Reply: quotedRaw=false, replyTo=original:123, originalKey=NAO 
2026-10-01 17:32:22 [INFO]: [BaileysSender.sendMessage] Quoted payload construído: keyId=123, hasMessage=true 
2026-10-01 17:32:22 [WARN]: [BaileysSender] sendMessage: socket existe mas NÃO está pronto (readyState !== OPEN) 
2026-10-01 17:32:22 [INFO]: [BaileysSender.sendMessage] Reply: quotedRaw=false, replyTo=undefined, originalKey=NAO 
2026-10-01 17:32:22 [WARN]: [BaileysSender] sendMessage: socket existe mas NÃO está pronto (readyState !== OPEN) 
2026-10-01 17:32:22 [INFO]: [BaileysSender.sendMessage] Reply: quotedRaw=false, replyTo=original:123, originalKey=NAO 
2026-10-01 17:32:22 [INFO]: [BaileysSender.sendMessage] Quoted payload construído: keyId=123, hasMessage=true 
2026-10-01 17:32:23 [INFO]: [DiscordScreenService] Missing required Discord credentials, screen sharing disabled 
2026-10-01 17:32:23 [INFO]: [DiscordScreenService] Gerenciado externamente (DISCORD_SCREEN_EXTERNAL) — spawn interno desativado 
2026-10-01 17:32:23 [INFO]: [DiscordScreenService] Gerenciado externamente (DISCORD_SCREEN_EXTERNAL) — spawn interno desativado 
2026-10-01 17:32:24 [INFO]: [Discord] Cliente v14 inicializado com intents, partials e presence 
2026-10-01 17:56:05 [ERROR]: [DB] Falha ao registrar infração
2026-10-01 17:56:07 [ERROR]: [DB] Falha ao registrar infração
2026-10-01 17:56:07 [ERROR]: [DB] Falha ao registrar infração
2026-10-01 17:56:07 [ERROR]: [DB] Falha ao registrar infração
2026-10-01 17:56:07 [ERROR]: [DB] Falha ao registrar infração
2026-10-01 17:56:07 [ERROR]: [DB] Falha ao registrar infração
2026-10-01 17:56:07 [ERROR]: [DB] Falha ao registrar infração
2026-10-01 17:56:07 [ERROR]: [DB] Falha ao registrar infração
2026-10-01 17:56:07 [ERROR]: [DB] Falha ao registrar infração
2026-10-01 17:56:07 [ERROR]: [DB] Falha ao registrar infração
2026-10-01 17:56:11 [ERROR]: ❌ [Erro no comando $stats:] SQLITE_ERROR: no such table: feedbacks
2026-10-01 17:56:11 [ERROR]:    Stack: 
2026-10-01 17:56:11 [INFO]: 🛑 [SHUTDOWN] Comando executado por: 5588998314322@c.us 
2026-10-01 17:56:11 [ERROR]: ❌ [❌ Erro no $grupos:] ctx.client.getChats is not a function
2026-10-01 17:56:11 [ERROR]:    Stack: at Object.execute (D:\Desktop\Programas\bot-wpp\src\bot\commands\grupos.ts:18:44)
2026-10-01 17:56:11 [INFO]: [apresentar] sessão iniciada {"groupId":"120363410094452673@g.us","userId":"5588998314322@c.us","trigger":"command"}
2026-10-01 17:56:11 [ERROR]: ❌ [[ScreenCommand] Erro:] connect ECONNREFUSED 127.0.0.1:3002
2026-10-01 17:56:11 [ERROR]:    Stack: at TCPConnectWrap.afterConnect [as oncomplete] (node:net:2017:16)
2026-10-01 17:56:12 [INFO]: 🛑 [SHUTDOWN] Comando executado por: 5588998314322@c.us 
2026-10-01 17:56:13 [INFO]: [TelegramAdapter] Inicializando... 
2026-10-01 17:56:13 [INFO]: [Telegram] Iniciando launch()... 
2026-10-01 17:56:13 [INFO]: [Telegram] ✅ Pronto como  () 
2026-10-01 17:56:13 [INFO]: [TelegramAdapter] Inicializando... 
2026-10-01 17:56:13 [INFO]: [Telegram] Iniciando launch()... 
2026-10-01 17:56:13 [INFO]: [Telegram] ✅ Pronto como  () 
2026-10-01 17:56:13 [INFO]: [TelegramAdapter] Inicializando... 
2026-10-01 17:56:13 [INFO]: [Telegram] Iniciando launch()... 
2026-10-01 17:56:14 [INFO]: [Telegram] ✅ Pronto como  () 
2026-10-01 17:56:14 [INFO]: [TelegramAdapter] Inicializando... 
2026-10-01 17:56:14 [INFO]: [TelegramAdapter] Já estava pronto 
2026-10-01 17:56:14 [INFO]: [TelegramAdapter] Inicializando... 
2026-10-01 17:56:14 [INFO]: [Telegram] Iniciando launch()... 
2026-10-01 17:56:14 [INFO]: [Telegram] ✅ Pronto como  () 
2026-10-01 17:56:14 [INFO]: [TelegramAdapter] Inicializando... 
2026-10-01 17:56:14 [INFO]: [Telegram] Iniciando launch()... 
2026-10-01 17:56:14 [INFO]: [Telegram] ✅ Pronto como  () 
2026-10-01 17:56:14 [INFO]: [Discord] Cliente v14 inicializado com intents, partials e presence 
2026-10-01 17:56:14 [INFO]: [Discord] Iniciando login... 
2026-10-01 17:56:14 [INFO]: [Discord] ✅ Pronto como TestDiscordBot (1111) 
2026-10-01 17:56:14 [ERROR]: ❌ [[Discord] Erro ao definir presença:] this.client.user?.setPresence is not a function
2026-10-01 17:56:14 [INFO]: [Discord] Chamada de login concluída 
2026-10-01 17:56:14 [INFO]: [Discord] Cliente v14 inicializado com intents, partials e presence 
2026-10-01 17:56:14 [INFO]: [Discord] Iniciando login... 
2026-10-01 17:56:14 [INFO]: [Discord] ✅ Pronto como TestDiscordBot (1111) 
2026-10-01 17:56:14 [ERROR]: ❌ [[Discord] Erro ao definir presença:] this.client.user?.setPresence is not a function
2026-10-01 17:56:14 [INFO]: [Discord] Chamada de login concluída 
2026-10-01 17:56:14 [INFO]: [Discord] Iniciando login... 
2026-10-01 17:56:14 [INFO]: [Discord] Chamada de login concluída 
2026-10-01 17:56:14 [INFO]: [Discord] Cliente v14 inicializado com intents, partials e presence 
2026-10-01 17:56:14 [INFO]: [Discord] Iniciando login... 
2026-10-01 17:56:14 [INFO]: [Discord] ✅ Pronto como TestDiscordBot (1111) 
2026-10-01 17:56:14 [ERROR]: ❌ [[Discord] Erro ao definir presença:] this.client.user?.setPresence is not a function
2026-10-01 17:56:14 [INFO]: [Discord] Chamada de login concluída 
2026-10-01 17:56:15 [INFO]: [keywordHandler] Palavra-chave detectada, resposta enviada
2026-10-01 17:56:17 [ERROR]: [memberJoinService] Erro ao processar entrada
2026-10-01 17:56:19 [INFO]: [DiscordScreenService] Missing required Discord credentials, screen sharing disabled 
2026-10-01 17:56:19 [INFO]: [DiscordScreenService] Gerenciado externamente (DISCORD_SCREEN_EXTERNAL) — spawn interno desativado 
2026-10-01 17:56:19 [INFO]: [DiscordScreenService] Gerenciado externamente (DISCORD_SCREEN_EXTERNAL) — spawn interno desativado 
2026-10-01 17:56:19 [WARN]: [BaileysSender] sendMessage: socket existe mas NÃO está pronto (readyState !== OPEN) 
2026-10-01 17:56:19 [INFO]: [BaileysSender.sendMessage] Reply: quotedRaw=false, replyTo=original:123, originalKey=NAO 
2026-10-01 17:56:19 [INFO]: [BaileysSender.sendMessage] Quoted payload construído: keyId=123, hasMessage=true 
2026-10-01 17:56:19 [WARN]: [BaileysSender] sendMessage: socket existe mas NÃO está pronto (readyState !== OPEN) 
2026-10-01 17:56:19 [INFO]: [BaileysSender.sendMessage] Reply: quotedRaw=false, replyTo=original:123, originalKey=NAO 
2026-10-01 17:56:19 [INFO]: [BaileysSender.sendMessage] Quoted payload construído: keyId=123, hasMessage=true 
2026-10-01 17:56:19 [WARN]: [BaileysSender] sendMessage: socket existe mas NÃO está pronto (readyState !== OPEN) 
2026-10-01 17:56:19 [INFO]: [BaileysSender.sendMessage] Reply: quotedRaw=false, replyTo=undefined, originalKey=NAO 
2026-10-01 17:56:19 [WARN]: [BaileysSender] sendMessage: socket existe mas NÃO está pronto (readyState !== OPEN) 
2026-10-01 17:56:19 [INFO]: [BaileysSender.sendMessage] Reply: quotedRaw=false, replyTo=original:123, originalKey=NAO 
2026-10-01 17:56:19 [INFO]: [BaileysSender.sendMessage] Quoted payload construído: keyId=123, hasMessage=true 
2026-10-01 17:56:21 [INFO]: [Discord] Cliente v14 inicializado com intents, partials e presence 
2026-10-01 17:58:23 [ERROR]: [DB] Falha ao registrar infração
2026-10-01 17:58:27 [ERROR]: [DB] Falha ao registrar infração
2026-10-01 17:58:27 [ERROR]: ❌ [Erro no comando $stats:] SQLITE_ERROR: no such table: feedbacks
2026-10-01 17:58:27 [ERROR]:    Stack: 
2026-10-01 17:58:27 [INFO]: 🛑 [SHUTDOWN] Comando executado por: 5588998314322@c.us 
2026-10-01 17:58:27 [ERROR]: ❌ [❌ Erro no $grupos:] ctx.client.getChats is not a function
2026-10-01 17:58:27 [ERROR]:    Stack: at Object.execute (D:\Desktop\Programas\bot-wpp\src\bot\commands\grupos.ts:18:44)
2026-10-01 17:58:27 [ERROR]: [DB] Falha ao registrar infração
2026-10-01 17:58:27 [ERROR]: [DB] Falha ao registrar infração
2026-10-01 17:58:27 [ERROR]: [DB] Falha ao registrar infração
2026-10-01 17:58:27 [ERROR]: [DB] Falha ao registrar infração
2026-10-01 17:58:27 [ERROR]: [DB] Falha ao registrar infração
2026-10-01 17:58:27 [ERROR]: [DB] Falha ao registrar infração
2026-10-01 17:58:27 [ERROR]: [DB] Falha ao registrar infração
2026-10-01 17:58:27 [ERROR]: [DB] Falha ao registrar infração
2026-10-01 17:58:27 [INFO]: [apresentar] sessão iniciada {"groupId":"120363410094452673@g.us","userId":"5588998314322@c.us","trigger":"command"}
2026-10-01 17:58:27 [ERROR]: ❌ [[ScreenCommand] Erro:] connect ECONNREFUSED 127.0.0.1:3002
2026-10-01 17:58:27 [ERROR]:    Stack: at TCPConnectWrap.afterConnect [as oncomplete] (node:net:2017:16)
2026-10-01 17:58:28 [INFO]: 🛑 [SHUTDOWN] Comando executado por: 5588998314322@c.us 
2026-10-01 17:58:31 [INFO]: [TelegramAdapter] Inicializando... 
2026-10-01 17:58:31 [INFO]: [Telegram] Iniciando launch()... 
2026-10-01 17:58:31 [INFO]: [Telegram] ✅ Pronto como  () 
2026-10-01 17:58:31 [INFO]: [TelegramAdapter] Inicializando... 
2026-10-01 17:58:31 [INFO]: [Telegram] Iniciando launch()... 
2026-10-01 17:58:31 [INFO]: [Telegram] ✅ Pronto como  () 
2026-10-01 17:58:31 [INFO]: [TelegramAdapter] Inicializando... 
2026-10-01 17:58:31 [INFO]: [Telegram] Iniciando launch()... 
2026-10-01 17:58:31 [INFO]: [Telegram] ✅ Pronto como  () 
2026-10-01 17:58:31 [INFO]: [TelegramAdapter] Inicializando... 
2026-10-01 17:58:31 [INFO]: [TelegramAdapter] Já estava pronto 
2026-10-01 17:58:31 [INFO]: [TelegramAdapter] Inicializando... 
2026-10-01 17:58:31 [INFO]: [Telegram] Iniciando launch()... 
2026-10-01 17:58:31 [INFO]: [Telegram] ✅ Pronto como  () 
2026-10-01 17:58:31 [INFO]: [TelegramAdapter] Inicializando... 
2026-10-01 17:58:31 [INFO]: [Telegram] Iniciando launch()... 
2026-10-01 17:58:31 [INFO]: [Telegram] ✅ Pronto como  () 
2026-10-01 17:58:31 [INFO]: [Discord] Cliente v14 inicializado com intents, partials e presence 
2026-10-01 17:58:31 [INFO]: [Discord] Iniciando login... 
2026-10-01 17:58:31 [INFO]: [Discord] ✅ Pronto como TestDiscordBot (1111) 
2026-10-01 17:58:31 [ERROR]: ❌ [[Discord] Erro ao definir presença:] this.client.user?.setPresence is not a function
2026-10-01 17:58:31 [INFO]: [Discord] Chamada de login concluída 
2026-10-01 17:58:31 [INFO]: [Discord] Cliente v14 inicializado com intents, partials e presence 
2026-10-01 17:58:31 [INFO]: [Discord] Iniciando login... 
2026-10-01 17:58:31 [INFO]: [Discord] ✅ Pronto como TestDiscordBot (1111) 
2026-10-01 17:58:31 [ERROR]: ❌ [[Discord] Erro ao definir presença:] this.client.user?.setPresence is not a function
2026-10-01 17:58:31 [INFO]: [Discord] Chamada de login concluída 
2026-10-01 17:58:31 [INFO]: [Discord] Iniciando login... 
2026-10-01 17:58:31 [INFO]: [Discord] Chamada de login concluída 
2026-10-01 17:58:31 [INFO]: [Discord] Cliente v14 inicializado com intents, partials e presence 
2026-10-01 17:58:31 [INFO]: [Discord] Iniciando login... 
2026-10-01 17:58:31 [INFO]: [Discord] ✅ Pronto como TestDiscordBot (1111) 
2026-10-01 17:58:31 [ERROR]: ❌ [[Discord] Erro ao definir presença:] this.client.user?.setPresence is not a function
2026-10-01 17:58:31 [INFO]: [Discord] Chamada de login concluída 
2026-10-01 17:58:33 [ERROR]: [memberJoinService] Erro ao processar entrada
2026-10-01 17:58:33 [INFO]: [DiscordScreenService] Missing required Discord credentials, screen sharing disabled 
2026-10-01 17:58:33 [INFO]: [DiscordScreenService] Gerenciado externamente (DISCORD_SCREEN_EXTERNAL) — spawn interno desativado 
2026-10-01 17:58:33 [INFO]: [DiscordScreenService] Gerenciado externamente (DISCORD_SCREEN_EXTERNAL) — spawn interno desativado 
2026-10-01 17:58:34 [INFO]: [keywordHandler] Palavra-chave detectada, resposta enviada
2026-10-01 17:58:35 [WARN]: [BaileysSender] sendMessage: socket existe mas NÃO está pronto (readyState !== OPEN) 
2026-10-01 17:58:35 [INFO]: [BaileysSender.sendMessage] Reply: quotedRaw=false, replyTo=original:123, originalKey=NAO 
2026-10-01 17:58:35 [INFO]: [BaileysSender.sendMessage] Quoted payload construído: keyId=123, hasMessage=true 
2026-10-01 17:58:35 [WARN]: [BaileysSender] sendMessage: socket existe mas NÃO está pronto (readyState !== OPEN) 
2026-10-01 17:58:35 [INFO]: [BaileysSender.sendMessage] Reply: quotedRaw=false, replyTo=original:123, originalKey=NAO 
2026-10-01 17:58:35 [INFO]: [BaileysSender.sendMessage] Quoted payload construído: keyId=123, hasMessage=true 
2026-10-01 17:58:35 [WARN]: [BaileysSender] sendMessage: socket existe mas NÃO está pronto (readyState !== OPEN) 
2026-10-01 17:58:35 [INFO]: [BaileysSender.sendMessage] Reply: quotedRaw=false, replyTo=undefined, originalKey=NAO 
2026-10-01 17:58:35 [WARN]: [BaileysSender] sendMessage: socket existe mas NÃO está pronto (readyState !== OPEN) 
2026-10-01 17:58:35 [INFO]: [BaileysSender.sendMessage] Reply: quotedRaw=false, replyTo=original:123, originalKey=NAO 
2026-10-01 17:58:35 [INFO]: [BaileysSender.sendMessage] Quoted payload construído: keyId=123, hasMessage=true 
2026-10-01 17:58:38 [INFO]: [Discord] Cliente v14 inicializado com intents, partials e presence 
2026-10-01 18:01:17 [ERROR]: [DB] Falha ao registrar infração
2026-10-01 18:01:21 [ERROR]: [DB] Falha ao registrar infração
2026-10-01 18:01:21 [ERROR]: [DB] Falha ao registrar infração
2026-10-01 18:01:21 [ERROR]: [DB] Falha ao registrar infração
2026-10-01 18:01:21 [ERROR]: [DB] Falha ao registrar infração
2026-10-01 18:01:21 [ERROR]: [DB] Falha ao registrar infração
2026-10-01 18:01:21 [ERROR]: [DB] Falha ao registrar infração
2026-10-01 18:01:21 [ERROR]: [DB] Falha ao registrar infração
2026-10-01 18:01:21 [ERROR]: [DB] Falha ao registrar infração
2026-10-01 18:01:21 [ERROR]: [DB] Falha ao registrar infração
2026-10-01 18:01:21 [ERROR]: ❌ [Erro no comando $stats:] SQLITE_ERROR: no such table: feedbacks
2026-10-01 18:01:21 [ERROR]:    Stack: 
2026-10-01 18:01:21 [INFO]: 🛑 [SHUTDOWN] Comando executado por: 5588998314322@c.us 
2026-10-01 18:01:21 [ERROR]: ❌ [❌ Erro no $grupos:] ctx.client.getChats is not a function
2026-10-01 18:01:21 [ERROR]:    Stack: at Object.execute (D:\Desktop\Programas\bot-wpp\src\bot\commands\grupos.ts:18:44)
2026-10-01 18:01:21 [INFO]: [apresentar] sessão iniciada {"groupId":"120363410094452673@g.us","userId":"5588998314322@c.us","trigger":"command"}
2026-10-01 18:01:21 [ERROR]: ❌ [[ScreenCommand] Erro:] connect ECONNREFUSED 127.0.0.1:3002
2026-10-01 18:01:21 [ERROR]:    Stack: at TCPConnectWrap.afterConnect [as oncomplete] (node:net:2017:16)
2026-10-01 18:01:21 [INFO]: 🛑 [SHUTDOWN] Comando executado por: 5588998314322@c.us 
2026-10-01 18:01:23 [INFO]: [TelegramAdapter] Inicializando... 
2026-10-01 18:01:23 [INFO]: [Telegram] Iniciando launch()... 
2026-10-01 18:01:23 [INFO]: [Telegram] ✅ Pronto como  () 
2026-10-01 18:01:23 [INFO]: [TelegramAdapter] Inicializando... 
2026-10-01 18:01:23 [INFO]: [Telegram] Iniciando launch()... 
2026-10-01 18:01:23 [INFO]: [Telegram] ✅ Pronto como  () 
2026-10-01 18:01:23 [INFO]: [TelegramAdapter] Inicializando... 
2026-10-01 18:01:23 [INFO]: [Telegram] Iniciando launch()... 
2026-10-01 18:01:23 [INFO]: [Telegram] ✅ Pronto como  () 
2026-10-01 18:01:23 [INFO]: [TelegramAdapter] Inicializando... 
2026-10-01 18:01:23 [INFO]: [TelegramAdapter] Já estava pronto 
2026-10-01 18:01:23 [INFO]: [TelegramAdapter] Inicializando... 
2026-10-01 18:01:23 [INFO]: [Telegram] Iniciando launch()... 
2026-10-01 18:01:23 [INFO]: [Telegram] ✅ Pronto como  () 
2026-10-01 18:01:23 [INFO]: [TelegramAdapter] Inicializando... 
2026-10-01 18:01:23 [INFO]: [Telegram] Iniciando launch()... 
2026-10-01 18:01:23 [INFO]: [Telegram] ✅ Pronto como  () 
2026-10-01 18:01:23 [INFO]: [Discord] Cliente v14 inicializado com intents, partials e presence 
2026-10-01 18:01:23 [INFO]: [Discord] Iniciando login... 
2026-10-01 18:01:23 [INFO]: [Discord] ✅ Pronto como TestDiscordBot (1111) 
2026-10-01 18:01:23 [ERROR]: ❌ [[Discord] Erro ao definir presença:] this.client.user?.setPresence is not a function
2026-10-01 18:01:23 [INFO]: [Discord] Chamada de login concluída 
2026-10-01 18:01:23 [INFO]: [Discord] Cliente v14 inicializado com intents, partials e presence 
2026-10-01 18:01:23 [INFO]: [Discord] Iniciando login... 
2026-10-01 18:01:23 [INFO]: [Discord] ✅ Pronto como TestDiscordBot (1111) 
2026-10-01 18:01:23 [ERROR]: ❌ [[Discord] Erro ao definir presença:] this.client.user?.setPresence is not a function
2026-10-01 18:01:23 [INFO]: [Discord] Chamada de login concluída 
2026-10-01 18:01:23 [INFO]: [Discord] Iniciando login... 
2026-10-01 18:01:23 [INFO]: [Discord] Chamada de login concluída 
2026-10-01 18:01:23 [INFO]: [Discord] Cliente v14 inicializado com intents, partials e presence 
2026-10-01 18:01:23 [INFO]: [Discord] Iniciando login... 
2026-10-01 18:01:23 [INFO]: [Discord] ✅ Pronto como TestDiscordBot (1111) 
2026-10-01 18:01:23 [ERROR]: ❌ [[Discord] Erro ao definir presença:] this.client.user?.setPresence is not a function
2026-10-01 18:01:23 [INFO]: [Discord] Chamada de login concluída 
2026-10-01 18:01:23 [ERROR]: [memberJoinService] Erro ao processar entrada
2026-10-01 18:01:27 [INFO]: [DiscordScreenService] Missing required Discord credentials, screen sharing disabled 
2026-10-01 18:01:27 [INFO]: [DiscordScreenService] Gerenciado externamente (DISCORD_SCREEN_EXTERNAL) — spawn interno desativado 
2026-10-01 18:01:27 [INFO]: [DiscordScreenService] Gerenciado externamente (DISCORD_SCREEN_EXTERNAL) — spawn interno desativado 
2026-10-01 18:01:27 [INFO]: [keywordHandler] Palavra-chave detectada, resposta enviada
2026-10-01 18:01:28 [WARN]: [BaileysSender] sendMessage: socket existe mas NÃO está pronto (readyState !== OPEN) 
2026-10-01 18:01:28 [INFO]: [BaileysSender.sendMessage] Reply: quotedRaw=false, replyTo=original:123, originalKey=NAO 
2026-10-01 18:01:28 [INFO]: [BaileysSender.sendMessage] Quoted payload construído: keyId=123, hasMessage=true 
2026-10-01 18:01:28 [WARN]: [BaileysSender] sendMessage: socket existe mas NÃO está pronto (readyState !== OPEN) 
2026-10-01 18:01:28 [INFO]: [BaileysSender.sendMessage] Reply: quotedRaw=false, replyTo=original:123, originalKey=NAO 
2026-10-01 18:01:28 [INFO]: [BaileysSender.sendMessage] Quoted payload construído: keyId=123, hasMessage=true 
2026-10-01 18:01:28 [WARN]: [BaileysSender] sendMessage: socket existe mas NÃO está pronto (readyState !== OPEN) 
2026-10-01 18:01:28 [INFO]: [BaileysSender.sendMessage] Reply: quotedRaw=false, replyTo=undefined, originalKey=NAO 
2026-10-01 18:01:28 [WARN]: [BaileysSender] sendMessage: socket existe mas NÃO está pronto (readyState !== OPEN) 
2026-10-01 18:01:28 [INFO]: [BaileysSender.sendMessage] Reply: quotedRaw=false, replyTo=original:123, originalKey=NAO 
2026-10-01 18:01:28 [INFO]: [BaileysSender.sendMessage] Quoted payload construído: keyId=123, hasMessage=true 
2026-10-01 18:01:29 [INFO]: [Discord] Cliente v14 inicializado com intents, partials e presence 
2026-10-02 09:57:02 [ERROR]: [DB] Falha ao registrar infração
2026-10-02 09:57:06 [ERROR]: [DB] Falha ao registrar infração
2026-10-02 09:57:06 [ERROR]: [DB] Falha ao registrar infração
2026-10-02 09:57:06 [ERROR]: [DB] Falha ao registrar infração
2026-10-02 09:57:06 [ERROR]: [DB] Falha ao registrar infração
2026-10-02 09:57:06 [ERROR]: [DB] Falha ao registrar infração
2026-10-02 09:57:06 [ERROR]: [DB] Falha ao registrar infração
2026-10-02 09:57:06 [ERROR]: [DB] Falha ao registrar infração
2026-10-02 09:57:06 [ERROR]: [DB] Falha ao registrar infração
2026-10-02 09:57:06 [ERROR]: [DB] Falha ao registrar infração
2026-10-02 09:57:08 [INFO]: [TelegramAdapter] Inicializando... 
2026-10-02 09:57:08 [INFO]: [Telegram] Iniciando launch()... 
2026-10-02 09:57:08 [INFO]: [Telegram] ✅ Pronto como  () 
2026-10-02 09:57:08 [INFO]: [TelegramAdapter] Inicializando... 
2026-10-02 09:57:08 [INFO]: [Telegram] Iniciando launch()... 
2026-10-02 09:57:08 [INFO]: [Telegram] ✅ Pronto como  () 
2026-10-02 09:57:08 [INFO]: [TelegramAdapter] Inicializando... 
2026-10-02 09:57:08 [INFO]: [Telegram] Iniciando launch()... 
2026-10-02 09:57:08 [INFO]: [Telegram] ✅ Pronto como  () 
2026-10-02 09:57:08 [INFO]: [TelegramAdapter] Inicializando... 
2026-10-02 09:57:08 [INFO]: [TelegramAdapter] Já estava pronto 
2026-10-02 09:57:08 [INFO]: [TelegramAdapter] Inicializando... 
2026-10-02 09:57:08 [INFO]: [Telegram] Iniciando launch()... 
2026-10-02 09:57:08 [INFO]: [Telegram] ✅ Pronto como  () 
2026-10-02 09:57:08 [INFO]: [TelegramAdapter] Inicializando... 
2026-10-02 09:57:08 [INFO]: [Telegram] Iniciando launch()... 
2026-10-02 09:57:08 [INFO]: [Telegram] ✅ Pronto como  () 
2026-10-02 09:57:08 [INFO]: [Discord] Cliente v14 inicializado com intents, partials e presence 
2026-10-02 09:57:08 [INFO]: [Discord] Iniciando login... 
2026-10-02 09:57:08 [INFO]: [Discord] ✅ Pronto como TestDiscordBot (1111) 
2026-10-02 09:57:08 [ERROR]: ❌ [[Discord] Erro ao definir presença:] this.client.user?.setPresence is not a function
2026-10-02 09:57:08 [INFO]: [Discord] Chamada de login concluída 
2026-10-02 09:57:08 [INFO]: [Discord] Cliente v14 inicializado com intents, partials e presence 
2026-10-02 09:57:08 [INFO]: [Discord] Iniciando login... 
2026-10-02 09:57:08 [INFO]: [Discord] ✅ Pronto como TestDiscordBot (1111) 
2026-10-02 09:57:08 [ERROR]: ❌ [[Discord] Erro ao definir presença:] this.client.user?.setPresence is not a function
2026-10-02 09:57:08 [INFO]: [Discord] Chamada de login concluída 
2026-10-02 09:57:08 [INFO]: [Discord] Iniciando login... 
2026-10-02 09:57:08 [INFO]: [Discord] Chamada de login concluída 
2026-10-02 09:57:08 [INFO]: [Discord] Cliente v14 inicializado com intents, partials e presence 
2026-10-02 09:57:08 [INFO]: [Discord] Iniciando login... 
2026-10-02 09:57:08 [INFO]: [Discord] ✅ Pronto como TestDiscordBot (1111) 
2026-10-02 09:57:08 [ERROR]: ❌ [[Discord] Erro ao definir presença:] this.client.user?.setPresence is not a function
2026-10-02 09:57:08 [INFO]: [Discord] Chamada de login concluída 
2026-10-02 09:57:18 [ERROR]: ❌ [Erro no comando $stats:] SQLITE_ERROR: no such table: feedbacks
2026-10-02 09:57:18 [ERROR]:    Stack: 
2026-10-02 09:57:18 [INFO]: 🛑 [SHUTDOWN] Comando executado por: 5588998314322@c.us 
2026-10-02 09:57:18 [ERROR]: ❌ [❌ Erro no $grupos:] ctx.client.getChats is not a function
2026-10-02 09:57:18 [ERROR]:    Stack: at Object.execute (D:\Desktop\Programas\bot-wpp\src\bot\commands\grupos.ts:18:44)
2026-10-02 09:57:18 [INFO]: [apresentar] sessão iniciada {"groupId":"120363410094452673@g.us","userId":"5588998314322@c.us","trigger":"command"}
2026-10-02 09:57:18 [ERROR]: ❌ [[ScreenCommand] Erro:] connect ECONNREFUSED 127.0.0.1:3002
2026-10-02 09:57:18 [ERROR]:    Stack: at TCPConnectWrap.afterConnect [as oncomplete] (node:net:2017:16)
2026-10-02 09:57:18 [INFO]: 🛑 [SHUTDOWN] Comando executado por: 5588998314322@c.us 
2026-10-02 09:57:20 [ERROR]: [memberJoinService] Erro ao processar entrada
2026-10-02 09:57:21 [INFO]: [DiscordScreenService] Missing required Discord credentials, screen sharing disabled 
2026-10-02 09:57:21 [INFO]: [DiscordScreenService] Gerenciado externamente (DISCORD_SCREEN_EXTERNAL) — spawn interno desativado 
2026-10-02 09:57:21 [INFO]: [DiscordScreenService] Gerenciado externamente (DISCORD_SCREEN_EXTERNAL) — spawn interno desativado 
2026-10-02 09:57:22 [INFO]: [keywordHandler] Palavra-chave detectada, resposta enviada
2026-10-02 09:57:24 [INFO]: [Discord] Cliente v14 inicializado com intents, partials e presence 
2026-10-02 09:57:31 [WARN]: [BaileysSender] sendMessage: socket existe mas NÃO está pronto (readyState !== OPEN) 
2026-10-02 09:57:31 [INFO]: [BaileysSender.sendMessage] Reply: quotedRaw=false, replyTo=original:123, originalKey=NAO 
2026-10-02 09:57:31 [INFO]: [BaileysSender.sendMessage] Quoted payload construído: keyId=123, hasMessage=true 
2026-10-02 09:57:31 [WARN]: [BaileysSender] sendMessage: socket existe mas NÃO está pronto (readyState !== OPEN) 
2026-10-02 09:57:31 [INFO]: [BaileysSender.sendMessage] Reply: quotedRaw=false, replyTo=original:123, originalKey=NAO 
2026-10-02 09:57:31 [INFO]: [BaileysSender.sendMessage] Quoted payload construído: keyId=123, hasMessage=true 
2026-10-02 09:57:31 [WARN]: [BaileysSender] sendMessage: socket existe mas NÃO está pronto (readyState !== OPEN) 
2026-10-02 09:57:31 [INFO]: [BaileysSender.sendMessage] Reply: quotedRaw=false, replyTo=undefined, originalKey=NAO 
2026-10-02 09:57:31 [WARN]: [BaileysSender] sendMessage: socket existe mas NÃO está pronto (readyState !== OPEN) 
2026-10-02 09:57:31 [INFO]: [BaileysSender.sendMessage] Reply: quotedRaw=false, replyTo=original:123, originalKey=NAO 
2026-10-02 09:57:31 [INFO]: [BaileysSender.sendMessage] Quoted payload construído: keyId=123, hasMessage=true 
2026-10-02 11:16:21 [ERROR]: [DB] Falha ao registrar infração
2026-10-02 11:16:26 [ERROR]: [DB] Falha ao registrar infração
2026-10-02 11:16:26 [ERROR]: [DB] Falha ao registrar infração
2026-10-02 11:16:26 [ERROR]: [DB] Falha ao registrar infração
2026-10-02 11:16:26 [ERROR]: [DB] Falha ao registrar infração
2026-10-02 11:16:26 [ERROR]: [DB] Falha ao registrar infração
2026-10-02 11:16:26 [ERROR]: [DB] Falha ao registrar infração
2026-10-02 11:16:26 [ERROR]: [DB] Falha ao registrar infração
2026-10-02 11:16:26 [ERROR]: [DB] Falha ao registrar infração
2026-10-02 11:16:26 [ERROR]: [DB] Falha ao registrar infração
2026-10-02 11:16:28 [INFO]: [TelegramAdapter] Inicializando... 
2026-10-02 11:16:28 [INFO]: [Telegram] Iniciando launch()... 
2026-10-02 11:16:28 [INFO]: [Telegram] ✅ Pronto como  () 
2026-10-02 11:16:28 [INFO]: [TelegramAdapter] Inicializando... 
2026-10-02 11:16:28 [INFO]: [Telegram] Iniciando launch()... 
2026-10-02 11:16:28 [INFO]: [Telegram] ✅ Pronto como  () 
2026-10-02 11:16:28 [INFO]: [TelegramAdapter] Inicializando... 
2026-10-02 11:16:28 [INFO]: [Telegram] Iniciando launch()... 
2026-10-02 11:16:28 [INFO]: [Telegram] ✅ Pronto como  () 
2026-10-02 11:16:28 [INFO]: [TelegramAdapter] Inicializando... 
2026-10-02 11:16:28 [INFO]: [TelegramAdapter] Já estava pronto 
2026-10-02 11:16:28 [INFO]: [TelegramAdapter] Inicializando... 
2026-10-02 11:16:28 [INFO]: [Telegram] Iniciando launch()... 
2026-10-02 11:16:28 [INFO]: [Telegram] ✅ Pronto como  () 
2026-10-02 11:16:28 [INFO]: [TelegramAdapter] Inicializando... 
2026-10-02 11:16:28 [INFO]: [Telegram] Iniciando launch()... 
2026-10-02 11:16:28 [INFO]: [Telegram] ✅ Pronto como  () 
2026-10-02 11:16:28 [INFO]: [Discord] Cliente v14 inicializado com intents, partials e presence 
2026-10-02 11:16:28 [INFO]: [Discord] Iniciando login... 
2026-10-02 11:16:28 [INFO]: [Discord] ✅ Pronto como TestDiscordBot (1111) 
2026-10-02 11:16:28 [ERROR]: ❌ [[Discord] Erro ao definir presença:] this.client.user?.setPresence is not a function
2026-10-02 11:16:28 [INFO]: [Discord] Chamada de login concluída 
2026-10-02 11:16:28 [INFO]: [Discord] Cliente v14 inicializado com intents, partials e presence 
2026-10-02 11:16:28 [INFO]: [Discord] Iniciando login... 
2026-10-02 11:16:28 [INFO]: [Discord] ✅ Pronto como TestDiscordBot (1111) 
2026-10-02 11:16:28 [ERROR]: ❌ [[Discord] Erro ao definir presença:] this.client.user?.setPresence is not a function
2026-10-02 11:16:28 [INFO]: [Discord] Chamada de login concluída 
2026-10-02 11:16:28 [INFO]: [Discord] Iniciando login... 
2026-10-02 11:16:28 [INFO]: [Discord] Chamada de login concluída 
2026-10-02 11:16:28 [INFO]: [Discord] Cliente v14 inicializado com intents, partials e presence 
2026-10-02 11:16:28 [INFO]: [Discord] Iniciando login... 
2026-10-02 11:16:28 [INFO]: [Discord] ✅ Pronto como TestDiscordBot (1111) 
2026-10-02 11:16:28 [ERROR]: ❌ [[Discord] Erro ao definir presença:] this.client.user?.setPresence is not a function
2026-10-02 11:16:28 [INFO]: [Discord] Chamada de login concluída 
2026-10-02 11:16:29 [ERROR]: ❌ [Erro no comando $stats:] SQLITE_ERROR: no such table: feedbacks
2026-10-02 11:16:29 [ERROR]:    Stack: 
2026-10-02 11:16:29 [INFO]: 🛑 [SHUTDOWN] Comando executado por: 5588998314322@c.us 
2026-10-02 11:16:29 [ERROR]: ❌ [❌ Erro no $grupos:] ctx.client.getChats is not a function
2026-10-02 11:16:29 [ERROR]:    Stack: at Object.execute (D:\Desktop\Programas\bot-wpp\src\bot\commands\grupos.ts:18:44)
2026-10-02 11:16:29 [ERROR]: ❌ [[ScreenCommand] Erro:] connect ECONNREFUSED 127.0.0.1:3002
2026-10-02 11:16:29 [ERROR]:    Stack: at TCPConnectWrap.afterConnect [as oncomplete] (node:net:2017:16)
2026-10-02 11:16:29 [INFO]: 🛑 [SHUTDOWN] Comando executado por: 5588998314322@c.us 
2026-10-02 11:16:31 [ERROR]: [memberJoinService] Erro ao processar entrada
2026-10-02 11:16:32 [INFO]: [keywordHandler] Palavra-chave detectada, resposta enviada
2026-10-02 11:16:32 [INFO]: [DiscordScreenService] Missing required Discord credentials, screen sharing disabled 
2026-10-02 11:16:32 [INFO]: [DiscordScreenService] Gerenciado externamente (DISCORD_SCREEN_EXTERNAL) — spawn interno desativado 
2026-10-02 11:16:32 [INFO]: [DiscordScreenService] Gerenciado externamente (DISCORD_SCREEN_EXTERNAL) — spawn interno desativado 
2026-10-02 11:16:35 [INFO]: [Discord] Cliente v14 inicializado com intents, partials e presence 
2026-10-02 11:16:38 [WARN]: [BaileysSender] sendMessage: socket existe mas NÃO está pronto (readyState !== OPEN) 
2026-10-02 11:16:38 [INFO]: [BaileysSender.sendMessage] Reply: quotedRaw=false, replyTo=original:123, originalKey=NAO 
2026-10-02 11:16:38 [INFO]: [BaileysSender.sendMessage] Quoted payload construído: keyId=123, hasMessage=true 
2026-10-02 11:16:38 [WARN]: [BaileysSender] sendMessage: socket existe mas NÃO está pronto (readyState !== OPEN) 
2026-10-02 11:16:38 [INFO]: [BaileysSender.sendMessage] Reply: quotedRaw=false, replyTo=original:123, originalKey=NAO 
2026-10-02 11:16:38 [INFO]: [BaileysSender.sendMessage] Quoted payload construído: keyId=123, hasMessage=true 
2026-10-02 11:16:38 [WARN]: [BaileysSender] sendMessage: socket existe mas NÃO está pronto (readyState !== OPEN) 
2026-10-02 11:16:38 [INFO]: [BaileysSender.sendMessage] Reply: quotedRaw=false, replyTo=undefined, originalKey=NAO 
2026-10-02 11:16:38 [WARN]: [BaileysSender] sendMessage: socket existe mas NÃO está pronto (readyState !== OPEN) 
2026-10-02 11:16:38 [INFO]: [BaileysSender.sendMessage] Reply: quotedRaw=false, replyTo=original:123, originalKey=NAO 
2026-10-02 11:16:38 [INFO]: [BaileysSender.sendMessage] Quoted payload construído: keyId=123, hasMessage=true 
2026-10-02 11:25:54 [ERROR]: [DB] Falha ao registrar infração
2026-10-02 11:25:57 [ERROR]: ❌ [Erro no comando $stats:] SQLITE_ERROR: no such table: feedbacks
2026-10-02 11:25:57 [ERROR]:    Stack: 
2026-10-02 11:25:57 [INFO]: 🛑 [SHUTDOWN] Comando executado por: 5588998314322@c.us 
2026-10-02 11:25:57 [ERROR]: ❌ [❌ Erro no $grupos:] ctx.client.getChats is not a function
2026-10-02 11:25:57 [ERROR]:    Stack: at Object.execute (D:\Desktop\Programas\bot-wpp\src\bot\commands\grupos.ts:18:44)
2026-10-02 11:25:57 [ERROR]: ❌ [[ScreenCommand] Erro:] connect ECONNREFUSED 127.0.0.1:3002
2026-10-02 11:25:57 [ERROR]:    Stack: at TCPConnectWrap.afterConnect [as oncomplete] (node:net:2017:16)
2026-10-02 11:25:57 [INFO]: 🛑 [SHUTDOWN] Comando executado por: 5588998314322@c.us 
2026-10-02 11:25:58 [ERROR]: [DB] Falha ao registrar infração
2026-10-02 11:25:58 [ERROR]: [DB] Falha ao registrar infração
2026-10-02 11:25:58 [ERROR]: [DB] Falha ao registrar infração
2026-10-02 11:25:58 [ERROR]: [DB] Falha ao registrar infração
2026-10-02 11:25:58 [ERROR]: [DB] Falha ao registrar infração
2026-10-02 11:25:58 [ERROR]: [DB] Falha ao registrar infração
2026-10-02 11:25:58 [ERROR]: [DB] Falha ao registrar infração
2026-10-02 11:25:58 [ERROR]: [DB] Falha ao registrar infração
2026-10-02 11:25:58 [ERROR]: [DB] Falha ao registrar infração
2026-10-02 11:25:58 [INFO]: [TelegramAdapter] Inicializando... 
2026-10-02 11:25:58 [INFO]: [Telegram] Iniciando launch()... 
2026-10-02 11:25:58 [INFO]: [Telegram] ✅ Pronto como  () 
2026-10-02 11:25:58 [INFO]: [TelegramAdapter] Inicializando... 
2026-10-02 11:25:58 [INFO]: [Telegram] Iniciando launch()... 
2026-10-02 11:25:58 [INFO]: [Telegram] ✅ Pronto como  () 
2026-10-02 11:25:58 [INFO]: [TelegramAdapter] Inicializando... 
2026-10-02 11:25:58 [INFO]: [Telegram] Iniciando launch()... 
2026-10-02 11:25:58 [INFO]: [Telegram] ✅ Pronto como  () 
2026-10-02 11:25:58 [INFO]: [TelegramAdapter] Inicializando... 
2026-10-02 11:25:58 [INFO]: [TelegramAdapter] Já estava pronto 
2026-10-02 11:25:58 [INFO]: [TelegramAdapter] Inicializando... 
2026-10-02 11:25:58 [INFO]: [Telegram] Iniciando launch()... 
2026-10-02 11:25:58 [INFO]: [Telegram] ✅ Pronto como  () 
2026-10-02 11:25:58 [INFO]: [TelegramAdapter] Inicializando... 
2026-10-02 11:25:58 [INFO]: [Telegram] Iniciando launch()... 
2026-10-02 11:25:58 [INFO]: [Telegram] ✅ Pronto como  () 
2026-10-02 11:25:58 [INFO]: [Discord] Cliente v14 inicializado com intents, partials e presence 
2026-10-02 11:25:58 [INFO]: [Discord] Iniciando login... 
2026-10-02 11:25:58 [INFO]: [Discord] ✅ Pronto como TestDiscordBot (1111) 
2026-10-02 11:25:58 [ERROR]: ❌ [[Discord] Erro ao definir presença:] this.client.user?.setPresence is not a function
2026-10-02 11:25:58 [INFO]: [Discord] Chamada de login concluída 
2026-10-02 11:25:58 [INFO]: [Discord] Cliente v14 inicializado com intents, partials e presence 
2026-10-02 11:25:58 [INFO]: [Discord] Iniciando login... 
2026-10-02 11:25:58 [INFO]: [Discord] ✅ Pronto como TestDiscordBot (1111) 
2026-10-02 11:25:58 [ERROR]: ❌ [[Discord] Erro ao definir presença:] this.client.user?.setPresence is not a function
2026-10-02 11:25:58 [INFO]: [Discord] Chamada de login concluída 
2026-10-02 11:25:58 [INFO]: [Discord] Iniciando login... 
2026-10-02 11:25:58 [INFO]: [Discord] Chamada de login concluída 
2026-10-02 11:25:58 [INFO]: [Discord] Cliente v14 inicializado com intents, partials e presence 
2026-10-02 11:25:58 [INFO]: [Discord] Iniciando login... 
2026-10-02 11:25:58 [INFO]: [Discord] ✅ Pronto como TestDiscordBot (1111) 
2026-10-02 11:25:58 [ERROR]: ❌ [[Discord] Erro ao definir presença:] this.client.user?.setPresence is not a function
2026-10-02 11:25:58 [INFO]: [Discord] Chamada de login concluída 
2026-10-02 11:26:00 [ERROR]: [memberJoinService] Erro ao processar entrada
2026-10-02 11:26:01 [WARN]: [BaileysSender] sendMessage: socket existe mas NÃO está pronto (readyState !== OPEN) 
2026-10-02 11:26:01 [INFO]: [BaileysSender.sendMessage] Reply: quotedRaw=false, replyTo=original:123, originalKey=NAO 
2026-10-02 11:26:01 [INFO]: [BaileysSender.sendMessage] Quoted payload construído: keyId=123, hasMessage=true 
2026-10-02 11:26:01 [WARN]: [BaileysSender] sendMessage: socket existe mas NÃO está pronto (readyState !== OPEN) 
2026-10-02 11:26:01 [INFO]: [BaileysSender.sendMessage] Reply: quotedRaw=false, replyTo=original:123, originalKey=NAO 
2026-10-02 11:26:01 [INFO]: [BaileysSender.sendMessage] Quoted payload construído: keyId=123, hasMessage=true 
2026-10-02 11:26:01 [WARN]: [BaileysSender] sendMessage: socket existe mas NÃO está pronto (readyState !== OPEN) 
2026-10-02 11:26:01 [INFO]: [BaileysSender.sendMessage] Reply: quotedRaw=false, replyTo=undefined, originalKey=NAO 
2026-10-02 11:26:01 [WARN]: [BaileysSender] sendMessage: socket existe mas NÃO está pronto (readyState !== OPEN) 
2026-10-02 11:26:01 [INFO]: [BaileysSender.sendMessage] Reply: quotedRaw=false, replyTo=original:123, originalKey=NAO 
2026-10-02 11:26:01 [INFO]: [BaileysSender.sendMessage] Quoted payload construído: keyId=123, hasMessage=true 
2026-10-02 11:26:01 [INFO]: [DiscordScreenService] Missing required Discord credentials, screen sharing disabled 
2026-10-02 11:26:01 [INFO]: [DiscordScreenService] Gerenciado externamente (DISCORD_SCREEN_EXTERNAL) — spawn interno desativado 
2026-10-02 11:26:01 [INFO]: [DiscordScreenService] Gerenciado externamente (DISCORD_SCREEN_EXTERNAL) — spawn interno desativado 
2026-10-02 11:26:01 [INFO]: [keywordHandler] Palavra-chave detectada, resposta enviada
2026-10-02 11:26:03 [INFO]: [Discord] Cliente v14 inicializado com intents, partials e presence 
2026-10-02 11:28:01 [ERROR]: [DB] Falha ao registrar infração
2026-10-02 11:28:03 [ERROR]: ❌ [Erro no comando $stats:] SQLITE_ERROR: no such table: feedbacks
2026-10-02 11:28:03 [ERROR]:    Stack: 
2026-10-02 11:28:03 [INFO]: 🛑 [SHUTDOWN] Comando executado por: 5588998314322@c.us 
2026-10-02 11:28:04 [ERROR]: ❌ [❌ Erro no $grupos:] ctx.client.getChats is not a function
2026-10-02 11:28:04 [ERROR]:    Stack: at Object.execute (D:\Desktop\Programas\bot-wpp\src\bot\commands\grupos.ts:18:44)
2026-10-02 11:28:04 [ERROR]: ❌ [[ScreenCommand] Erro:] connect ECONNREFUSED 127.0.0.1:3002
2026-10-02 11:28:04 [ERROR]:    Stack: at TCPConnectWrap.afterConnect [as oncomplete] (node:net:2017:16)
2026-10-02 11:28:04 [INFO]: 🛑 [SHUTDOWN] Comando executado por: 5588998314322@c.us 
2026-10-02 11:28:05 [ERROR]: [DB] Falha ao registrar infração
2026-10-02 11:28:05 [ERROR]: [DB] Falha ao registrar infração
2026-10-02 11:28:05 [ERROR]: [DB] Falha ao registrar infração
2026-10-02 11:28:05 [ERROR]: [DB] Falha ao registrar infração
2026-10-02 11:28:05 [ERROR]: [DB] Falha ao registrar infração
2026-10-02 11:28:05 [ERROR]: [DB] Falha ao registrar infração
2026-10-02 11:28:05 [ERROR]: [DB] Falha ao registrar infração
2026-10-02 11:28:05 [ERROR]: [DB] Falha ao registrar infração
2026-10-02 11:28:05 [ERROR]: [DB] Falha ao registrar infração
2026-10-02 11:28:06 [INFO]: [TelegramAdapter] Inicializando... 
2026-10-02 11:28:06 [INFO]: [Telegram] Iniciando launch()... 
2026-10-02 11:28:06 [INFO]: [Telegram] ✅ Pronto como  () 
2026-10-02 11:28:06 [INFO]: [TelegramAdapter] Inicializando... 
2026-10-02 11:28:06 [INFO]: [Telegram] Iniciando launch()... 
2026-10-02 11:28:06 [INFO]: [Telegram] ✅ Pronto como  () 
2026-10-02 11:28:06 [INFO]: [TelegramAdapter] Inicializando... 
2026-10-02 11:28:06 [INFO]: [Telegram] Iniciando launch()... 
2026-10-02 11:28:06 [INFO]: [Telegram] ✅ Pronto como  () 
2026-10-02 11:28:06 [INFO]: [TelegramAdapter] Inicializando... 
2026-10-02 11:28:06 [INFO]: [TelegramAdapter] Já estava pronto 
2026-10-02 11:28:06 [INFO]: [TelegramAdapter] Inicializando... 
2026-10-02 11:28:06 [INFO]: [Telegram] Iniciando launch()... 
2026-10-02 11:28:06 [INFO]: [Telegram] ✅ Pronto como  () 
2026-10-02 11:28:06 [INFO]: [TelegramAdapter] Inicializando... 
2026-10-02 11:28:06 [INFO]: [Telegram] Iniciando launch()... 
2026-10-02 11:28:06 [INFO]: [Telegram] ✅ Pronto como  () 
2026-10-02 11:28:06 [INFO]: [Discord] Cliente v14 inicializado com intents, partials e presence 
2026-10-02 11:28:06 [INFO]: [Discord] Iniciando login... 
2026-10-02 11:28:06 [INFO]: [Discord] ✅ Pronto como TestDiscordBot (1111) 
2026-10-02 11:28:06 [ERROR]: ❌ [[Discord] Erro ao definir presença:] this.client.user?.setPresence is not a function
2026-10-02 11:28:06 [INFO]: [Discord] Chamada de login concluída 
2026-10-02 11:28:06 [INFO]: [Discord] Cliente v14 inicializado com intents, partials e presence 
2026-10-02 11:28:06 [INFO]: [Discord] Iniciando login... 
2026-10-02 11:28:06 [INFO]: [Discord] ✅ Pronto como TestDiscordBot (1111) 
2026-10-02 11:28:06 [ERROR]: ❌ [[Discord] Erro ao definir presença:] this.client.user?.setPresence is not a function
2026-10-02 11:28:06 [INFO]: [Discord] Chamada de login concluída 
2026-10-02 11:28:06 [INFO]: [Discord] Iniciando login... 
2026-10-02 11:28:06 [INFO]: [Discord] Chamada de login concluída 
2026-10-02 11:28:06 [INFO]: [Discord] Cliente v14 inicializado com intents, partials e presence 
2026-10-02 11:28:06 [INFO]: [Discord] Iniciando login... 
2026-10-02 11:28:06 [INFO]: [Discord] ✅ Pronto como TestDiscordBot (1111) 
2026-10-02 11:28:06 [ERROR]: ❌ [[Discord] Erro ao definir presença:] this.client.user?.setPresence is not a function
2026-10-02 11:28:06 [INFO]: [Discord] Chamada de login concluída 
2026-10-02 11:28:07 [INFO]: [DiscordScreenService] Missing required Discord credentials, screen sharing disabled 
2026-10-02 11:28:07 [INFO]: [DiscordScreenService] Gerenciado externamente (DISCORD_SCREEN_EXTERNAL) — spawn interno desativado 
2026-10-02 11:28:07 [INFO]: [DiscordScreenService] Gerenciado externamente (DISCORD_SCREEN_EXTERNAL) — spawn interno desativado 
2026-10-02 11:28:08 [ERROR]: [memberJoinService] Erro ao processar entrada
2026-10-02 11:28:08 [WARN]: [BaileysSender] sendMessage: socket existe mas NÃO está pronto (readyState !== OPEN) 
2026-10-02 11:28:08 [INFO]: [BaileysSender.sendMessage] Reply: quotedRaw=false, replyTo=original:123, originalKey=NAO 
2026-10-02 11:28:08 [INFO]: [BaileysSender.sendMessage] Quoted payload construído: keyId=123, hasMessage=true 
2026-10-02 11:28:08 [WARN]: [BaileysSender] sendMessage: socket existe mas NÃO está pronto (readyState !== OPEN) 
2026-10-02 11:28:08 [INFO]: [BaileysSender.sendMessage] Reply: quotedRaw=false, replyTo=original:123, originalKey=NAO 
2026-10-02 11:28:08 [INFO]: [BaileysSender.sendMessage] Quoted payload construído: keyId=123, hasMessage=true 
2026-10-02 11:28:08 [WARN]: [BaileysSender] sendMessage: socket existe mas NÃO está pronto (readyState !== OPEN) 
2026-10-02 11:28:08 [INFO]: [BaileysSender.sendMessage] Reply: quotedRaw=false, replyTo=undefined, originalKey=NAO 
2026-10-02 11:28:08 [WARN]: [BaileysSender] sendMessage: socket existe mas NÃO está pronto (readyState !== OPEN) 
2026-10-02 11:28:08 [INFO]: [BaileysSender.sendMessage] Reply: quotedRaw=false, replyTo=original:123, originalKey=NAO 
2026-10-02 11:28:08 [INFO]: [BaileysSender.sendMessage] Quoted payload construído: keyId=123, hasMessage=true 
2026-10-02 11:28:08 [INFO]: [keywordHandler] Palavra-chave detectada, resposta enviada
2026-10-02 11:28:11 [INFO]: [Discord] Cliente v14 inicializado com intents, partials e presence 
2026-10-02 11:28:34 [ERROR]: [DB] Falha ao registrar infração
2026-10-02 11:28:36 [ERROR]: ❌ [Erro no comando $stats:] SQLITE_ERROR: no such table: feedbacks
2026-10-02 11:28:36 [ERROR]:    Stack: 
2026-10-02 11:28:36 [INFO]: 🛑 [SHUTDOWN] Comando executado por: 5588998314322@c.us 
2026-10-02 11:28:36 [ERROR]: ❌ [❌ Erro no $grupos:] ctx.client.getChats is not a function
2026-10-02 11:28:36 [ERROR]:    Stack: at Object.execute (D:\Desktop\Programas\bot-wpp\src\bot\commands\grupos.ts:18:44)
2026-10-02 11:28:36 [ERROR]: ❌ [[ScreenCommand] Erro:] connect ECONNREFUSED 127.0.0.1:3002
2026-10-02 11:28:36 [ERROR]:    Stack: at TCPConnectWrap.afterConnect [as oncomplete] (node:net:2017:16)
2026-10-02 11:28:37 [INFO]: 🛑 [SHUTDOWN] Comando executado por: 5588998314322@c.us 
2026-10-02 11:28:38 [ERROR]: [DB] Falha ao registrar infração
2026-10-02 11:28:38 [ERROR]: [DB] Falha ao registrar infração
2026-10-02 11:28:38 [ERROR]: [DB] Falha ao registrar infração
2026-10-02 11:28:38 [ERROR]: [DB] Falha ao registrar infração
2026-10-02 11:28:38 [ERROR]: [DB] Falha ao registrar infração
2026-10-02 11:28:38 [ERROR]: [DB] Falha ao registrar infração
2026-10-02 11:28:38 [ERROR]: [DB] Falha ao registrar infração
2026-10-02 11:28:38 [ERROR]: [DB] Falha ao registrar infração
2026-10-02 11:28:38 [ERROR]: [DB] Falha ao registrar infração
2026-10-02 11:28:39 [INFO]: [TelegramAdapter] Inicializando... 
2026-10-02 11:28:39 [INFO]: [Telegram] Iniciando launch()... 
2026-10-02 11:28:39 [INFO]: [Telegram] ✅ Pronto como  () 
2026-10-02 11:28:39 [INFO]: [TelegramAdapter] Inicializando... 
2026-10-02 11:28:39 [INFO]: [Telegram] Iniciando launch()... 
2026-10-02 11:28:39 [INFO]: [Telegram] ✅ Pronto como  () 
2026-10-02 11:28:39 [INFO]: [TelegramAdapter] Inicializando... 
2026-10-02 11:28:39 [INFO]: [Telegram] Iniciando launch()... 
2026-10-02 11:28:39 [INFO]: [Telegram] ✅ Pronto como  () 
2026-10-02 11:28:39 [INFO]: [TelegramAdapter] Inicializando... 
2026-10-02 11:28:39 [INFO]: [TelegramAdapter] Já estava pronto 
2026-10-02 11:28:39 [INFO]: [TelegramAdapter] Inicializando... 
2026-10-02 11:28:39 [INFO]: [Telegram] Iniciando launch()... 
2026-10-02 11:28:39 [INFO]: [Telegram] ✅ Pronto como  () 
2026-10-02 11:28:39 [INFO]: [TelegramAdapter] Inicializando... 
2026-10-02 11:28:39 [INFO]: [Telegram] Iniciando launch()... 
2026-10-02 11:28:39 [INFO]: [Telegram] ✅ Pronto como  () 
2026-10-02 11:28:39 [INFO]: [Discord] Cliente v14 inicializado com intents, partials e presence 
2026-10-02 11:28:39 [INFO]: [Discord] Iniciando login... 
2026-10-02 11:28:39 [INFO]: [Discord] ✅ Pronto como TestDiscordBot (1111) 
2026-10-02 11:28:39 [ERROR]: ❌ [[Discord] Erro ao definir presença:] this.client.user?.setPresence is not a function
2026-10-02 11:28:39 [INFO]: [Discord] Chamada de login concluída 
2026-10-02 11:28:39 [INFO]: [Discord] Cliente v14 inicializado com intents, partials e presence 
2026-10-02 11:28:39 [INFO]: [Discord] Iniciando login... 
2026-10-02 11:28:39 [INFO]: [Discord] ✅ Pronto como TestDiscordBot (1111) 
2026-10-02 11:28:39 [ERROR]: ❌ [[Discord] Erro ao definir presença:] this.client.user?.setPresence is not a function
2026-10-02 11:28:39 [INFO]: [Discord] Chamada de login concluída 
2026-10-02 11:28:39 [INFO]: [Discord] Iniciando login... 
2026-10-02 11:28:39 [INFO]: [Discord] Chamada de login concluída 
2026-10-02 11:28:39 [INFO]: [Discord] Cliente v14 inicializado com intents, partials e presence 
2026-10-02 11:28:39 [INFO]: [Discord] Iniciando login... 
2026-10-02 11:28:39 [INFO]: [Discord] ✅ Pronto como TestDiscordBot (1111) 
2026-10-02 11:28:39 [ERROR]: ❌ [[Discord] Erro ao definir presença:] this.client.user?.setPresence is not a function
2026-10-02 11:28:39 [INFO]: [Discord] Chamada de login concluída 
2026-10-02 11:28:40 [ERROR]: [memberJoinService] Erro ao processar entrada
2026-10-02 11:28:41 [WARN]: [BaileysSender] sendMessage: socket existe mas NÃO está pronto (readyState !== OPEN) 
2026-10-02 11:28:41 [INFO]: [BaileysSender.sendMessage] Reply: quotedRaw=false, replyTo=original:123, originalKey=NAO 
2026-10-02 11:28:41 [INFO]: [BaileysSender.sendMessage] Quoted payload construído: keyId=123, hasMessage=true 
2026-10-02 11:28:41 [WARN]: [BaileysSender] sendMessage: socket existe mas NÃO está pronto (readyState !== OPEN) 
2026-10-02 11:28:41 [INFO]: [BaileysSender.sendMessage] Reply: quotedRaw=false, replyTo=original:123, originalKey=NAO 
2026-10-02 11:28:41 [INFO]: [BaileysSender.sendMessage] Quoted payload construído: keyId=123, hasMessage=true 
2026-10-02 11:28:41 [WARN]: [BaileysSender] sendMessage: socket existe mas NÃO está pronto (readyState !== OPEN) 
2026-10-02 11:28:41 [INFO]: [BaileysSender.sendMessage] Reply: quotedRaw=false, replyTo=undefined, originalKey=NAO 
2026-10-02 11:28:41 [WARN]: [BaileysSender] sendMessage: socket existe mas NÃO está pronto (readyState !== OPEN) 
2026-10-02 11:28:41 [INFO]: [BaileysSender.sendMessage] Reply: quotedRaw=false, replyTo=original:123, originalKey=NAO 
2026-10-02 11:28:41 [INFO]: [BaileysSender.sendMessage] Quoted payload construído: keyId=123, hasMessage=true 
2026-10-02 11:28:41 [INFO]: [keywordHandler] Palavra-chave detectada, resposta enviada
2026-10-02 11:28:42 [INFO]: [DiscordScreenService] Missing required Discord credentials, screen sharing disabled 
2026-10-02 11:28:42 [INFO]: [DiscordScreenService] Gerenciado externamente (DISCORD_SCREEN_EXTERNAL) — spawn interno desativado 
2026-10-02 11:28:42 [INFO]: [DiscordScreenService] Gerenciado externamente (DISCORD_SCREEN_EXTERNAL) — spawn interno desativado 
2026-10-02 11:28:44 [INFO]: [Discord] Cliente v14 inicializado com intents, partials e presence 
2026-10-02 12:45:54 [ERROR]: [DB] Falha ao registrar infração
2026-10-02 12:45:58 [ERROR]: ❌ [Erro no comando $stats:] SQLITE_ERROR: no such table: feedbacks
2026-10-02 12:45:58 [ERROR]:    Stack: 
2026-10-02 12:45:58 [INFO]: 🛑 [SHUTDOWN] Comando executado por: 5588998314322@c.us 
2026-10-02 12:45:58 [ERROR]: ❌ [❌ Erro no $grupos:] ctx.client.getChats is not a function
2026-10-02 12:45:58 [ERROR]:    Stack: at Object.execute (D:\Desktop\Programas\bot-wpp\src\bot\commands\grupos.ts:18:44)
2026-10-02 12:45:58 [ERROR]: ❌ [[ScreenCommand] Erro:] connect ECONNREFUSED 127.0.0.1:3002
2026-10-02 12:45:58 [ERROR]:    Stack: at TCPConnectWrap.afterConnect [as oncomplete] (node:net:2017:16)
2026-10-02 12:45:58 [INFO]: 🛑 [SHUTDOWN] Comando executado por: 5588998314322@c.us 
2026-10-02 12:45:59 [ERROR]: [DB] Falha ao registrar infração
2026-10-02 12:45:59 [ERROR]: [DB] Falha ao registrar infração
2026-10-02 12:45:59 [ERROR]: [DB] Falha ao registrar infração
2026-10-02 12:45:59 [ERROR]: [DB] Falha ao registrar infração
2026-10-02 12:45:59 [ERROR]: [DB] Falha ao registrar infração
2026-10-02 12:46:00 [INFO]: [TelegramAdapter] Inicializando... 
2026-10-02 12:46:00 [INFO]: [Telegram] Iniciando launch()... 
2026-10-02 12:46:00 [INFO]: [Telegram] ✅ Pronto como  () 
2026-10-02 12:46:00 [INFO]: [TelegramAdapter] Inicializando... 
2026-10-02 12:46:00 [INFO]: [Telegram] Iniciando launch()... 
2026-10-02 12:46:00 [INFO]: [Telegram] ✅ Pronto como  () 
2026-10-02 12:46:00 [INFO]: [TelegramAdapter] Inicializando... 
2026-10-02 12:46:00 [INFO]: [Telegram] Iniciando launch()... 
2026-10-02 12:46:00 [INFO]: [Telegram] ✅ Pronto como  () 
2026-10-02 12:46:00 [INFO]: [TelegramAdapter] Inicializando... 
2026-10-02 12:46:00 [INFO]: [TelegramAdapter] Já estava pronto 
2026-10-02 12:46:00 [INFO]: [TelegramAdapter] Inicializando... 
2026-10-02 12:46:00 [INFO]: [Telegram] Iniciando launch()... 
2026-10-02 12:46:00 [INFO]: [Telegram] ✅ Pronto como  () 
2026-10-02 12:46:00 [INFO]: [TelegramAdapter] Inicializando... 
2026-10-02 12:46:00 [INFO]: [Telegram] Iniciando launch()... 
2026-10-02 12:46:00 [INFO]: [Telegram] ✅ Pronto como  () 
2026-10-02 12:46:00 [INFO]: [Discord] Cliente v14 inicializado com intents, partials e presence 
2026-10-02 12:46:00 [INFO]: [Discord] Iniciando login... 
2026-10-02 12:46:00 [INFO]: [Discord] ✅ Pronto como TestDiscordBot (1111) 
2026-10-02 12:46:00 [ERROR]: ❌ [[Discord] Erro ao definir presença:] this.client.user?.setPresence is not a function
2026-10-02 12:46:00 [INFO]: [Discord] Chamada de login concluída 
2026-10-02 12:46:00 [INFO]: [Discord] Cliente v14 inicializado com intents, partials e presence 
2026-10-02 12:46:00 [INFO]: [Discord] Iniciando login... 
2026-10-02 12:46:00 [INFO]: [Discord] ✅ Pronto como TestDiscordBot (1111) 
2026-10-02 12:46:00 [ERROR]: ❌ [[Discord] Erro ao definir presença:] this.client.user?.setPresence is not a function
2026-10-02 12:46:00 [INFO]: [Discord] Chamada de login concluída 
2026-10-02 12:46:00 [INFO]: [Discord] Iniciando login... 
2026-10-02 12:46:00 [INFO]: [Discord] Chamada de login concluída 
2026-10-02 12:46:00 [INFO]: [Discord] Cliente v14 inicializado com intents, partials e presence 
2026-10-02 12:46:00 [INFO]: [Discord] Iniciando login... 
2026-10-02 12:46:00 [INFO]: [Discord] ✅ Pronto como TestDiscordBot (1111) 
2026-10-02 12:46:00 [ERROR]: ❌ [[Discord] Erro ao definir presença:] this.client.user?.setPresence is not a function
2026-10-02 12:46:00 [INFO]: [Discord] Chamada de login concluída 
2026-10-02 12:46:01 [ERROR]: [memberJoinService] Erro ao processar entrada
2026-10-02 12:46:01 [INFO]: [DiscordScreenService] Missing required Discord credentials, screen sharing disabled 
2026-10-02 12:46:01 [INFO]: [DiscordScreenService] Gerenciado externamente (DISCORD_SCREEN_EXTERNAL) — spawn interno desativado 
2026-10-02 12:46:01 [INFO]: [DiscordScreenService] Gerenciado externamente (DISCORD_SCREEN_EXTERNAL) — spawn interno desativado 
2026-10-02 12:46:02 [WARN]: [BaileysSender] sendMessage: socket existe mas NÃO está pronto (readyState !== OPEN) 
2026-10-02 12:46:02 [INFO]: [BaileysSender.sendMessage] Reply: quotedRaw=false, replyTo=original:123, originalKey=NAO 
2026-10-02 12:46:02 [INFO]: [BaileysSender.sendMessage] Quoted payload construído: keyId=123, hasMessage=true 
2026-10-02 12:46:02 [WARN]: [BaileysSender] sendMessage: socket existe mas NÃO está pronto (readyState !== OPEN) 
2026-10-02 12:46:02 [INFO]: [BaileysSender.sendMessage] Reply: quotedRaw=false, replyTo=original:123, originalKey=NAO 
2026-10-02 12:46:02 [INFO]: [BaileysSender.sendMessage] Quoted payload construído: keyId=123, hasMessage=true 
2026-10-02 12:46:02 [WARN]: [BaileysSender] sendMessage: socket existe mas NÃO está pronto (readyState !== OPEN) 
2026-10-02 12:46:02 [INFO]: [BaileysSender.sendMessage] Reply: quotedRaw=false, replyTo=undefined, originalKey=NAO 
2026-10-02 12:46:02 [WARN]: [BaileysSender] sendMessage: socket existe mas NÃO está pronto (readyState !== OPEN) 
2026-10-02 12:46:02 [INFO]: [BaileysSender.sendMessage] Reply: quotedRaw=false, replyTo=original:123, originalKey=NAO 
2026-10-02 12:46:02 [INFO]: [BaileysSender.sendMessage] Quoted payload construído: keyId=123, hasMessage=true 
2026-10-02 12:46:03 [INFO]: [keywordHandler] Palavra-chave detectada, resposta enviada
2026-10-02 12:46:05 [INFO]: [Discord] Cliente v14 inicializado com intents, partials e presence 
2026-10-02 12:46:17 [ERROR]: [DB] Falha ao registrar infração
2026-10-02 12:46:17 [ERROR]: [DB] Falha ao registrar infração
2026-10-02 12:46:17 [ERROR]: [DB] Falha ao registrar infração
2026-10-02 12:46:17 [ERROR]: [DB] Falha ao registrar infração
2026-10-02 12:46:17 [ERROR]: [DB] Falha ao registrar infração
2026-10-02 12:46:20 [ERROR]: [DB] Falha ao registrar infração
2026-10-02 12:46:22 [ERROR]: ❌ [Erro no comando $stats:] SQLITE_ERROR: no such table: feedbacks
2026-10-02 12:46:22 [ERROR]:    Stack: 
2026-10-02 12:46:22 [INFO]: 🛑 [SHUTDOWN] Comando executado por: 5588998314322@c.us 
2026-10-02 12:46:22 [ERROR]: ❌ [❌ Erro no $grupos:] ctx.client.getChats is not a function
2026-10-02 12:46:22 [ERROR]:    Stack: at Object.execute (D:\Desktop\Programas\bot-wpp\src\bot\commands\grupos.ts:18:44)
2026-10-02 12:46:22 [ERROR]: ❌ [[ScreenCommand] Erro:] connect ECONNREFUSED 127.0.0.1:3002
2026-10-02 12:46:22 [ERROR]:    Stack: at TCPConnectWrap.afterConnect [as oncomplete] (node:net:2017:16)
2026-10-02 12:46:22 [INFO]: 🛑 [SHUTDOWN] Comando executado por: 5588998314322@c.us 
2026-10-02 12:46:23 [INFO]: [TelegramAdapter] Inicializando... 
2026-10-02 12:46:23 [INFO]: [Telegram] Iniciando launch()... 
2026-10-02 12:46:23 [INFO]: [Telegram] ✅ Pronto como  () 
2026-10-02 12:46:23 [INFO]: [TelegramAdapter] Inicializando... 
2026-10-02 12:46:23 [INFO]: [Telegram] Iniciando launch()... 
2026-10-02 12:46:23 [INFO]: [Telegram] ✅ Pronto como  () 
2026-10-02 12:46:23 [INFO]: [TelegramAdapter] Inicializando... 
2026-10-02 12:46:23 [INFO]: [Telegram] Iniciando launch()... 
2026-10-02 12:46:23 [INFO]: [Telegram] ✅ Pronto como  () 
2026-10-02 12:46:23 [INFO]: [TelegramAdapter] Inicializando... 
2026-10-02 12:46:23 [INFO]: [TelegramAdapter] Já estava pronto 
2026-10-02 12:46:23 [INFO]: [TelegramAdapter] Inicializando... 
2026-10-02 12:46:23 [INFO]: [Telegram] Iniciando launch()... 
2026-10-02 12:46:23 [INFO]: [Telegram] ✅ Pronto como  () 
2026-10-02 12:46:23 [INFO]: [TelegramAdapter] Inicializando... 
2026-10-02 12:46:23 [INFO]: [Telegram] Iniciando launch()... 
2026-10-02 12:46:23 [INFO]: [Telegram] ✅ Pronto como  () 
2026-10-02 12:46:23 [INFO]: [Discord] Cliente v14 inicializado com intents, partials e presence 
2026-10-02 12:46:23 [INFO]: [Discord] Iniciando login... 
2026-10-02 12:46:23 [INFO]: [Discord] ✅ Pronto como TestDiscordBot (1111) 
2026-10-02 12:46:23 [ERROR]: ❌ [[Discord] Erro ao definir presença:] this.client.user?.setPresence is not a function
2026-10-02 12:46:23 [INFO]: [Discord] Chamada de login concluída 
2026-10-02 12:46:23 [INFO]: [Discord] Cliente v14 inicializado com intents, partials e presence 
2026-10-02 12:46:23 [INFO]: [Discord] Iniciando login... 
2026-10-02 12:46:23 [INFO]: [Discord] ✅ Pronto como TestDiscordBot (1111) 
2026-10-02 12:46:23 [ERROR]: ❌ [[Discord] Erro ao definir presença:] this.client.user?.setPresence is not a function
2026-10-02 12:46:23 [INFO]: [Discord] Chamada de login concluída 
2026-10-02 12:46:23 [INFO]: [Discord] Iniciando login... 
2026-10-02 12:46:23 [INFO]: [Discord] Chamada de login concluída 
2026-10-02 12:46:23 [INFO]: [Discord] Cliente v14 inicializado com intents, partials e presence 
2026-10-02 12:46:23 [INFO]: [Discord] Iniciando login... 
2026-10-02 12:46:23 [INFO]: [Discord] ✅ Pronto como TestDiscordBot (1111) 
2026-10-02 12:46:23 [ERROR]: ❌ [[Discord] Erro ao definir presença:] this.client.user?.setPresence is not a function
2026-10-02 12:46:23 [INFO]: [Discord] Chamada de login concluída 
2026-10-02 12:46:24 [INFO]: [keywordHandler] Palavra-chave detectada, resposta enviada
2026-10-02 12:46:25 [ERROR]: [memberJoinService] Erro ao processar entrada
2026-10-02 12:46:25 [WARN]: [BaileysSender] sendMessage: socket existe mas NÃO está pronto (readyState !== OPEN) 
2026-10-02 12:46:25 [INFO]: [BaileysSender.sendMessage] Reply: quotedRaw=false, replyTo=original:123, originalKey=NAO 
2026-10-02 12:46:25 [INFO]: [BaileysSender.sendMessage] Quoted payload construído: keyId=123, hasMessage=true 
2026-10-02 12:46:25 [WARN]: [BaileysSender] sendMessage: socket existe mas NÃO está pronto (readyState !== OPEN) 
2026-10-02 12:46:25 [INFO]: [BaileysSender.sendMessage] Reply: quotedRaw=false, replyTo=original:123, originalKey=NAO 
2026-10-02 12:46:25 [INFO]: [BaileysSender.sendMessage] Quoted payload construído: keyId=123, hasMessage=true 
2026-10-02 12:46:25 [WARN]: [BaileysSender] sendMessage: socket existe mas NÃO está pronto (readyState !== OPEN) 
2026-10-02 12:46:25 [INFO]: [BaileysSender.sendMessage] Reply: quotedRaw=false, replyTo=undefined, originalKey=NAO 
2026-10-02 12:46:25 [WARN]: [BaileysSender] sendMessage: socket existe mas NÃO está pronto (readyState !== OPEN) 
2026-10-02 12:46:25 [INFO]: [BaileysSender.sendMessage] Reply: quotedRaw=false, replyTo=original:123, originalKey=NAO 
2026-10-02 12:46:25 [INFO]: [BaileysSender.sendMessage] Quoted payload construído: keyId=123, hasMessage=true 
2026-10-02 12:46:27 [INFO]: [DiscordScreenService] Missing required Discord credentials, screen sharing disabled 
2026-10-02 12:46:27 [INFO]: [DiscordScreenService] Gerenciado externamente (DISCORD_SCREEN_EXTERNAL) — spawn interno desativado 
2026-10-02 12:46:27 [INFO]: [DiscordScreenService] Gerenciado externamente (DISCORD_SCREEN_EXTERNAL) — spawn interno desativado 
2026-10-02 12:46:27 [INFO]: [Discord] Cliente v14 inicializado com intents, partials e presence 
2026-10-02 12:46:40 [ERROR]: [DB] Falha ao registrar infração
2026-10-02 12:46:40 [ERROR]: [DB] Falha ao registrar infração
2026-10-02 12:46:40 [ERROR]: [DB] Falha ao registrar infração
2026-10-02 12:46:40 [ERROR]: [DB] Falha ao registrar infração
2026-10-02 12:46:40 [ERROR]: [DB] Falha ao registrar infração
2026-10-02 12:46:44 [ERROR]: [DB] Falha ao registrar infração
2026-10-02 12:46:45 [ERROR]: ❌ [Erro no comando $stats:] SQLITE_ERROR: no such table: feedbacks
2026-10-02 12:46:45 [ERROR]:    Stack: 
2026-10-02 12:46:45 [INFO]: 🛑 [SHUTDOWN] Comando executado por: 5588998314322@c.us 
2026-10-02 12:46:45 [ERROR]: ❌ [❌ Erro no $grupos:] ctx.client.getChats is not a function
2026-10-02 12:46:45 [ERROR]:    Stack: at Object.execute (D:\Desktop\Programas\bot-wpp\src\bot\commands\grupos.ts:18:44)
2026-10-02 12:46:45 [ERROR]: ❌ [[ScreenCommand] Erro:] connect ECONNREFUSED 127.0.0.1:3002
2026-10-02 12:46:45 [ERROR]:    Stack: at TCPConnectWrap.afterConnect [as oncomplete] (node:net:2017:16)
2026-10-02 12:46:45 [INFO]: 🛑 [SHUTDOWN] Comando executado por: 5588998314322@c.us 
2026-10-02 12:46:47 [INFO]: [TelegramAdapter] Inicializando... 
2026-10-02 12:46:47 [INFO]: [Telegram] Iniciando launch()... 
2026-10-02 12:46:47 [INFO]: [Telegram] ✅ Pronto como  () 
2026-10-02 12:46:47 [INFO]: [TelegramAdapter] Inicializando... 
2026-10-02 12:46:47 [INFO]: [Telegram] Iniciando launch()... 
2026-10-02 12:46:47 [INFO]: [Telegram] ✅ Pronto como  () 
2026-10-02 12:46:47 [INFO]: [TelegramAdapter] Inicializando... 
2026-10-02 12:46:47 [INFO]: [Telegram] Iniciando launch()... 
2026-10-02 12:46:47 [INFO]: [Telegram] ✅ Pronto como  () 
2026-10-02 12:46:47 [INFO]: [TelegramAdapter] Inicializando... 
2026-10-02 12:46:47 [INFO]: [TelegramAdapter] Já estava pronto 
2026-10-02 12:46:47 [INFO]: [TelegramAdapter] Inicializando... 
2026-10-02 12:46:47 [INFO]: [Telegram] Iniciando launch()... 
2026-10-02 12:46:47 [INFO]: [Telegram] ✅ Pronto como  () 
2026-10-02 12:46:47 [INFO]: [TelegramAdapter] Inicializando... 
2026-10-02 12:46:47 [INFO]: [Telegram] Iniciando launch()... 
2026-10-02 12:46:47 [INFO]: [Telegram] ✅ Pronto como  () 
2026-10-02 12:46:47 [INFO]: [Discord] Cliente v14 inicializado com intents, partials e presence 
2026-10-02 12:46:47 [INFO]: [Discord] Iniciando login... 
2026-10-02 12:46:47 [INFO]: [Discord] ✅ Pronto como TestDiscordBot (1111) 
2026-10-02 12:46:47 [ERROR]: ❌ [[Discord] Erro ao definir presença:] this.client.user?.setPresence is not a function
2026-10-02 12:46:47 [INFO]: [Discord] Chamada de login concluída 
2026-10-02 12:46:47 [INFO]: [Discord] Cliente v14 inicializado com intents, partials e presence 
2026-10-02 12:46:47 [INFO]: [Discord] Iniciando login... 
2026-10-02 12:46:47 [INFO]: [Discord] ✅ Pronto como TestDiscordBot (1111) 
2026-10-02 12:46:47 [ERROR]: ❌ [[Discord] Erro ao definir presença:] this.client.user?.setPresence is not a function
2026-10-02 12:46:47 [INFO]: [Discord] Chamada de login concluída 
2026-10-02 12:46:47 [INFO]: [Discord] Iniciando login... 
2026-10-02 12:46:47 [INFO]: [Discord] Chamada de login concluída 
2026-10-02 12:46:47 [INFO]: [Discord] Cliente v14 inicializado com intents, partials e presence 
2026-10-02 12:46:47 [INFO]: [Discord] Iniciando login... 
2026-10-02 12:46:47 [INFO]: [Discord] ✅ Pronto como TestDiscordBot (1111) 
2026-10-02 12:46:47 [ERROR]: ❌ [[Discord] Erro ao definir presença:] this.client.user?.setPresence is not a function
2026-10-02 12:46:47 [INFO]: [Discord] Chamada de login concluída 
2026-10-02 12:46:48 [ERROR]: [memberJoinService] Erro ao processar entrada
2026-10-02 12:46:48 [INFO]: [keywordHandler] Palavra-chave detectada, resposta enviada
2026-10-02 12:46:48 [WARN]: [BaileysSender] sendMessage: socket existe mas NÃO está pronto (readyState !== OPEN) 
2026-10-02 12:46:48 [INFO]: [BaileysSender.sendMessage] Reply: quotedRaw=false, replyTo=original:123, originalKey=NAO 
2026-10-02 12:46:48 [INFO]: [BaileysSender.sendMessage] Quoted payload construído: keyId=123, hasMessage=true 
2026-10-02 12:46:48 [WARN]: [BaileysSender] sendMessage: socket existe mas NÃO está pronto (readyState !== OPEN) 
2026-10-02 12:46:48 [INFO]: [BaileysSender.sendMessage] Reply: quotedRaw=false, replyTo=original:123, originalKey=NAO 
2026-10-02 12:46:48 [INFO]: [BaileysSender.sendMessage] Quoted payload construído: keyId=123, hasMessage=true 
2026-10-02 12:46:48 [WARN]: [BaileysSender] sendMessage: socket existe mas NÃO está pronto (readyState !== OPEN) 
2026-10-02 12:46:48 [INFO]: [BaileysSender.sendMessage] Reply: quotedRaw=false, replyTo=undefined, originalKey=NAO 
2026-10-02 12:46:48 [WARN]: [BaileysSender] sendMessage: socket existe mas NÃO está pronto (readyState !== OPEN) 
2026-10-02 12:46:48 [INFO]: [BaileysSender.sendMessage] Reply: quotedRaw=false, replyTo=original:123, originalKey=NAO 
2026-10-02 12:46:48 [INFO]: [BaileysSender.sendMessage] Quoted payload construído: keyId=123, hasMessage=true 
2026-10-02 12:46:49 [INFO]: [DiscordScreenService] Missing required Discord credentials, screen sharing disabled 
2026-10-02 12:46:49 [INFO]: [DiscordScreenService] Gerenciado externamente (DISCORD_SCREEN_EXTERNAL) — spawn interno desativado 
2026-10-02 12:46:49 [INFO]: [DiscordScreenService] Gerenciado externamente (DISCORD_SCREEN_EXTERNAL) — spawn interno desativado 
2026-10-02 12:46:51 [INFO]: [Discord] Cliente v14 inicializado com intents, partials e presence 
2026-10-02 12:47:03 [ERROR]: [DB] Falha ao registrar infração
2026-10-02 12:47:03 [ERROR]: [DB] Falha ao registrar infração
2026-10-02 12:47:03 [ERROR]: [DB] Falha ao registrar infração
2026-10-02 12:47:03 [ERROR]: [DB] Falha ao registrar infração
2026-10-02 12:47:03 [ERROR]: [DB] Falha ao registrar infração
2026-10-02 12:47:05 [ERROR]: [DB] Falha ao registrar infração
2026-10-02 12:47:07 [ERROR]: ❌ [Erro no comando $stats:] SQLITE_ERROR: no such table: feedbacks
2026-10-02 12:47:07 [ERROR]:    Stack: 
2026-10-02 12:47:07 [INFO]: 🛑 [SHUTDOWN] Comando executado por: 5588998314322@c.us 
2026-10-02 12:47:07 [ERROR]: ❌ [❌ Erro no $grupos:] ctx.client.getChats is not a function
2026-10-02 12:47:07 [ERROR]:    Stack: at Object.execute (D:\Desktop\Programas\bot-wpp\src\bot\commands\grupos.ts:18:44)
2026-10-02 12:47:07 [ERROR]: ❌ [[ScreenCommand] Erro:] connect ECONNREFUSED 127.0.0.1:3002
2026-10-02 12:47:07 [ERROR]:    Stack: at TCPConnectWrap.afterConnect [as oncomplete] (node:net:2017:16)
2026-10-02 12:47:07 [INFO]: 🛑 [SHUTDOWN] Comando executado por: 5588998314322@c.us 
2026-10-02 12:47:09 [INFO]: [TelegramAdapter] Inicializando... 
2026-10-02 12:47:09 [INFO]: [Telegram] Iniciando launch()... 
2026-10-02 12:47:09 [INFO]: [Telegram] ✅ Pronto como  () 
2026-10-02 12:47:09 [INFO]: [TelegramAdapter] Inicializando... 
2026-10-02 12:47:09 [INFO]: [Telegram] Iniciando launch()... 
2026-10-02 12:47:09 [INFO]: [Telegram] ✅ Pronto como  () 
2026-10-02 12:47:09 [INFO]: [TelegramAdapter] Inicializando... 
2026-10-02 12:47:09 [INFO]: [Telegram] Iniciando launch()... 
2026-10-02 12:47:09 [INFO]: [Telegram] ✅ Pronto como  () 
2026-10-02 12:47:09 [INFO]: [TelegramAdapter] Inicializando... 
2026-10-02 12:47:09 [INFO]: [TelegramAdapter] Já estava pronto 
2026-10-02 12:47:09 [INFO]: [TelegramAdapter] Inicializando... 
2026-10-02 12:47:09 [INFO]: [Telegram] Iniciando launch()... 
2026-10-02 12:47:09 [INFO]: [Telegram] ✅ Pronto como  () 
2026-10-02 12:47:09 [INFO]: [TelegramAdapter] Inicializando... 
2026-10-02 12:47:09 [INFO]: [Telegram] Iniciando launch()... 
2026-10-02 12:47:09 [INFO]: [Telegram] ✅ Pronto como  () 
2026-10-02 12:47:09 [INFO]: [Discord] Cliente v14 inicializado com intents, partials e presence 
2026-10-02 12:47:09 [INFO]: [Discord] Iniciando login... 
2026-10-02 12:47:09 [INFO]: [Discord] ✅ Pronto como TestDiscordBot (1111) 
2026-10-02 12:47:09 [ERROR]: ❌ [[Discord] Erro ao definir presença:] this.client.user?.setPresence is not a function
2026-10-02 12:47:09 [INFO]: [Discord] Chamada de login concluída 
2026-10-02 12:47:09 [INFO]: [Discord] Cliente v14 inicializado com intents, partials e presence 
2026-10-02 12:47:09 [INFO]: [Discord] Iniciando login... 
2026-10-02 12:47:09 [INFO]: [Discord] ✅ Pronto como TestDiscordBot (1111) 
2026-10-02 12:47:09 [ERROR]: ❌ [[Discord] Erro ao definir presença:] this.client.user?.setPresence is not a function
2026-10-02 12:47:09 [INFO]: [Discord] Chamada de login concluída 
2026-10-02 12:47:09 [INFO]: [Discord] Iniciando login... 
2026-10-02 12:47:09 [INFO]: [Discord] Chamada de login concluída 
2026-10-02 12:47:09 [INFO]: [Discord] Cliente v14 inicializado com intents, partials e presence 
2026-10-02 12:47:09 [INFO]: [Discord] Iniciando login... 
2026-10-02 12:47:09 [INFO]: [Discord] ✅ Pronto como TestDiscordBot (1111) 
2026-10-02 12:47:09 [ERROR]: ❌ [[Discord] Erro ao definir presença:] this.client.user?.setPresence is not a function
2026-10-02 12:47:09 [INFO]: [Discord] Chamada de login concluída 
2026-10-02 12:47:10 [INFO]: [DiscordScreenService] Missing required Discord credentials, screen sharing disabled 
2026-10-02 12:47:10 [INFO]: [DiscordScreenService] Gerenciado externamente (DISCORD_SCREEN_EXTERNAL) — spawn interno desativado 
2026-10-02 12:47:10 [INFO]: [DiscordScreenService] Gerenciado externamente (DISCORD_SCREEN_EXTERNAL) — spawn interno desativado 
2026-10-02 12:47:11 [INFO]: [keywordHandler] Palavra-chave detectada, resposta enviada
2026-10-02 12:47:11 [ERROR]: [memberJoinService] Erro ao processar entrada
2026-10-02 12:47:11 [WARN]: [BaileysSender] sendMessage: socket existe mas NÃO está pronto (readyState !== OPEN) 
2026-10-02 12:47:11 [INFO]: [BaileysSender.sendMessage] Reply: quotedRaw=false, replyTo=original:123, originalKey=NAO 
2026-10-02 12:47:11 [INFO]: [BaileysSender.sendMessage] Quoted payload construído: keyId=123, hasMessage=true 
2026-10-02 12:47:11 [WARN]: [BaileysSender] sendMessage: socket existe mas NÃO está pronto (readyState !== OPEN) 
2026-10-02 12:47:11 [INFO]: [BaileysSender.sendMessage] Reply: quotedRaw=false, replyTo=original:123, originalKey=NAO 
2026-10-02 12:47:11 [INFO]: [BaileysSender.sendMessage] Quoted payload construído: keyId=123, hasMessage=true 
2026-10-02 12:47:11 [WARN]: [BaileysSender] sendMessage: socket existe mas NÃO está pronto (readyState !== OPEN) 
2026-10-02 12:47:11 [INFO]: [BaileysSender.sendMessage] Reply: quotedRaw=false, replyTo=undefined, originalKey=NAO 
2026-10-02 12:47:11 [WARN]: [BaileysSender] sendMessage: socket existe mas NÃO está pronto (readyState !== OPEN) 
2026-10-02 12:47:11 [INFO]: [BaileysSender.sendMessage] Reply: quotedRaw=false, replyTo=original:123, originalKey=NAO 
2026-10-02 12:47:11 [INFO]: [BaileysSender.sendMessage] Quoted payload construído: keyId=123, hasMessage=true 
2026-10-02 12:47:14 [INFO]: [Discord] Cliente v14 inicializado com intents, partials e presence 
2026-10-02 12:47:26 [ERROR]: [DB] Falha ao registrar infração
2026-10-02 12:47:26 [ERROR]: [DB] Falha ao registrar infração
2026-10-02 12:47:26 [ERROR]: [DB] Falha ao registrar infração
2026-10-02 12:47:26 [ERROR]: [DB] Falha ao registrar infração
2026-10-02 12:47:26 [ERROR]: [DB] Falha ao registrar infração
2026-10-02 12:47:27 [ERROR]: [DB] Falha ao registrar infração
2026-10-02 12:47:30 [ERROR]: ❌ [Erro no comando $stats:] SQLITE_ERROR: no such table: feedbacks
2026-10-02 12:47:30 [ERROR]:    Stack: 
2026-10-02 12:47:30 [INFO]: 🛑 [SHUTDOWN] Comando executado por: 5588998314322@c.us 
2026-10-02 12:47:30 [ERROR]: ❌ [❌ Erro no $grupos:] ctx.client.getChats is not a function
2026-10-02 12:47:30 [ERROR]:    Stack: at Object.execute (D:\Desktop\Programas\bot-wpp\src\bot\commands\grupos.ts:18:44)
2026-10-02 12:47:30 [ERROR]: ❌ [[ScreenCommand] Erro:] connect ECONNREFUSED 127.0.0.1:3002
2026-10-02 12:47:30 [ERROR]:    Stack: at TCPConnectWrap.afterConnect [as oncomplete] (node:net:2017:16)
2026-10-02 12:47:31 [INFO]: 🛑 [SHUTDOWN] Comando executado por: 5588998314322@c.us 
2026-10-02 12:47:31 [INFO]: [TelegramAdapter] Inicializando... 
2026-10-02 12:47:31 [INFO]: [Telegram] Iniciando launch()... 
2026-10-02 12:47:31 [INFO]: [Telegram] ✅ Pronto como  () 
2026-10-02 12:47:31 [INFO]: [TelegramAdapter] Inicializando... 
2026-10-02 12:47:31 [INFO]: [Telegram] Iniciando launch()... 
2026-10-02 12:47:31 [INFO]: [Telegram] ✅ Pronto como  () 
2026-10-02 12:47:31 [INFO]: [TelegramAdapter] Inicializando... 
2026-10-02 12:47:31 [INFO]: [Telegram] Iniciando launch()... 
2026-10-02 12:47:31 [INFO]: [Telegram] ✅ Pronto como  () 
2026-10-02 12:47:31 [INFO]: [TelegramAdapter] Inicializando... 
2026-10-02 12:47:31 [INFO]: [TelegramAdapter] Já estava pronto 
2026-10-02 12:47:31 [INFO]: [TelegramAdapter] Inicializando... 
2026-10-02 12:47:31 [INFO]: [Telegram] Iniciando launch()... 
2026-10-02 12:47:31 [INFO]: [Telegram] ✅ Pronto como  () 
2026-10-02 12:47:31 [INFO]: [TelegramAdapter] Inicializando... 
2026-10-02 12:47:31 [INFO]: [Telegram] Iniciando launch()... 
2026-10-02 12:47:31 [INFO]: [Telegram] ✅ Pronto como  () 
2026-10-02 12:47:31 [INFO]: [Discord] Cliente v14 inicializado com intents, partials e presence 
2026-10-02 12:47:31 [INFO]: [Discord] Iniciando login... 
2026-10-02 12:47:31 [INFO]: [Discord] ✅ Pronto como TestDiscordBot (1111) 
2026-10-02 12:47:31 [ERROR]: ❌ [[Discord] Erro ao definir presença:] this.client.user?.setPresence is not a function
2026-10-02 12:47:31 [INFO]: [Discord] Chamada de login concluída 
2026-10-02 12:47:31 [INFO]: [Discord] Cliente v14 inicializado com intents, partials e presence 
2026-10-02 12:47:31 [INFO]: [Discord] Iniciando login... 
2026-10-02 12:47:31 [INFO]: [Discord] ✅ Pronto como TestDiscordBot (1111) 
2026-10-02 12:47:31 [ERROR]: ❌ [[Discord] Erro ao definir presença:] this.client.user?.setPresence is not a function
2026-10-02 12:47:31 [INFO]: [Discord] Chamada de login concluída 
2026-10-02 12:47:31 [INFO]: [Discord] Iniciando login... 
2026-10-02 12:47:31 [INFO]: [Discord] Chamada de login concluída 
2026-10-02 12:47:31 [INFO]: [Discord] Cliente v14 inicializado com intents, partials e presence 
2026-10-02 12:47:31 [INFO]: [Discord] Iniciando login... 
2026-10-02 12:47:31 [INFO]: [Discord] ✅ Pronto como TestDiscordBot (1111) 
2026-10-02 12:47:31 [ERROR]: ❌ [[Discord] Erro ao definir presença:] this.client.user?.setPresence is not a function
2026-10-02 12:47:31 [INFO]: [Discord] Chamada de login concluída 
2026-10-02 12:47:33 [ERROR]: [memberJoinService] Erro ao processar entrada
2026-10-02 12:47:33 [INFO]: [keywordHandler] Palavra-chave detectada, resposta enviada
2026-10-02 12:47:34 [WARN]: [BaileysSender] sendMessage: socket existe mas NÃO está pronto (readyState !== OPEN) 
2026-10-02 12:47:34 [INFO]: [BaileysSender.sendMessage] Reply: quotedRaw=false, replyTo=original:123, originalKey=NAO 
2026-10-02 12:47:34 [INFO]: [BaileysSender.sendMessage] Quoted payload construído: keyId=123, hasMessage=true 
2026-10-02 12:47:34 [WARN]: [BaileysSender] sendMessage: socket existe mas NÃO está pronto (readyState !== OPEN) 
2026-10-02 12:47:34 [INFO]: [BaileysSender.sendMessage] Reply: quotedRaw=false, replyTo=original:123, originalKey=NAO 
2026-10-02 12:47:34 [INFO]: [BaileysSender.sendMessage] Quoted payload construído: keyId=123, hasMessage=true 
2026-10-02 12:47:34 [WARN]: [BaileysSender] sendMessage: socket existe mas NÃO está pronto (readyState !== OPEN) 
2026-10-02 12:47:34 [INFO]: [BaileysSender.sendMessage] Reply: quotedRaw=false, replyTo=undefined, originalKey=NAO 
2026-10-02 12:47:34 [WARN]: [BaileysSender] sendMessage: socket existe mas NÃO está pronto (readyState !== OPEN) 
2026-10-02 12:47:34 [INFO]: [BaileysSender.sendMessage] Reply: quotedRaw=false, replyTo=original:123, originalKey=NAO 
2026-10-02 12:47:34 [INFO]: [BaileysSender.sendMessage] Quoted payload construído: keyId=123, hasMessage=true 
2026-10-02 12:47:35 [INFO]: [DiscordScreenService] Missing required Discord credentials, screen sharing disabled 
2026-10-02 12:47:35 [INFO]: [DiscordScreenService] Gerenciado externamente (DISCORD_SCREEN_EXTERNAL) — spawn interno desativado 
2026-10-02 12:47:35 [INFO]: [DiscordScreenService] Gerenciado externamente (DISCORD_SCREEN_EXTERNAL) — spawn interno desativado 
2026-10-02 12:47:37 [INFO]: [Discord] Cliente v14 inicializado com intents, partials e presence 
2026-10-02 12:47:48 [ERROR]: [DB] Falha ao registrar infração
2026-10-02 12:47:49 [ERROR]: [DB] Falha ao registrar infração
2026-10-02 12:47:49 [ERROR]: [DB] Falha ao registrar infração
2026-10-02 12:47:49 [ERROR]: [DB] Falha ao registrar infração
2026-10-02 12:47:49 [ERROR]: [DB] Falha ao registrar infração
2026-10-02 12:47:52 [ERROR]: [DB] Falha ao registrar infração
2026-10-02 12:47:54 [ERROR]: ❌ [Erro no comando $stats:] SQLITE_ERROR: no such table: feedbacks
2026-10-02 12:47:54 [ERROR]:    Stack: 
2026-10-02 12:47:54 [INFO]: 🛑 [SHUTDOWN] Comando executado por: 5588998314322@c.us 
2026-10-02 12:47:54 [ERROR]: ❌ [❌ Erro no $grupos:] ctx.client.getChats is not a function
2026-10-02 12:47:54 [ERROR]:    Stack: at Object.execute (D:\Desktop\Programas\bot-wpp\src\bot\commands\grupos.ts:18:44)
2026-10-02 12:47:54 [ERROR]: ❌ [[ScreenCommand] Erro:] connect ECONNREFUSED 127.0.0.1:3002
2026-10-02 12:47:54 [ERROR]:    Stack: at TCPConnectWrap.afterConnect [as oncomplete] (node:net:2017:16)
2026-10-02 12:47:54 [INFO]: 🛑 [SHUTDOWN] Comando executado por: 5588998314322@c.us 
2026-10-02 12:47:55 [INFO]: [TelegramAdapter] Inicializando... 
2026-10-02 12:47:55 [INFO]: [Telegram] Iniciando launch()... 
2026-10-02 12:47:55 [INFO]: [Telegram] ✅ Pronto como  () 
2026-10-02 12:47:55 [INFO]: [TelegramAdapter] Inicializando... 
2026-10-02 12:47:55 [INFO]: [Telegram] Iniciando launch()... 
2026-10-02 12:47:55 [INFO]: [Telegram] ✅ Pronto como  () 
2026-10-02 12:47:55 [INFO]: [TelegramAdapter] Inicializando... 
2026-10-02 12:47:55 [INFO]: [Telegram] Iniciando launch()... 
2026-10-02 12:47:55 [INFO]: [Telegram] ✅ Pronto como  () 
2026-10-02 12:47:55 [INFO]: [TelegramAdapter] Inicializando... 
2026-10-02 12:47:55 [INFO]: [TelegramAdapter] Já estava pronto 
2026-10-02 12:47:55 [INFO]: [TelegramAdapter] Inicializando... 
2026-10-02 12:47:55 [INFO]: [Telegram] Iniciando launch()... 
2026-10-02 12:47:55 [INFO]: [Telegram] ✅ Pronto como  () 
2026-10-02 12:47:55 [INFO]: [TelegramAdapter] Inicializando... 
2026-10-02 12:47:55 [INFO]: [Telegram] Iniciando launch()... 
2026-10-02 12:47:55 [INFO]: [Telegram] ✅ Pronto como  () 
2026-10-02 12:47:55 [INFO]: [Discord] Cliente v14 inicializado com intents, partials e presence 
2026-10-02 12:47:55 [INFO]: [Discord] Iniciando login... 
2026-10-02 12:47:55 [INFO]: [Discord] ✅ Pronto como TestDiscordBot (1111) 
2026-10-02 12:47:55 [ERROR]: ❌ [[Discord] Erro ao definir presença:] this.client.user?.setPresence is not a function
2026-10-02 12:47:55 [INFO]: [Discord] Chamada de login concluída 
2026-10-02 12:47:55 [INFO]: [Discord] Cliente v14 inicializado com intents, partials e presence 
2026-10-02 12:47:55 [INFO]: [Discord] Iniciando login... 
2026-10-02 12:47:55 [INFO]: [Discord] ✅ Pronto como TestDiscordBot (1111) 
2026-10-02 12:47:55 [ERROR]: ❌ [[Discord] Erro ao definir presença:] this.client.user?.setPresence is not a function
2026-10-02 12:47:55 [INFO]: [Discord] Chamada de login concluída 
2026-10-02 12:47:55 [INFO]: [Discord] Iniciando login... 
2026-10-02 12:47:55 [INFO]: [Discord] Chamada de login concluída 
2026-10-02 12:47:55 [INFO]: [Discord] Cliente v14 inicializado com intents, partials e presence 
2026-10-02 12:47:55 [INFO]: [Discord] Iniciando login... 
2026-10-02 12:47:55 [INFO]: [Discord] ✅ Pronto como TestDiscordBot (1111) 
2026-10-02 12:47:55 [ERROR]: ❌ [[Discord] Erro ao definir presença:] this.client.user?.setPresence is not a function
2026-10-02 12:47:55 [INFO]: [Discord] Chamada de login concluída 
2026-10-02 12:47:56 [INFO]: [DiscordScreenService] Missing required Discord credentials, screen sharing disabled 
2026-10-02 12:47:56 [INFO]: [DiscordScreenService] Gerenciado externamente (DISCORD_SCREEN_EXTERNAL) — spawn interno desativado 
2026-10-02 12:47:56 [INFO]: [DiscordScreenService] Gerenciado externamente (DISCORD_SCREEN_EXTERNAL) — spawn interno desativado 
2026-10-02 12:47:57 [ERROR]: [memberJoinService] Erro ao processar entrada
2026-10-02 12:47:58 [WARN]: [BaileysSender] sendMessage: socket existe mas NÃO está pronto (readyState !== OPEN) 
2026-10-02 12:47:58 [INFO]: [BaileysSender.sendMessage] Reply: quotedRaw=false, replyTo=original:123, originalKey=NAO 
2026-10-02 12:47:58 [INFO]: [BaileysSender.sendMessage] Quoted payload construído: keyId=123, hasMessage=true 
2026-10-02 12:47:58 [WARN]: [BaileysSender] sendMessage: socket existe mas NÃO está pronto (readyState !== OPEN) 
2026-10-02 12:47:58 [INFO]: [BaileysSender.sendMessage] Reply: quotedRaw=false, replyTo=original:123, originalKey=NAO 
2026-10-02 12:47:58 [INFO]: [BaileysSender.sendMessage] Quoted payload construído: keyId=123, hasMessage=true 
2026-10-02 12:47:58 [WARN]: [BaileysSender] sendMessage: socket existe mas NÃO está pronto (readyState !== OPEN) 
2026-10-02 12:47:58 [INFO]: [BaileysSender.sendMessage] Reply: quotedRaw=false, replyTo=undefined, originalKey=NAO 
2026-10-02 12:47:58 [WARN]: [BaileysSender] sendMessage: socket existe mas NÃO está pronto (readyState !== OPEN) 
2026-10-02 12:47:58 [INFO]: [BaileysSender.sendMessage] Reply: quotedRaw=false, replyTo=original:123, originalKey=NAO 
2026-10-02 12:47:58 [INFO]: [BaileysSender.sendMessage] Quoted payload construído: keyId=123, hasMessage=true 
2026-10-02 12:47:59 [INFO]: [keywordHandler] Palavra-chave detectada, resposta enviada
2026-10-02 12:48:00 [INFO]: [Discord] Cliente v14 inicializado com intents, partials e presence 
2026-10-02 12:48:42 [ERROR]: [DB] Falha ao registrar infração
2026-10-02 12:48:42 [ERROR]: [DB] Falha ao registrar infração
2026-10-02 12:48:42 [ERROR]: [DB] Falha ao registrar infração
2026-10-02 12:48:42 [ERROR]: [DB] Falha ao registrar infração
2026-10-02 12:48:42 [ERROR]: [DB] Falha ao registrar infração
2026-10-02 12:48:42 [ERROR]: [DB] Falha ao registrar infração
2026-10-02 12:48:42 [ERROR]: [DB] Falha ao registrar infração
2026-10-02 12:48:42 [ERROR]: [DB] Falha ao registrar infração
2026-10-02 12:48:42 [ERROR]: [DB] Falha ao registrar infração
2026-10-02 12:48:45 [ERROR]: [DB] Falha ao registrar infração
2026-10-02 12:48:47 [ERROR]: ❌ [Erro no comando $stats:] SQLITE_ERROR: no such table: feedbacks
2026-10-02 12:48:47 [ERROR]:    Stack: 
2026-10-02 12:48:47 [INFO]: 🛑 [SHUTDOWN] Comando executado por: 5588998314322@c.us 
2026-10-02 12:48:47 [ERROR]: ❌ [❌ Erro no $grupos:] ctx.client.getChats is not a function
2026-10-02 12:48:47 [ERROR]:    Stack: at Object.execute (D:\Desktop\Programas\bot-wpp\src\bot\commands\grupos.ts:18:44)
2026-10-02 12:48:47 [ERROR]: ❌ [[ScreenCommand] Erro:] connect ECONNREFUSED 127.0.0.1:3002
2026-10-02 12:48:47 [ERROR]:    Stack: at TCPConnectWrap.afterConnect [as oncomplete] (node:net:2017:16)
2026-10-02 12:48:47 [INFO]: 🛑 [SHUTDOWN] Comando executado por: 5588998314322@c.us 
2026-10-02 12:48:48 [INFO]: [TelegramAdapter] Inicializando... 
2026-10-02 12:48:48 [INFO]: [Telegram] Iniciando launch()... 
2026-10-02 12:48:48 [INFO]: [Telegram] ✅ Pronto como  () 
2026-10-02 12:48:48 [INFO]: [TelegramAdapter] Inicializando... 
2026-10-02 12:48:48 [INFO]: [Telegram] Iniciando launch()... 
2026-10-02 12:48:48 [INFO]: [Telegram] ✅ Pronto como  () 
2026-10-02 12:48:48 [INFO]: [TelegramAdapter] Inicializando... 
2026-10-02 12:48:48 [INFO]: [Telegram] Iniciando launch()... 
2026-10-02 12:48:48 [INFO]: [Telegram] ✅ Pronto como  () 
2026-10-02 12:48:48 [INFO]: [TelegramAdapter] Inicializando... 
2026-10-02 12:48:48 [INFO]: [TelegramAdapter] Já estava pronto 
2026-10-02 12:48:48 [INFO]: [TelegramAdapter] Inicializando... 
2026-10-02 12:48:48 [INFO]: [Telegram] Iniciando launch()... 
2026-10-02 12:48:48 [INFO]: [Telegram] ✅ Pronto como  () 
2026-10-02 12:48:48 [INFO]: [TelegramAdapter] Inicializando... 
2026-10-02 12:48:48 [INFO]: [Telegram] Iniciando launch()... 
2026-10-02 12:48:48 [INFO]: [Telegram] ✅ Pronto como  () 
2026-10-02 12:48:48 [INFO]: [Discord] Cliente v14 inicializado com intents, partials e presence 
2026-10-02 12:48:48 [INFO]: [Discord] Iniciando login... 
2026-10-02 12:48:48 [INFO]: [Discord] ✅ Pronto como TestDiscordBot (1111) 
2026-10-02 12:48:48 [ERROR]: ❌ [[Discord] Erro ao definir presença:] this.client.user?.setPresence is not a function
2026-10-02 12:48:48 [INFO]: [Discord] Chamada de login concluída 
2026-10-02 12:48:48 [INFO]: [Discord] Cliente v14 inicializado com intents, partials e presence 
2026-10-02 12:48:48 [INFO]: [Discord] Iniciando login... 
2026-10-02 12:48:48 [INFO]: [Discord] ✅ Pronto como TestDiscordBot (1111) 
2026-10-02 12:48:48 [ERROR]: ❌ [[Discord] Erro ao definir presença:] this.client.user?.setPresence is not a function
2026-10-02 12:48:48 [INFO]: [Discord] Chamada de login concluída 
2026-10-02 12:48:48 [INFO]: [Discord] Iniciando login... 
2026-10-02 12:48:48 [INFO]: [Discord] Chamada de login concluída 
2026-10-02 12:48:48 [INFO]: [Discord] Cliente v14 inicializado com intents, partials e presence 
2026-10-02 12:48:48 [INFO]: [Discord] Iniciando login... 
2026-10-02 12:48:48 [INFO]: [Discord] ✅ Pronto como TestDiscordBot (1111) 
2026-10-02 12:48:48 [ERROR]: ❌ [[Discord] Erro ao definir presença:] this.client.user?.setPresence is not a function
2026-10-02 12:48:48 [INFO]: [Discord] Chamada de login concluída 
2026-10-02 12:48:49 [INFO]: [DiscordScreenService] Missing required Discord credentials, screen sharing disabled 
2026-10-02 12:48:49 [INFO]: [DiscordScreenService] Gerenciado externamente (DISCORD_SCREEN_EXTERNAL) — spawn interno desativado 
2026-10-02 12:48:49 [INFO]: [DiscordScreenService] Gerenciado externamente (DISCORD_SCREEN_EXTERNAL) — spawn interno desativado 
2026-10-02 12:48:50 [ERROR]: [memberJoinService] Erro ao processar entrada
2026-10-02 12:48:51 [INFO]: [keywordHandler] Palavra-chave detectada, resposta enviada
2026-10-02 12:48:51 [WARN]: [BaileysSender] sendMessage: socket existe mas NÃO está pronto (readyState !== OPEN) 
2026-10-02 12:48:51 [INFO]: [BaileysSender.sendMessage] Reply: quotedRaw=false, replyTo=original:123, originalKey=NAO 
2026-10-02 12:48:51 [INFO]: [BaileysSender.sendMessage] Quoted payload construído: keyId=123, hasMessage=true 
2026-10-02 12:48:51 [WARN]: [BaileysSender] sendMessage: socket existe mas NÃO está pronto (readyState !== OPEN) 
2026-10-02 12:48:51 [INFO]: [BaileysSender.sendMessage] Reply: quotedRaw=false, replyTo=original:123, originalKey=NAO 
2026-10-02 12:48:51 [INFO]: [BaileysSender.sendMessage] Quoted payload construído: keyId=123, hasMessage=true 
2026-10-02 12:48:51 [WARN]: [BaileysSender] sendMessage: socket existe mas NÃO está pronto (readyState !== OPEN) 
2026-10-02 12:48:51 [INFO]: [BaileysSender.sendMessage] Reply: quotedRaw=false, replyTo=undefined, originalKey=NAO 
2026-10-02 12:48:51 [WARN]: [BaileysSender] sendMessage: socket existe mas NÃO está pronto (readyState !== OPEN) 
2026-10-02 12:48:51 [INFO]: [BaileysSender.sendMessage] Reply: quotedRaw=false, replyTo=original:123, originalKey=NAO 
2026-10-02 12:48:51 [INFO]: [BaileysSender.sendMessage] Quoted payload construído: keyId=123, hasMessage=true 
2026-10-02 12:48:54 [INFO]: [Discord] Cliente v14 inicializado com intents, partials e presence 
2026-10-02 12:51:39 [INFO]: [databaseService] migração: group_mod.welcome_message adicionada 
2026-10-02 12:51:39 [INFO]: [databaseService] migração: group_mod.presentation_enabled adicionada 
2026-10-02 12:51:39 [INFO]: [databaseService] migração: group_mod.antibot adicionada 
2026-10-02 12:51:39 [INFO]: [databaseService] migração: group_mod.casino adicionada 
2026-10-02 12:51:39 [INFO]: [databaseService] Grupo 120363419033272638@g.us criado no group_mod (automações desligadas por padrão). 
2026-10-02 12:51:39 [INFO]: [databaseService] Grupo 120363499999999999@g.us criado no group_mod (automações desligadas por padrão). 
2026-10-02 12:52:12 [INFO]: [databaseService] migração: group_mod.welcome_message adicionada 
2026-10-02 12:52:12 [INFO]: [databaseService] migração: group_mod.presentation_enabled adicionada 
2026-10-02 12:52:12 [INFO]: [databaseService] migração: group_mod.antibot adicionada 
2026-10-02 12:52:12 [INFO]: [databaseService] migração: group_mod.casino adicionada 
2026-10-02 12:52:12 [INFO]: [databaseService] Grupo 120363419033272638@g.us criado no group_mod (automações desligadas por padrão). 
2026-10-02 12:52:12 [INFO]: [databaseService] Grupo 120363499999999999@g.us criado no group_mod (automações desligadas por padrão). 
2026-10-02 12:52:15 [ERROR]: [DB] Falha ao registrar infração
2026-10-02 12:52:16 [ERROR]: ❌ [Erro no comando $stats:] SQLITE_ERROR: no such table: feedbacks
2026-10-02 12:52:16 [ERROR]:    Stack: 
2026-10-02 12:52:16 [INFO]: 🛑 [SHUTDOWN] Comando executado por: 5588998314322@c.us 
2026-10-02 12:52:16 [ERROR]: ❌ [❌ Erro no $grupos:] ctx.client.getChats is not a function
2026-10-02 12:52:16 [ERROR]:    Stack: at Object.execute (D:\Desktop\Programas\bot-wpp\src\bot\commands\grupos.ts:18:44)
2026-10-02 12:52:16 [ERROR]: ❌ [[ScreenCommand] Erro:] connect ECONNREFUSED 127.0.0.1:3002
2026-10-02 12:52:16 [ERROR]:    Stack: at TCPConnectWrap.afterConnect [as oncomplete] (node:net:2017:16)
2026-10-02 12:52:16 [INFO]: 🛑 [SHUTDOWN] Comando executado por: 5588998314322@c.us 
2026-10-02 12:52:17 [ERROR]: [DB] Falha ao registrar infração
2026-10-02 12:52:17 [ERROR]: [DB] Falha ao registrar infração
2026-10-02 12:52:18 [ERROR]: [DB] Falha ao registrar infração
2026-10-02 12:52:18 [ERROR]: [DB] Falha ao registrar infração
2026-10-02 12:52:18 [ERROR]: [DB] Falha ao registrar infração
2026-10-02 12:52:18 [ERROR]: [DB] Falha ao registrar infração
2026-10-02 12:52:18 [ERROR]: [DB] Falha ao registrar infração
2026-10-02 12:52:18 [ERROR]: [DB] Falha ao registrar infração
2026-10-02 12:52:18 [ERROR]: [DB] Falha ao registrar infração
2026-10-02 12:52:18 [INFO]: [TelegramAdapter] Inicializando... 
2026-10-02 12:52:18 [INFO]: [Telegram] Iniciando launch()... 
2026-10-02 12:52:18 [INFO]: [Telegram] ✅ Pronto como  () 
2026-10-02 12:52:18 [INFO]: [TelegramAdapter] Inicializando... 
2026-10-02 12:52:18 [INFO]: [Telegram] Iniciando launch()... 
2026-10-02 12:52:18 [INFO]: [Telegram] ✅ Pronto como  () 
2026-10-02 12:52:18 [INFO]: [TelegramAdapter] Inicializando... 
2026-10-02 12:52:18 [INFO]: [Telegram] Iniciando launch()... 
2026-10-02 12:52:18 [INFO]: [Telegram] ✅ Pronto como  () 
2026-10-02 12:52:18 [INFO]: [TelegramAdapter] Inicializando... 
2026-10-02 12:52:18 [INFO]: [TelegramAdapter] Já estava pronto 
2026-10-02 12:52:18 [INFO]: [TelegramAdapter] Inicializando... 
2026-10-02 12:52:18 [INFO]: [Telegram] Iniciando launch()... 
2026-10-02 12:52:18 [INFO]: [Telegram] ✅ Pronto como  () 
2026-10-02 12:52:18 [INFO]: [TelegramAdapter] Inicializando... 
2026-10-02 12:52:18 [INFO]: [Telegram] Iniciando launch()... 
2026-10-02 12:52:18 [INFO]: [Telegram] ✅ Pronto como  () 
2026-10-02 12:52:18 [INFO]: [Discord] Cliente v14 inicializado com intents, partials e presence 
2026-10-02 12:52:18 [INFO]: [Discord] Iniciando login... 
2026-10-02 12:52:18 [INFO]: [Discord] ✅ Pronto como TestDiscordBot (1111) 
2026-10-02 12:52:18 [ERROR]: ❌ [[Discord] Erro ao definir presença:] this.client.user?.setPresence is not a function
2026-10-02 12:52:18 [INFO]: [Discord] Chamada de login concluída 
2026-10-02 12:52:18 [INFO]: [Discord] Cliente v14 inicializado com intents, partials e presence 
2026-10-02 12:52:18 [INFO]: [Discord] Iniciando login... 
2026-10-02 12:52:18 [INFO]: [Discord] ✅ Pronto como TestDiscordBot (1111) 
2026-10-02 12:52:18 [ERROR]: ❌ [[Discord] Erro ao definir presença:] this.client.user?.setPresence is not a function
2026-10-02 12:52:18 [INFO]: [Discord] Chamada de login concluída 
2026-10-02 12:52:18 [INFO]: [Discord] Iniciando login... 
2026-10-02 12:52:18 [INFO]: [Discord] Chamada de login concluída 
2026-10-02 12:52:18 [INFO]: [Discord] Cliente v14 inicializado com intents, partials e presence 
2026-10-02 12:52:18 [INFO]: [Discord] Iniciando login... 
2026-10-02 12:52:18 [INFO]: [Discord] ✅ Pronto como TestDiscordBot (1111) 
2026-10-02 12:52:18 [ERROR]: ❌ [[Discord] Erro ao definir presença:] this.client.user?.setPresence is not a function
2026-10-02 12:52:18 [INFO]: [Discord] Chamada de login concluída 
2026-10-02 12:52:21 [ERROR]: [memberJoinService] Erro ao processar entrada
2026-10-02 12:52:22 [INFO]: [keywordHandler] Palavra-chave detectada, resposta enviada
2026-10-02 12:52:22 [INFO]: [DiscordScreenService] Missing required Discord credentials, screen sharing disabled 
2026-10-02 12:52:22 [INFO]: [DiscordScreenService] Gerenciado externamente (DISCORD_SCREEN_EXTERNAL) — spawn interno desativado 
2026-10-02 12:52:22 [INFO]: [DiscordScreenService] Gerenciado externamente (DISCORD_SCREEN_EXTERNAL) — spawn interno desativado 
2026-10-02 12:52:23 [WARN]: [BaileysSender] sendMessage: socket existe mas NÃO está pronto (readyState !== OPEN) 
2026-10-02 12:52:23 [INFO]: [BaileysSender.sendMessage] Reply: quotedRaw=false, replyTo=original:123, originalKey=NAO 
2026-10-02 12:52:23 [INFO]: [BaileysSender.sendMessage] Quoted payload construído: keyId=123, hasMessage=true 
2026-10-02 12:52:23 [WARN]: [BaileysSender] sendMessage: socket existe mas NÃO está pronto (readyState !== OPEN) 
2026-10-02 12:52:23 [INFO]: [BaileysSender.sendMessage] Reply: quotedRaw=false, replyTo=original:123, originalKey=NAO 
2026-10-02 12:52:23 [INFO]: [BaileysSender.sendMessage] Quoted payload construído: keyId=123, hasMessage=true 
2026-10-02 12:52:23 [WARN]: [BaileysSender] sendMessage: socket existe mas NÃO está pronto (readyState !== OPEN) 
2026-10-02 12:52:23 [INFO]: [BaileysSender.sendMessage] Reply: quotedRaw=false, replyTo=undefined, originalKey=NAO 
2026-10-02 12:52:23 [WARN]: [BaileysSender] sendMessage: socket existe mas NÃO está pronto (readyState !== OPEN) 
2026-10-02 12:52:23 [INFO]: [BaileysSender.sendMessage] Reply: quotedRaw=false, replyTo=original:123, originalKey=NAO 
2026-10-02 12:52:23 [INFO]: [BaileysSender.sendMessage] Quoted payload construído: keyId=123, hasMessage=true 
2026-10-02 12:52:24 [INFO]: [Discord] Cliente v14 inicializado com intents, partials e presence 
2026-10-02 12:54:07 [INFO]: [databaseService] migração: group_mod.welcome_message adicionada 
2026-10-02 12:54:07 [INFO]: [databaseService] migração: group_mod.presentation_enabled adicionada 
2026-10-02 12:54:07 [INFO]: [databaseService] migração: group_mod.antibot adicionada 
2026-10-02 12:54:07 [INFO]: [databaseService] migração: group_mod.casino adicionada 
2026-10-02 12:54:07 [INFO]: [databaseService] Grupo 120363419033272638@g.us criado no group_mod (automações desligadas por padrão). 
2026-10-02 12:54:07 [INFO]: [databaseService] Grupo 120363499999999999@g.us criado no group_mod (automações desligadas por padrão). 
2026-10-02 12:54:21 [INFO]: [databaseService] migração: group_mod.welcome_message adicionada 
2026-10-02 12:54:21 [INFO]: [databaseService] migração: group_mod.presentation_enabled adicionada 
2026-10-02 12:54:21 [INFO]: [databaseService] migração: group_mod.antibot adicionada 
2026-10-02 12:54:21 [INFO]: [databaseService] migração: group_mod.casino adicionada 
2026-10-02 12:54:21 [INFO]: [databaseService] Grupo 120363419033272638@g.us criado no group_mod (automações desligadas por padrão). 
2026-10-02 12:54:21 [INFO]: [databaseService] Grupo 120363499999999999@g.us criado no group_mod (automações desligadas por padrão). 
2026-10-02 12:54:23 [ERROR]: [DB] Falha ao registrar infração
2026-10-02 12:54:26 [ERROR]: ❌ [Erro no comando $stats:] SQLITE_ERROR: no such table: feedbacks
2026-10-02 12:54:26 [ERROR]:    Stack: 
2026-10-02 12:54:26 [INFO]: 🛑 [SHUTDOWN] Comando executado por: 5588998314322@c.us 
2026-10-02 12:54:26 [ERROR]: ❌ [❌ Erro no $grupos:] ctx.client.getChats is not a function
2026-10-02 12:54:26 [ERROR]:    Stack: at Object.execute (D:\Desktop\Programas\bot-wpp\src\bot\commands\grupos.ts:18:44)
2026-10-02 12:54:26 [ERROR]: ❌ [[ScreenCommand] Erro:] connect ECONNREFUSED 127.0.0.1:3002
2026-10-02 12:54:26 [ERROR]:    Stack: at TCPConnectWrap.afterConnect [as oncomplete] (node:net:2017:16)
2026-10-02 12:54:26 [INFO]: 🛑 [SHUTDOWN] Comando executado por: 5588998314322@c.us 
2026-10-02 12:54:27 [ERROR]: [DB] Falha ao registrar infração
2026-10-02 12:54:27 [ERROR]: [DB] Falha ao registrar infração
2026-10-02 12:54:27 [ERROR]: [DB] Falha ao registrar infração
2026-10-02 12:54:27 [ERROR]: [DB] Falha ao registrar infração
2026-10-02 12:54:27 [ERROR]: [DB] Falha ao registrar infração
2026-10-02 12:54:27 [ERROR]: [DB] Falha ao registrar infração
2026-10-02 12:54:27 [ERROR]: [DB] Falha ao registrar infração
2026-10-02 12:54:27 [ERROR]: [DB] Falha ao registrar infração
2026-10-02 12:54:27 [ERROR]: [DB] Falha ao registrar infração
2026-10-02 12:54:29 [INFO]: [TelegramAdapter] Inicializando... 
2026-10-02 12:54:29 [INFO]: [Telegram] Iniciando launch()... 
2026-10-02 12:54:29 [INFO]: [Telegram] ✅ Pronto como  () 
2026-10-02 12:54:29 [INFO]: [TelegramAdapter] Inicializando... 
2026-10-02 12:54:29 [INFO]: [Telegram] Iniciando launch()... 
2026-10-02 12:54:29 [INFO]: [Telegram] ✅ Pronto como  () 
2026-10-02 12:54:29 [INFO]: [TelegramAdapter] Inicializando... 
2026-10-02 12:54:29 [INFO]: [Telegram] Iniciando launch()... 
2026-10-02 12:54:29 [INFO]: [Telegram] ✅ Pronto como  () 
2026-10-02 12:54:29 [INFO]: [TelegramAdapter] Inicializando... 
2026-10-02 12:54:29 [INFO]: [TelegramAdapter] Já estava pronto 
2026-10-02 12:54:29 [INFO]: [TelegramAdapter] Inicializando... 
2026-10-02 12:54:29 [INFO]: [Telegram] Iniciando launch()... 
2026-10-02 12:54:29 [INFO]: [Telegram] ✅ Pronto como  () 
2026-10-02 12:54:29 [INFO]: [TelegramAdapter] Inicializando... 
2026-10-02 12:54:29 [INFO]: [Telegram] Iniciando launch()... 
2026-10-02 12:54:29 [INFO]: [Telegram] ✅ Pronto como  () 
2026-10-02 12:54:29 [INFO]: [Discord] Cliente v14 inicializado com intents, partials e presence 
2026-10-02 12:54:29 [INFO]: [Discord] Iniciando login... 
2026-10-02 12:54:29 [INFO]: [Discord] ✅ Pronto como TestDiscordBot (1111) 
2026-10-02 12:54:29 [ERROR]: ❌ [[Discord] Erro ao definir presença:] this.client.user?.setPresence is not a function
2026-10-02 12:54:29 [INFO]: [Discord] Chamada de login concluída 
2026-10-02 12:54:29 [INFO]: [Discord] Cliente v14 inicializado com intents, partials e presence 
2026-10-02 12:54:29 [INFO]: [Discord] Iniciando login... 
2026-10-02 12:54:29 [INFO]: [Discord] ✅ Pronto como TestDiscordBot (1111) 
2026-10-02 12:54:29 [ERROR]: ❌ [[Discord] Erro ao definir presença:] this.client.user?.setPresence is not a function
2026-10-02 12:54:29 [INFO]: [Discord] Chamada de login concluída 
2026-10-02 12:54:29 [INFO]: [Discord] Iniciando login... 
2026-10-02 12:54:29 [INFO]: [Discord] Chamada de login concluída 
2026-10-02 12:54:29 [INFO]: [Discord] Cliente v14 inicializado com intents, partials e presence 
2026-10-02 12:54:29 [INFO]: [Discord] Iniciando login... 
2026-10-02 12:54:29 [INFO]: [Discord] ✅ Pronto como TestDiscordBot (1111) 
2026-10-02 12:54:29 [ERROR]: ❌ [[Discord] Erro ao definir presença:] this.client.user?.setPresence is not a function
2026-10-02 12:54:29 [INFO]: [Discord] Chamada de login concluída 
2026-10-02 12:54:30 [ERROR]: [memberJoinService] Erro ao processar entrada
2026-10-02 12:54:32 [WARN]: [BaileysSender] sendMessage: socket existe mas NÃO está pronto (readyState !== OPEN) 
2026-10-02 12:54:32 [INFO]: [BaileysSender.sendMessage] Reply: quotedRaw=false, replyTo=original:123, originalKey=NAO 
2026-10-02 12:54:32 [INFO]: [BaileysSender.sendMessage] Quoted payload construído: keyId=123, hasMessage=true 
2026-10-02 12:54:32 [WARN]: [BaileysSender] sendMessage: socket existe mas NÃO está pronto (readyState !== OPEN) 
2026-10-02 12:54:32 [INFO]: [BaileysSender.sendMessage] Reply: quotedRaw=false, replyTo=original:123, originalKey=NAO 
2026-10-02 12:54:32 [INFO]: [BaileysSender.sendMessage] Quoted payload construído: keyId=123, hasMessage=true 
2026-10-02 12:54:32 [WARN]: [BaileysSender] sendMessage: socket existe mas NÃO está pronto (readyState !== OPEN) 
2026-10-02 12:54:32 [INFO]: [BaileysSender.sendMessage] Reply: quotedRaw=false, replyTo=undefined, originalKey=NAO 
2026-10-02 12:54:32 [WARN]: [BaileysSender] sendMessage: socket existe mas NÃO está pronto (readyState !== OPEN) 
2026-10-02 12:54:32 [INFO]: [BaileysSender.sendMessage] Reply: quotedRaw=false, replyTo=original:123, originalKey=NAO 
2026-10-02 12:54:32 [INFO]: [BaileysSender.sendMessage] Quoted payload construído: keyId=123, hasMessage=true 
2026-10-02 12:54:32 [INFO]: [keywordHandler] Palavra-chave detectada, resposta enviada
2026-10-02 12:54:34 [INFO]: [DiscordScreenService] Missing required Discord credentials, screen sharing disabled 
2026-10-02 12:54:34 [INFO]: [DiscordScreenService] Gerenciado externamente (DISCORD_SCREEN_EXTERNAL) — spawn interno desativado 
2026-10-02 12:54:34 [INFO]: [DiscordScreenService] Gerenciado externamente (DISCORD_SCREEN_EXTERNAL) — spawn interno desativado 
2026-10-02 12:54:35 [INFO]: [Discord] Cliente v14 inicializado com intents, partials e presence 
2026-10-02 13:00:42 [ERROR]: [DB] Falha ao registrar infração
2026-10-02 13:00:43 [INFO]: [databaseService] migração: group_mod.welcome_message adicionada 
2026-10-02 13:00:43 [INFO]: [databaseService] migração: group_mod.presentation_enabled adicionada 
2026-10-02 13:00:43 [INFO]: [databaseService] migração: group_mod.antibot adicionada 
2026-10-02 13:00:43 [INFO]: [databaseService] migração: group_mod.casino adicionada 
2026-10-02 13:00:44 [INFO]: [databaseService] Grupo 120363419033272638@g.us criado no group_mod (automações desligadas por padrão). 
2026-10-02 13:00:44 [INFO]: [databaseService] Grupo 120363499999999999@g.us criado no group_mod (automações desligadas por padrão). 
2026-10-02 13:00:46 [ERROR]: ❌ [Erro no comando $stats:] SQLITE_ERROR: no such table: feedbacks
2026-10-02 13:00:46 [ERROR]:    Stack: 
2026-10-02 13:00:46 [INFO]: 🛑 [SHUTDOWN] Comando executado por: 5588998314322@c.us 
2026-10-02 13:00:46 [ERROR]: ❌ [❌ Erro no $grupos:] ctx.client.getChats is not a function
2026-10-02 13:00:46 [ERROR]:    Stack: at Object.execute (D:\Desktop\Programas\bot-wpp\src\bot\commands\grupos.ts:18:44)
2026-10-02 13:00:46 [ERROR]: ❌ [[ScreenCommand] Erro:] connect ECONNREFUSED 127.0.0.1:3002
2026-10-02 13:00:46 [ERROR]:    Stack: at TCPConnectWrap.afterConnect [as oncomplete] (node:net:2017:16)
2026-10-02 13:00:47 [INFO]: 🛑 [SHUTDOWN] Comando executado por: 5588998314322@c.us 
2026-10-02 13:00:48 [WARN]: [BaileysSender] sendMessage: socket existe mas NÃO está pronto (readyState !== OPEN) 
2026-10-02 13:00:48 [INFO]: [BaileysSender.sendMessage] Reply: quotedRaw=false, replyTo=original:123, originalKey=NAO 
2026-10-02 13:00:49 [INFO]: [BaileysSender.sendMessage] Quoted payload construído: keyId=123, hasMessage=true 
2026-10-02 13:00:49 [WARN]: [BaileysSender] sendMessage: socket existe mas NÃO está pronto (readyState !== OPEN) 
2026-10-02 13:00:49 [INFO]: [BaileysSender.sendMessage] Reply: quotedRaw=false, replyTo=original:123, originalKey=NAO 
2026-10-02 13:00:49 [INFO]: [BaileysSender.sendMessage] Quoted payload construído: keyId=123, hasMessage=true 
2026-10-02 13:00:49 [WARN]: [BaileysSender] sendMessage: socket existe mas NÃO está pronto (readyState !== OPEN) 
2026-10-02 13:00:49 [INFO]: [BaileysSender.sendMessage] Reply: quotedRaw=false, replyTo=undefined, originalKey=NAO 
2026-10-02 13:00:49 [WARN]: [BaileysSender] sendMessage: socket existe mas NÃO está pronto (readyState !== OPEN) 
2026-10-02 13:00:49 [INFO]: [BaileysSender.sendMessage] Reply: quotedRaw=false, replyTo=original:123, originalKey=NAO 
2026-10-02 13:00:49 [INFO]: [BaileysSender.sendMessage] Quoted payload construído: keyId=123, hasMessage=true 
2026-10-02 13:00:50 [ERROR]: [DB] Falha ao registrar infração
2026-10-02 13:00:50 [ERROR]: [DB] Falha ao registrar infração
2026-10-02 13:00:50 [ERROR]: [DB] Falha ao registrar infração
2026-10-02 13:00:50 [ERROR]: [DB] Falha ao registrar infração
2026-10-02 13:00:50 [ERROR]: [DB] Falha ao registrar infração
2026-10-02 13:00:50 [ERROR]: [DB] Falha ao registrar infração
2026-10-02 13:00:50 [ERROR]: [DB] Falha ao registrar infração
2026-10-02 13:00:50 [ERROR]: [DB] Falha ao registrar infração
2026-10-02 13:00:50 [ERROR]: [DB] Falha ao registrar infração
2026-10-02 13:00:52 [INFO]: [TelegramAdapter] Inicializando... 
2026-10-02 13:00:52 [INFO]: [Telegram] Iniciando launch()... 
2026-10-02 13:00:52 [INFO]: [Telegram] ✅ Pronto como  () 
2026-10-02 13:00:52 [INFO]: [TelegramAdapter] Inicializando... 
2026-10-02 13:00:52 [INFO]: [Telegram] Iniciando launch()... 
2026-10-02 13:00:52 [INFO]: [Telegram] ✅ Pronto como  () 
2026-10-02 13:00:52 [INFO]: [TelegramAdapter] Inicializando... 
2026-10-02 13:00:52 [INFO]: [Telegram] Iniciando launch()... 
2026-10-02 13:00:52 [INFO]: [Telegram] ✅ Pronto como  () 
2026-10-02 13:00:52 [INFO]: [TelegramAdapter] Inicializando... 
2026-10-02 13:00:52 [INFO]: [TelegramAdapter] Já estava pronto 
2026-10-02 13:00:52 [INFO]: [TelegramAdapter] Inicializando... 
2026-10-02 13:00:52 [INFO]: [Telegram] Iniciando launch()... 
2026-10-02 13:00:52 [INFO]: [Telegram] ✅ Pronto como  () 
2026-10-02 13:00:52 [INFO]: [TelegramAdapter] Inicializando... 
2026-10-02 13:00:52 [INFO]: [Telegram] Iniciando launch()... 
2026-10-02 13:00:52 [INFO]: [Telegram] ✅ Pronto como  () 
2026-10-02 13:00:52 [INFO]: [Discord] Cliente v14 inicializado com intents, partials e presence 
2026-10-02 13:00:52 [INFO]: [Discord] Iniciando login... 
2026-10-02 13:00:52 [INFO]: [Discord] ✅ Pronto como TestDiscordBot (1111) 
2026-10-02 13:00:52 [ERROR]: ❌ [[Discord] Erro ao definir presença:] this.client.user?.setPresence is not a function
2026-10-02 13:00:52 [INFO]: [Discord] Chamada de login concluída 
2026-10-02 13:00:52 [INFO]: [Discord] Cliente v14 inicializado com intents, partials e presence 
2026-10-02 13:00:52 [INFO]: [Discord] Iniciando login... 
2026-10-02 13:00:52 [INFO]: [Discord] ✅ Pronto como TestDiscordBot (1111) 
2026-10-02 13:00:52 [ERROR]: ❌ [[Discord] Erro ao definir presença:] this.client.user?.setPresence is not a function
2026-10-02 13:00:52 [INFO]: [Discord] Chamada de login concluída 
2026-10-02 13:00:52 [INFO]: [Discord] Iniciando login... 
2026-10-02 13:00:52 [INFO]: [Discord] Chamada de login concluída 
2026-10-02 13:00:52 [INFO]: [Discord] Cliente v14 inicializado com intents, partials e presence 
2026-10-02 13:00:52 [INFO]: [Discord] Iniciando login... 
2026-10-02 13:00:52 [INFO]: [Discord] ✅ Pronto como TestDiscordBot (1111) 
2026-10-02 13:00:52 [ERROR]: ❌ [[Discord] Erro ao definir presença:] this.client.user?.setPresence is not a function
2026-10-02 13:00:52 [INFO]: [Discord] Chamada de login concluída 
2026-10-02 13:00:55 [ERROR]: [memberJoinService] Erro ao processar entrada
2026-10-02 13:00:56 [INFO]: [DiscordScreenService] Missing required Discord credentials, screen sharing disabled 
2026-10-02 13:00:56 [INFO]: [DiscordScreenService] Gerenciado externamente (DISCORD_SCREEN_EXTERNAL) — spawn interno desativado 
2026-10-02 13:00:56 [INFO]: [DiscordScreenService] Gerenciado externamente (DISCORD_SCREEN_EXTERNAL) — spawn interno desativado 
2026-10-02 13:00:57 [INFO]: [keywordHandler] Palavra-chave detectada, resposta enviada
2026-10-02 13:00:59 [INFO]: [Discord] Cliente v14 inicializado com intents, partials e presence 
2026-10-02 14:18:12 [INFO]: [databaseService] migração: group_mod.welcome_message adicionada 
2026-10-02 14:18:12 [INFO]: [databaseService] migração: group_mod.presentation_enabled adicionada 
2026-10-02 14:18:12 [INFO]: [databaseService] migração: group_mod.antibot adicionada 
2026-10-02 14:18:12 [INFO]: [databaseService] migração: group_mod.casino adicionada 
2026-10-02 14:18:12 [INFO]: [databaseService] Grupo 120363419033272638@g.us criado no group_mod (automações desligadas por padrão). 
2026-10-02 14:18:12 [INFO]: [databaseService] Grupo 120363499999999999@g.us criado no group_mod (automações desligadas por padrão). 
2026-10-02 14:18:13 [ERROR]: [DB] Falha ao registrar infração
2026-10-02 14:18:16 [ERROR]: [DB] Falha ao registrar infração
2026-10-02 14:18:16 [ERROR]: [DB] Falha ao registrar infração
2026-10-02 14:18:16 [ERROR]: [DB] Falha ao registrar infração
2026-10-02 14:18:16 [ERROR]: [DB] Falha ao registrar infração
2026-10-02 14:18:16 [ERROR]: [DB] Falha ao registrar infração
2026-10-02 14:18:16 [ERROR]: [DB] Falha ao registrar infração
2026-10-02 14:18:16 [ERROR]: [DB] Falha ao registrar infração
2026-10-02 14:18:16 [ERROR]: [DB] Falha ao registrar infração
2026-10-02 14:18:16 [ERROR]: [DB] Falha ao registrar infração
2026-10-02 14:18:16 [ERROR]: ❌ [Erro no comando $stats:] SQLITE_ERROR: no such table: feedbacks
2026-10-02 14:18:16 [ERROR]:    Stack: 
2026-10-02 14:18:16 [INFO]: 🛑 [SHUTDOWN] Comando executado por: 5588998314322@c.us 
2026-10-02 14:18:16 [ERROR]: ❌ [❌ Erro no $grupos:] ctx.client.getChats is not a function
2026-10-02 14:18:16 [ERROR]:    Stack: at Object.execute (D:\Desktop\Programas\bot-wpp\src\bot\commands\grupos.ts:18:44)
2026-10-02 14:18:16 [ERROR]: ❌ [[ScreenCommand] Erro:] connect ECONNREFUSED 127.0.0.1:3002
2026-10-02 14:18:16 [ERROR]:    Stack: at TCPConnectWrap.afterConnect [as oncomplete] (node:net:2017:16)
2026-10-02 14:18:16 [INFO]: 🛑 [SHUTDOWN] Comando executado por: 5588998314322@c.us 
2026-10-02 14:18:18 [INFO]: [TelegramAdapter] Inicializando... 
2026-10-02 14:18:18 [INFO]: [Telegram] Iniciando launch()... 
2026-10-02 14:18:18 [INFO]: [Telegram] ✅ Pronto como  () 
2026-10-02 14:18:18 [INFO]: [TelegramAdapter] Inicializando... 
2026-10-02 14:18:18 [INFO]: [Telegram] Iniciando launch()... 
2026-10-02 14:18:18 [INFO]: [Telegram] ✅ Pronto como  () 
2026-10-02 14:18:18 [INFO]: [TelegramAdapter] Inicializando... 
2026-10-02 14:18:18 [INFO]: [Telegram] Iniciando launch()... 
2026-10-02 14:18:18 [INFO]: [Telegram] ✅ Pronto como  () 
2026-10-02 14:18:18 [INFO]: [TelegramAdapter] Inicializando... 
2026-10-02 14:18:18 [INFO]: [TelegramAdapter] Já estava pronto 
2026-10-02 14:18:18 [INFO]: [TelegramAdapter] Inicializando... 
2026-10-02 14:18:18 [INFO]: [Telegram] Iniciando launch()... 
2026-10-02 14:18:18 [INFO]: [Telegram] ✅ Pronto como  () 
2026-10-02 14:18:18 [INFO]: [TelegramAdapter] Inicializando... 
2026-10-02 14:18:18 [INFO]: [Telegram] Iniciando launch()... 
2026-10-02 14:18:18 [INFO]: [Telegram] ✅ Pronto como  () 
2026-10-02 14:18:18 [INFO]: [Discord] Cliente v14 inicializado com intents, partials e presence 
2026-10-02 14:18:18 [INFO]: [Discord] Iniciando login... 
2026-10-02 14:18:18 [INFO]: [Discord] ✅ Pronto como TestDiscordBot (1111) 
2026-10-02 14:18:18 [ERROR]: ❌ [[Discord] Erro ao definir presença:] this.client.user?.setPresence is not a function
2026-10-02 14:18:18 [INFO]: [Discord] Chamada de login concluída 
2026-10-02 14:18:18 [INFO]: [Discord] Cliente v14 inicializado com intents, partials e presence 
2026-10-02 14:18:18 [INFO]: [Discord] Iniciando login... 
2026-10-02 14:18:18 [INFO]: [Discord] ✅ Pronto como TestDiscordBot (1111) 
2026-10-02 14:18:18 [ERROR]: ❌ [[Discord] Erro ao definir presença:] this.client.user?.setPresence is not a function
2026-10-02 14:18:18 [INFO]: [Discord] Chamada de login concluída 
2026-10-02 14:18:18 [INFO]: [Discord] Iniciando login... 
2026-10-02 14:18:18 [INFO]: [Discord] Chamada de login concluída 
2026-10-02 14:18:18 [INFO]: [Discord] Cliente v14 inicializado com intents, partials e presence 
2026-10-02 14:18:18 [INFO]: [Discord] Iniciando login... 
2026-10-02 14:18:18 [INFO]: [keywordHandler] Palavra-chave detectada, resposta enviada
2026-10-02 14:18:18 [INFO]: [Discord] ✅ Pronto como TestDiscordBot (1111) 
2026-10-02 14:18:18 [ERROR]: ❌ [[Discord] Erro ao definir presença:] this.client.user?.setPresence is not a function
2026-10-02 14:18:18 [INFO]: [Discord] Chamada de login concluída 
2026-10-02 14:18:19 [WARN]: [BaileysSender] sendMessage: socket existe mas NÃO está pronto (readyState !== OPEN) 
2026-10-02 14:18:19 [INFO]: [BaileysSender.sendMessage] Reply: quotedRaw=false, replyTo=original:123, originalKey=NAO 
2026-10-02 14:18:19 [INFO]: [BaileysSender.sendMessage] Quoted payload construído: keyId=123, hasMessage=true 
2026-10-02 14:18:19 [WARN]: [BaileysSender] sendMessage: socket existe mas NÃO está pronto (readyState !== OPEN) 
2026-10-02 14:18:19 [INFO]: [BaileysSender.sendMessage] Reply: quotedRaw=false, replyTo=original:123, originalKey=NAO 
2026-10-02 14:18:19 [INFO]: [BaileysSender.sendMessage] Quoted payload construído: keyId=123, hasMessage=true 
2026-10-02 14:18:19 [WARN]: [BaileysSender] sendMessage: socket existe mas NÃO está pronto (readyState !== OPEN) 
2026-10-02 14:18:19 [INFO]: [BaileysSender.sendMessage] Reply: quotedRaw=false, replyTo=undefined, originalKey=NAO 
2026-10-02 14:18:19 [WARN]: [BaileysSender] sendMessage: socket existe mas NÃO está pronto (readyState !== OPEN) 
2026-10-02 14:18:19 [INFO]: [BaileysSender.sendMessage] Reply: quotedRaw=false, replyTo=original:123, originalKey=NAO 
2026-10-02 14:18:19 [INFO]: [BaileysSender.sendMessage] Quoted payload construído: keyId=123, hasMessage=true 
2026-10-02 14:18:21 [INFO]: [DiscordScreenService] Missing required Discord credentials, screen sharing disabled 
2026-10-02 14:18:21 [INFO]: [DiscordScreenService] Gerenciado externamente (DISCORD_SCREEN_EXTERNAL) — spawn interno desativado 
2026-10-02 14:18:21 [INFO]: [DiscordScreenService] Gerenciado externamente (DISCORD_SCREEN_EXTERNAL) — spawn interno desativado 
2026-10-02 14:18:22 [ERROR]: [memberJoinService] Erro ao processar entrada
2026-10-02 14:18:25 [INFO]: [Discord] Cliente v14 inicializado com intents, partials e presence 
2026-10-02 14:20:36 [INFO]: [databaseService] migração: group_mod.welcome_message adicionada 
2026-10-02 14:20:36 [INFO]: [databaseService] migração: group_mod.presentation_enabled adicionada 
2026-10-02 14:20:36 [INFO]: [databaseService] migração: group_mod.antibot adicionada 
2026-10-02 14:20:36 [INFO]: [databaseService] migração: group_mod.casino adicionada 
2026-10-02 14:20:37 [INFO]: [databaseService] Grupo 120363419033272638@g.us criado no group_mod (automações desligadas por padrão). 
2026-10-02 14:20:37 [INFO]: [databaseService] Grupo 120363499999999999@g.us criado no group_mod (automações desligadas por padrão). 
2026-10-02 14:20:39 [ERROR]: [DB] Falha ao registrar infração
2026-10-02 14:20:41 [ERROR]: ❌ [Erro no comando $stats:] SQLITE_ERROR: no such table: feedbacks
2026-10-02 14:20:41 [ERROR]:    Stack: 
2026-10-02 14:20:41 [INFO]: 🛑 [SHUTDOWN] Comando executado por: 5588998314322@c.us 
2026-10-02 14:20:41 [ERROR]: ❌ [❌ Erro no $grupos:] ctx.client.getChats is not a function
2026-10-02 14:20:41 [ERROR]:    Stack: at Object.execute (D:\Desktop\Programas\bot-wpp\src\bot\commands\grupos.ts:18:44)
2026-10-02 14:20:41 [ERROR]: ❌ [[ScreenCommand] Erro:] connect ECONNREFUSED 127.0.0.1:3002
2026-10-02 14:20:41 [ERROR]:    Stack: at TCPConnectWrap.afterConnect [as oncomplete] (node:net:2017:16)
2026-10-02 14:20:41 [INFO]: 🛑 [SHUTDOWN] Comando executado por: 5588998314322@c.us 
2026-10-02 14:20:43 [ERROR]: [DB] Falha ao registrar infração
2026-10-02 14:20:43 [ERROR]: [DB] Falha ao registrar infração
2026-10-02 14:20:43 [ERROR]: [DB] Falha ao registrar infração
2026-10-02 14:20:43 [ERROR]: [DB] Falha ao registrar infração
2026-10-02 14:20:43 [ERROR]: [DB] Falha ao registrar infração
2026-10-02 14:20:43 [ERROR]: [DB] Falha ao registrar infração
2026-10-02 14:20:43 [ERROR]: [DB] Falha ao registrar infração
2026-10-02 14:20:43 [ERROR]: [DB] Falha ao registrar infração
2026-10-02 14:20:43 [ERROR]: [DB] Falha ao registrar infração
2026-10-02 14:20:43 [INFO]: [TelegramAdapter] Inicializando... 
2026-10-02 14:20:43 [INFO]: [Telegram] Iniciando launch()... 
2026-10-02 14:20:43 [INFO]: [Telegram] ✅ Pronto como  () 
2026-10-02 14:20:43 [INFO]: [TelegramAdapter] Inicializando... 
2026-10-02 14:20:43 [INFO]: [Telegram] Iniciando launch()... 
2026-10-02 14:20:43 [INFO]: [Telegram] ✅ Pronto como  () 
2026-10-02 14:20:43 [INFO]: [TelegramAdapter] Inicializando... 
2026-10-02 14:20:43 [INFO]: [Telegram] Iniciando launch()... 
2026-10-02 14:20:43 [INFO]: [Telegram] ✅ Pronto como  () 
2026-10-02 14:20:43 [INFO]: [TelegramAdapter] Inicializando... 
2026-10-02 14:20:43 [INFO]: [TelegramAdapter] Já estava pronto 
2026-10-02 14:20:43 [INFO]: [TelegramAdapter] Inicializando... 
2026-10-02 14:20:43 [INFO]: [Telegram] Iniciando launch()... 
2026-10-02 14:20:43 [INFO]: [Telegram] ✅ Pronto como  () 
2026-10-02 14:20:43 [INFO]: [TelegramAdapter] Inicializando... 
2026-10-02 14:20:43 [INFO]: [Telegram] Iniciando launch()... 
2026-10-02 14:20:43 [INFO]: [Telegram] ✅ Pronto como  () 
2026-10-02 14:20:43 [INFO]: [Discord] Cliente v14 inicializado com intents, partials e presence 
2026-10-02 14:20:43 [INFO]: [Discord] Iniciando login... 
2026-10-02 14:20:43 [INFO]: [Discord] ✅ Pronto como TestDiscordBot (1111) 
2026-10-02 14:20:43 [ERROR]: ❌ [[Discord] Erro ao definir presença:] this.client.user?.setPresence is not a function
2026-10-02 14:20:43 [INFO]: [Discord] Chamada de login concluída 
2026-10-02 14:20:43 [INFO]: [Discord] Cliente v14 inicializado com intents, partials e presence 
2026-10-02 14:20:43 [INFO]: [Discord] Iniciando login... 
2026-10-02 14:20:43 [INFO]: [Discord] ✅ Pronto como TestDiscordBot (1111) 
2026-10-02 14:20:43 [ERROR]: ❌ [[Discord] Erro ao definir presença:] this.client.user?.setPresence is not a function
2026-10-02 14:20:43 [INFO]: [Discord] Chamada de login concluída 
2026-10-02 14:20:43 [INFO]: [Discord] Iniciando login... 
2026-10-02 14:20:43 [INFO]: [Discord] Chamada de login concluída 
2026-10-02 14:20:43 [INFO]: [Discord] Cliente v14 inicializado com intents, partials e presence 
2026-10-02 14:20:43 [INFO]: [Discord] Iniciando login... 
2026-10-02 14:20:43 [INFO]: [Discord] ✅ Pronto como TestDiscordBot (1111) 
2026-10-02 14:20:43 [ERROR]: ❌ [[Discord] Erro ao definir presença:] this.client.user?.setPresence is not a function
2026-10-02 14:20:43 [INFO]: [Discord] Chamada de login concluída 
2026-10-02 14:20:47 [ERROR]: [memberJoinService] Erro ao processar entrada
2026-10-02 14:20:49 [WARN]: [BaileysSender] sendMessage: socket existe mas NÃO está pronto (readyState !== OPEN) 
2026-10-02 14:20:49 [INFO]: [BaileysSender.sendMessage] Reply: quotedRaw=false, replyTo=original:123, originalKey=NAO 
2026-10-02 14:20:49 [INFO]: [BaileysSender.sendMessage] Quoted payload construído: keyId=123, hasMessage=true 
2026-10-02 14:20:49 [WARN]: [BaileysSender] sendMessage: socket existe mas NÃO está pronto (readyState !== OPEN) 
2026-10-02 14:20:49 [INFO]: [BaileysSender.sendMessage] Reply: quotedRaw=false, replyTo=original:123, originalKey=NAO 
2026-10-02 14:20:49 [INFO]: [BaileysSender.sendMessage] Quoted payload construído: keyId=123, hasMessage=true 
2026-10-02 14:20:49 [WARN]: [BaileysSender] sendMessage: socket existe mas NÃO está pronto (readyState !== OPEN) 
2026-10-02 14:20:49 [INFO]: [BaileysSender.sendMessage] Reply: quotedRaw=false, replyTo=undefined, originalKey=NAO 
2026-10-02 14:20:49 [WARN]: [BaileysSender] sendMessage: socket existe mas NÃO está pronto (readyState !== OPEN) 
2026-10-02 14:20:49 [INFO]: [BaileysSender.sendMessage] Reply: quotedRaw=false, replyTo=original:123, originalKey=NAO 
2026-10-02 14:20:49 [INFO]: [BaileysSender.sendMessage] Quoted payload construído: keyId=123, hasMessage=true 
2026-10-02 14:20:49 [INFO]: [keywordHandler] Palavra-chave detectada, resposta enviada
2026-10-02 14:20:51 [INFO]: [DiscordScreenService] Missing required Discord credentials, screen sharing disabled 
2026-10-02 14:20:51 [INFO]: [DiscordScreenService] Gerenciado externamente (DISCORD_SCREEN_EXTERNAL) — spawn interno desativado 
2026-10-02 14:20:51 [INFO]: [DiscordScreenService] Gerenciado externamente (DISCORD_SCREEN_EXTERNAL) — spawn interno desativado 
2026-10-02 14:20:53 [INFO]: [Discord] Cliente v14 inicializado com intents, partials e presence 
2026-10-02 16:48:21 [INFO]: [databaseService] migração: group_mod.welcome_message adicionada 
2026-10-02 16:48:21 [INFO]: [databaseService] migração: group_mod.presentation_enabled adicionada 
2026-10-02 16:48:21 [INFO]: [databaseService] migração: group_mod.antibot adicionada 
2026-10-02 16:48:21 [INFO]: [databaseService] migração: group_mod.casino adicionada 
2026-10-02 16:49:13 [INFO]: [databaseService] migração: group_mod.welcome_message adicionada 
2026-10-02 16:49:13 [INFO]: [databaseService] migração: group_mod.presentation_enabled adicionada 
2026-10-02 16:49:13 [INFO]: [databaseService] migração: group_mod.antibot adicionada 
2026-10-02 16:49:13 [INFO]: [databaseService] migração: group_mod.casino adicionada 
2026-10-02 16:49:25 [INFO]: [databaseService] migração: group_mod.welcome_message adicionada 
2026-10-02 16:49:25 [INFO]: [databaseService] migração: group_mod.presentation_enabled adicionada 
2026-10-02 16:49:25 [INFO]: [databaseService] migração: group_mod.antibot adicionada 
2026-10-02 16:49:25 [INFO]: [databaseService] migração: group_mod.casino adicionada 
2026-10-02 16:50:00 [INFO]: [databaseService] migração: group_mod.welcome_message adicionada 
2026-10-02 16:50:00 [INFO]: [databaseService] migração: group_mod.presentation_enabled adicionada 
2026-10-02 16:50:00 [INFO]: [databaseService] migração: group_mod.antibot adicionada 
2026-10-02 16:50:00 [INFO]: [databaseService] migração: group_mod.casino adicionada 
2026-10-02 16:51:42 [INFO]: [databaseService] migração: group_mod.welcome_message adicionada 
2026-10-02 16:51:42 [INFO]: [databaseService] migração: group_mod.presentation_enabled adicionada 
2026-10-02 16:51:42 [INFO]: [databaseService] migração: group_mod.antibot adicionada 
2026-10-02 16:51:42 [INFO]: [databaseService] migração: group_mod.casino adicionada 
2026-10-02 16:51:57 [ERROR]: [DB] Falha ao registrar infração
2026-10-02 16:51:59 [INFO]: [databaseService] migração: group_mod.welcome_message adicionada 
2026-10-02 16:51:59 [INFO]: [databaseService] migração: group_mod.presentation_enabled adicionada 
2026-10-02 16:51:59 [INFO]: [databaseService] migração: group_mod.antibot adicionada 
2026-10-02 16:51:59 [INFO]: [databaseService] migração: group_mod.casino adicionada 
2026-10-02 16:52:00 [INFO]: [databaseService] migração: group_mod.welcome_message adicionada 
2026-10-02 16:52:00 [INFO]: [databaseService] migração: group_mod.presentation_enabled adicionada 
2026-10-02 16:52:00 [INFO]: [databaseService] migração: group_mod.antibot adicionada 
2026-10-02 16:52:00 [INFO]: [databaseService] migração: group_mod.casino adicionada 
2026-10-02 16:52:00 [INFO]: [databaseService] Grupo 120363419033272638@g.us criado no group_mod (automações desligadas por padrão). 
2026-10-02 16:52:00 [INFO]: [databaseService] Grupo 120363499999999999@g.us criado no group_mod (automações desligadas por padrão). 
2026-10-02 16:52:02 [ERROR]: [DB] Falha ao registrar infração
2026-10-02 16:52:02 [ERROR]: [DB] Falha ao registrar infração
2026-10-02 16:52:02 [ERROR]: [DB] Falha ao registrar infração
2026-10-02 16:52:02 [ERROR]: [DB] Falha ao registrar infração
2026-10-02 16:52:02 [ERROR]: [DB] Falha ao registrar infração
2026-10-02 16:52:02 [ERROR]: [DB] Falha ao registrar infração
2026-10-02 16:52:02 [ERROR]: [DB] Falha ao registrar infração
2026-10-02 16:52:02 [ERROR]: [DB] Falha ao registrar infração
2026-10-02 16:52:02 [ERROR]: [DB] Falha ao registrar infração
2026-10-02 16:52:05 [INFO]: [TelegramAdapter] Inicializando... 
2026-10-02 16:52:05 [INFO]: [Telegram] Iniciando launch()... 
2026-10-02 16:52:05 [INFO]: [Telegram] ✅ Pronto como  () 
2026-10-02 16:52:05 [INFO]: [TelegramAdapter] Inicializando... 
2026-10-02 16:52:05 [INFO]: [Telegram] Iniciando launch()... 
2026-10-02 16:52:05 [INFO]: [Telegram] ✅ Pronto como  () 
2026-10-02 16:52:05 [INFO]: [TelegramAdapter] Inicializando... 
2026-10-02 16:52:05 [INFO]: [Telegram] Iniciando launch()... 
2026-10-02 16:52:05 [INFO]: [Telegram] ✅ Pronto como  () 
2026-10-02 16:52:05 [INFO]: [TelegramAdapter] Inicializando... 
2026-10-02 16:52:05 [INFO]: [TelegramAdapter] Já estava pronto 
2026-10-02 16:52:05 [INFO]: [TelegramAdapter] Inicializando... 
2026-10-02 16:52:05 [INFO]: [Telegram] Iniciando launch()... 
2026-10-02 16:52:05 [INFO]: [Telegram] ✅ Pronto como  () 
2026-10-02 16:52:05 [INFO]: [TelegramAdapter] Inicializando... 
2026-10-02 16:52:05 [INFO]: [Telegram] Iniciando launch()... 
2026-10-02 16:52:05 [INFO]: [Telegram] ✅ Pronto como  () 
2026-10-02 16:52:05 [INFO]: [Discord] Cliente v14 inicializado com intents, partials e presence 
2026-10-02 16:52:05 [INFO]: [Discord] Iniciando login... 
2026-10-02 16:52:05 [INFO]: [Discord] ✅ Pronto como TestDiscordBot (1111) 
2026-10-02 16:52:05 [ERROR]: ❌ [[Discord] Erro ao definir presença:] this.client.user?.setPresence is not a function
2026-10-02 16:52:05 [INFO]: [Discord] Chamada de login concluída 
2026-10-02 16:52:05 [INFO]: [Discord] Cliente v14 inicializado com intents, partials e presence 
2026-10-02 16:52:05 [INFO]: [Discord] Iniciando login... 
2026-10-02 16:52:05 [INFO]: [Discord] ✅ Pronto como TestDiscordBot (1111) 
2026-10-02 16:52:05 [ERROR]: ❌ [[Discord] Erro ao definir presença:] this.client.user?.setPresence is not a function
2026-10-02 16:52:05 [INFO]: [Discord] Chamada de login concluída 
2026-10-02 16:52:05 [INFO]: [Discord] Iniciando login... 
2026-10-02 16:52:05 [INFO]: [Discord] Chamada de login concluída 
2026-10-02 16:52:05 [INFO]: [Discord] Cliente v14 inicializado com intents, partials e presence 
2026-10-02 16:52:05 [INFO]: [Discord] Iniciando login... 
2026-10-02 16:52:05 [INFO]: [Discord] ✅ Pronto como TestDiscordBot (1111) 
2026-10-02 16:52:05 [ERROR]: ❌ [[Discord] Erro ao definir presença:] this.client.user?.setPresence is not a function
2026-10-02 16:52:05 [INFO]: [Discord] Chamada de login concluída 
2026-10-02 16:52:10 [ERROR]: ❌ [Erro no comando $stats:] SQLITE_ERROR: no such table: feedbacks
2026-10-02 16:52:10 [ERROR]:    Stack: 
2026-10-02 16:52:10 [INFO]: 🛑 [SHUTDOWN] Comando executado por: 5588998314322@c.us 
2026-10-02 16:52:10 [ERROR]: ❌ [❌ Erro no $grupos:] ctx.client.getChats is not a function
2026-10-02 16:52:10 [ERROR]:    Stack: at Object.execute (D:\Desktop\Programas\bot-wpp\src\bot\commands\grupos.ts:18:44)
2026-10-02 16:52:10 [ERROR]: ❌ [[ScreenCommand] Erro:] connect ECONNREFUSED 127.0.0.1:3002
2026-10-02 16:52:10 [ERROR]:    Stack: at TCPConnectWrap.afterConnect [as oncomplete] (node:net:2017:16)
2026-10-02 16:52:10 [INFO]: 🛑 [SHUTDOWN] Comando executado por: 5588998314322@c.us 
2026-10-02 16:52:12 [ERROR]: [memberJoinService] Erro ao processar entrada
2026-10-02 16:52:15 [INFO]: [keywordHandler] Palavra-chave detectada, resposta enviada
2026-10-02 16:52:16 [INFO]: [DiscordScreenService] Missing required Discord credentials, screen sharing disabled 
2026-10-02 16:52:16 [INFO]: [DiscordScreenService] Gerenciado externamente (DISCORD_SCREEN_EXTERNAL) — spawn interno desativado 
2026-10-02 16:52:16 [INFO]: [DiscordScreenService] Gerenciado externamente (DISCORD_SCREEN_EXTERNAL) — spawn interno desativado 
2026-10-02 16:52:17 [INFO]: [Discord] Cliente v14 inicializado com intents, partials e presence 
2026-10-02 16:52:23 [WARN]: [BaileysSender] sendMessage: socket existe mas NÃO está pronto (readyState !== OPEN) 
2026-10-02 16:52:23 [INFO]: [BaileysSender.sendMessage] Reply: quotedRaw=false, replyTo=original:123, originalKey=NAO 
2026-10-02 16:52:23 [INFO]: [BaileysSender.sendMessage] Quoted payload construído: keyId=123, hasMessage=true 
2026-10-02 16:52:23 [WARN]: [BaileysSender] sendMessage: socket existe mas NÃO está pronto (readyState !== OPEN) 
2026-10-02 16:52:23 [INFO]: [BaileysSender.sendMessage] Reply: quotedRaw=false, replyTo=original:123, originalKey=NAO 
2026-10-02 16:52:23 [INFO]: [BaileysSender.sendMessage] Quoted payload construído: keyId=123, hasMessage=true 
2026-10-02 16:52:23 [WARN]: [BaileysSender] sendMessage: socket existe mas NÃO está pronto (readyState !== OPEN) 
2026-10-02 16:52:23 [INFO]: [BaileysSender.sendMessage] Reply: quotedRaw=false, replyTo=undefined, originalKey=NAO 
2026-10-02 16:52:23 [WARN]: [BaileysSender] sendMessage: socket existe mas NÃO está pronto (readyState !== OPEN) 
2026-10-02 16:52:23 [INFO]: [BaileysSender.sendMessage] Reply: quotedRaw=false, replyTo=original:123, originalKey=NAO 
2026-10-02 16:52:23 [INFO]: [BaileysSender.sendMessage] Quoted payload construído: keyId=123, hasMessage=true 
2026-10-02 16:53:07 [ERROR]: [DB] Falha ao registrar infração
2026-10-02 16:53:08 [INFO]: [databaseService] migração: group_mod.welcome_message adicionada 
2026-10-02 16:53:08 [INFO]: [databaseService] migração: group_mod.presentation_enabled adicionada 
2026-10-02 16:53:08 [INFO]: [databaseService] migração: group_mod.antibot adicionada 
2026-10-02 16:53:09 [INFO]: [databaseService] migração: group_mod.casino adicionada 
2026-10-02 16:53:09 [INFO]: [databaseService] Grupo 120363419033272638@g.us criado no group_mod (automações desligadas por padrão). 
2026-10-02 16:53:09 [INFO]: [databaseService] Grupo 120363499999999999@g.us criado no group_mod (automações desligadas por padrão). 
2026-10-02 16:53:10 [ERROR]: ❌ [Erro no comando $stats:] SQLITE_ERROR: no such table: feedbacks
2026-10-02 16:53:10 [ERROR]:    Stack: 
2026-10-02 16:53:10 [INFO]: 🛑 [SHUTDOWN] Comando executado por: 5588998314322@c.us 
2026-10-02 16:53:10 [ERROR]: ❌ [❌ Erro no $grupos:] ctx.client.getChats is not a function
2026-10-02 16:53:10 [ERROR]:    Stack: at Object.execute (D:\Desktop\Programas\bot-wpp\src\bot\commands\grupos.ts:18:44)
2026-10-02 16:53:10 [ERROR]: ❌ [[ScreenCommand] Erro:] connect ECONNREFUSED 127.0.0.1:3002
2026-10-02 16:53:10 [ERROR]:    Stack: at TCPConnectWrap.afterConnect [as oncomplete] (node:net:2017:16)
2026-10-02 16:53:10 [INFO]: 🛑 [SHUTDOWN] Comando executado por: 5588998314322@c.us 
2026-10-02 16:53:11 [INFO]: [databaseService] migração: group_mod.welcome_message adicionada 
2026-10-02 16:53:11 [INFO]: [databaseService] migração: group_mod.presentation_enabled adicionada 
2026-10-02 16:53:11 [INFO]: [databaseService] migração: group_mod.antibot adicionada 
2026-10-02 16:53:11 [INFO]: [databaseService] migração: group_mod.casino adicionada 
2026-10-02 16:53:13 [ERROR]: [DB] Falha ao registrar infração
2026-10-02 16:53:13 [ERROR]: [DB] Falha ao registrar infração
2026-10-02 16:53:13 [ERROR]: [DB] Falha ao registrar infração
2026-10-02 16:53:13 [ERROR]: [DB] Falha ao registrar infração
2026-10-02 16:53:13 [ERROR]: [DB] Falha ao registrar infração
2026-10-02 16:53:13 [ERROR]: [DB] Falha ao registrar infração
2026-10-02 16:53:13 [ERROR]: [DB] Falha ao registrar infração
2026-10-02 16:53:13 [ERROR]: [DB] Falha ao registrar infração
2026-10-02 16:53:13 [ERROR]: [DB] Falha ao registrar infração
2026-10-02 16:53:15 [INFO]: [TelegramAdapter] Inicializando... 
2026-10-02 16:53:15 [INFO]: [Telegram] Iniciando launch()... 
2026-10-02 16:53:15 [INFO]: [Telegram] ✅ Pronto como  () 
2026-10-02 16:53:15 [INFO]: [TelegramAdapter] Inicializando... 
2026-10-02 16:53:15 [INFO]: [Telegram] Iniciando launch()... 
2026-10-02 16:53:15 [INFO]: [Telegram] ✅ Pronto como  () 
2026-10-02 16:53:15 [INFO]: [TelegramAdapter] Inicializando... 
2026-10-02 16:53:15 [INFO]: [Telegram] Iniciando launch()... 
2026-10-02 16:53:15 [INFO]: [Telegram] ✅ Pronto como  () 
2026-10-02 16:53:15 [INFO]: [TelegramAdapter] Inicializando... 
2026-10-02 16:53:15 [INFO]: [TelegramAdapter] Já estava pronto 
2026-10-02 16:53:15 [INFO]: [TelegramAdapter] Inicializando... 
2026-10-02 16:53:15 [INFO]: [Telegram] Iniciando launch()... 
2026-10-02 16:53:15 [INFO]: [Telegram] ✅ Pronto como  () 
2026-10-02 16:53:15 [INFO]: [TelegramAdapter] Inicializando... 
2026-10-02 16:53:15 [INFO]: [Telegram] Iniciando launch()... 
2026-10-02 16:53:15 [INFO]: [Telegram] ✅ Pronto como  () 
2026-10-02 16:53:15 [INFO]: [Discord] Cliente v14 inicializado com intents, partials e presence 
2026-10-02 16:53:15 [INFO]: [Discord] Iniciando login... 
2026-10-02 16:53:15 [INFO]: [Discord] ✅ Pronto como TestDiscordBot (1111) 
2026-10-02 16:53:15 [ERROR]: ❌ [[Discord] Erro ao definir presença:] this.client.user?.setPresence is not a function
2026-10-02 16:53:15 [INFO]: [Discord] Chamada de login concluída 
2026-10-02 16:53:15 [INFO]: [Discord] Cliente v14 inicializado com intents, partials e presence 
2026-10-02 16:53:15 [INFO]: [Discord] Iniciando login... 
2026-10-02 16:53:15 [INFO]: [Discord] ✅ Pronto como TestDiscordBot (1111) 
2026-10-02 16:53:15 [ERROR]: ❌ [[Discord] Erro ao definir presença:] this.client.user?.setPresence is not a function
2026-10-02 16:53:15 [INFO]: [Discord] Chamada de login concluída 
2026-10-02 16:53:15 [INFO]: [Discord] Iniciando login... 
2026-10-02 16:53:15 [INFO]: [Discord] Chamada de login concluída 
2026-10-02 16:53:15 [INFO]: [Discord] Cliente v14 inicializado com intents, partials e presence 
2026-10-02 16:53:15 [INFO]: [Discord] Iniciando login... 
2026-10-02 16:53:15 [INFO]: [Discord] ✅ Pronto como TestDiscordBot (1111) 
2026-10-02 16:53:15 [ERROR]: ❌ [[Discord] Erro ao definir presença:] this.client.user?.setPresence is not a function
2026-10-02 16:53:15 [INFO]: [Discord] Chamada de login concluída 
2026-10-02 16:53:17 [ERROR]: [memberJoinService] Erro ao processar entrada
2026-10-02 16:53:19 [INFO]: [keywordHandler] Palavra-chave detectada, resposta enviada
2026-10-02 16:53:19 [WARN]: [BaileysSender] sendMessage: socket existe mas NÃO está pronto (readyState !== OPEN) 
2026-10-02 16:53:19 [INFO]: [DiscordScreenService] Missing required Discord credentials, screen sharing disabled 
2026-10-02 16:53:19 [INFO]: [DiscordScreenService] Gerenciado externamente (DISCORD_SCREEN_EXTERNAL) — spawn interno desativado 
2026-10-02 16:53:19 [INFO]: [DiscordScreenService] Gerenciado externamente (DISCORD_SCREEN_EXTERNAL) — spawn interno desativado 
2026-10-02 16:53:19 [INFO]: [BaileysSender.sendMessage] Reply: quotedRaw=false, replyTo=original:123, originalKey=NAO 
2026-10-02 16:53:19 [INFO]: [BaileysSender.sendMessage] Quoted payload construído: keyId=123, hasMessage=true 
2026-10-02 16:53:19 [WARN]: [BaileysSender] sendMessage: socket existe mas NÃO está pronto (readyState !== OPEN) 
2026-10-02 16:53:19 [INFO]: [BaileysSender.sendMessage] Reply: quotedRaw=false, replyTo=original:123, originalKey=NAO 
2026-10-02 16:53:19 [INFO]: [BaileysSender.sendMessage] Quoted payload construído: keyId=123, hasMessage=true 
2026-10-02 16:53:19 [WARN]: [BaileysSender] sendMessage: socket existe mas NÃO está pronto (readyState !== OPEN) 
2026-10-02 16:53:19 [INFO]: [BaileysSender.sendMessage] Reply: quotedRaw=false, replyTo=undefined, originalKey=NAO 
2026-10-02 16:53:19 [WARN]: [BaileysSender] sendMessage: socket existe mas NÃO está pronto (readyState !== OPEN) 
2026-10-02 16:53:19 [INFO]: [BaileysSender.sendMessage] Reply: quotedRaw=false, replyTo=original:123, originalKey=NAO 
2026-10-02 16:53:19 [INFO]: [BaileysSender.sendMessage] Quoted payload construído: keyId=123, hasMessage=true 
2026-10-02 16:53:22 [INFO]: [Discord] Cliente v14 inicializado com intents, partials e presence 
2026-10-02 16:54:00 [INFO]: [databaseService] migração: group_mod.welcome_message adicionada 
2026-10-02 16:54:00 [INFO]: [databaseService] migração: group_mod.presentation_enabled adicionada 
2026-10-02 16:54:00 [INFO]: [databaseService] migração: group_mod.antibot adicionada 
2026-10-02 16:54:00 [INFO]: [databaseService] migração: group_mod.casino adicionada 
2026-10-02 16:54:00 [INFO]: [databaseService] Grupo 120363419033272638@g.us criado no group_mod (automações desligadas por padrão). 
2026-10-02 16:54:00 [INFO]: [databaseService] Grupo 120363499999999999@g.us criado no group_mod (automações desligadas por padrão). 
2026-10-02 16:54:01 [ERROR]: [DB] Falha ao registrar infração
2026-10-02 16:54:01 [INFO]: [databaseService] migração: group_mod.welcome_message adicionada 
2026-10-02 16:54:01 [INFO]: [databaseService] migração: group_mod.presentation_enabled adicionada 
2026-10-02 16:54:01 [INFO]: [databaseService] migração: group_mod.antibot adicionada 
2026-10-02 16:54:01 [INFO]: [databaseService] migração: group_mod.casino adicionada 
2026-10-02 16:54:01 [ERROR]: [DB] Falha ao registrar infração
2026-10-02 16:54:01 [ERROR]: [DB] Falha ao registrar infração
2026-10-02 16:54:01 [ERROR]: [DB] Falha ao registrar infração
2026-10-02 16:54:01 [ERROR]: [DB] Falha ao registrar infração
2026-10-02 16:54:01 [ERROR]: [DB] Falha ao registrar infração
2026-10-02 16:54:01 [ERROR]: [DB] Falha ao registrar infração
2026-10-02 16:54:01 [ERROR]: [DB] Falha ao registrar infração
2026-10-02 16:54:01 [ERROR]: [DB] Falha ao registrar infração
2026-10-02 16:54:04 [ERROR]: ❌ [Erro no comando $stats:] SQLITE_ERROR: no such table: feedbacks
2026-10-02 16:54:04 [ERROR]:    Stack: 
2026-10-02 16:54:04 [INFO]: 🛑 [SHUTDOWN] Comando executado por: 5588998314322@c.us 
2026-10-02 16:54:04 [ERROR]: ❌ [❌ Erro no $grupos:] ctx.client.getChats is not a function
2026-10-02 16:54:04 [ERROR]:    Stack: at Object.execute (D:\Desktop\Programas\bot-wpp\src\bot\commands\grupos.ts:18:44)
2026-10-02 16:54:04 [ERROR]: ❌ [[ScreenCommand] Erro:] connect ECONNREFUSED 127.0.0.1:3002
2026-10-02 16:54:04 [ERROR]:    Stack: at TCPConnectWrap.afterConnect [as oncomplete] (node:net:2017:16)
2026-10-02 16:54:04 [INFO]: 🛑 [SHUTDOWN] Comando executado por: 5588998314322@c.us 
2026-10-02 16:54:05 [ERROR]: [DB] Falha ao registrar infração
2026-10-02 16:54:09 [WARN]: [BaileysSender] sendMessage: socket existe mas NÃO está pronto (readyState !== OPEN) 
2026-10-02 16:54:09 [INFO]: [BaileysSender.sendMessage] Reply: quotedRaw=false, replyTo=original:123, originalKey=NAO 
2026-10-02 16:54:09 [INFO]: [BaileysSender.sendMessage] Quoted payload construído: keyId=123, hasMessage=true 
2026-10-02 16:54:09 [WARN]: [BaileysSender] sendMessage: socket existe mas NÃO está pronto (readyState !== OPEN) 
2026-10-02 16:54:09 [INFO]: [BaileysSender.sendMessage] Reply: quotedRaw=false, replyTo=original:123, originalKey=NAO 
2026-10-02 16:54:09 [INFO]: [BaileysSender.sendMessage] Quoted payload construído: keyId=123, hasMessage=true 
2026-10-02 16:54:09 [WARN]: [BaileysSender] sendMessage: socket existe mas NÃO está pronto (readyState !== OPEN) 
2026-10-02 16:54:09 [INFO]: [BaileysSender.sendMessage] Reply: quotedRaw=false, replyTo=undefined, originalKey=NAO 
2026-10-02 16:54:09 [WARN]: [BaileysSender] sendMessage: socket existe mas NÃO está pronto (readyState !== OPEN) 
2026-10-02 16:54:09 [INFO]: [BaileysSender.sendMessage] Reply: quotedRaw=false, replyTo=original:123, originalKey=NAO 
2026-10-02 16:54:09 [INFO]: [BaileysSender.sendMessage] Quoted payload construído: keyId=123, hasMessage=true 
2026-10-02 16:54:11 [INFO]: [TelegramAdapter] Inicializando... 
2026-10-02 16:54:11 [INFO]: [Telegram] Iniciando launch()... 
2026-10-02 16:54:11 [INFO]: [Telegram] ✅ Pronto como  () 
2026-10-02 16:54:11 [INFO]: [TelegramAdapter] Inicializando... 
2026-10-02 16:54:11 [INFO]: [Telegram] Iniciando launch()... 
2026-10-02 16:54:11 [INFO]: [Telegram] ✅ Pronto como  () 
2026-10-02 16:54:11 [INFO]: [TelegramAdapter] Inicializando... 
2026-10-02 16:54:11 [INFO]: [Telegram] Iniciando launch()... 
2026-10-02 16:54:11 [INFO]: [Telegram] ✅ Pronto como  () 
2026-10-02 16:54:11 [INFO]: [TelegramAdapter] Inicializando... 
2026-10-02 16:54:11 [INFO]: [TelegramAdapter] Já estava pronto 
2026-10-02 16:54:11 [INFO]: [TelegramAdapter] Inicializando... 
2026-10-02 16:54:11 [INFO]: [Telegram] Iniciando launch()... 
2026-10-02 16:54:11 [INFO]: [Telegram] ✅ Pronto como  () 
2026-10-02 16:54:11 [INFO]: [TelegramAdapter] Inicializando... 
2026-10-02 16:54:11 [INFO]: [Telegram] Iniciando launch()... 
2026-10-02 16:54:11 [INFO]: [Telegram] ✅ Pronto como  () 
2026-10-02 16:54:11 [INFO]: [Discord] Cliente v14 inicializado com intents, partials e presence 
2026-10-02 16:54:11 [INFO]: [Discord] Iniciando login... 
2026-10-02 16:54:11 [INFO]: [Discord] ✅ Pronto como TestDiscordBot (1111) 
2026-10-02 16:54:11 [ERROR]: ❌ [[Discord] Erro ao definir presença:] this.client.user?.setPresence is not a function
2026-10-02 16:54:11 [INFO]: [Discord] Chamada de login concluída 
2026-10-02 16:54:11 [INFO]: [Discord] Cliente v14 inicializado com intents, partials e presence 
2026-10-02 16:54:11 [INFO]: [Discord] Iniciando login... 
2026-10-02 16:54:11 [INFO]: [Discord] ✅ Pronto como TestDiscordBot (1111) 
2026-10-02 16:54:11 [ERROR]: ❌ [[Discord] Erro ao definir presença:] this.client.user?.setPresence is not a function
2026-10-02 16:54:11 [INFO]: [Discord] Chamada de login concluída 
2026-10-02 16:54:11 [INFO]: [Discord] Iniciando login... 
2026-10-02 16:54:11 [INFO]: [Discord] Chamada de login concluída 
2026-10-02 16:54:11 [INFO]: [Discord] Cliente v14 inicializado com intents, partials e presence 
2026-10-02 16:54:11 [INFO]: [Discord] Iniciando login... 
2026-10-02 16:54:11 [INFO]: [Discord] ✅ Pronto como TestDiscordBot (1111) 
2026-10-02 16:54:11 [ERROR]: ❌ [[Discord] Erro ao definir presença:] this.client.user?.setPresence is not a function
2026-10-02 16:54:11 [INFO]: [Discord] Chamada de login concluída 
2026-10-02 16:54:13 [INFO]: [DiscordScreenService] Missing required Discord credentials, screen sharing disabled 
2026-10-02 16:54:13 [INFO]: [DiscordScreenService] Gerenciado externamente (DISCORD_SCREEN_EXTERNAL) — spawn interno desativado 
2026-10-02 16:54:13 [INFO]: [DiscordScreenService] Gerenciado externamente (DISCORD_SCREEN_EXTERNAL) — spawn interno desativado 
2026-10-02 16:54:13 [ERROR]: [memberJoinService] Erro ao processar entrada
2026-10-02 16:54:15 [INFO]: [keywordHandler] Palavra-chave detectada, resposta enviada
2026-10-02 16:54:17 [INFO]: [Discord] Cliente v14 inicializado com intents, partials e presence 
2026-10-02 16:54:32 [INFO]: [databaseService] migração: group_mod.welcome_message adicionada 
2026-10-02 16:54:32 [INFO]: [databaseService] migração: group_mod.presentation_enabled adicionada 
2026-10-02 16:54:32 [INFO]: [databaseService] migração: group_mod.antibot adicionada 
2026-10-02 16:54:32 [INFO]: [databaseService] migração: group_mod.casino adicionada 
2026-10-02 16:54:33 [INFO]: [databaseService] Grupo 120363419033272638@g.us criado no group_mod (automações desligadas por padrão). 
2026-10-02 16:54:33 [INFO]: [databaseService] Grupo 120363499999999999@g.us criado no group_mod (automações desligadas por padrão). 
2026-10-02 16:54:35 [INFO]: [databaseService] migração: group_mod.welcome_message adicionada 
2026-10-02 16:54:35 [INFO]: [databaseService] migração: group_mod.presentation_enabled adicionada 
2026-10-02 16:54:35 [INFO]: [databaseService] migração: group_mod.antibot adicionada 
2026-10-02 16:54:35 [INFO]: [databaseService] migração: group_mod.casino adicionada 
2026-10-02 16:54:35 [ERROR]: [DB] Falha ao registrar infração
2026-10-02 16:54:37 [ERROR]: ❌ [Erro no comando $stats:] SQLITE_IOERR: disk I/O error
2026-10-02 16:54:37 [ERROR]:    Stack: 
2026-10-02 16:54:37 [INFO]: 🛑 [SHUTDOWN] Comando executado por: 5588998314322@c.us 
2026-10-02 16:54:37 [ERROR]: ❌ [❌ Erro no $grupos:] ctx.client.getChats is not a function
2026-10-02 16:54:37 [ERROR]:    Stack: at Object.execute (D:\Desktop\Programas\bot-wpp\src\bot\commands\grupos.ts:18:44)
2026-10-02 16:54:37 [ERROR]: ❌ [❌ Erro ao buscar banidos:] SQLITE_IOERR: disk I/O error
2026-10-02 16:54:37 [ERROR]:    Stack: 
2026-10-02 16:54:37 [WARN]: [welcomeService] getWelcomeMessage falhou
2026-10-02 16:54:37 [WARN]: [welcomeService] isPresentationEnabled falhou
2026-10-02 16:54:37 [ERROR]: ❌ [[ScreenCommand] Erro:] connect ECONNREFUSED 127.0.0.1:3002
2026-10-02 16:54:37 [ERROR]:    Stack: at TCPConnectWrap.afterConnect [as oncomplete] (node:net:2017:16)
2026-10-02 16:54:37 [INFO]: 🛑 [SHUTDOWN] Comando executado por: 5588998314322@c.us 
2026-10-02 16:54:40 [ERROR]: [DB] Falha ao registrar infração
2026-10-02 16:54:40 [ERROR]: [DB] Falha ao registrar infração
2026-10-02 16:54:40 [ERROR]: [DB] Falha ao registrar infração
2026-10-02 16:54:40 [ERROR]: [DB] Falha ao registrar infração
2026-10-02 16:54:40 [ERROR]: [DB] Falha ao registrar infração
2026-10-02 16:54:40 [ERROR]: [DB] Falha ao registrar infração
2026-10-02 16:54:40 [ERROR]: [DB] Falha ao registrar infração
2026-10-02 16:54:40 [ERROR]: [DB] Falha ao registrar infração
2026-10-02 16:54:40 [ERROR]: [DB] Falha ao registrar infração
2026-10-02 16:54:42 [INFO]: [TelegramAdapter] Inicializando... 
2026-10-02 16:54:42 [INFO]: [Telegram] Iniciando launch()... 
2026-10-02 16:54:42 [INFO]: [Telegram] ✅ Pronto como  () 
2026-10-02 16:54:42 [INFO]: [TelegramAdapter] Inicializando... 
2026-10-02 16:54:42 [INFO]: [Telegram] Iniciando launch()... 
2026-10-02 16:54:42 [INFO]: [Telegram] ✅ Pronto como  () 
2026-10-02 16:54:42 [INFO]: [TelegramAdapter] Inicializando... 
2026-10-02 16:54:42 [INFO]: [Telegram] Iniciando launch()... 
2026-10-02 16:54:42 [INFO]: [Telegram] ✅ Pronto como  () 
2026-10-02 16:54:42 [INFO]: [TelegramAdapter] Inicializando... 
2026-10-02 16:54:42 [INFO]: [TelegramAdapter] Já estava pronto 
2026-10-02 16:54:42 [INFO]: [TelegramAdapter] Inicializando... 
2026-10-02 16:54:42 [INFO]: [Telegram] Iniciando launch()... 
2026-10-02 16:54:42 [INFO]: [Telegram] ✅ Pronto como  () 
2026-10-02 16:54:42 [INFO]: [TelegramAdapter] Inicializando... 
2026-10-02 16:54:42 [INFO]: [Telegram] Iniciando launch()... 
2026-10-02 16:54:42 [INFO]: [Telegram] ✅ Pronto como  () 
2026-10-02 16:54:42 [INFO]: [Discord] Cliente v14 inicializado com intents, partials e presence 
2026-10-02 16:54:42 [INFO]: [Discord] Iniciando login... 
2026-10-02 16:54:42 [INFO]: [Discord] ✅ Pronto como TestDiscordBot (1111) 
2026-10-02 16:54:42 [ERROR]: ❌ [[Discord] Erro ao definir presença:] this.client.user?.setPresence is not a function
2026-10-02 16:54:42 [INFO]: [Discord] Chamada de login concluída 
2026-10-02 16:54:42 [INFO]: [Discord] Cliente v14 inicializado com intents, partials e presence 
2026-10-02 16:54:42 [INFO]: [Discord] Iniciando login... 
2026-10-02 16:54:42 [INFO]: [Discord] ✅ Pronto como TestDiscordBot (1111) 
2026-10-02 16:54:42 [ERROR]: ❌ [[Discord] Erro ao definir presença:] this.client.user?.setPresence is not a function
2026-10-02 16:54:42 [INFO]: [Discord] Chamada de login concluída 
2026-10-02 16:54:42 [INFO]: [Discord] Iniciando login... 
2026-10-02 16:54:42 [INFO]: [Discord] Chamada de login concluída 
2026-10-02 16:54:42 [INFO]: [Discord] Cliente v14 inicializado com intents, partials e presence 
2026-10-02 16:54:42 [INFO]: [Discord] Iniciando login... 
2026-10-02 16:54:42 [INFO]: [Discord] ✅ Pronto como TestDiscordBot (1111) 
2026-10-02 16:54:42 [ERROR]: ❌ [[Discord] Erro ao definir presença:] this.client.user?.setPresence is not a function
2026-10-02 16:54:42 [INFO]: [Discord] Chamada de login concluída 
2026-10-02 16:54:46 [ERROR]: [memberJoinService] Erro ao processar entrada
2026-10-02 16:54:47 [WARN]: [BaileysSender] sendMessage: socket existe mas NÃO está pronto (readyState !== OPEN) 
2026-10-02 16:54:47 [INFO]: [BaileysSender.sendMessage] Reply: quotedRaw=false, replyTo=original:123, originalKey=NAO 
2026-10-02 16:54:47 [INFO]: [BaileysSender.sendMessage] Quoted payload construído: keyId=123, hasMessage=true 
2026-10-02 16:54:47 [WARN]: [BaileysSender] sendMessage: socket existe mas NÃO está pronto (readyState !== OPEN) 
2026-10-02 16:54:47 [INFO]: [BaileysSender.sendMessage] Reply: quotedRaw=false, replyTo=original:123, originalKey=NAO 
2026-10-02 16:54:47 [INFO]: [BaileysSender.sendMessage] Quoted payload construído: keyId=123, hasMessage=true 
2026-10-02 16:54:47 [WARN]: [BaileysSender] sendMessage: socket existe mas NÃO está pronto (readyState !== OPEN) 
2026-10-02 16:54:47 [INFO]: [BaileysSender.sendMessage] Reply: quotedRaw=false, replyTo=undefined, originalKey=NAO 
2026-10-02 16:54:47 [WARN]: [BaileysSender] sendMessage: socket existe mas NÃO está pronto (readyState !== OPEN) 
2026-10-02 16:54:47 [INFO]: [BaileysSender.sendMessage] Reply: quotedRaw=false, replyTo=original:123, originalKey=NAO 
2026-10-02 16:54:47 [INFO]: [BaileysSender.sendMessage] Quoted payload construído: keyId=123, hasMessage=true 
2026-10-02 16:54:48 [INFO]: [keywordHandler] Palavra-chave detectada, resposta enviada
2026-10-02 16:54:49 [INFO]: [DiscordScreenService] Missing required Discord credentials, screen sharing disabled 
2026-10-02 16:54:49 [INFO]: [DiscordScreenService] Gerenciado externamente (DISCORD_SCREEN_EXTERNAL) — spawn interno desativado 
2026-10-02 16:54:49 [INFO]: [DiscordScreenService] Gerenciado externamente (DISCORD_SCREEN_EXTERNAL) — spawn interno desativado 
2026-10-02 16:54:50 [INFO]: [Discord] Cliente v14 inicializado com intents, partials e presence 
2026-10-02 16:56:41 [INFO]: [databaseService] migração: group_mod.welcome_message adicionada 
2026-10-02 16:56:41 [INFO]: [databaseService] migração: group_mod.presentation_enabled adicionada 
2026-10-02 16:56:41 [INFO]: [databaseService] migração: group_mod.antibot adicionada 
2026-10-02 16:56:41 [INFO]: [databaseService] migração: group_mod.casino adicionada 
2026-10-02 16:56:41 [INFO]: [databaseService] Grupo 120363419033272638@g.us criado no group_mod (automações desligadas por padrão). 
2026-10-02 16:56:42 [INFO]: [databaseService] Grupo 120363499999999999@g.us criado no group_mod (automações desligadas por padrão). 
2026-10-02 16:56:45 [INFO]: [databaseService] migração: group_mod.welcome_message adicionada 
2026-10-02 16:56:45 [INFO]: [databaseService] migração: group_mod.presentation_enabled adicionada 
2026-10-02 16:56:45 [INFO]: [databaseService] migração: group_mod.antibot adicionada 
2026-10-02 16:56:45 [INFO]: [databaseService] migração: group_mod.casino adicionada 
2026-10-02 16:56:46 [ERROR]: [DB] Falha ao registrar infração
2026-10-02 16:56:46 [ERROR]: ❌ [Erro no comando $stats:] SQLITE_ERROR: no such table: feedbacks
2026-10-02 16:56:46 [ERROR]:    Stack: 
2026-10-02 16:56:46 [INFO]: 🛑 [SHUTDOWN] Comando executado por: 5588998314322@c.us 
2026-10-02 16:56:46 [ERROR]: ❌ [❌ Erro no $grupos:] ctx.client.getChats is not a function
2026-10-02 16:56:46 [ERROR]:    Stack: at Object.execute (D:\Desktop\Programas\bot-wpp\src\bot\commands\grupos.ts:18:44)
2026-10-02 16:56:46 [ERROR]: ❌ [[ScreenCommand] Erro:] connect ECONNREFUSED 127.0.0.1:3002
2026-10-02 16:56:46 [ERROR]:    Stack: at TCPConnectWrap.afterConnect [as oncomplete] (node:net:2017:16)
2026-10-02 16:56:46 [INFO]: 🛑 [SHUTDOWN] Comando executado por: 5588998314322@c.us 
2026-10-02 16:56:48 [ERROR]: [DB] Falha ao registrar infração
2026-10-02 16:56:48 [ERROR]: [DB] Falha ao registrar infração
2026-10-02 16:56:48 [ERROR]: [DB] Falha ao registrar infração
2026-10-02 16:56:48 [ERROR]: [DB] Falha ao registrar infração
2026-10-02 16:56:48 [ERROR]: [DB] Falha ao registrar infração
2026-10-02 16:56:48 [ERROR]: [DB] Falha ao registrar infração
2026-10-02 16:56:48 [ERROR]: [DB] Falha ao registrar infração
2026-10-02 16:56:48 [ERROR]: [DB] Falha ao registrar infração
2026-10-02 16:56:48 [ERROR]: [DB] Falha ao registrar infração
2026-10-02 16:56:49 [INFO]: [TelegramAdapter] Inicializando... 
2026-10-02 16:56:49 [INFO]: [Telegram] Iniciando launch()... 
2026-10-02 16:56:49 [INFO]: [Telegram] ✅ Pronto como  () 
2026-10-02 16:56:49 [INFO]: [TelegramAdapter] Inicializando... 
2026-10-02 16:56:49 [INFO]: [Telegram] Iniciando launch()... 
2026-10-02 16:56:49 [INFO]: [Telegram] ✅ Pronto como  () 
2026-10-02 16:56:49 [INFO]: [TelegramAdapter] Inicializando... 
2026-10-02 16:56:49 [INFO]: [Telegram] Iniciando launch()... 
2026-10-02 16:56:49 [INFO]: [Telegram] ✅ Pronto como  () 
2026-10-02 16:56:49 [INFO]: [TelegramAdapter] Inicializando... 
2026-10-02 16:56:49 [INFO]: [TelegramAdapter] Já estava pronto 
2026-10-02 16:56:49 [INFO]: [TelegramAdapter] Inicializando... 
2026-10-02 16:56:49 [INFO]: [Telegram] Iniciando launch()... 
2026-10-02 16:56:49 [INFO]: [Telegram] ✅ Pronto como  () 
2026-10-02 16:56:49 [INFO]: [TelegramAdapter] Inicializando... 
2026-10-02 16:56:49 [INFO]: [Telegram] Iniciando launch()... 
2026-10-02 16:56:49 [INFO]: [Telegram] ✅ Pronto como  () 
2026-10-02 16:56:49 [INFO]: [Discord] Cliente v14 inicializado com intents, partials e presence 
2026-10-02 16:56:49 [INFO]: [Discord] Iniciando login... 
2026-10-02 16:56:49 [INFO]: [Discord] ✅ Pronto como TestDiscordBot (1111) 
2026-10-02 16:56:49 [ERROR]: ❌ [[Discord] Erro ao definir presença:] this.client.user?.setPresence is not a function
2026-10-02 16:56:49 [INFO]: [Discord] Chamada de login concluída 
2026-10-02 16:56:49 [INFO]: [Discord] Cliente v14 inicializado com intents, partials e presence 
2026-10-02 16:56:49 [INFO]: [Discord] Iniciando login... 
2026-10-02 16:56:49 [INFO]: [Discord] ✅ Pronto como TestDiscordBot (1111) 
2026-10-02 16:56:49 [ERROR]: ❌ [[Discord] Erro ao definir presença:] this.client.user?.setPresence is not a function
2026-10-02 16:56:49 [INFO]: [Discord] Chamada de login concluída 
2026-10-02 16:56:49 [INFO]: [Discord] Iniciando login... 
2026-10-02 16:56:49 [INFO]: [Discord] Chamada de login concluída 
2026-10-02 16:56:49 [INFO]: [Discord] Cliente v14 inicializado com intents, partials e presence 
2026-10-02 16:56:49 [INFO]: [Discord] Iniciando login... 
2026-10-02 16:56:50 [INFO]: [Discord] ✅ Pronto como TestDiscordBot (1111) 
2026-10-02 16:56:50 [ERROR]: ❌ [[Discord] Erro ao definir presença:] this.client.user?.setPresence is not a function
2026-10-02 16:56:50 [INFO]: [Discord] Chamada de login concluída 
2026-10-02 16:56:53 [WARN]: [BaileysSender] sendMessage: socket existe mas NÃO está pronto (readyState !== OPEN) 
2026-10-02 16:56:53 [INFO]: [BaileysSender.sendMessage] Reply: quotedRaw=false, replyTo=original:123, originalKey=NAO 
2026-10-02 16:56:53 [INFO]: [BaileysSender.sendMessage] Quoted payload construído: keyId=123, hasMessage=true 
2026-10-02 16:56:53 [WARN]: [BaileysSender] sendMessage: socket existe mas NÃO está pronto (readyState !== OPEN) 
2026-10-02 16:56:53 [INFO]: [BaileysSender.sendMessage] Reply: quotedRaw=false, replyTo=original:123, originalKey=NAO 
2026-10-02 16:56:53 [INFO]: [BaileysSender.sendMessage] Quoted payload construído: keyId=123, hasMessage=true 
2026-10-02 16:56:53 [WARN]: [BaileysSender] sendMessage: socket existe mas NÃO está pronto (readyState !== OPEN) 
2026-10-02 16:56:53 [INFO]: [BaileysSender.sendMessage] Reply: quotedRaw=false, replyTo=undefined, originalKey=NAO 
2026-10-02 16:56:53 [WARN]: [BaileysSender] sendMessage: socket existe mas NÃO está pronto (readyState !== OPEN) 
2026-10-02 16:56:53 [INFO]: [BaileysSender.sendMessage] Reply: quotedRaw=false, replyTo=original:123, originalKey=NAO 
2026-10-02 16:56:53 [INFO]: [BaileysSender.sendMessage] Quoted payload construído: keyId=123, hasMessage=true 
2026-10-02 16:56:53 [INFO]: [keywordHandler] Palavra-chave detectada, resposta enviada
2026-10-02 16:56:53 [ERROR]: [memberJoinService] Erro ao processar entrada
2026-10-02 16:56:55 [INFO]: [DiscordScreenService] Missing required Discord credentials, screen sharing disabled 
2026-10-02 16:56:55 [INFO]: [DiscordScreenService] Gerenciado externamente (DISCORD_SCREEN_EXTERNAL) — spawn interno desativado 
2026-10-02 16:56:55 [INFO]: [DiscordScreenService] Gerenciado externamente (DISCORD_SCREEN_EXTERNAL) — spawn interno desativado 
2026-10-02 16:56:57 [INFO]: [Discord] Cliente v14 inicializado com intents, partials e presence 
2026-10-02 17:11:35 [INFO]: [databaseService] migração: group_mod.welcome_message adicionada 
2026-10-02 17:11:35 [INFO]: [databaseService] migração: group_mod.presentation_enabled adicionada 
2026-10-02 17:11:35 [INFO]: [databaseService] migração: group_mod.antibot adicionada 
2026-10-02 17:11:35 [INFO]: [databaseService] migração: group_mod.casino adicionada 
2026-10-02 17:11:35 [INFO]: [databaseService] Grupo 120363419033272638@g.us criado no group_mod (automações desligadas por padrão). 
2026-10-02 17:11:35 [INFO]: [databaseService] Grupo 120363499999999999@g.us criado no group_mod (automações desligadas por padrão). 
2026-10-02 17:11:36 [INFO]: [databaseService] migração: group_mod.welcome_message adicionada 
2026-10-02 17:11:36 [INFO]: [databaseService] migração: group_mod.presentation_enabled adicionada 
2026-10-02 17:11:36 [INFO]: [databaseService] migração: group_mod.antibot adicionada 
2026-10-02 17:11:36 [INFO]: [databaseService] migração: group_mod.casino adicionada 
2026-10-02 17:11:36 [ERROR]: ❌ [Erro no comando $stats:] SQLITE_ERROR: no such table: feedbacks
2026-10-02 17:11:36 [ERROR]:    Stack: 
2026-10-02 17:11:36 [INFO]: 🛑 [SHUTDOWN] Comando executado por: 5588998314322@c.us 
2026-10-02 17:11:36 [ERROR]: ❌ [❌ Erro no $grupos:] ctx.client.getChats is not a function
2026-10-02 17:11:36 [ERROR]:    Stack: at Object.execute (D:\Desktop\Programas\bot-wpp\src\bot\commands\grupos.ts:18:44)
2026-10-02 17:11:36 [ERROR]: ❌ [[ScreenCommand] Erro:] connect ECONNREFUSED 127.0.0.1:3002
2026-10-02 17:11:36 [ERROR]: [DB] Falha ao registrar infração
2026-10-02 17:11:36 [ERROR]:    Stack: at TCPConnectWrap.afterConnect [as oncomplete] (node:net:2017:16)
2026-10-02 17:11:36 [INFO]: 🛑 [SHUTDOWN] Comando executado por: 5588998314322@c.us 
2026-10-02 17:11:40 [ERROR]: [DB] Falha ao registrar infração
2026-10-02 17:11:40 [ERROR]: [DB] Falha ao registrar infração
2026-10-02 17:11:40 [ERROR]: [DB] Falha ao registrar infração
2026-10-02 17:11:40 [ERROR]: [DB] Falha ao registrar infração
2026-10-02 17:11:40 [ERROR]: [DB] Falha ao registrar infração
2026-10-02 17:11:40 [ERROR]: [DB] Falha ao registrar infração
2026-10-02 17:11:40 [ERROR]: [DB] Falha ao registrar infração
2026-10-02 17:11:40 [ERROR]: [DB] Falha ao registrar infração
2026-10-02 17:11:40 [ERROR]: [DB] Falha ao registrar infração
2026-10-02 17:11:41 [INFO]: [TelegramAdapter] Inicializando... 
2026-10-02 17:11:41 [INFO]: [Telegram] Iniciando launch()... 
2026-10-02 17:11:41 [INFO]: [Telegram] ✅ Pronto como  () 
2026-10-02 17:11:41 [INFO]: [TelegramAdapter] Inicializando... 
2026-10-02 17:11:41 [INFO]: [Telegram] Iniciando launch()... 
2026-10-02 17:11:41 [INFO]: [Telegram] ✅ Pronto como  () 
2026-10-02 17:11:41 [INFO]: [TelegramAdapter] Inicializando... 
2026-10-02 17:11:41 [INFO]: [Telegram] Iniciando launch()... 
2026-10-02 17:11:41 [INFO]: [Telegram] ✅ Pronto como  () 
2026-10-02 17:11:41 [INFO]: [TelegramAdapter] Inicializando... 
2026-10-02 17:11:41 [INFO]: [TelegramAdapter] Já estava pronto 
2026-10-02 17:11:41 [INFO]: [TelegramAdapter] Inicializando... 
2026-10-02 17:11:41 [INFO]: [Telegram] Iniciando launch()... 
2026-10-02 17:11:41 [INFO]: [Telegram] ✅ Pronto como  () 
2026-10-02 17:11:41 [INFO]: [TelegramAdapter] Inicializando... 
2026-10-02 17:11:41 [INFO]: [Telegram] Iniciando launch()... 
2026-10-02 17:11:41 [INFO]: [Telegram] ✅ Pronto como  () 
2026-10-02 17:11:41 [INFO]: [Discord] Cliente v14 inicializado com intents, partials e presence 
2026-10-02 17:11:41 [INFO]: [Discord] Iniciando login... 
2026-10-02 17:11:41 [INFO]: [Discord] ✅ Pronto como TestDiscordBot (1111) 
2026-10-02 17:11:41 [ERROR]: ❌ [[Discord] Erro ao definir presença:] this.client.user?.setPresence is not a function
2026-10-02 17:11:41 [INFO]: [Discord] Chamada de login concluída 
2026-10-02 17:11:41 [INFO]: [Discord] Cliente v14 inicializado com intents, partials e presence 
2026-10-02 17:11:41 [INFO]: [Discord] Iniciando login... 
2026-10-02 17:11:41 [INFO]: [Discord] ✅ Pronto como TestDiscordBot (1111) 
2026-10-02 17:11:41 [ERROR]: ❌ [[Discord] Erro ao definir presença:] this.client.user?.setPresence is not a function
2026-10-02 17:11:41 [INFO]: [Discord] Chamada de login concluída 
2026-10-02 17:11:41 [INFO]: [Discord] Iniciando login... 
2026-10-02 17:11:41 [INFO]: [Discord] Chamada de login concluída 
2026-10-02 17:11:41 [INFO]: [Discord] Cliente v14 inicializado com intents, partials e presence 
2026-10-02 17:11:41 [INFO]: [Discord] Iniciando login... 
2026-10-02 17:11:41 [INFO]: [Discord] ✅ Pronto como TestDiscordBot (1111) 
2026-10-02 17:11:41 [ERROR]: ❌ [[Discord] Erro ao definir presença:] this.client.user?.setPresence is not a function
2026-10-02 17:11:41 [INFO]: [Discord] Chamada de login concluída 
2026-10-02 17:11:44 [ERROR]: [memberJoinService] Erro ao processar entrada
2026-10-02 17:11:45 [INFO]: [keywordHandler] Palavra-chave detectada, resposta enviada
2026-10-02 17:11:46 [WARN]: [BaileysSender] sendMessage: socket existe mas NÃO está pronto (readyState !== OPEN) 
2026-10-02 17:11:46 [INFO]: [BaileysSender.sendMessage] Reply: quotedRaw=false, replyTo=original:123, originalKey=NAO 
2026-10-02 17:11:46 [INFO]: [BaileysSender.sendMessage] Quoted payload construído: keyId=123, hasMessage=true 
2026-10-02 17:11:46 [WARN]: [BaileysSender] sendMessage: socket existe mas NÃO está pronto (readyState !== OPEN) 
2026-10-02 17:11:46 [INFO]: [BaileysSender.sendMessage] Reply: quotedRaw=false, replyTo=original:123, originalKey=NAO 
2026-10-02 17:11:46 [INFO]: [BaileysSender.sendMessage] Quoted payload construído: keyId=123, hasMessage=true 
2026-10-02 17:11:46 [WARN]: [BaileysSender] sendMessage: socket existe mas NÃO está pronto (readyState !== OPEN) 
2026-10-02 17:11:46 [INFO]: [BaileysSender.sendMessage] Reply: quotedRaw=false, replyTo=undefined, originalKey=NAO 
2026-10-02 17:11:46 [WARN]: [BaileysSender] sendMessage: socket existe mas NÃO está pronto (readyState !== OPEN) 
2026-10-02 17:11:46 [INFO]: [BaileysSender.sendMessage] Reply: quotedRaw=false, replyTo=original:123, originalKey=NAO 
2026-10-02 17:11:46 [INFO]: [BaileysSender.sendMessage] Quoted payload construído: keyId=123, hasMessage=true 
2026-10-02 17:11:48 [INFO]: [DiscordScreenService] Missing required Discord credentials, screen sharing disabled 
2026-10-02 17:11:48 [INFO]: [DiscordScreenService] Gerenciado externamente (DISCORD_SCREEN_EXTERNAL) — spawn interno desativado 
2026-10-02 17:11:48 [INFO]: [DiscordScreenService] Gerenciado externamente (DISCORD_SCREEN_EXTERNAL) — spawn interno desativado 
2026-10-02 17:11:48 [INFO]: [Discord] Cliente v14 inicializado com intents, partials e presence 
2026-10-02 17:12:04 [INFO]: [databaseService] migração: group_mod.welcome_message adicionada 
2026-10-02 17:12:04 [INFO]: [databaseService] migração: group_mod.presentation_enabled adicionada 
2026-10-02 17:12:04 [INFO]: [databaseService] migração: group_mod.antibot adicionada 
2026-10-02 17:12:04 [INFO]: [databaseService] migração: group_mod.casino adicionada 
2026-10-02 17:12:04 [INFO]: [databaseService] Grupo 120363419033272638@g.us criado no group_mod (automações desligadas por padrão). 
2026-10-02 17:12:04 [INFO]: [databaseService] Grupo 120363499999999999@g.us criado no group_mod (automações desligadas por padrão). 
2026-10-02 17:12:08 [INFO]: [databaseService] migração: group_mod.welcome_message adicionada 
2026-10-02 17:12:08 [INFO]: [databaseService] migração: group_mod.presentation_enabled adicionada 
2026-10-02 17:12:08 [INFO]: [databaseService] migração: group_mod.antibot adicionada 
2026-10-02 17:12:08 [INFO]: [databaseService] migração: group_mod.casino adicionada 
2026-10-02 17:12:09 [ERROR]: ❌ [Erro no comando $stats:] SQLITE_ERROR: no such table: feedbacks
2026-10-02 17:12:09 [ERROR]:    Stack: 
2026-10-02 17:12:09 [INFO]: 🛑 [SHUTDOWN] Comando executado por: 5588998314322@c.us 
2026-10-02 17:12:09 [ERROR]: ❌ [❌ Erro no $grupos:] ctx.client.getChats is not a function
2026-10-02 17:12:09 [ERROR]:    Stack: at Object.execute (D:\Desktop\Programas\bot-wpp\src\bot\commands\grupos.ts:18:44)
2026-10-02 17:12:09 [ERROR]: ❌ [[ScreenCommand] Erro:] connect ECONNREFUSED 127.0.0.1:3002
2026-10-02 17:12:09 [ERROR]:    Stack: at TCPConnectWrap.afterConnect [as oncomplete] (node:net:2017:16)
2026-10-02 17:12:09 [INFO]: 🛑 [SHUTDOWN] Comando executado por: 5588998314322@c.us 
2026-10-02 17:12:09 [ERROR]: [DB] Falha ao registrar infração
2026-10-02 17:12:11 [ERROR]: [DB] Falha ao registrar infração
2026-10-02 17:12:11 [ERROR]: [DB] Falha ao registrar infração
2026-10-02 17:12:11 [ERROR]: [DB] Falha ao registrar infração
2026-10-02 17:12:11 [ERROR]: [DB] Falha ao registrar infração
2026-10-02 17:12:11 [ERROR]: [DB] Falha ao registrar infração
2026-10-02 17:12:11 [ERROR]: [DB] Falha ao registrar infração
2026-10-02 17:12:11 [ERROR]: [DB] Falha ao registrar infração
2026-10-02 17:12:11 [ERROR]: [DB] Falha ao registrar infração
2026-10-02 17:12:11 [ERROR]: [DB] Falha ao registrar infração
2026-10-02 17:12:13 [INFO]: [TelegramAdapter] Inicializando... 
2026-10-02 17:12:13 [INFO]: [Telegram] Iniciando launch()... 
2026-10-02 17:12:13 [INFO]: [Telegram] ✅ Pronto como  () 
2026-10-02 17:12:13 [INFO]: [TelegramAdapter] Inicializando... 
2026-10-02 17:12:13 [INFO]: [Telegram] Iniciando launch()... 
2026-10-02 17:12:13 [INFO]: [Telegram] ✅ Pronto como  () 
2026-10-02 17:12:13 [INFO]: [TelegramAdapter] Inicializando... 
2026-10-02 17:12:13 [INFO]: [Telegram] Iniciando launch()... 
2026-10-02 17:12:13 [INFO]: [Telegram] ✅ Pronto como  () 
2026-10-02 17:12:13 [INFO]: [TelegramAdapter] Inicializando... 
2026-10-02 17:12:13 [INFO]: [TelegramAdapter] Já estava pronto 
2026-10-02 17:12:13 [INFO]: [TelegramAdapter] Inicializando... 
2026-10-02 17:12:13 [INFO]: [Telegram] Iniciando launch()... 
2026-10-02 17:12:13 [INFO]: [Telegram] ✅ Pronto como  () 
2026-10-02 17:12:13 [INFO]: [TelegramAdapter] Inicializando... 
2026-10-02 17:12:13 [INFO]: [Telegram] Iniciando launch()... 
2026-10-02 17:12:13 [INFO]: [Telegram] ✅ Pronto como  () 
2026-10-02 17:12:13 [INFO]: [Discord] Cliente v14 inicializado com intents, partials e presence 
2026-10-02 17:12:13 [INFO]: [Discord] Iniciando login... 
2026-10-02 17:12:13 [INFO]: [Discord] ✅ Pronto como TestDiscordBot (1111) 
2026-10-02 17:12:13 [ERROR]: ❌ [[Discord] Erro ao definir presença:] this.client.user?.setPresence is not a function
2026-10-02 17:12:13 [INFO]: [Discord] Chamada de login concluída 
2026-10-02 17:12:13 [INFO]: [Discord] Cliente v14 inicializado com intents, partials e presence 
2026-10-02 17:12:13 [INFO]: [Discord] Iniciando login... 
2026-10-02 17:12:13 [INFO]: [Discord] ✅ Pronto como TestDiscordBot (1111) 
2026-10-02 17:12:13 [ERROR]: ❌ [[Discord] Erro ao definir presença:] this.client.user?.setPresence is not a function
2026-10-02 17:12:13 [INFO]: [Discord] Chamada de login concluída 
2026-10-02 17:12:13 [INFO]: [Discord] Iniciando login... 
2026-10-02 17:12:13 [INFO]: [Discord] Chamada de login concluída 
2026-10-02 17:12:13 [INFO]: [Discord] Cliente v14 inicializado com intents, partials e presence 
2026-10-02 17:12:13 [INFO]: [Discord] Iniciando login... 
2026-10-02 17:12:13 [INFO]: [Discord] ✅ Pronto como TestDiscordBot (1111) 
2026-10-02 17:12:13 [ERROR]: ❌ [[Discord] Erro ao definir presença:] this.client.user?.setPresence is not a function
2026-10-02 17:12:13 [INFO]: [Discord] Chamada de login concluída 
2026-10-02 17:12:15 [INFO]: [keywordHandler] Palavra-chave detectada, resposta enviada
2026-10-02 17:12:16 [WARN]: [BaileysSender] sendMessage: socket existe mas NÃO está pronto (readyState !== OPEN) 
2026-10-02 17:12:16 [INFO]: [BaileysSender.sendMessage] Reply: quotedRaw=false, replyTo=original:123, originalKey=NAO 
2026-10-02 17:12:16 [INFO]: [BaileysSender.sendMessage] Quoted payload construído: keyId=123, hasMessage=true 
2026-10-02 17:12:16 [WARN]: [BaileysSender] sendMessage: socket existe mas NÃO está pronto (readyState !== OPEN) 
2026-10-02 17:12:16 [INFO]: [BaileysSender.sendMessage] Reply: quotedRaw=false, replyTo=original:123, originalKey=NAO 
2026-10-02 17:12:16 [INFO]: [BaileysSender.sendMessage] Quoted payload construído: keyId=123, hasMessage=true 
2026-10-02 17:12:16 [WARN]: [BaileysSender] sendMessage: socket existe mas NÃO está pronto (readyState !== OPEN) 
2026-10-02 17:12:16 [INFO]: [BaileysSender.sendMessage] Reply: quotedRaw=false, replyTo=undefined, originalKey=NAO 
2026-10-02 17:12:16 [WARN]: [BaileysSender] sendMessage: socket existe mas NÃO está pronto (readyState !== OPEN) 
2026-10-02 17:12:16 [INFO]: [BaileysSender.sendMessage] Reply: quotedRaw=false, replyTo=original:123, originalKey=NAO 
2026-10-02 17:12:16 [INFO]: [BaileysSender.sendMessage] Quoted payload construído: keyId=123, hasMessage=true 
2026-10-02 17:12:17 [ERROR]: [memberJoinService] Erro ao processar entrada
2026-10-02 17:12:19 [INFO]: [DiscordScreenService] Missing required Discord credentials, screen sharing disabled 
2026-10-02 17:12:19 [INFO]: [DiscordScreenService] Gerenciado externamente (DISCORD_SCREEN_EXTERNAL) — spawn interno desativado 
2026-10-02 17:12:19 [INFO]: [DiscordScreenService] Gerenciado externamente (DISCORD_SCREEN_EXTERNAL) — spawn interno desativado 
2026-10-02 17:12:20 [INFO]: [Discord] Cliente v14 inicializado com intents, partials e presence 
2026-10-02 17:12:36 [INFO]: [databaseService] migração: group_mod.welcome_message adicionada 
2026-10-02 17:12:36 [INFO]: [databaseService] migração: group_mod.presentation_enabled adicionada 
2026-10-02 17:12:36 [INFO]: [databaseService] migração: group_mod.antibot adicionada 
2026-10-02 17:12:36 [INFO]: [databaseService] migração: group_mod.casino adicionada 
2026-10-02 17:12:38 [INFO]: [databaseService] migração: group_mod.welcome_message adicionada 
2026-10-02 17:12:38 [INFO]: [databaseService] migração: group_mod.presentation_enabled adicionada 
2026-10-02 17:12:38 [INFO]: [databaseService] migração: group_mod.antibot adicionada 
2026-10-02 17:12:38 [INFO]: [databaseService] migração: group_mod.casino adicionada 
2026-10-02 17:12:38 [INFO]: [databaseService] Grupo 120363419033272638@g.us criado no group_mod (automações desligadas por padrão). 
2026-10-02 17:12:38 [INFO]: [databaseService] Grupo 120363499999999999@g.us criado no group_mod (automações desligadas por padrão). 
2026-10-02 17:12:40 [ERROR]: ❌ [Erro no comando $stats:] SQLITE_ERROR: no such table: feedbacks
2026-10-02 17:12:40 [ERROR]:    Stack: 
2026-10-02 17:12:40 [INFO]: 🛑 [SHUTDOWN] Comando executado por: 5588998314322@c.us 
2026-10-02 17:12:40 [ERROR]: ❌ [❌ Erro no $grupos:] ctx.client.getChats is not a function
2026-10-02 17:12:40 [ERROR]:    Stack: at Object.execute (D:\Desktop\Programas\bot-wpp\src\bot\commands\grupos.ts:18:44)
2026-10-02 17:12:40 [ERROR]: ❌ [[ScreenCommand] Erro:] connect ECONNREFUSED 127.0.0.1:3002
2026-10-02 17:12:40 [ERROR]:    Stack: at TCPConnectWrap.afterConnect [as oncomplete] (node:net:2017:16)
2026-10-02 17:12:41 [INFO]: 🛑 [SHUTDOWN] Comando executado por: 5588998314322@c.us 
2026-10-02 17:12:41 [ERROR]: [DB] Falha ao registrar infração
2026-10-02 17:12:42 [ERROR]: [DB] Falha ao registrar infração
2026-10-02 17:12:42 [ERROR]: [DB] Falha ao registrar infração
2026-10-02 17:12:42 [ERROR]: [DB] Falha ao registrar infração
2026-10-02 17:12:42 [ERROR]: [DB] Falha ao registrar infração
2026-10-02 17:12:42 [ERROR]: [DB] Falha ao registrar infração
2026-10-02 17:12:42 [ERROR]: [DB] Falha ao registrar infração
2026-10-02 17:12:42 [ERROR]: [DB] Falha ao registrar infração
2026-10-02 17:12:42 [ERROR]: [DB] Falha ao registrar infração
2026-10-02 17:12:42 [ERROR]: [DB] Falha ao registrar infração
2026-10-02 17:12:45 [INFO]: [TelegramAdapter] Inicializando... 
2026-10-02 17:12:45 [INFO]: [Telegram] Iniciando launch()... 
2026-10-02 17:12:45 [INFO]: [Telegram] ✅ Pronto como  () 
2026-10-02 17:12:45 [INFO]: [TelegramAdapter] Inicializando... 
2026-10-02 17:12:45 [INFO]: [Telegram] Iniciando launch()... 
2026-10-02 17:12:45 [INFO]: [Telegram] ✅ Pronto como  () 
2026-10-02 17:12:45 [INFO]: [TelegramAdapter] Inicializando... 
2026-10-02 17:12:45 [INFO]: [Telegram] Iniciando launch()... 
2026-10-02 17:12:45 [INFO]: [Telegram] ✅ Pronto como  () 
2026-10-02 17:12:45 [INFO]: [TelegramAdapter] Inicializando... 
2026-10-02 17:12:45 [INFO]: [TelegramAdapter] Já estava pronto 
2026-10-02 17:12:45 [INFO]: [TelegramAdapter] Inicializando... 
2026-10-02 17:12:45 [INFO]: [Telegram] Iniciando launch()... 
2026-10-02 17:12:45 [INFO]: [Telegram] ✅ Pronto como  () 
2026-10-02 17:12:45 [INFO]: [TelegramAdapter] Inicializando... 
2026-10-02 17:12:45 [INFO]: [Telegram] Iniciando launch()... 
2026-10-02 17:12:45 [INFO]: [Telegram] ✅ Pronto como  () 
2026-10-02 17:12:45 [INFO]: [Discord] Cliente v14 inicializado com intents, partials e presence 
2026-10-02 17:12:45 [INFO]: [Discord] Iniciando login... 
2026-10-02 17:12:45 [INFO]: [Discord] ✅ Pronto como TestDiscordBot (1111) 
2026-10-02 17:12:45 [ERROR]: ❌ [[Discord] Erro ao definir presença:] this.client.user?.setPresence is not a function
2026-10-02 17:12:45 [INFO]: [Discord] Chamada de login concluída 
2026-10-02 17:12:45 [INFO]: [Discord] Cliente v14 inicializado com intents, partials e presence 
2026-10-02 17:12:45 [INFO]: [Discord] Iniciando login... 
2026-10-02 17:12:45 [INFO]: [Discord] ✅ Pronto como TestDiscordBot (1111) 
2026-10-02 17:12:45 [ERROR]: ❌ [[Discord] Erro ao definir presença:] this.client.user?.setPresence is not a function
2026-10-02 17:12:45 [INFO]: [Discord] Chamada de login concluída 
2026-10-02 17:12:45 [INFO]: [Discord] Iniciando login... 
2026-10-02 17:12:45 [INFO]: [Discord] Chamada de login concluída 
2026-10-02 17:12:45 [INFO]: [Discord] Cliente v14 inicializado com intents, partials e presence 
2026-10-02 17:12:45 [INFO]: [Discord] Iniciando login... 
2026-10-02 17:12:45 [INFO]: [Discord] ✅ Pronto como TestDiscordBot (1111) 
2026-10-02 17:12:45 [ERROR]: ❌ [[Discord] Erro ao definir presença:] this.client.user?.setPresence is not a function
2026-10-02 17:12:45 [INFO]: [Discord] Chamada de login concluída 
2026-10-02 17:12:46 [ERROR]: [memberJoinService] Erro ao processar entrada
2026-10-02 17:12:47 [INFO]: [keywordHandler] Palavra-chave detectada, resposta enviada
2026-10-02 17:12:48 [WARN]: [BaileysSender] sendMessage: socket existe mas NÃO está pronto (readyState !== OPEN) 
2026-10-02 17:12:48 [INFO]: [BaileysSender.sendMessage] Reply: quotedRaw=false, replyTo=original:123, originalKey=NAO 
2026-10-02 17:12:48 [INFO]: [BaileysSender.sendMessage] Quoted payload construído: keyId=123, hasMessage=true 
2026-10-02 17:12:48 [WARN]: [BaileysSender] sendMessage: socket existe mas NÃO está pronto (readyState !== OPEN) 
2026-10-02 17:12:48 [INFO]: [BaileysSender.sendMessage] Reply: quotedRaw=false, replyTo=original:123, originalKey=NAO 
2026-10-02 17:12:48 [INFO]: [BaileysSender.sendMessage] Quoted payload construído: keyId=123, hasMessage=true 
2026-10-02 17:12:48 [WARN]: [BaileysSender] sendMessage: socket existe mas NÃO está pronto (readyState !== OPEN) 
2026-10-02 17:12:48 [INFO]: [BaileysSender.sendMessage] Reply: quotedRaw=false, replyTo=undefined, originalKey=NAO 
2026-10-02 17:12:48 [WARN]: [BaileysSender] sendMessage: socket existe mas NÃO está pronto (readyState !== OPEN) 
2026-10-02 17:12:48 [INFO]: [BaileysSender.sendMessage] Reply: quotedRaw=false, replyTo=original:123, originalKey=NAO 
2026-10-02 17:12:48 [INFO]: [BaileysSender.sendMessage] Quoted payload construído: keyId=123, hasMessage=true 
2026-10-02 17:12:49 [INFO]: [DiscordScreenService] Missing required Discord credentials, screen sharing disabled 
2026-10-02 17:12:49 [INFO]: [DiscordScreenService] Gerenciado externamente (DISCORD_SCREEN_EXTERNAL) — spawn interno desativado 
2026-10-02 17:12:49 [INFO]: [DiscordScreenService] Gerenciado externamente (DISCORD_SCREEN_EXTERNAL) — spawn interno desativado 
2026-10-02 17:12:51 [INFO]: [Discord] Cliente v14 inicializado com intents, partials e presence 
2026-10-05 11:51:32 [INFO]: [databaseService] migração: group_mod.welcome_message adicionada 
2026-10-05 11:51:32 [INFO]: [databaseService] migração: group_mod.presentation_enabled adicionada 
2026-10-05 11:51:32 [INFO]: [databaseService] migração: group_mod.feedback adicionada 
2026-10-05 11:51:32 [INFO]: [databaseService] migração: group_mod.sarcasmo adicionada 
2026-10-05 11:51:32 [INFO]: [databaseService] migração: group_mod.antibot adicionada 
2026-10-05 11:51:32 [INFO]: [databaseService] migração: group_mod.casino adicionada 
2026-10-05 11:51:32 [INFO]: [databaseService] Grupo 120363419033272638@g.us criado no group_mod (automações desligadas por padrão). 
2026-10-05 11:51:32 [INFO]: [databaseService] Grupo 120363499999999999@g.us criado no group_mod (automações desligadas por padrão). 
2026-10-05 11:51:34 [INFO]: [databaseService] migração: group_mod.welcome_message adicionada 
2026-10-05 11:51:34 [INFO]: [databaseService] migração: group_mod.presentation_enabled adicionada 
2026-10-05 11:51:34 [INFO]: [databaseService] migração: group_mod.feedback adicionada 
2026-10-05 11:51:34 [INFO]: [databaseService] migração: group_mod.sarcasmo adicionada 
2026-10-05 11:51:34 [INFO]: [databaseService] migração: group_mod.antibot adicionada 
2026-10-05 11:51:34 [INFO]: [databaseService] migração: group_mod.casino adicionada 
2026-10-05 11:51:36 [ERROR]: [DB] Falha ao registrar infração
2026-10-05 11:51:40 [ERROR]: ❌ [Erro no comando $stats:] SQLITE_ERROR: no such table: feedbacks
2026-10-05 11:51:40 [ERROR]:    Stack: 
2026-10-05 11:51:40 [INFO]: 🛑 [SHUTDOWN] Comando executado por: 5588998314322@c.us 
2026-10-05 11:51:40 [ERROR]: ❌ [❌ Erro no $grupos:] ctx.client.getChats is not a function
2026-10-05 11:51:40 [ERROR]:    Stack: at Object.execute (D:\Desktop\Programas\bot-wpp\src\bot\commands\grupos.ts:18:44)
2026-10-05 11:51:40 [ERROR]: ❌ [[ScreenCommand] Erro:] connect ECONNREFUSED 127.0.0.1:3002
2026-10-05 11:51:40 [ERROR]: [DB] Falha ao registrar infração
2026-10-05 11:51:40 [ERROR]: [DB] Falha ao registrar infração
2026-10-05 11:51:40 [ERROR]: [DB] Falha ao registrar infração
2026-10-05 11:51:40 [ERROR]: [DB] Falha ao registrar infração
2026-10-05 11:51:40 [ERROR]: [DB] Falha ao registrar infração
2026-10-05 11:51:40 [ERROR]: [DB] Falha ao registrar infração
2026-10-05 11:51:40 [ERROR]: [DB] Falha ao registrar infração
2026-10-05 11:51:40 [ERROR]: [DB] Falha ao registrar infração
2026-10-05 11:51:40 [ERROR]: [DB] Falha ao registrar infração
2026-10-05 11:51:40 [ERROR]:    Stack: at TCPConnectWrap.afterConnect [as oncomplete] (node:net:2017:16)
2026-10-05 11:51:40 [INFO]: 🛑 [SHUTDOWN] Comando executado por: 5588998314322@c.us 
2026-10-05 11:51:42 [INFO]: [TelegramAdapter] Inicializando... 
2026-10-05 11:51:42 [INFO]: [Telegram] Iniciando launch()... 
2026-10-05 11:51:42 [INFO]: [Telegram] ✅ Pronto como  () 
2026-10-05 11:51:42 [INFO]: [TelegramAdapter] Inicializando... 
2026-10-05 11:51:42 [INFO]: [Telegram] Iniciando launch()... 
2026-10-05 11:51:42 [INFO]: [Telegram] ✅ Pronto como  () 
2026-10-05 11:51:42 [INFO]: [TelegramAdapter] Inicializando... 
2026-10-05 11:51:42 [INFO]: [Telegram] Iniciando launch()... 
2026-10-05 11:51:42 [INFO]: [Telegram] ✅ Pronto como  () 
2026-10-05 11:51:42 [INFO]: [TelegramAdapter] Inicializando... 
2026-10-05 11:51:42 [INFO]: [TelegramAdapter] Já estava pronto 
2026-10-05 11:51:42 [INFO]: [TelegramAdapter] Inicializando... 
2026-10-05 11:51:42 [INFO]: [Telegram] Iniciando launch()... 
2026-10-05 11:51:42 [INFO]: [Telegram] ✅ Pronto como  () 
2026-10-05 11:51:42 [INFO]: [TelegramAdapter] Inicializando... 
2026-10-05 11:51:42 [INFO]: [Telegram] Iniciando launch()... 
2026-10-05 11:51:42 [INFO]: [Telegram] ✅ Pronto como  () 
2026-10-05 11:51:42 [INFO]: [Discord] Cliente v14 inicializado com intents, partials e presence 
2026-10-05 11:51:42 [INFO]: [Discord] Iniciando login... 
2026-10-05 11:51:42 [INFO]: [Discord] ✅ Pronto como TestDiscordBot (1111) 
2026-10-05 11:51:42 [ERROR]: ❌ [[Discord] Erro ao definir presença:] this.client.user?.setPresence is not a function
2026-10-05 11:51:42 [INFO]: [Discord] Chamada de login concluída 
2026-10-05 11:51:42 [INFO]: [Discord] Cliente v14 inicializado com intents, partials e presence 
2026-10-05 11:51:42 [INFO]: [Discord] Iniciando login... 
2026-10-05 11:51:42 [INFO]: [Discord] ✅ Pronto como TestDiscordBot (1111) 
2026-10-05 11:51:42 [ERROR]: ❌ [[Discord] Erro ao definir presença:] this.client.user?.setPresence is not a function
2026-10-05 11:51:42 [INFO]: [Discord] Chamada de login concluída 
2026-10-05 11:51:42 [INFO]: [Discord] Iniciando login... 
2026-10-05 11:51:42 [INFO]: [Discord] Chamada de login concluída 
2026-10-05 11:51:42 [INFO]: [Discord] Cliente v14 inicializado com intents, partials e presence 
2026-10-05 11:51:42 [INFO]: [Discord] Iniciando login... 
2026-10-05 11:51:42 [INFO]: [Discord] ✅ Pronto como TestDiscordBot (1111) 
2026-10-05 11:51:42 [ERROR]: ❌ [[Discord] Erro ao definir presença:] this.client.user?.setPresence is not a function
2026-10-05 11:51:42 [INFO]: [Discord] Chamada de login concluída 
2026-10-05 11:51:45 [ERROR]: [memberJoinService] Erro ao processar entrada
2026-10-05 11:51:50 [INFO]: [DiscordScreenService] Missing required Discord credentials, screen sharing disabled 
2026-10-05 11:51:50 [INFO]: [DiscordScreenService] Gerenciado externamente (DISCORD_SCREEN_EXTERNAL) — spawn interno desativado 
2026-10-05 11:51:50 [INFO]: [DiscordScreenService] Gerenciado externamente (DISCORD_SCREEN_EXTERNAL) — spawn interno desativado 
2026-10-05 11:51:51 [INFO]: [keywordHandler] Palavra-chave detectada, resposta enviada
2026-10-05 11:51:52 [INFO]: [Discord] Cliente v14 inicializado com intents, partials e presence 
2026-10-05 11:51:57 [WARN]: [BaileysSender] sendMessage: socket existe mas NÃO está pronto (readyState !== OPEN) 
2026-10-05 11:51:57 [INFO]: [BaileysSender.sendMessage] Reply: quotedRaw=false, replyTo=original:123, originalKey=NAO 
2026-10-05 11:51:57 [INFO]: [BaileysSender.sendMessage] Quoted payload construído: keyId=123, hasMessage=true 
2026-10-05 11:51:57 [WARN]: [BaileysSender] sendMessage: socket existe mas NÃO está pronto (readyState !== OPEN) 
2026-10-05 11:51:57 [INFO]: [BaileysSender.sendMessage] Reply: quotedRaw=false, replyTo=original:123, originalKey=NAO 
2026-10-05 11:51:57 [INFO]: [BaileysSender.sendMessage] Quoted payload construído: keyId=123, hasMessage=true 
2026-10-05 11:51:57 [WARN]: [BaileysSender] sendMessage: socket existe mas NÃO está pronto (readyState !== OPEN) 
2026-10-05 11:51:57 [INFO]: [BaileysSender.sendMessage] Reply: quotedRaw=false, replyTo=undefined, originalKey=NAO 
2026-10-05 11:51:57 [WARN]: [BaileysSender] sendMessage: socket existe mas NÃO está pronto (readyState !== OPEN) 
2026-10-05 11:51:57 [INFO]: [BaileysSender.sendMessage] Reply: quotedRaw=false, replyTo=original:123, originalKey=NAO 
2026-10-05 11:51:57 [INFO]: [BaileysSender.sendMessage] Quoted payload construído: keyId=123, hasMessage=true 
2026-10-05 11:57:58 [INFO]: [databaseService] migração: group_mod.welcome_message adicionada 
2026-10-05 11:57:58 [INFO]: [databaseService] migração: group_mod.presentation_enabled adicionada 
2026-10-05 11:57:58 [INFO]: [databaseService] migração: group_mod.feedback adicionada 
2026-10-05 11:57:58 [INFO]: [databaseService] migração: group_mod.sarcasmo adicionada 
2026-10-05 11:57:58 [INFO]: [databaseService] migração: group_mod.antibot adicionada 
2026-10-05 11:57:58 [INFO]: [databaseService] migração: group_mod.casino adicionada 
2026-10-05 11:57:58 [INFO]: [databaseService] Grupo 120363419033272638@g.us criado no group_mod (automações desligadas por padrão). 
2026-10-05 11:57:58 [INFO]: [databaseService] Grupo 120363499999999999@g.us criado no group_mod (automações desligadas por padrão). 
2026-10-05 11:58:00 [INFO]: [databaseService] migração: group_mod.welcome_message adicionada 
2026-10-05 11:58:00 [INFO]: [databaseService] migração: group_mod.presentation_enabled adicionada 
2026-10-05 11:58:00 [INFO]: [databaseService] migração: group_mod.feedback adicionada 
2026-10-05 11:58:00 [INFO]: [databaseService] migração: group_mod.sarcasmo adicionada 
2026-10-05 11:58:00 [INFO]: [databaseService] migração: group_mod.antibot adicionada 
2026-10-05 11:58:00 [INFO]: [databaseService] migração: group_mod.casino adicionada 
2026-10-05 11:58:02 [ERROR]: ❌ [Erro no comando $stats:] SQLITE_ERROR: no such table: feedbacks
2026-10-05 11:58:02 [ERROR]:    Stack: 
2026-10-05 11:58:02 [INFO]: 🛑 [SHUTDOWN] Comando executado por: 5588998314322@c.us 
2026-10-05 11:58:02 [ERROR]: ❌ [❌ Erro no $grupos:] ctx.client.getChats is not a function
2026-10-05 11:58:02 [ERROR]:    Stack: at Object.execute (D:\Desktop\Programas\bot-wpp\src\bot\commands\grupos.ts:18:44)
2026-10-05 11:58:02 [ERROR]: ❌ [[ScreenCommand] Erro:] connect ECONNREFUSED 127.0.0.1:3002
2026-10-05 11:58:02 [ERROR]:    Stack: at TCPConnectWrap.afterConnect [as oncomplete] (node:net:2017:16)
2026-10-05 11:58:02 [INFO]: 🛑 [SHUTDOWN] Comando executado por: 5588998314322@c.us 
2026-10-05 11:58:03 [ERROR]: [DB] Falha ao registrar infração
2026-10-05 11:58:05 [ERROR]: [DB] Falha ao registrar infração
2026-10-05 11:58:05 [ERROR]: [DB] Falha ao registrar infração
2026-10-05 11:58:05 [ERROR]: [DB] Falha ao registrar infração
2026-10-05 11:58:05 [ERROR]: [DB] Falha ao registrar infração
2026-10-05 11:58:05 [ERROR]: [DB] Falha ao registrar infração
2026-10-05 11:58:05 [ERROR]: [DB] Falha ao registrar infração
2026-10-05 11:58:05 [ERROR]: [DB] Falha ao registrar infração
2026-10-05 11:58:05 [ERROR]: [DB] Falha ao registrar infração
2026-10-05 11:58:05 [ERROR]: [DB] Falha ao registrar infração
2026-10-05 11:58:06 [INFO]: [TelegramAdapter] Inicializando... 
2026-10-05 11:58:06 [INFO]: [Telegram] Iniciando launch()... 
2026-10-05 11:58:06 [INFO]: [Telegram] ✅ Pronto como  () 
2026-10-05 11:58:06 [INFO]: [TelegramAdapter] Inicializando... 
2026-10-05 11:58:06 [INFO]: [Telegram] Iniciando launch()... 
2026-10-05 11:58:06 [INFO]: [Telegram] ✅ Pronto como  () 
2026-10-05 11:58:06 [INFO]: [TelegramAdapter] Inicializando... 
2026-10-05 11:58:06 [INFO]: [Telegram] Iniciando launch()... 
2026-10-05 11:58:06 [INFO]: [Telegram] ✅ Pronto como  () 
2026-10-05 11:58:06 [INFO]: [TelegramAdapter] Inicializando... 
2026-10-05 11:58:06 [INFO]: [TelegramAdapter] Já estava pronto 
2026-10-05 11:58:06 [INFO]: [TelegramAdapter] Inicializando... 
2026-10-05 11:58:06 [INFO]: [Telegram] Iniciando launch()... 
2026-10-05 11:58:06 [INFO]: [Telegram] ✅ Pronto como  () 
2026-10-05 11:58:06 [INFO]: [TelegramAdapter] Inicializando... 
2026-10-05 11:58:06 [INFO]: [Telegram] Iniciando launch()... 
2026-10-05 11:58:06 [INFO]: [Telegram] ✅ Pronto como  () 
2026-10-05 11:58:06 [INFO]: [Discord] Cliente v14 inicializado com intents, partials e presence 
2026-10-05 11:58:06 [INFO]: [Discord] Iniciando login... 
2026-10-05 11:58:06 [INFO]: [Discord] ✅ Pronto como TestDiscordBot (1111) 
2026-10-05 11:58:06 [ERROR]: ❌ [[Discord] Erro ao definir presença:] this.client.user?.setPresence is not a function
2026-10-05 11:58:06 [INFO]: [Discord] Chamada de login concluída 
2026-10-05 11:58:06 [INFO]: [Discord] Cliente v14 inicializado com intents, partials e presence 
2026-10-05 11:58:06 [INFO]: [Discord] Iniciando login... 
2026-10-05 11:58:06 [INFO]: [Discord] ✅ Pronto como TestDiscordBot (1111) 
2026-10-05 11:58:06 [ERROR]: ❌ [[Discord] Erro ao definir presença:] this.client.user?.setPresence is not a function
2026-10-05 11:58:06 [INFO]: [Discord] Chamada de login concluída 
2026-10-05 11:58:06 [INFO]: [Discord] Iniciando login... 
2026-10-05 11:58:06 [INFO]: [Discord] Chamada de login concluída 
2026-10-05 11:58:06 [INFO]: [Discord] Cliente v14 inicializado com intents, partials e presence 
2026-10-05 11:58:06 [INFO]: [Discord] Iniciando login... 
2026-10-05 11:58:06 [INFO]: [Discord] ✅ Pronto como TestDiscordBot (1111) 
2026-10-05 11:58:06 [ERROR]: ❌ [[Discord] Erro ao definir presença:] this.client.user?.setPresence is not a function
2026-10-05 11:58:06 [INFO]: [Discord] Chamada de login concluída 
2026-10-05 11:58:07 [ERROR]: [memberJoinService] Erro ao processar entrada
2026-10-05 11:58:10 [INFO]: [DiscordScreenService] Missing required Discord credentials, screen sharing disabled 
2026-10-05 11:58:10 [INFO]: [DiscordScreenService] Gerenciado externamente (DISCORD_SCREEN_EXTERNAL) — spawn interno desativado 
2026-10-05 11:58:10 [INFO]: [DiscordScreenService] Gerenciado externamente (DISCORD_SCREEN_EXTERNAL) — spawn interno desativado 
2026-10-05 11:58:11 [INFO]: [keywordHandler] Palavra-chave detectada, resposta enviada
2026-10-05 11:58:12 [WARN]: [BaileysSender] sendMessage: socket existe mas NÃO está pronto (readyState !== OPEN) 
2026-10-05 11:58:12 [INFO]: [BaileysSender.sendMessage] Reply: quotedRaw=false, replyTo=original:123, originalKey=NAO 
2026-10-05 11:58:12 [INFO]: [BaileysSender.sendMessage] Quoted payload construído: keyId=123, hasMessage=true 
2026-10-05 11:58:12 [WARN]: [BaileysSender] sendMessage: socket existe mas NÃO está pronto (readyState !== OPEN) 
2026-10-05 11:58:12 [INFO]: [BaileysSender.sendMessage] Reply: quotedRaw=false, replyTo=original:123, originalKey=NAO 
2026-10-05 11:58:12 [INFO]: [BaileysSender.sendMessage] Quoted payload construído: keyId=123, hasMessage=true 
2026-10-05 11:58:12 [WARN]: [BaileysSender] sendMessage: socket existe mas NÃO está pronto (readyState !== OPEN) 
2026-10-05 11:58:12 [INFO]: [BaileysSender.sendMessage] Reply: quotedRaw=false, replyTo=undefined, originalKey=NAO 
2026-10-05 11:58:12 [WARN]: [BaileysSender] sendMessage: socket existe mas NÃO está pronto (readyState !== OPEN) 
2026-10-05 11:58:12 [INFO]: [BaileysSender.sendMessage] Reply: quotedRaw=false, replyTo=original:123, originalKey=NAO 
2026-10-05 11:58:12 [INFO]: [BaileysSender.sendMessage] Quoted payload construído: keyId=123, hasMessage=true 
2026-10-05 11:58:14 [INFO]: [Discord] Cliente v14 inicializado com intents, partials e presence 
2026-10-05 12:04:20 [INFO]: [databaseService] migração: group_mod.welcome_message adicionada 
2026-10-05 12:04:20 [INFO]: [databaseService] migração: group_mod.presentation_enabled adicionada 
2026-10-05 12:04:20 [INFO]: [databaseService] migração: group_mod.feedback adicionada 
2026-10-05 12:04:20 [INFO]: [databaseService] migração: group_mod.sarcasmo adicionada 
2026-10-05 12:04:20 [INFO]: [databaseService] migração: group_mod.antibot adicionada 
2026-10-05 12:04:20 [INFO]: [databaseService] migração: group_mod.casino adicionada 
2026-10-05 12:04:20 [INFO]: [databaseService] Grupo 120363419033272638@g.us criado no group_mod (automações desligadas por padrão). 
2026-10-05 12:04:20 [INFO]: [databaseService] Grupo 120363499999999999@g.us criado no group_mod (automações desligadas por padrão). 
2026-10-05 12:04:23 [INFO]: [databaseService] migração: group_mod.welcome_message adicionada 
2026-10-05 12:04:23 [INFO]: [databaseService] migração: group_mod.presentation_enabled adicionada 
2026-10-05 12:04:23 [INFO]: [databaseService] migração: group_mod.feedback adicionada 
2026-10-05 12:04:23 [INFO]: [databaseService] migração: group_mod.sarcasmo adicionada 
2026-10-05 12:04:23 [INFO]: [databaseService] migração: group_mod.antibot adicionada 
2026-10-05 12:04:23 [INFO]: [databaseService] migração: group_mod.casino adicionada 
2026-10-05 12:04:24 [ERROR]: [DB] Falha ao registrar infração
2026-10-05 12:04:25 [ERROR]: ❌ [Erro no comando $stats:] SQLITE_ERROR: no such table: feedbacks
2026-10-05 12:04:25 [ERROR]:    Stack: 
2026-10-05 12:04:25 [INFO]: 🛑 [SHUTDOWN] Comando executado por: 5588998314322@c.us 
2026-10-05 12:04:25 [ERROR]: ❌ [❌ Erro no $grupos:] ctx.client.getChats is not a function
2026-10-05 12:04:25 [ERROR]:    Stack: at Object.execute (D:\Desktop\Programas\bot-wpp\src\bot\commands\grupos.ts:18:44)
2026-10-05 12:04:25 [ERROR]: ❌ [[ScreenCommand] Erro:] connect ECONNREFUSED 127.0.0.1:3002
2026-10-05 12:04:25 [ERROR]:    Stack: at TCPConnectWrap.afterConnect [as oncomplete] (node:net:2017:16)
2026-10-05 12:04:25 [INFO]: 🛑 [SHUTDOWN] Comando executado por: 5588998314322@c.us 
2026-10-05 12:04:27 [ERROR]: [DB] Falha ao registrar infração
2026-10-05 12:04:27 [ERROR]: [DB] Falha ao registrar infração
2026-10-05 12:04:27 [ERROR]: [DB] Falha ao registrar infração
2026-10-05 12:04:27 [ERROR]: [DB] Falha ao registrar infração
2026-10-05 12:04:27 [ERROR]: [DB] Falha ao registrar infração
2026-10-05 12:04:27 [ERROR]: [DB] Falha ao registrar infração
2026-10-05 12:04:27 [ERROR]: [DB] Falha ao registrar infração
2026-10-05 12:04:27 [ERROR]: [DB] Falha ao registrar infração
2026-10-05 12:04:27 [ERROR]: [DB] Falha ao registrar infração
2026-10-05 12:04:31 [INFO]: [DiscordScreenService] Missing required Discord credentials, screen sharing disabled 
2026-10-05 12:04:31 [INFO]: [DiscordScreenService] Gerenciado externamente (DISCORD_SCREEN_EXTERNAL) — spawn interno desativado 
2026-10-05 12:04:31 [INFO]: [DiscordScreenService] Gerenciado externamente (DISCORD_SCREEN_EXTERNAL) — spawn interno desativado 
2026-10-05 12:04:36 [INFO]: [TelegramAdapter] Inicializando... 
2026-10-05 12:04:36 [INFO]: [Telegram] Iniciando launch()... 
2026-10-05 12:04:36 [INFO]: [Telegram] ✅ Pronto como  () 
2026-10-05 12:04:36 [INFO]: [TelegramAdapter] Inicializando... 
2026-10-05 12:04:36 [INFO]: [Telegram] Iniciando launch()... 
2026-10-05 12:04:36 [INFO]: [Telegram] ✅ Pronto como  () 
2026-10-05 12:04:36 [INFO]: [TelegramAdapter] Inicializando... 
2026-10-05 12:04:36 [INFO]: [Telegram] Iniciando launch()... 
2026-10-05 12:04:36 [INFO]: [Telegram] ✅ Pronto como  () 
2026-10-05 12:04:36 [INFO]: [TelegramAdapter] Inicializando... 
2026-10-05 12:04:36 [INFO]: [TelegramAdapter] Já estava pronto 
2026-10-05 12:04:36 [INFO]: [TelegramAdapter] Inicializando... 
2026-10-05 12:04:36 [INFO]: [Telegram] Iniciando launch()... 
2026-10-05 12:04:36 [INFO]: [Telegram] ✅ Pronto como  () 
2026-10-05 12:04:36 [INFO]: [TelegramAdapter] Inicializando... 
2026-10-05 12:04:36 [INFO]: [Telegram] Iniciando launch()... 
2026-10-05 12:04:36 [INFO]: [Telegram] ✅ Pronto como  () 
2026-10-05 12:04:36 [INFO]: [Discord] Cliente v14 inicializado com intents, partials e presence 
2026-10-05 12:04:36 [INFO]: [Discord] Iniciando login... 
2026-10-05 12:04:36 [INFO]: [Discord] ✅ Pronto como TestDiscordBot (1111) 
2026-10-05 12:04:36 [ERROR]: ❌ [[Discord] Erro ao definir presença:] this.client.user?.setPresence is not a function
2026-10-05 12:04:36 [INFO]: [Discord] Chamada de login concluída 
2026-10-05 12:04:36 [INFO]: [Discord] Cliente v14 inicializado com intents, partials e presence 
2026-10-05 12:04:36 [INFO]: [Discord] Iniciando login... 
2026-10-05 12:04:36 [INFO]: [Discord] ✅ Pronto como TestDiscordBot (1111) 
2026-10-05 12:04:36 [ERROR]: ❌ [[Discord] Erro ao definir presença:] this.client.user?.setPresence is not a function
2026-10-05 12:04:36 [INFO]: [Discord] Chamada de login concluída 
2026-10-05 12:04:36 [INFO]: [Discord] Iniciando login... 
2026-10-05 12:04:36 [INFO]: [Discord] Chamada de login concluída 
2026-10-05 12:04:36 [INFO]: [Discord] Cliente v14 inicializado com intents, partials e presence 
2026-10-05 12:04:36 [INFO]: [Discord] Iniciando login... 
2026-10-05 12:04:36 [INFO]: [Discord] ✅ Pronto como TestDiscordBot (1111) 
2026-10-05 12:04:36 [ERROR]: ❌ [[Discord] Erro ao definir presença:] this.client.user?.setPresence is not a function
2026-10-05 12:04:36 [INFO]: [Discord] Chamada de login concluída 
2026-10-05 12:04:41 [ERROR]: [memberJoinService] Erro ao processar entrada
2026-10-05 12:04:42 [WARN]: [BaileysSender] sendMessage: socket existe mas NÃO está pronto (readyState !== OPEN) 
2026-10-05 12:04:42 [INFO]: [keywordHandler] Palavra-chave detectada, resposta enviada
2026-10-05 12:04:42 [INFO]: [BaileysSender.sendMessage] Reply: quotedRaw=false, replyTo=original:123, originalKey=NAO 
2026-10-05 12:04:42 [INFO]: [BaileysSender.sendMessage] Quoted payload construído: keyId=123, hasMessage=true 
2026-10-05 12:04:42 [WARN]: [BaileysSender] sendMessage: socket existe mas NÃO está pronto (readyState !== OPEN) 
2026-10-05 12:04:43 [INFO]: [BaileysSender.sendMessage] Reply: quotedRaw=false, replyTo=original:123, originalKey=NAO 
2026-10-05 12:04:43 [INFO]: [BaileysSender.sendMessage] Quoted payload construído: keyId=123, hasMessage=true 
2026-10-05 12:04:43 [WARN]: [BaileysSender] sendMessage: socket existe mas NÃO está pronto (readyState !== OPEN) 
2026-10-05 12:04:43 [INFO]: [BaileysSender.sendMessage] Reply: quotedRaw=false, replyTo=undefined, originalKey=NAO 
2026-10-05 12:04:43 [WARN]: [BaileysSender] sendMessage: socket existe mas NÃO está pronto (readyState !== OPEN) 
2026-10-05 12:04:43 [INFO]: [BaileysSender.sendMessage] Reply: quotedRaw=false, replyTo=original:123, originalKey=NAO 
2026-10-05 12:04:43 [INFO]: [BaileysSender.sendMessage] Quoted payload construído: keyId=123, hasMessage=true 
2026-10-05 12:04:49 [INFO]: [Discord] Cliente v14 inicializado com intents, partials e presence 
