2026-09-09 14:27:43 [ERROR]: [DB] Falha ao registrar infração
2026-09-09 14:27:43 [ERROR]: [DB] Falha ao registrar infração
2026-09-09 14:27:43 [ERROR]: [DB] Falha ao registrar infração
2026-09-09 14:27:43 [ERROR]: [DB] Falha ao registrar infração
2026-09-09 14:27:43 [ERROR]: [DB] Falha ao registrar infração
2026-09-09 14:27:43 [ERROR]: [DB] Falha ao registrar infração
2026-09-09 14:27:43 [ERROR]: [DB] Falha ao registrar infração
2026-09-09 14:27:43 [ERROR]: [DB] Falha ao registrar infração
2026-09-09 14:27:43 [ERROR]: [DB] Falha ao registrar infração
2026-09-09 14:27:50 [ERROR]: [memberJoinService] Erro ao processar entrada
2026-09-09 14:33:26 [ERROR]: [DB] Falha ao registrar infração
2026-09-09 14:33:26 [ERROR]: ❌ [[Discord] Erro ao definir presença:] this.client.user?.setPresence is not a function
2026-09-09 14:33:27 [ERROR]: ❌ [[Discord] Erro ao definir presença:] this.client.user?.setPresence is not a function
2026-09-09 14:33:27 [ERROR]: ❌ [[Discord] Erro ao definir presença:] this.client.user?.setPresence is not a function
2026-09-09 14:33:27 [ERROR]: [DB] Falha ao registrar infração
2026-09-09 14:33:27 [ERROR]: [DB] Falha ao registrar infração
2026-09-09 14:33:27 [ERROR]: [DB] Falha ao registrar infração
2026-09-09 14:33:27 [ERROR]: [DB] Falha ao registrar infração
2026-09-09 14:33:27 [ERROR]: [DB] Falha ao registrar infração
2026-09-09 14:33:27 [ERROR]: [DB] Falha ao registrar infração
2026-09-09 14:33:27 [ERROR]: [DB] Falha ao registrar infração
2026-09-09 14:33:27 [ERROR]: [DB] Falha ao registrar infração
2026-09-09 14:33:29 [ERROR]: [memberJoinService] Erro ao processar entrada
2026-09-09 14:44:05 [ERROR]: [DB] Falha ao registrar infração
2026-09-09 14:44:12 [ERROR]: ❌ [Erro no comando $stats:] SQLITE_ERROR: no such table: feedbacks
2026-09-09 14:44:12 [ERROR]:    Stack: 
2026-09-09 14:44:12 [ERROR]: ❌ [❌ Erro no $grupos:] ctx.client.getChats is not a function
2026-09-09 14:44:12 [ERROR]:    Stack: at Object.execute (D:/Desktop/Programas/bot-wpp/src/bot/commands/grupos.ts:17:44)
2026-09-09 14:44:12 [ERROR]: ❌ [[ScreenCommand] Erro:] connect ECONNREFUSED 127.0.0.1:3002
2026-09-09 14:44:12 [ERROR]:    Stack: at TCPConnectWrap.afterConnect [as oncomplete] (node:net:1638:16)
2026-09-09 14:44:12 [ERROR]: ❌ [[ScreenCommand] Erro:] connect ECONNREFUSED 127.0.0.1:3002
2026-09-09 14:44:12 [ERROR]:    Stack: at TCPConnectWrap.afterConnect [as oncomplete] (node:net:1638:16)
2026-09-09 14:44:12 [ERROR]: ❌ [[ScreenCommand] Erro:] connect ECONNREFUSED 127.0.0.1:3002
2026-09-09 14:44:12 [ERROR]:    Stack: at TCPConnectWrap.afterConnect [as oncomplete] (node:net:1638:16)
2026-09-09 14:44:12 [ERROR]: ❌ [[Discord] Erro ao definir presença:] this.client.user?.setPresence is not a function
2026-09-09 14:44:12 [ERROR]: ❌ [[Discord] Erro ao definir presença:] this.client.user?.setPresence is not a function
2026-09-09 14:44:12 [ERROR]: ❌ [[Discord] Erro ao definir presença:] this.client.user?.setPresence is not a function
2026-09-09 14:44:20 [ERROR]: [memberJoinService] Erro ao processar entrada
2026-09-09 15:04:11 [ERROR]: [DB] Falha ao registrar infração
2026-09-09 15:04:11 [ERROR]: [DB] Falha ao registrar infração
2026-09-09 15:04:11 [ERROR]: [DB] Falha ao registrar infração
2026-09-09 15:04:11 [ERROR]: [DB] Falha ao registrar infração
2026-09-09 15:04:11 [ERROR]: [DB] Falha ao registrar infração
2026-09-09 15:04:11 [ERROR]: [DB] Falha ao registrar infração
2026-09-09 15:04:11 [ERROR]: [DB] Falha ao registrar infração
2026-09-09 15:04:11 [ERROR]: [DB] Falha ao registrar infração
2026-09-09 15:04:11 [ERROR]: [DB] Falha ao registrar infração
2026-09-09 15:04:14 [ERROR]: ❌ [[Discord] Erro ao definir presença:] this.client.user?.setPresence is not a function
2026-09-09 15:04:14 [ERROR]: ❌ [[Discord] Erro ao definir presença:] this.client.user?.setPresence is not a function
2026-09-09 15:04:14 [ERROR]: ❌ [[Discord] Erro ao definir presença:] this.client.user?.setPresence is not a function
2026-09-09 15:04:14 [ERROR]: ❌ [Erro no comando $stats:] SQLITE_ERROR: no such table: feedbacks
2026-09-09 15:04:14 [ERROR]:    Stack: 
2026-09-09 15:04:14 [ERROR]: ❌ [❌ Erro no $grupos:] ctx.client.getChats is not a function
2026-09-09 15:04:14 [ERROR]:    Stack: at Object.execute (D:/Desktop/Programas/bot-wpp/src/bot/commands/grupos.ts:17:44)
2026-09-09 15:04:14 [ERROR]: ❌ [[ScreenCommand] Erro:] connect ECONNREFUSED 127.0.0.1:3002
2026-09-09 15:04:14 [ERROR]:    Stack: at TCPConnectWrap.afterConnect [as oncomplete] (node:net:1638:16)
2026-09-09 15:04:14 [ERROR]: ❌ [[ScreenCommand] Erro:] connect ECONNREFUSED 127.0.0.1:3002
2026-09-09 15:04:14 [ERROR]:    Stack: at TCPConnectWrap.afterConnect [as oncomplete] (node:net:1638:16)
2026-09-09 15:04:14 [ERROR]: ❌ [[ScreenCommand] Erro:] connect ECONNREFUSED 127.0.0.1:3002
2026-09-09 15:04:14 [ERROR]:    Stack: at TCPConnectWrap.afterConnect [as oncomplete] (node:net:1638:16)
2026-09-09 15:04:15 [ERROR]: [memberJoinService] Erro ao processar entrada
2026-09-09 16:24:05 [ERROR]: [DB] Falha ao registrar infração
2026-09-09 16:24:05 [ERROR]: [DB] Falha ao registrar infração
2026-09-09 16:24:05 [ERROR]: [DB] Falha ao registrar infração
2026-09-09 16:24:05 [ERROR]: [DB] Falha ao registrar infração
2026-09-09 16:24:05 [ERROR]: [DB] Falha ao registrar infração
2026-09-09 16:24:05 [ERROR]: [DB] Falha ao registrar infração
2026-09-09 16:24:05 [ERROR]: [DB] Falha ao registrar infração
2026-09-09 16:24:05 [ERROR]: [DB] Falha ao registrar infração
2026-09-09 16:24:05 [ERROR]: [DB] Falha ao registrar infração
2026-09-09 16:24:09 [ERROR]: ❌ [Erro no comando $stats:] SQLITE_ERROR: no such table: feedbacks
2026-09-09 16:24:09 [ERROR]:    Stack: 
2026-09-09 16:24:09 [ERROR]: ❌ [❌ Erro no $grupos:] ctx.client.getChats is not a function
2026-09-09 16:24:09 [ERROR]:    Stack: at Object.execute (D:/Desktop/Programas/bot-wpp/src/bot/commands/grupos.ts:17:44)
2026-09-09 16:24:09 [ERROR]: ❌ [[ScreenCommand] Erro:] connect ECONNREFUSED 127.0.0.1:3002
2026-09-09 16:24:09 [ERROR]:    Stack: at TCPConnectWrap.afterConnect [as oncomplete] (node:net:1638:16)
2026-09-09 16:24:09 [ERROR]: ❌ [[ScreenCommand] Erro:] connect ECONNREFUSED 127.0.0.1:3002
2026-09-09 16:24:09 [ERROR]:    Stack: at TCPConnectWrap.afterConnect [as oncomplete] (node:net:1638:16)
2026-09-09 16:24:09 [ERROR]: ❌ [[ScreenCommand] Erro:] connect ECONNREFUSED 127.0.0.1:3002
2026-09-09 16:24:09 [ERROR]:    Stack: at TCPConnectWrap.afterConnect [as oncomplete] (node:net:1638:16)
2026-09-09 16:24:10 [ERROR]: ❌ [[Discord] Erro ao definir presença:] this.client.user?.setPresence is not a function
2026-09-09 16:24:10 [ERROR]: ❌ [[Discord] Erro ao definir presença:] this.client.user?.setPresence is not a function
2026-09-09 16:24:10 [ERROR]: ❌ [[Discord] Erro ao definir presença:] this.client.user?.setPresence is not a function
2026-09-09 16:24:11 [ERROR]: [memberJoinService] Erro ao processar entrada
2026-09-10 11:21:07 [ERROR]: ❌ [[Discord] Erro ao definir presença:] this.client.user?.setPresence is not a function
2026-09-10 11:21:07 [ERROR]: ❌ [[Discord] Erro ao definir presença:] this.client.user?.setPresence is not a function
2026-09-10 11:21:07 [ERROR]: [DB] Falha ao registrar infração
2026-09-10 11:21:07 [ERROR]: ❌ [[Discord] Erro ao definir presença:] this.client.user?.setPresence is not a function
2026-09-10 11:21:07 [ERROR]: [DB] Falha ao registrar infração
2026-09-10 11:21:07 [ERROR]: [DB] Falha ao registrar infração
2026-09-10 11:21:07 [ERROR]: [DB] Falha ao registrar infração
2026-09-10 11:21:07 [ERROR]: [DB] Falha ao registrar infração
2026-09-10 11:21:07 [ERROR]: [DB] Falha ao registrar infração
2026-09-10 11:21:07 [ERROR]: [DB] Falha ao registrar infração
2026-09-10 11:21:07 [ERROR]: [DB] Falha ao registrar infração
2026-09-10 11:21:07 [ERROR]: [DB] Falha ao registrar infração
2026-09-10 11:21:08 [ERROR]: [memberJoinService] Erro ao processar entrada
2026-09-10 11:26:13 [ERROR]: [DB] Falha ao registrar infração
2026-09-10 11:26:13 [ERROR]: [DB] Falha ao registrar infração
2026-09-10 11:26:13 [ERROR]: [DB] Falha ao registrar infração
2026-09-10 11:26:13 [ERROR]: [DB] Falha ao registrar infração
2026-09-10 11:26:13 [ERROR]: [DB] Falha ao registrar infração
2026-09-10 11:26:13 [ERROR]: [DB] Falha ao registrar infração
2026-09-10 11:26:13 [ERROR]: [DB] Falha ao registrar infração
2026-09-10 11:26:13 [ERROR]: [DB] Falha ao registrar infração
2026-09-10 11:26:13 [ERROR]: [DB] Falha ao registrar infração
2026-09-10 11:26:16 [ERROR]: ❌ [Erro no comando $stats:] SQLITE_ERROR: no such table: feedbacks
2026-09-10 11:26:16 [ERROR]:    Stack: 
2026-09-10 11:26:16 [ERROR]: ❌ [❌ Erro no $grupos:] ctx.client.getChats is not a function
2026-09-10 11:26:16 [ERROR]:    Stack: at Object.execute (D:/Desktop/Programas/bot-wpp/src/bot/commands/grupos.ts:17:44)
2026-09-10 11:26:16 [ERROR]: ❌ [[ScreenCommand] Erro:] connect ECONNREFUSED 127.0.0.1:3002
2026-09-10 11:26:16 [ERROR]:    Stack: at TCPConnectWrap.afterConnect [as oncomplete] (node:net:1638:16)
2026-09-10 11:26:16 [ERROR]: ❌ [[ScreenCommand] Erro:] connect ECONNREFUSED 127.0.0.1:3002
2026-09-10 11:26:16 [ERROR]:    Stack: at TCPConnectWrap.afterConnect [as oncomplete] (node:net:1638:16)
2026-09-10 11:26:16 [ERROR]: ❌ [[ScreenCommand] Erro:] connect ECONNREFUSED 127.0.0.1:3002
2026-09-10 11:26:16 [ERROR]:    Stack: at TCPConnectWrap.afterConnect [as oncomplete] (node:net:1638:16)
2026-09-10 11:26:18 [ERROR]: ❌ [[Discord] Erro ao definir presença:] this.client.user?.setPresence is not a function
2026-09-10 11:26:18 [ERROR]: ❌ [[Discord] Erro ao definir presença:] this.client.user?.setPresence is not a function
2026-09-10 11:26:19 [ERROR]: ❌ [[Discord] Erro ao definir presença:] this.client.user?.setPresence is not a function
2026-09-10 11:26:27 [ERROR]: [memberJoinService] Erro ao processar entrada
2026-09-10 11:27:22 [ERROR]: [DB] Falha ao registrar infração
2026-09-10 11:27:22 [ERROR]: [DB] Falha ao registrar infração
2026-09-10 11:27:22 [ERROR]: [DB] Falha ao registrar infração
2026-09-10 11:27:22 [ERROR]: [DB] Falha ao registrar infração
2026-09-10 11:27:22 [ERROR]: [DB] Falha ao registrar infração
2026-09-10 11:27:22 [ERROR]: [DB] Falha ao registrar infração
2026-09-10 11:27:22 [ERROR]: [DB] Falha ao registrar infração
2026-09-10 11:27:22 [ERROR]: [DB] Falha ao registrar infração
2026-09-10 11:27:22 [ERROR]: [DB] Falha ao registrar infração
2026-09-10 11:27:26 [ERROR]: ❌ [Erro no comando $stats:] SQLITE_ERROR: no such table: feedbacks
2026-09-10 11:27:26 [ERROR]:    Stack: 
2026-09-10 11:27:26 [ERROR]: ❌ [❌ Erro no $grupos:] ctx.client.getChats is not a function
2026-09-10 11:27:26 [ERROR]:    Stack: at Object.execute (D:/Desktop/Programas/bot-wpp/src/bot/commands/grupos.ts:17:44)
2026-09-10 11:27:26 [ERROR]: ❌ [[ScreenCommand] Erro:] connect ECONNREFUSED 127.0.0.1:3002
2026-09-10 11:27:26 [ERROR]:    Stack: at TCPConnectWrap.afterConnect [as oncomplete] (node:net:1638:16)
2026-09-10 11:27:26 [ERROR]: ❌ [[ScreenCommand] Erro:] connect ECONNREFUSED 127.0.0.1:3002
2026-09-10 11:27:26 [ERROR]:    Stack: at TCPConnectWrap.afterConnect [as oncomplete] (node:net:1638:16)
2026-09-10 11:27:26 [ERROR]: ❌ [[ScreenCommand] Erro:] connect ECONNREFUSED 127.0.0.1:3002
2026-09-10 11:27:26 [ERROR]:    Stack: at TCPConnectWrap.afterConnect [as oncomplete] (node:net:1638:16)
2026-09-10 11:27:27 [ERROR]: ❌ [[Discord] Erro ao definir presença:] this.client.user?.setPresence is not a function
2026-09-10 11:27:27 [ERROR]: ❌ [[Discord] Erro ao definir presença:] this.client.user?.setPresence is not a function
2026-09-10 11:27:27 [ERROR]: ❌ [[Discord] Erro ao definir presença:] this.client.user?.setPresence is not a function
2026-09-10 11:27:32 [ERROR]: [memberJoinService] Erro ao processar entrada
2026-09-10 12:21:27 [ERROR]: [DB] Falha ao registrar infração
2026-09-10 12:21:27 [ERROR]: [DB] Falha ao registrar infração
2026-09-10 12:21:27 [ERROR]: [DB] Falha ao registrar infração
2026-09-10 12:21:27 [ERROR]: [DB] Falha ao registrar infração
2026-09-10 12:21:27 [ERROR]: [DB] Falha ao registrar infração
2026-09-10 12:21:27 [ERROR]: [DB] Falha ao registrar infração
2026-09-10 12:21:27 [ERROR]: [DB] Falha ao registrar infração
2026-09-10 12:21:27 [ERROR]: [DB] Falha ao registrar infração
2026-09-10 12:21:27 [ERROR]: [DB] Falha ao registrar infração
2026-09-10 12:21:30 [ERROR]: ❌ [Erro no comando $stats:] SQLITE_ERROR: no such table: feedbacks
2026-09-10 12:21:30 [ERROR]:    Stack: 
2026-09-10 12:21:30 [ERROR]: ❌ [❌ Erro no $grupos:] ctx.client.getChats is not a function
2026-09-10 12:21:30 [ERROR]:    Stack: at Object.execute (D:/Desktop/Programas/bot-wpp/src/bot/commands/grupos.ts:17:44)
2026-09-10 12:21:30 [ERROR]: ❌ [[ScreenCommand] Erro:] connect ECONNREFUSED 127.0.0.1:3002
2026-09-10 12:21:30 [ERROR]:    Stack: at TCPConnectWrap.afterConnect [as oncomplete] (node:net:1638:16)
2026-09-10 12:21:30 [ERROR]: ❌ [[ScreenCommand] Erro:] connect ECONNREFUSED 127.0.0.1:3002
2026-09-10 12:21:30 [ERROR]:    Stack: at TCPConnectWrap.afterConnect [as oncomplete] (node:net:1638:16)
2026-09-10 12:21:30 [ERROR]: ❌ [[Discord] Erro ao definir presença:] this.client.user?.setPresence is not a function
2026-09-10 12:21:30 [ERROR]: ❌ [[Discord] Erro ao definir presença:] this.client.user?.setPresence is not a function
2026-09-10 12:21:30 [ERROR]: ❌ [[Discord] Erro ao definir presença:] this.client.user?.setPresence is not a function
2026-09-10 12:21:30 [ERROR]: ❌ [[ScreenCommand] Erro:] connect ECONNREFUSED 127.0.0.1:3002
2026-09-10 12:21:30 [ERROR]:    Stack: at TCPConnectWrap.afterConnect [as oncomplete] (node:net:1638:16)
2026-09-10 12:21:32 [ERROR]: [memberJoinService] Erro ao processar entrada
2026-09-10 12:24:07 [ERROR]: ❌ [Erro no comando $stats:] SQLITE_ERROR: no such table: feedbacks
2026-09-10 12:24:07 [ERROR]:    Stack: 
2026-09-10 12:24:07 [ERROR]: ❌ [❌ Erro no $grupos:] ctx.client.getChats is not a function
2026-09-10 12:24:07 [ERROR]:    Stack: at Object.execute (D:/Desktop/Programas/bot-wpp/src/bot/commands/grupos.ts:17:44)
2026-09-10 12:24:07 [ERROR]: ❌ [[ScreenCommand] Erro:] connect ECONNREFUSED 127.0.0.1:3002
2026-09-10 12:24:07 [ERROR]:    Stack: at TCPConnectWrap.afterConnect [as oncomplete] (node:net:1638:16)
2026-09-10 12:24:07 [ERROR]: ❌ [[ScreenCommand] Erro:] connect ECONNREFUSED 127.0.0.1:3002
2026-09-10 12:24:07 [ERROR]:    Stack: at TCPConnectWrap.afterConnect [as oncomplete] (node:net:1638:16)
2026-09-10 12:24:07 [ERROR]: ❌ [[ScreenCommand] Erro:] connect ECONNREFUSED 127.0.0.1:3002
2026-09-10 12:24:07 [ERROR]:    Stack: at TCPConnectWrap.afterConnect [as oncomplete] (node:net:1638:16)
2026-09-10 12:24:08 [ERROR]: [DB] Falha ao registrar infração
2026-09-10 12:24:08 [ERROR]: [DB] Falha ao registrar infração
2026-09-10 12:24:08 [ERROR]: [DB] Falha ao registrar infração
2026-09-10 12:24:08 [ERROR]: [DB] Falha ao registrar infração
2026-09-10 12:24:08 [ERROR]: [DB] Falha ao registrar infração
2026-09-10 12:24:08 [ERROR]: [DB] Falha ao registrar infração
2026-09-10 12:24:08 [ERROR]: [DB] Falha ao registrar infração
2026-09-10 12:24:08 [ERROR]: [DB] Falha ao registrar infração
2026-09-10 12:24:08 [ERROR]: [DB] Falha ao registrar infração
2026-09-10 12:24:09 [ERROR]: ❌ [[Discord] Erro ao definir presença:] this.client.user?.setPresence is not a function
2026-09-10 12:24:09 [ERROR]: ❌ [[Discord] Erro ao definir presença:] this.client.user?.setPresence is not a function
2026-09-10 12:24:09 [ERROR]: ❌ [[Discord] Erro ao definir presença:] this.client.user?.setPresence is not a function
2026-09-10 12:24:09 [ERROR]: [memberJoinService] Erro ao processar entrada
2026-09-10 12:31:55 [ERROR]: ❌ [Erro no comando $stats:] SQLITE_ERROR: no such table: feedbacks
2026-09-10 12:31:55 [ERROR]:    Stack: 
2026-09-10 12:31:55 [ERROR]: ❌ [❌ Erro no $grupos:] ctx.client.getChats is not a function
2026-09-10 12:31:55 [ERROR]:    Stack: at Object.execute (D:/Desktop/Programas/bot-wpp/src/bot/commands/grupos.ts:17:44)
2026-09-10 12:31:55 [ERROR]: ❌ [[ScreenCommand] Erro:] connect ECONNREFUSED 127.0.0.1:3002
2026-09-10 12:31:55 [ERROR]:    Stack: at TCPConnectWrap.afterConnect [as oncomplete] (node:net:1638:16)
2026-09-10 12:31:55 [ERROR]: ❌ [[ScreenCommand] Erro:] connect ECONNREFUSED 127.0.0.1:3002
2026-09-10 12:31:55 [ERROR]:    Stack: at TCPConnectWrap.afterConnect [as oncomplete] (node:net:1638:16)
2026-09-10 12:31:55 [ERROR]: ❌ [[ScreenCommand] Erro:] connect ECONNREFUSED 127.0.0.1:3002
2026-09-10 12:31:55 [ERROR]:    Stack: at TCPConnectWrap.afterConnect [as oncomplete] (node:net:1638:16)
2026-09-10 12:31:57 [ERROR]: [DB] Falha ao registrar infração
2026-09-10 12:31:57 [ERROR]: [DB] Falha ao registrar infração
2026-09-10 12:31:57 [ERROR]: [DB] Falha ao registrar infração
2026-09-10 12:31:57 [ERROR]: [DB] Falha ao registrar infração
2026-09-10 12:31:57 [ERROR]: [DB] Falha ao registrar infração
2026-09-10 12:31:57 [ERROR]: [DB] Falha ao registrar infração
2026-09-10 12:31:57 [ERROR]: [DB] Falha ao registrar infração
2026-09-10 12:31:57 [ERROR]: [DB] Falha ao registrar infração
2026-09-10 12:31:57 [ERROR]: [DB] Falha ao registrar infração
2026-09-10 12:31:58 [ERROR]: ❌ [[Discord] Erro ao definir presença:] this.client.user?.setPresence is not a function
2026-09-10 12:31:58 [ERROR]: ❌ [[Discord] Erro ao definir presença:] this.client.user?.setPresence is not a function
2026-09-10 12:31:58 [ERROR]: ❌ [[Discord] Erro ao definir presença:] this.client.user?.setPresence is not a function
2026-09-10 12:32:00 [ERROR]: [memberJoinService] Erro ao processar entrada
2026-09-10 12:38:34 [ERROR]: ❌ [Erro no comando $stats:] SQLITE_ERROR: no such table: feedbacks
2026-09-10 12:38:34 [ERROR]:    Stack: 
2026-09-10 12:38:34 [ERROR]: ❌ [❌ Erro no $grupos:] ctx.client.getChats is not a function
2026-09-10 12:38:34 [ERROR]:    Stack: at Object.execute (D:/Desktop/Programas/bot-wpp/src/bot/commands/grupos.ts:17:44)
2026-09-10 12:38:34 [ERROR]: ❌ [[ScreenCommand] Erro:] connect ECONNREFUSED 127.0.0.1:3002
2026-09-10 12:38:34 [ERROR]:    Stack: at TCPConnectWrap.afterConnect [as oncomplete] (node:net:1638:16)
2026-09-10 12:38:34 [ERROR]: ❌ [[ScreenCommand] Erro:] connect ECONNREFUSED 127.0.0.1:3002
2026-09-10 12:38:34 [ERROR]:    Stack: at TCPConnectWrap.afterConnect [as oncomplete] (node:net:1638:16)
2026-09-10 12:38:34 [ERROR]: ❌ [[ScreenCommand] Erro:] connect ECONNREFUSED 127.0.0.1:3002
2026-09-10 12:38:34 [ERROR]:    Stack: at TCPConnectWrap.afterConnect [as oncomplete] (node:net:1638:16)
2026-09-10 12:38:35 [ERROR]: [DB] Falha ao registrar infração
2026-09-10 12:38:35 [ERROR]: [DB] Falha ao registrar infração
2026-09-10 12:38:35 [ERROR]: [DB] Falha ao registrar infração
2026-09-10 12:38:35 [ERROR]: [DB] Falha ao registrar infração
2026-09-10 12:38:35 [ERROR]: [DB] Falha ao registrar infração
2026-09-10 12:38:35 [ERROR]: [DB] Falha ao registrar infração
2026-09-10 12:38:35 [ERROR]: [DB] Falha ao registrar infração
2026-09-10 12:38:35 [ERROR]: [DB] Falha ao registrar infração
2026-09-10 12:38:35 [ERROR]: [DB] Falha ao registrar infração
2026-09-10 12:38:36 [ERROR]: [memberJoinService] Erro ao processar entrada
2026-09-10 12:38:37 [ERROR]: ❌ [[Discord] Erro ao definir presença:] this.client.user?.setPresence is not a function
2026-09-10 12:38:37 [ERROR]: ❌ [[Discord] Erro ao definir presença:] this.client.user?.setPresence is not a function
2026-09-10 12:38:37 [ERROR]: ❌ [[Discord] Erro ao definir presença:] this.client.user?.setPresence is not a function
2026-09-10 12:44:16 [ERROR]: ❌ [Erro no comando $stats:] SQLITE_ERROR: no such table: feedbacks
2026-09-10 12:44:16 [ERROR]:    Stack: 
2026-09-10 12:44:16 [ERROR]: ❌ [❌ Erro no $grupos:] ctx.client.getChats is not a function
2026-09-10 12:44:16 [ERROR]:    Stack: at Object.execute (D:/Desktop/Programas/bot-wpp/src/bot/commands/grupos.ts:17:44)
2026-09-10 12:44:16 [ERROR]: ❌ [[ScreenCommand] Erro:] connect ECONNREFUSED 127.0.0.1:3002
2026-09-10 12:44:16 [ERROR]:    Stack: at TCPConnectWrap.afterConnect [as oncomplete] (node:net:1638:16)
2026-09-10 12:44:16 [ERROR]: ❌ [[ScreenCommand] Erro:] connect ECONNREFUSED 127.0.0.1:3002
2026-09-10 12:44:16 [ERROR]:    Stack: at TCPConnectWrap.afterConnect [as oncomplete] (node:net:1638:16)
2026-09-10 12:44:16 [ERROR]: ❌ [[ScreenCommand] Erro:] connect ECONNREFUSED 127.0.0.1:3002
2026-09-10 12:44:16 [ERROR]:    Stack: at TCPConnectWrap.afterConnect [as oncomplete] (node:net:1638:16)
2026-09-10 12:44:17 [ERROR]: [DB] Falha ao registrar infração
2026-09-10 12:44:17 [ERROR]: [DB] Falha ao registrar infração
2026-09-10 12:44:17 [ERROR]: [DB] Falha ao registrar infração
2026-09-10 12:44:17 [ERROR]: [DB] Falha ao registrar infração
2026-09-10 12:44:17 [ERROR]: [DB] Falha ao registrar infração
2026-09-10 12:44:17 [ERROR]: [DB] Falha ao registrar infração
2026-09-10 12:44:17 [ERROR]: [DB] Falha ao registrar infração
2026-09-10 12:44:17 [ERROR]: [DB] Falha ao registrar infração
2026-09-10 12:44:17 [ERROR]: [DB] Falha ao registrar infração
2026-09-10 12:44:17 [ERROR]: ❌ [[Discord] Erro ao definir presença:] this.client.user?.setPresence is not a function
2026-09-10 12:44:17 [ERROR]: ❌ [[Discord] Erro ao definir presença:] this.client.user?.setPresence is not a function
2026-09-10 12:44:17 [ERROR]: ❌ [[Discord] Erro ao definir presença:] this.client.user?.setPresence is not a function
2026-09-10 12:44:19 [ERROR]: [memberJoinService] Erro ao processar entrada
2026-09-10 12:48:15 [ERROR]: ❌ [Erro no comando $stats:] SQLITE_ERROR: no such table: feedbacks
2026-09-10 12:48:15 [ERROR]:    Stack: 
2026-09-10 12:48:15 [ERROR]: ❌ [❌ Erro no $grupos:] ctx.client.getChats is not a function
2026-09-10 12:48:15 [ERROR]:    Stack: at Object.execute (D:/Desktop/Programas/bot-wpp/src/bot/commands/grupos.ts:17:44)
2026-09-10 12:48:15 [ERROR]: ❌ [[ScreenCommand] Erro:] connect ECONNREFUSED 127.0.0.1:3002
2026-09-10 12:48:15 [ERROR]:    Stack: at TCPConnectWrap.afterConnect [as oncomplete] (node:net:1638:16)
2026-09-10 12:48:15 [ERROR]: ❌ [[ScreenCommand] Erro:] connect ECONNREFUSED 127.0.0.1:3002
2026-09-10 12:48:15 [ERROR]:    Stack: at TCPConnectWrap.afterConnect [as oncomplete] (node:net:1638:16)
2026-09-10 12:48:15 [ERROR]: ❌ [[ScreenCommand] Erro:] connect ECONNREFUSED 127.0.0.1:3002
2026-09-10 12:48:15 [ERROR]:    Stack: at TCPConnectWrap.afterConnect [as oncomplete] (node:net:1638:16)
2026-09-10 12:48:16 [ERROR]: [DB] Falha ao registrar infração
2026-09-10 12:48:16 [ERROR]: [DB] Falha ao registrar infração
2026-09-10 12:48:16 [ERROR]: [DB] Falha ao registrar infração
2026-09-10 12:48:16 [ERROR]: [DB] Falha ao registrar infração
2026-09-10 12:48:16 [ERROR]: [DB] Falha ao registrar infração
2026-09-10 12:48:16 [ERROR]: [DB] Falha ao registrar infração
2026-09-10 12:48:16 [ERROR]: [DB] Falha ao registrar infração
2026-09-10 12:48:16 [ERROR]: [DB] Falha ao registrar infração
2026-09-10 12:48:16 [ERROR]: [DB] Falha ao registrar infração
2026-09-10 12:48:17 [ERROR]: ❌ [[Discord] Erro ao definir presença:] this.client.user?.setPresence is not a function
2026-09-10 12:48:17 [ERROR]: ❌ [[Discord] Erro ao definir presença:] this.client.user?.setPresence is not a function
2026-09-10 12:48:17 [ERROR]: ❌ [[Discord] Erro ao definir presença:] this.client.user?.setPresence is not a function
2026-09-10 12:48:18 [ERROR]: [memberJoinService] Erro ao processar entrada
2026-09-10 13:00:10 [ERROR]: ❌ [Erro no comando $stats:] SQLITE_ERROR: no such table: feedbacks
2026-09-10 13:00:10 [ERROR]:    Stack: 
2026-09-10 13:00:10 [ERROR]: ❌ [❌ Erro no $grupos:] ctx.client.getChats is not a function
2026-09-10 13:00:10 [ERROR]:    Stack: at Object.execute (D:/Desktop/Programas/bot-wpp/src/bot/commands/grupos.ts:17:44)
2026-09-10 13:00:10 [ERROR]: ❌ [[ScreenCommand] Erro:] connect ECONNREFUSED 127.0.0.1:3002
2026-09-10 13:00:10 [ERROR]:    Stack: at TCPConnectWrap.afterConnect [as oncomplete] (node:net:1638:16)
2026-09-10 13:00:10 [ERROR]: ❌ [[ScreenCommand] Erro:] connect ECONNREFUSED 127.0.0.1:3002
2026-09-10 13:00:10 [ERROR]:    Stack: at TCPConnectWrap.afterConnect [as oncomplete] (node:net:1638:16)
2026-09-10 13:00:10 [ERROR]: ❌ [[ScreenCommand] Erro:] connect ECONNREFUSED 127.0.0.1:3002
2026-09-10 13:00:10 [ERROR]:    Stack: at TCPConnectWrap.afterConnect [as oncomplete] (node:net:1638:16)
2026-09-10 13:00:11 [ERROR]: [DB] Falha ao registrar infração
2026-09-10 13:00:11 [ERROR]: [DB] Falha ao registrar infração
2026-09-10 13:00:11 [ERROR]: [DB] Falha ao registrar infração
2026-09-10 13:00:11 [ERROR]: [DB] Falha ao registrar infração
2026-09-10 13:00:11 [ERROR]: [DB] Falha ao registrar infração
2026-09-10 13:00:11 [ERROR]: [DB] Falha ao registrar infração
2026-09-10 13:00:11 [ERROR]: [DB] Falha ao registrar infração
2026-09-10 13:00:11 [ERROR]: [DB] Falha ao registrar infração
2026-09-10 13:00:11 [ERROR]: [DB] Falha ao registrar infração
2026-09-10 13:00:11 [ERROR]: ❌ [[Discord] Erro ao definir presença:] this.client.user?.setPresence is not a function
2026-09-10 13:00:11 [ERROR]: ❌ [[Discord] Erro ao definir presença:] this.client.user?.setPresence is not a function
2026-09-10 13:00:11 [ERROR]: ❌ [[Discord] Erro ao definir presença:] this.client.user?.setPresence is not a function
2026-09-10 13:00:12 [ERROR]: [memberJoinService] Erro ao processar entrada
2026-09-10 13:11:18 [ERROR]: [DB] Falha ao registrar infração
2026-09-10 13:11:18 [ERROR]: [DB] Falha ao registrar infração
2026-09-10 13:11:18 [ERROR]: [DB] Falha ao registrar infração
2026-09-10 13:11:18 [ERROR]: [DB] Falha ao registrar infração
2026-09-10 13:11:18 [ERROR]: [DB] Falha ao registrar infração
2026-09-10 13:11:18 [ERROR]: [DB] Falha ao registrar infração
2026-09-10 13:11:18 [ERROR]: [DB] Falha ao registrar infração
2026-09-10 13:11:18 [ERROR]: [DB] Falha ao registrar infração
2026-09-10 13:11:18 [ERROR]: [DB] Falha ao registrar infração
2026-09-10 13:11:19 [ERROR]: ❌ [[Discord] Erro ao definir presença:] this.client.user?.setPresence is not a function
2026-09-10 13:11:19 [ERROR]: ❌ [[Discord] Erro ao definir presença:] this.client.user?.setPresence is not a function
2026-09-10 13:11:19 [ERROR]: ❌ [[Discord] Erro ao definir presença:] this.client.user?.setPresence is not a function
2026-09-10 13:11:20 [ERROR]: ❌ [Erro no comando $stats:] SQLITE_ERROR: no such table: feedbacks
2026-09-10 13:11:20 [ERROR]:    Stack: 
2026-09-10 13:11:20 [ERROR]: ❌ [❌ Erro no $grupos:] ctx.client.getChats is not a function
2026-09-10 13:11:20 [ERROR]:    Stack: at Object.execute (D:/Desktop/Programas/bot-wpp/src/bot/commands/grupos.ts:17:44)
2026-09-10 13:11:20 [ERROR]: ❌ [[ScreenCommand] Erro:] connect ECONNREFUSED 127.0.0.1:3002
2026-09-10 13:11:20 [ERROR]:    Stack: at TCPConnectWrap.afterConnect [as oncomplete] (node:net:1638:16)
2026-09-10 13:11:20 [ERROR]: ❌ [[ScreenCommand] Erro:] connect ECONNREFUSED 127.0.0.1:3002
2026-09-10 13:11:20 [ERROR]:    Stack: at TCPConnectWrap.afterConnect [as oncomplete] (node:net:1638:16)
2026-09-10 13:11:20 [ERROR]: ❌ [[ScreenCommand] Erro:] connect ECONNREFUSED 127.0.0.1:3002
2026-09-10 13:11:20 [ERROR]:    Stack: at TCPConnectWrap.afterConnect [as oncomplete] (node:net:1638:16)
2026-09-10 13:11:22 [ERROR]: [memberJoinService] Erro ao processar entrada
2026-09-10 13:51:54 [ERROR]: [DB] Falha ao registrar infração
2026-09-10 13:51:54 [ERROR]: [DB] Falha ao registrar infração
2026-09-10 13:51:54 [ERROR]: [DB] Falha ao registrar infração
2026-09-10 13:51:54 [ERROR]: [DB] Falha ao registrar infração
2026-09-10 13:51:54 [ERROR]: [DB] Falha ao registrar infração
2026-09-10 13:51:54 [ERROR]: [DB] Falha ao registrar infração
2026-09-10 13:51:54 [ERROR]: [DB] Falha ao registrar infração
2026-09-10 13:51:54 [ERROR]: [DB] Falha ao registrar infração
2026-09-10 13:51:54 [ERROR]: [DB] Falha ao registrar infração
2026-09-10 13:51:56 [ERROR]: ❌ [Erro no comando $stats:] SQLITE_ERROR: no such table: feedbacks
2026-09-10 13:51:56 [ERROR]:    Stack: 
2026-09-10 13:51:56 [ERROR]: ❌ [❌ Erro no $grupos:] ctx.client.getChats is not a function
2026-09-10 13:51:56 [ERROR]:    Stack: at Object.execute (D:/Desktop/Programas/bot-wpp/src/bot/commands/grupos.ts:17:44)
2026-09-10 13:51:56 [ERROR]: ❌ [[ScreenCommand] Erro:] connect ECONNREFUSED 127.0.0.1:3002
2026-09-10 13:51:56 [ERROR]:    Stack: at TCPConnectWrap.afterConnect [as oncomplete] (node:net:1638:16)
2026-09-10 13:51:56 [ERROR]: ❌ [[ScreenCommand] Erro:] connect ECONNREFUSED 127.0.0.1:3002
2026-09-10 13:51:56 [ERROR]:    Stack: at TCPConnectWrap.afterConnect [as oncomplete] (node:net:1638:16)
2026-09-10 13:51:56 [ERROR]: ❌ [[ScreenCommand] Erro:] connect ECONNREFUSED 127.0.0.1:3002
2026-09-10 13:51:56 [ERROR]:    Stack: at TCPConnectWrap.afterConnect [as oncomplete] (node:net:1638:16)
2026-09-10 13:51:58 [ERROR]: ❌ [[Discord] Erro ao definir presença:] this.client.user?.setPresence is not a function
2026-09-10 13:51:59 [ERROR]: ❌ [[Discord] Erro ao definir presença:] this.client.user?.setPresence is not a function
2026-09-10 13:51:59 [ERROR]: ❌ [[Discord] Erro ao definir presença:] this.client.user?.setPresence is not a function
2026-09-10 13:52:03 [ERROR]: [memberJoinService] Erro ao processar entrada
2026-09-10 14:33:33 [ERROR]: [DB] Falha ao registrar infração
2026-09-10 14:33:33 [ERROR]: [DB] Falha ao registrar infração
2026-09-10 14:33:33 [ERROR]: [DB] Falha ao registrar infração
2026-09-10 14:33:33 [ERROR]: [DB] Falha ao registrar infração
2026-09-10 14:33:33 [ERROR]: [DB] Falha ao registrar infração
2026-09-10 14:33:33 [ERROR]: [DB] Falha ao registrar infração
2026-09-10 14:33:33 [ERROR]: [DB] Falha ao registrar infração
2026-09-10 14:33:33 [ERROR]: [DB] Falha ao registrar infração
2026-09-10 14:33:33 [ERROR]: [DB] Falha ao registrar infração
2026-09-10 14:33:42 [ERROR]: ❌ [[Discord] Erro ao definir presença:] this.client.user?.setPresence is not a function
2026-09-10 14:33:42 [ERROR]: ❌ [[Discord] Erro ao definir presença:] this.client.user?.setPresence is not a function
2026-09-10 14:33:42 [ERROR]: ❌ [[Discord] Erro ao definir presença:] this.client.user?.setPresence is not a function
2026-09-10 14:33:48 [ERROR]: ❌ [Erro no comando $stats:] SQLITE_ERROR: no such table: feedbacks
2026-09-10 14:33:48 [ERROR]:    Stack: 
2026-09-10 14:33:48 [ERROR]: ❌ [❌ Erro no $grupos:] ctx.client.getChats is not a function
2026-09-10 14:33:48 [ERROR]:    Stack: at Object.execute (D:/Desktop/Programas/bot-wpp/src/bot/commands/grupos.ts:17:44)
2026-09-10 14:33:49 [ERROR]: ❌ [[ScreenCommand] Erro:] connect ECONNREFUSED 127.0.0.1:3002
2026-09-10 14:33:49 [ERROR]:    Stack: at TCPConnectWrap.afterConnect [as oncomplete] (node:net:1638:16)
2026-09-10 14:33:49 [ERROR]: ❌ [[ScreenCommand] Erro:] connect ECONNREFUSED 127.0.0.1:3002
2026-09-10 14:33:49 [ERROR]:    Stack: at TCPConnectWrap.afterConnect [as oncomplete] (node:net:1638:16)
2026-09-10 14:33:49 [ERROR]: ❌ [[ScreenCommand] Erro:] connect ECONNREFUSED 127.0.0.1:3002
2026-09-10 14:33:49 [ERROR]:    Stack: at TCPConnectWrap.afterConnect [as oncomplete] (node:net:1638:16)
2026-09-10 14:34:09 [ERROR]: [memberJoinService] Erro ao processar entrada
2026-09-10 14:37:38 [ERROR]: [memberJoinService] Erro ao processar entrada
2026-09-10 14:37:39 [ERROR]: [DB] Falha ao registrar infração
2026-09-10 14:37:39 [ERROR]: [DB] Falha ao registrar infração
2026-09-10 14:37:39 [ERROR]: [DB] Falha ao registrar infração
2026-09-10 14:37:39 [ERROR]: [DB] Falha ao registrar infração
2026-09-10 14:37:39 [ERROR]: [DB] Falha ao registrar infração
2026-09-10 14:37:39 [ERROR]: [DB] Falha ao registrar infração
2026-09-10 14:37:39 [ERROR]: [DB] Falha ao registrar infração
2026-09-10 14:37:39 [ERROR]: [DB] Falha ao registrar infração
2026-09-10 14:37:39 [ERROR]: [DB] Falha ao registrar infração
2026-09-10 14:37:43 [ERROR]: ❌ [[Discord] Erro ao definir presença:] this.client.user?.setPresence is not a function
2026-09-10 14:37:43 [ERROR]: ❌ [[Discord] Erro ao definir presença:] this.client.user?.setPresence is not a function
2026-09-10 14:37:43 [ERROR]: ❌ [[Discord] Erro ao definir presença:] this.client.user?.setPresence is not a function
2026-09-10 14:42:19 [ERROR]: ❌ [Erro no comando $stats:] SQLITE_ERROR: no such table: feedbacks
2026-09-10 14:42:19 [ERROR]:    Stack: 
2026-09-10 14:42:20 [ERROR]: ❌ [❌ Erro no $grupos:] ctx.client.getChats is not a function
2026-09-10 14:42:20 [ERROR]:    Stack: at Object.execute (D:/Desktop/Programas/bot-wpp/src/bot/commands/grupos.ts:17:44)
2026-09-10 14:42:20 [ERROR]: ❌ [[ScreenCommand] Erro:] connect ECONNREFUSED 127.0.0.1:3002
2026-09-10 14:42:20 [ERROR]:    Stack: at TCPConnectWrap.afterConnect [as oncomplete] (node:net:1638:16)
2026-09-10 14:42:20 [ERROR]: ❌ [[ScreenCommand] Erro:] connect ECONNREFUSED 127.0.0.1:3002
2026-09-10 14:42:20 [ERROR]:    Stack: at TCPConnectWrap.afterConnect [as oncomplete] (node:net:1638:16)
2026-09-10 14:42:20 [ERROR]: ❌ [[ScreenCommand] Erro:] connect ECONNREFUSED 127.0.0.1:3002
2026-09-10 14:42:20 [ERROR]:    Stack: at TCPConnectWrap.afterConnect [as oncomplete] (node:net:1638:16)
2026-09-10 14:42:21 [ERROR]: [DB] Falha ao registrar infração
2026-09-10 14:42:21 [ERROR]: [DB] Falha ao registrar infração
2026-09-10 14:42:21 [ERROR]: [DB] Falha ao registrar infração
2026-09-10 14:42:21 [ERROR]: [DB] Falha ao registrar infração
2026-09-10 14:42:21 [ERROR]: [DB] Falha ao registrar infração
2026-09-10 14:42:21 [ERROR]: [DB] Falha ao registrar infração
2026-09-10 14:42:21 [ERROR]: [DB] Falha ao registrar infração
2026-09-10 14:42:21 [ERROR]: [DB] Falha ao registrar infração
2026-09-10 14:42:21 [ERROR]: [DB] Falha ao registrar infração
2026-09-10 14:42:22 [ERROR]: ❌ [[Discord] Erro ao definir presença:] this.client.user?.setPresence is not a function
2026-09-10 14:42:22 [ERROR]: ❌ [[Discord] Erro ao definir presença:] this.client.user?.setPresence is not a function
2026-09-10 14:42:22 [ERROR]: ❌ [[Discord] Erro ao definir presença:] this.client.user?.setPresence is not a function
2026-09-10 14:42:23 [ERROR]: [memberJoinService] Erro ao processar entrada
2026-09-10 14:44:40 [ERROR]: [DB] Falha ao registrar infração
2026-09-10 14:44:40 [ERROR]: [DB] Falha ao registrar infração
2026-09-10 14:44:40 [ERROR]: [DB] Falha ao registrar infração
2026-09-10 14:44:40 [ERROR]: [DB] Falha ao registrar infração
2026-09-10 14:44:40 [ERROR]: [DB] Falha ao registrar infração
2026-09-10 14:44:40 [ERROR]: [DB] Falha ao registrar infração
2026-09-10 14:44:40 [ERROR]: [DB] Falha ao registrar infração
2026-09-10 14:44:40 [ERROR]: [DB] Falha ao registrar infração
2026-09-10 14:44:40 [ERROR]: [DB] Falha ao registrar infração
2026-09-10 14:44:44 [ERROR]: ❌ [Erro no comando $stats:] SQLITE_ERROR: no such table: feedbacks
2026-09-10 14:44:44 [ERROR]:    Stack: 
2026-09-10 14:44:44 [ERROR]: ❌ [❌ Erro no $grupos:] ctx.client.getChats is not a function
2026-09-10 14:44:44 [ERROR]:    Stack: at Object.execute (D:/Desktop/Programas/bot-wpp/src/bot/commands/grupos.ts:17:44)
2026-09-10 14:44:44 [ERROR]: ❌ [[ScreenCommand] Erro:] connect ECONNREFUSED 127.0.0.1:3002
2026-09-10 14:44:44 [ERROR]:    Stack: at TCPConnectWrap.afterConnect [as oncomplete] (node:net:1638:16)
2026-09-10 14:44:44 [ERROR]: ❌ [[ScreenCommand] Erro:] connect ECONNREFUSED 127.0.0.1:3002
2026-09-10 14:44:44 [ERROR]:    Stack: at TCPConnectWrap.afterConnect [as oncomplete] (node:net:1638:16)
2026-09-10 14:44:44 [ERROR]: ❌ [[ScreenCommand] Erro:] connect ECONNREFUSED 127.0.0.1:3002
2026-09-10 14:44:44 [ERROR]:    Stack: at TCPConnectWrap.afterConnect [as oncomplete] (node:net:1638:16)
2026-09-10 14:44:46 [ERROR]: ❌ [[Discord] Erro ao definir presença:] this.client.user?.setPresence is not a function
2026-09-10 14:44:46 [ERROR]: ❌ [[Discord] Erro ao definir presença:] this.client.user?.setPresence is not a function
2026-09-10 14:44:46 [ERROR]: ❌ [[Discord] Erro ao definir presença:] this.client.user?.setPresence is not a function
2026-09-10 14:44:48 [ERROR]: [memberJoinService] Erro ao processar entrada
2026-09-10 15:03:15 [ERROR]: [DB] Falha ao registrar infração
2026-09-10 15:03:15 [ERROR]: [DB] Falha ao registrar infração
2026-09-10 15:03:15 [ERROR]: [DB] Falha ao registrar infração
2026-09-10 15:03:15 [ERROR]: [DB] Falha ao registrar infração
2026-09-10 15:03:15 [ERROR]: [DB] Falha ao registrar infração
2026-09-10 15:03:15 [ERROR]: [DB] Falha ao registrar infração
2026-09-10 15:03:15 [ERROR]: [DB] Falha ao registrar infração
2026-09-10 15:03:15 [ERROR]: [DB] Falha ao registrar infração
2026-09-10 15:03:15 [ERROR]: [DB] Falha ao registrar infração
2026-09-10 15:03:23 [ERROR]: ❌ [[Discord] Erro ao definir presença:] this.client.user?.setPresence is not a function
2026-09-10 15:03:23 [ERROR]: ❌ [[Discord] Erro ao definir presença:] this.client.user?.setPresence is not a function
2026-09-10 15:03:23 [ERROR]: ❌ [[Discord] Erro ao definir presença:] this.client.user?.setPresence is not a function
2026-09-10 15:03:23 [ERROR]: ❌ [Erro no comando $stats:] SQLITE_ERROR: no such table: feedbacks
2026-09-10 15:03:23 [ERROR]:    Stack: 
2026-09-10 15:03:23 [ERROR]: ❌ [❌ Erro no $grupos:] ctx.client.getChats is not a function
2026-09-10 15:03:23 [ERROR]:    Stack: at Object.execute (D:/Desktop/Programas/bot-wpp/src/bot/commands/grupos.ts:17:44)
2026-09-10 15:03:24 [ERROR]: ❌ [[ScreenCommand] Erro:] connect ECONNREFUSED 127.0.0.1:3002
2026-09-10 15:03:24 [ERROR]:    Stack: at TCPConnectWrap.afterConnect [as oncomplete] (node:net:1638:16)
2026-09-10 15:03:24 [ERROR]: ❌ [[ScreenCommand] Erro:] connect ECONNREFUSED 127.0.0.1:3002
2026-09-10 15:03:24 [ERROR]:    Stack: at TCPConnectWrap.afterConnect [as oncomplete] (node:net:1638:16)
2026-09-10 15:03:24 [ERROR]: ❌ [[ScreenCommand] Erro:] connect ECONNREFUSED 127.0.0.1:3002
2026-09-10 15:03:24 [ERROR]:    Stack: at TCPConnectWrap.afterConnect [as oncomplete] (node:net:1638:16)
2026-09-10 15:03:30 [ERROR]: [memberJoinService] Erro ao processar entrada
2026-09-10 15:13:13 [ERROR]: [memberJoinService] Erro ao processar entrada
2026-09-10 15:13:14 [ERROR]: [DB] Falha ao registrar infração
2026-09-10 15:13:14 [ERROR]: [DB] Falha ao registrar infração
2026-09-10 15:13:14 [ERROR]: [DB] Falha ao registrar infração
2026-09-10 15:13:14 [ERROR]: [DB] Falha ao registrar infração
2026-09-10 15:13:14 [ERROR]: [DB] Falha ao registrar infração
2026-09-10 15:13:14 [ERROR]: [DB] Falha ao registrar infração
2026-09-10 15:13:14 [ERROR]: [DB] Falha ao registrar infração
2026-09-10 15:13:14 [ERROR]: [DB] Falha ao registrar infração
2026-09-10 15:13:14 [ERROR]: [DB] Falha ao registrar infração
2026-09-10 15:13:17 [ERROR]: ❌ [[Discord] Erro ao definir presença:] this.client.user?.setPresence is not a function
2026-09-10 15:13:17 [ERROR]: ❌ [[Discord] Erro ao definir presença:] this.client.user?.setPresence is not a function
2026-09-10 15:13:17 [ERROR]: ❌ [[Discord] Erro ao definir presença:] this.client.user?.setPresence is not a function
2026-09-10 15:13:23 [ERROR]: ❌ [Erro no comando $stats:] SQLITE_ERROR: no such table: feedbacks
2026-09-10 15:13:23 [ERROR]:    Stack: 
2026-09-10 15:13:23 [ERROR]: ❌ [❌ Erro no $grupos:] ctx.client.getChats is not a function
2026-09-10 15:13:23 [ERROR]:    Stack: at Object.execute (D:/Desktop/Programas/bot-wpp/src/bot/commands/grupos.ts:17:44)
2026-09-10 15:13:23 [ERROR]: ❌ [[ScreenCommand] Erro:] connect ECONNREFUSED 127.0.0.1:3002
2026-09-10 15:13:23 [ERROR]:    Stack: at TCPConnectWrap.afterConnect [as oncomplete] (node:net:1638:16)
2026-09-10 15:13:23 [ERROR]: ❌ [[ScreenCommand] Erro:] connect ECONNREFUSED 127.0.0.1:3002
2026-09-10 15:13:23 [ERROR]:    Stack: at TCPConnectWrap.afterConnect [as oncomplete] (node:net:1638:16)
2026-09-10 15:13:23 [ERROR]: ❌ [[ScreenCommand] Erro:] connect ECONNREFUSED 127.0.0.1:3002
2026-09-10 15:13:23 [ERROR]:    Stack: at TCPConnectWrap.afterConnect [as oncomplete] (node:net:1638:16)
2026-09-10 16:38:04 [ERROR]: [DB] Falha ao registrar infração
2026-09-10 16:38:04 [ERROR]: [DB] Falha ao registrar infração
2026-09-10 16:38:05 [ERROR]: [DB] Falha ao registrar infração
2026-09-10 16:38:05 [ERROR]: [DB] Falha ao registrar infração
2026-09-10 16:38:05 [ERROR]: [DB] Falha ao registrar infração
2026-09-10 16:38:05 [ERROR]: [DB] Falha ao registrar infração
2026-09-10 16:38:05 [ERROR]: [DB] Falha ao registrar infração
2026-09-10 16:38:05 [ERROR]: [DB] Falha ao registrar infração
2026-09-10 16:38:05 [ERROR]: [DB] Falha ao registrar infração
2026-09-10 16:38:09 [ERROR]: ❌ [Erro no comando $stats:] SQLITE_ERROR: no such table: feedbacks
2026-09-10 16:38:09 [ERROR]:    Stack: 
2026-09-10 16:38:09 [ERROR]: ❌ [❌ Erro no $grupos:] ctx.client.getChats is not a function
2026-09-10 16:38:09 [ERROR]:    Stack: at Object.execute (D:/Desktop/Programas/bot-wpp/src/bot/commands/grupos.ts:17:44)
2026-09-10 16:38:10 [ERROR]: ❌ [[ScreenCommand] Erro:] connect ECONNREFUSED 127.0.0.1:3002
2026-09-10 16:38:10 [ERROR]:    Stack: at TCPConnectWrap.afterConnect [as oncomplete] (node:net:1638:16)
2026-09-10 16:38:10 [ERROR]: ❌ [[ScreenCommand] Erro:] connect ECONNREFUSED 127.0.0.1:3002
2026-09-10 16:38:10 [ERROR]:    Stack: at TCPConnectWrap.afterConnect [as oncomplete] (node:net:1638:16)
2026-09-10 16:38:10 [ERROR]: ❌ [[ScreenCommand] Erro:] connect ECONNREFUSED 127.0.0.1:3002
2026-09-10 16:38:10 [ERROR]:    Stack: at TCPConnectWrap.afterConnect [as oncomplete] (node:net:1638:16)
2026-09-10 16:38:11 [ERROR]: ❌ [[Discord] Erro ao definir presença:] this.client.user?.setPresence is not a function
2026-09-10 16:38:11 [ERROR]: [memberJoinService] Erro ao processar entrada
2026-09-10 16:38:11 [ERROR]: ❌ [[Discord] Erro ao definir presença:] this.client.user?.setPresence is not a function
2026-09-10 16:38:11 [ERROR]: ❌ [[Discord] Erro ao definir presença:] this.client.user?.setPresence is not a function
2026-09-11 09:49:11 [ERROR]: [DB] Falha ao registrar infração
2026-09-11 09:49:11 [ERROR]: [DB] Falha ao registrar infração
2026-09-11 09:49:11 [ERROR]: [DB] Falha ao registrar infração
2026-09-11 09:49:11 [ERROR]: [DB] Falha ao registrar infração
2026-09-11 09:49:11 [ERROR]: [DB] Falha ao registrar infração
2026-09-11 09:49:11 [ERROR]: [DB] Falha ao registrar infração
2026-09-11 09:49:11 [ERROR]: [DB] Falha ao registrar infração
2026-09-11 09:49:11 [ERROR]: [DB] Falha ao registrar infração
2026-09-11 09:49:11 [ERROR]: [DB] Falha ao registrar infração
2026-09-11 09:49:25 [ERROR]: ❌ [Erro no comando $stats:] SQLITE_ERROR: no such table: feedbacks
2026-09-11 09:49:25 [ERROR]:    Stack: 
2026-09-11 09:49:25 [ERROR]: ❌ [❌ Erro no $grupos:] ctx.client.getChats is not a function
2026-09-11 09:49:25 [ERROR]:    Stack: at Object.execute (D:/Desktop/Programas/bot-wpp/src/bot/commands/grupos.ts:17:44)
2026-09-11 09:49:25 [ERROR]: ❌ [[ScreenCommand] Erro:] connect ECONNREFUSED 127.0.0.1:3002
2026-09-11 09:49:25 [ERROR]:    Stack: at TCPConnectWrap.afterConnect [as oncomplete] (node:net:1638:16)
2026-09-11 09:49:25 [ERROR]: ❌ [[ScreenCommand] Erro:] connect ECONNREFUSED 127.0.0.1:3002
2026-09-11 09:49:25 [ERROR]:    Stack: at TCPConnectWrap.afterConnect [as oncomplete] (node:net:1638:16)
2026-09-11 09:49:25 [ERROR]: ❌ [[ScreenCommand] Erro:] connect ECONNREFUSED 127.0.0.1:3002
2026-09-11 09:49:25 [ERROR]:    Stack: at TCPConnectWrap.afterConnect [as oncomplete] (node:net:1638:16)
2026-09-11 09:49:26 [ERROR]: ❌ [[Discord] Erro ao definir presença:] this.client.user?.setPresence is not a function
2026-09-11 09:49:26 [ERROR]: ❌ [[Discord] Erro ao definir presença:] this.client.user?.setPresence is not a function
2026-09-11 09:49:26 [ERROR]: ❌ [[Discord] Erro ao definir presença:] this.client.user?.setPresence is not a function
2026-09-11 09:49:27 [ERROR]: [memberJoinService] Erro ao processar entrada
2026-09-11 10:05:55 [ERROR]: ❌ [Erro no comando $stats:] SQLITE_ERROR: no such table: feedbacks
2026-09-11 10:05:55 [ERROR]:    Stack: 
2026-09-11 10:05:55 [ERROR]: ❌ [❌ Erro no $grupos:] ctx.client.getChats is not a function
2026-09-11 10:05:55 [ERROR]:    Stack: at Object.execute (D:/Desktop/Programas/bot-wpp/src/bot/commands/grupos.ts:17:44)
2026-09-11 10:05:56 [ERROR]: ❌ [[ScreenCommand] Erro:] connect ECONNREFUSED 127.0.0.1:3002
2026-09-11 10:05:56 [ERROR]:    Stack: at TCPConnectWrap.afterConnect [as oncomplete] (node:net:1638:16)
2026-09-11 10:05:56 [ERROR]: ❌ [[ScreenCommand] Erro:] connect ECONNREFUSED 127.0.0.1:3002
2026-09-11 10:05:56 [ERROR]:    Stack: at TCPConnectWrap.afterConnect [as oncomplete] (node:net:1638:16)
2026-09-11 10:05:56 [ERROR]: ❌ [[ScreenCommand] Erro:] connect ECONNREFUSED 127.0.0.1:3002
2026-09-11 10:05:56 [ERROR]:    Stack: at TCPConnectWrap.afterConnect [as oncomplete] (node:net:1638:16)
2026-09-11 10:05:57 [ERROR]: [DB] Falha ao registrar infração
2026-09-11 10:05:57 [ERROR]: ❌ [[Discord] Erro ao definir presença:] this.client.user?.setPresence is not a function
2026-09-11 10:05:57 [ERROR]: ❌ [[Discord] Erro ao definir presença:] this.client.user?.setPresence is not a function
2026-09-11 10:05:57 [ERROR]: ❌ [[Discord] Erro ao definir presença:] this.client.user?.setPresence is not a function
2026-09-11 10:05:57 [ERROR]: [DB] Falha ao registrar infração
2026-09-11 10:05:57 [ERROR]: [DB] Falha ao registrar infração
2026-09-11 10:05:57 [ERROR]: [DB] Falha ao registrar infração
2026-09-11 10:05:57 [ERROR]: [DB] Falha ao registrar infração
2026-09-11 10:05:57 [ERROR]: [DB] Falha ao registrar infração
2026-09-11 10:05:57 [ERROR]: [DB] Falha ao registrar infração
2026-09-11 10:05:57 [ERROR]: [DB] Falha ao registrar infração
2026-09-11 10:05:57 [ERROR]: [DB] Falha ao registrar infração
2026-09-11 10:05:58 [ERROR]: [memberJoinService] Erro ao processar entrada
2026-09-11 10:27:30 [ERROR]: [DB] Falha ao registrar infração
2026-09-11 10:27:30 [ERROR]: [DB] Falha ao registrar infração
2026-09-11 10:27:30 [ERROR]: [DB] Falha ao registrar infração
2026-09-11 10:27:30 [ERROR]: [DB] Falha ao registrar infração
2026-09-11 10:27:30 [ERROR]: [DB] Falha ao registrar infração
2026-09-11 10:27:30 [ERROR]: [DB] Falha ao registrar infração
2026-09-11 10:27:30 [ERROR]: [DB] Falha ao registrar infração
2026-09-11 10:27:30 [ERROR]: [DB] Falha ao registrar infração
2026-09-11 10:27:30 [ERROR]: [DB] Falha ao registrar infração
2026-09-11 10:27:31 [ERROR]: ❌ [[Discord] Erro ao definir presença:] this.client.user?.setPresence is not a function
2026-09-11 10:27:31 [ERROR]: ❌ [[Discord] Erro ao definir presença:] this.client.user?.setPresence is not a function
2026-09-11 10:27:31 [ERROR]: ❌ [[Discord] Erro ao definir presença:] this.client.user?.setPresence is not a function
2026-09-11 10:27:37 [ERROR]: ❌ [Erro no comando $stats:] SQLITE_ERROR: no such table: feedbacks
2026-09-11 10:27:37 [ERROR]:    Stack: 
2026-09-11 10:27:37 [ERROR]: ❌ [❌ Erro no $grupos:] ctx.client.getChats is not a function
2026-09-11 10:27:37 [ERROR]:    Stack: at Object.execute (D:/Desktop/Programas/bot-wpp/src/bot/commands/grupos.ts:17:44)
2026-09-11 10:27:38 [ERROR]: ❌ [[ScreenCommand] Erro:] connect ECONNREFUSED 127.0.0.1:3002
2026-09-11 10:27:38 [ERROR]:    Stack: at TCPConnectWrap.afterConnect [as oncomplete] (node:net:1638:16)
2026-09-11 10:27:38 [ERROR]: ❌ [[ScreenCommand] Erro:] connect ECONNREFUSED 127.0.0.1:3002
2026-09-11 10:27:38 [ERROR]:    Stack: at TCPConnectWrap.afterConnect [as oncomplete] (node:net:1638:16)
2026-09-11 10:27:38 [ERROR]: ❌ [[ScreenCommand] Erro:] connect ECONNREFUSED 127.0.0.1:3002
2026-09-11 10:27:38 [ERROR]:    Stack: at TCPConnectWrap.afterConnect [as oncomplete] (node:net:1638:16)
2026-09-11 10:27:38 [ERROR]: [memberJoinService] Erro ao processar entrada
2026-09-11 14:09:39 [ERROR]: [DB] Falha ao registrar infração
2026-09-11 14:09:39 [ERROR]: [DB] Falha ao registrar infração
2026-09-11 14:09:39 [ERROR]: [DB] Falha ao registrar infração
2026-09-11 14:09:39 [ERROR]: [DB] Falha ao registrar infração
2026-09-11 14:09:39 [ERROR]: [DB] Falha ao registrar infração
2026-09-11 14:09:39 [ERROR]: [DB] Falha ao registrar infração
2026-09-11 14:09:39 [ERROR]: [DB] Falha ao registrar infração
2026-09-11 14:09:39 [ERROR]: [DB] Falha ao registrar infração
2026-09-11 14:09:39 [ERROR]: [DB] Falha ao registrar infração
2026-09-11 14:09:42 [ERROR]: ❌ [Erro no comando $stats:] SQLITE_ERROR: no such table: feedbacks
2026-09-11 14:09:42 [ERROR]:    Stack: 
2026-09-11 14:09:42 [ERROR]: ❌ [❌ Erro no $grupos:] ctx.client.getChats is not a function
2026-09-11 14:09:42 [ERROR]:    Stack: at Object.execute (D:/Desktop/Programas/bot-wpp/src/bot/commands/grupos.ts:17:44)
2026-09-11 14:09:42 [ERROR]: ❌ [[ScreenCommand] Erro:] connect ECONNREFUSED 127.0.0.1:3002
2026-09-11 14:09:42 [ERROR]:    Stack: at TCPConnectWrap.afterConnect [as oncomplete] (node:net:1638:16)
2026-09-11 14:09:42 [ERROR]: ❌ [[ScreenCommand] Erro:] connect ECONNREFUSED 127.0.0.1:3002
2026-09-11 14:09:42 [ERROR]:    Stack: at TCPConnectWrap.afterConnect [as oncomplete] (node:net:1638:16)
2026-09-11 14:09:42 [ERROR]: ❌ [[ScreenCommand] Erro:] connect ECONNREFUSED 127.0.0.1:3002
2026-09-11 14:09:42 [ERROR]:    Stack: at TCPConnectWrap.afterConnect [as oncomplete] (node:net:1638:16)
2026-09-11 14:09:44 [ERROR]: ❌ [[Discord] Erro ao definir presença:] this.client.user?.setPresence is not a function
2026-09-11 14:09:44 [ERROR]: ❌ [[Discord] Erro ao definir presença:] this.client.user?.setPresence is not a function
2026-09-11 14:09:44 [ERROR]: ❌ [[Discord] Erro ao definir presença:] this.client.user?.setPresence is not a function
2026-09-11 14:09:44 [ERROR]: [memberJoinService] Erro ao processar entrada
2026-09-11 15:58:57 [ERROR]: [DB] Falha ao registrar infração
2026-09-11 15:58:57 [ERROR]: [DB] Falha ao registrar infração
2026-09-11 15:58:57 [ERROR]: [DB] Falha ao registrar infração
2026-09-11 15:58:57 [ERROR]: [DB] Falha ao registrar infração
2026-09-11 15:58:57 [ERROR]: [DB] Falha ao registrar infração
2026-09-11 15:58:57 [ERROR]: [DB] Falha ao registrar infração
2026-09-11 15:58:57 [ERROR]: [DB] Falha ao registrar infração
2026-09-11 15:58:57 [ERROR]: [DB] Falha ao registrar infração
2026-09-11 15:58:57 [ERROR]: [DB] Falha ao registrar infração
2026-09-11 15:59:00 [ERROR]: ❌ [Erro no comando $stats:] SQLITE_ERROR: no such table: feedbacks
2026-09-11 15:59:00 [ERROR]:    Stack: 
2026-09-11 15:59:00 [ERROR]: ❌ [❌ Erro no $grupos:] ctx.client.getChats is not a function
2026-09-11 15:59:00 [ERROR]:    Stack: at Object.execute (D:/Desktop/Programas/bot-wpp/src/bot/commands/grupos.ts:17:44)
2026-09-11 15:59:00 [ERROR]: ❌ [[ScreenCommand] Erro:] connect ECONNREFUSED 127.0.0.1:3002
2026-09-11 15:59:00 [ERROR]:    Stack: at TCPConnectWrap.afterConnect [as oncomplete] (node:net:1638:16)
2026-09-11 15:59:00 [ERROR]: ❌ [[ScreenCommand] Erro:] connect ECONNREFUSED 127.0.0.1:3002
2026-09-11 15:59:00 [ERROR]:    Stack: at TCPConnectWrap.afterConnect [as oncomplete] (node:net:1638:16)
2026-09-11 15:59:00 [ERROR]: ❌ [[ScreenCommand] Erro:] connect ECONNREFUSED 127.0.0.1:3002
2026-09-11 15:59:00 [ERROR]:    Stack: at TCPConnectWrap.afterConnect [as oncomplete] (node:net:1638:16)
2026-09-11 15:59:02 [ERROR]: ❌ [[Discord] Erro ao definir presença:] this.client.user?.setPresence is not a function
2026-09-11 15:59:02 [ERROR]: ❌ [[Discord] Erro ao definir presença:] this.client.user?.setPresence is not a function
2026-09-11 15:59:02 [ERROR]: ❌ [[Discord] Erro ao definir presença:] this.client.user?.setPresence is not a function
2026-09-11 15:59:04 [ERROR]: [memberJoinService] Erro ao processar entrada
2026-09-14 13:01:40 [ERROR]: [DB] Falha ao registrar infração
2026-09-14 13:01:40 [ERROR]: [DB] Falha ao registrar infração
2026-09-14 13:01:40 [ERROR]: [DB] Falha ao registrar infração
2026-09-14 13:01:40 [ERROR]: [DB] Falha ao registrar infração
2026-09-14 13:01:40 [ERROR]: [DB] Falha ao registrar infração
2026-09-14 13:01:40 [ERROR]: [DB] Falha ao registrar infração
2026-09-14 13:01:40 [ERROR]: [DB] Falha ao registrar infração
2026-09-14 13:01:40 [ERROR]: [DB] Falha ao registrar infração
2026-09-14 13:01:40 [ERROR]: [DB] Falha ao registrar infração
2026-09-14 13:01:42 [ERROR]: ❌ [[Discord] Erro ao definir presença:] this.client.user?.setPresence is not a function
2026-09-14 13:01:42 [ERROR]: ❌ [[Discord] Erro ao definir presença:] this.client.user?.setPresence is not a function
2026-09-14 13:01:42 [ERROR]: ❌ [[Discord] Erro ao definir presença:] this.client.user?.setPresence is not a function
2026-09-14 13:01:57 [ERROR]: ❌ [Erro no comando $stats:] SQLITE_ERROR: no such table: feedbacks
2026-09-14 13:01:57 [ERROR]:    Stack: 
2026-09-14 13:01:57 [ERROR]: ❌ [❌ Erro no $grupos:] ctx.client.getChats is not a function
2026-09-14 13:01:57 [ERROR]:    Stack: at Object.execute (D:/Desktop/Programas/bot-wpp/src/bot/commands/grupos.ts:17:44)
2026-09-14 13:01:57 [ERROR]: ❌ [[ScreenCommand] Erro:] connect ECONNREFUSED 127.0.0.1:3002
2026-09-14 13:01:57 [ERROR]:    Stack: at TCPConnectWrap.afterConnect [as oncomplete] (node:net:1638:16)
2026-09-14 13:01:57 [ERROR]: ❌ [[ScreenCommand] Erro:] connect ECONNREFUSED 127.0.0.1:3002
2026-09-14 13:01:57 [ERROR]:    Stack: at TCPConnectWrap.afterConnect [as oncomplete] (node:net:1638:16)
2026-09-14 13:01:57 [ERROR]: ❌ [[ScreenCommand] Erro:] connect ECONNREFUSED 127.0.0.1:3002
2026-09-14 13:01:57 [ERROR]:    Stack: at TCPConnectWrap.afterConnect [as oncomplete] (node:net:1638:16)
2026-09-14 13:01:59 [ERROR]: [memberJoinService] Erro ao processar entrada
2026-09-14 16:43:47 [ERROR]: ❌ [Erro no comando $stats:] SQLITE_ERROR: no such table: feedbacks
2026-09-14 16:43:47 [ERROR]:    Stack: 
2026-09-14 16:43:47 [ERROR]: ❌ [❌ Erro no $grupos:] ctx.client.getChats is not a function
2026-09-14 16:43:47 [ERROR]:    Stack: at Object.execute (D:/Desktop/Programas/bot-wpp/src/bot/commands/grupos.ts:17:44)
2026-09-14 16:43:47 [ERROR]: ❌ [[ScreenCommand] Erro:] connect ECONNREFUSED 127.0.0.1:3002
2026-09-14 16:43:47 [ERROR]:    Stack: at TCPConnectWrap.afterConnect [as oncomplete] (node:net:1638:16)
2026-09-14 16:43:47 [ERROR]: ❌ [[ScreenCommand] Erro:] connect ECONNREFUSED 127.0.0.1:3002
2026-09-14 16:43:47 [ERROR]:    Stack: at TCPConnectWrap.afterConnect [as oncomplete] (node:net:1638:16)
2026-09-14 16:43:47 [ERROR]: ❌ [[ScreenCommand] Erro:] connect ECONNREFUSED 127.0.0.1:3002
2026-09-14 16:43:47 [ERROR]:    Stack: at TCPConnectWrap.afterConnect [as oncomplete] (node:net:1638:16)
2026-09-14 16:43:48 [ERROR]: [DB] Falha ao registrar infração
2026-09-14 16:43:49 [ERROR]: [DB] Falha ao registrar infração
2026-09-14 16:43:49 [ERROR]: [DB] Falha ao registrar infração
2026-09-14 16:43:49 [ERROR]: [DB] Falha ao registrar infração
2026-09-14 16:43:49 [ERROR]: [DB] Falha ao registrar infração
2026-09-14 16:43:49 [ERROR]: [DB] Falha ao registrar infração
2026-09-14 16:43:49 [ERROR]: [DB] Falha ao registrar infração
2026-09-14 16:43:49 [ERROR]: [DB] Falha ao registrar infração
2026-09-14 16:43:49 [ERROR]: [DB] Falha ao registrar infração
2026-09-14 16:43:50 [ERROR]: [memberJoinService] Erro ao processar entrada
2026-09-14 16:43:51 [ERROR]: ❌ [[Discord] Erro ao definir presença:] this.client.user?.setPresence is not a function
2026-09-14 16:43:51 [ERROR]: ❌ [[Discord] Erro ao definir presença:] this.client.user?.setPresence is not a function
2026-09-14 16:43:51 [ERROR]: ❌ [[Discord] Erro ao definir presença:] this.client.user?.setPresence is not a function
2026-09-14 16:45:17 [ERROR]: ❌ [Erro no comando $stats:] SQLITE_ERROR: no such table: feedbacks
2026-09-14 16:45:17 [ERROR]:    Stack: 
2026-09-14 16:45:17 [ERROR]: ❌ [❌ Erro no $grupos:] ctx.client.getChats is not a function
2026-09-14 16:45:17 [ERROR]:    Stack: at Object.execute (D:/Desktop/Programas/bot-wpp/src/bot/commands/grupos.ts:17:44)
2026-09-14 16:45:17 [ERROR]: ❌ [[ScreenCommand] Erro:] connect ECONNREFUSED 127.0.0.1:3002
2026-09-14 16:45:17 [ERROR]:    Stack: at TCPConnectWrap.afterConnect [as oncomplete] (node:net:1638:16)
2026-09-14 16:45:17 [ERROR]: ❌ [[ScreenCommand] Erro:] connect ECONNREFUSED 127.0.0.1:3002
2026-09-14 16:45:17 [ERROR]:    Stack: at TCPConnectWrap.afterConnect [as oncomplete] (node:net:1638:16)
2026-09-14 16:45:17 [ERROR]: ❌ [[ScreenCommand] Erro:] connect ECONNREFUSED 127.0.0.1:3002
2026-09-14 16:45:17 [ERROR]:    Stack: at TCPConnectWrap.afterConnect [as oncomplete] (node:net:1638:16)
2026-09-14 16:45:18 [ERROR]: [DB] Falha ao registrar infração
2026-09-14 16:45:18 [ERROR]: [DB] Falha ao registrar infração
2026-09-14 16:45:18 [ERROR]: [DB] Falha ao registrar infração
2026-09-14 16:45:18 [ERROR]: [DB] Falha ao registrar infração
2026-09-14 16:45:18 [ERROR]: [DB] Falha ao registrar infração
2026-09-14 16:45:18 [ERROR]: [DB] Falha ao registrar infração
2026-09-14 16:45:18 [ERROR]: [DB] Falha ao registrar infração
2026-09-14 16:45:18 [ERROR]: [DB] Falha ao registrar infração
2026-09-14 16:45:18 [ERROR]: [DB] Falha ao registrar infração
2026-09-14 16:45:19 [ERROR]: ❌ [[Discord] Erro ao definir presença:] this.client.user?.setPresence is not a function
2026-09-14 16:45:19 [ERROR]: ❌ [[Discord] Erro ao definir presença:] this.client.user?.setPresence is not a function
2026-09-14 16:45:19 [ERROR]: ❌ [[Discord] Erro ao definir presença:] this.client.user?.setPresence is not a function
2026-09-14 16:45:19 [ERROR]: [memberJoinService] Erro ao processar entrada
2026-09-14 17:01:21 [ERROR]: [DB] Falha ao registrar infração
2026-09-14 17:01:22 [ERROR]: [DB] Falha ao registrar infração
2026-09-14 17:01:22 [ERROR]: [DB] Falha ao registrar infração
2026-09-14 17:01:22 [ERROR]: [DB] Falha ao registrar infração
2026-09-14 17:01:22 [ERROR]: [DB] Falha ao registrar infração
2026-09-14 17:01:22 [ERROR]: [DB] Falha ao registrar infração
2026-09-14 17:01:22 [ERROR]: [DB] Falha ao registrar infração
2026-09-14 17:01:22 [ERROR]: [DB] Falha ao registrar infração
2026-09-14 17:01:22 [ERROR]: [DB] Falha ao registrar infração
2026-09-14 17:01:24 [ERROR]: ❌ [[Discord] Erro ao definir presença:] this.client.user?.setPresence is not a function
2026-09-14 17:01:24 [ERROR]: ❌ [[Discord] Erro ao definir presença:] this.client.user?.setPresence is not a function
2026-09-14 17:01:24 [ERROR]: ❌ [[Discord] Erro ao definir presença:] this.client.user?.setPresence is not a function
2026-09-14 17:01:24 [ERROR]: ❌ [Erro no comando $stats:] SQLITE_ERROR: no such table: feedbacks
2026-09-14 17:01:24 [ERROR]:    Stack: 
2026-09-14 17:01:24 [ERROR]: ❌ [❌ Erro no $grupos:] ctx.client.getChats is not a function
2026-09-14 17:01:24 [ERROR]:    Stack: at Object.execute (D:/Desktop/Programas/bot-wpp/src/bot/commands/grupos.ts:17:44)
2026-09-14 17:01:25 [ERROR]: ❌ [[ScreenCommand] Erro:] connect ECONNREFUSED 127.0.0.1:3002
2026-09-14 17:01:25 [ERROR]:    Stack: at TCPConnectWrap.afterConnect [as oncomplete] (node:net:1638:16)
2026-09-14 17:01:25 [ERROR]: ❌ [[ScreenCommand] Erro:] connect ECONNREFUSED 127.0.0.1:3002
2026-09-14 17:01:25 [ERROR]:    Stack: at TCPConnectWrap.afterConnect [as oncomplete] (node:net:1638:16)
2026-09-14 17:01:25 [ERROR]: ❌ [[ScreenCommand] Erro:] connect ECONNREFUSED 127.0.0.1:3002
2026-09-14 17:01:25 [ERROR]:    Stack: at TCPConnectWrap.afterConnect [as oncomplete] (node:net:1638:16)
2026-09-14 17:01:26 [ERROR]: [memberJoinService] Erro ao processar entrada
2026-09-15 13:34:15 [ERROR]: [DB] Falha ao registrar infração
2026-09-15 13:34:16 [ERROR]: ❌ [[Discord] Erro ao definir presença:] this.client.user?.setPresence is not a function
2026-09-15 13:34:15 [ERROR]: [DB] Falha ao registrar infração
2026-09-15 13:34:15 [ERROR]: [DB] Falha ao registrar infração
2026-09-15 13:34:15 [ERROR]: [DB] Falha ao registrar infração
2026-09-15 13:34:15 [ERROR]: [DB] Falha ao registrar infração
2026-09-15 13:34:15 [ERROR]: [DB] Falha ao registrar infração
2026-09-15 13:34:15 [ERROR]: [DB] Falha ao registrar infração
2026-09-15 13:34:16 [ERROR]: [DB] Falha ao registrar infração
2026-09-15 13:34:16 [ERROR]: [DB] Falha ao registrar infração
2026-09-15 13:34:16 [ERROR]: ❌ [[Discord] Erro ao definir presença:] this.client.user?.setPresence is not a function
2026-09-15 13:34:16 [ERROR]: ❌ [[Discord] Erro ao definir presença:] this.client.user?.setPresence is not a function
2026-09-15 13:34:31 [ERROR]: [memberJoinService] Erro ao processar entrada
2026-09-15 13:37:57 [ERROR]: [DB] Falha ao registrar infração
2026-09-15 13:37:57 [ERROR]: [DB] Falha ao registrar infração
2026-09-15 13:37:57 [ERROR]: [DB] Falha ao registrar infração
2026-09-15 13:37:57 [ERROR]: [DB] Falha ao registrar infração
2026-09-15 13:37:57 [ERROR]: [DB] Falha ao registrar infração
2026-09-15 13:37:57 [ERROR]: [DB] Falha ao registrar infração
2026-09-15 13:37:57 [ERROR]: [DB] Falha ao registrar infração
2026-09-15 13:37:57 [ERROR]: [DB] Falha ao registrar infração
2026-09-15 13:37:57 [ERROR]: [DB] Falha ao registrar infração
2026-09-15 13:38:00 [ERROR]: ❌ [[Discord] Erro ao definir presença:] this.client.user?.setPresence is not a function
2026-09-15 13:38:00 [ERROR]: ❌ [[Discord] Erro ao definir presença:] this.client.user?.setPresence is not a function
2026-09-15 13:38:00 [ERROR]: ❌ [[Discord] Erro ao definir presença:] this.client.user?.setPresence is not a function
2026-09-15 13:38:01 [ERROR]: ❌ [Erro no comando $stats:] SQLITE_ERROR: no such table: feedbacks
2026-09-15 13:38:01 [ERROR]:    Stack: 
2026-09-15 13:38:01 [ERROR]: ❌ [❌ Erro no $grupos:] ctx.client.getChats is not a function
2026-09-15 13:38:01 [ERROR]:    Stack: at Object.execute (D:/Desktop/Programas/bot-wpp/src/bot/commands/grupos.ts:17:44)
2026-09-15 13:38:01 [ERROR]: ❌ [[ScreenCommand] Erro:] connect ECONNREFUSED 127.0.0.1:3002
2026-09-15 13:38:01 [ERROR]:    Stack: at TCPConnectWrap.afterConnect [as oncomplete] (node:net:1638:16)
2026-09-15 13:38:01 [ERROR]: ❌ [[ScreenCommand] Erro:] connect ECONNREFUSED 127.0.0.1:3002
2026-09-15 13:38:01 [ERROR]:    Stack: at TCPConnectWrap.afterConnect [as oncomplete] (node:net:1638:16)
2026-09-15 13:38:01 [ERROR]: ❌ [[ScreenCommand] Erro:] connect ECONNREFUSED 127.0.0.1:3002
2026-09-15 13:38:01 [ERROR]:    Stack: at TCPConnectWrap.afterConnect [as oncomplete] (node:net:1638:16)
2026-09-15 13:38:04 [ERROR]: [memberJoinService] Erro ao processar entrada
2026-09-16 09:11:05 [ERROR]: [DB] Falha ao registrar infração
2026-09-16 09:11:05 [ERROR]: [DB] Falha ao registrar infração
2026-09-16 09:11:05 [ERROR]: [DB] Falha ao registrar infração
2026-09-16 09:11:05 [ERROR]: [DB] Falha ao registrar infração
2026-09-16 09:11:05 [ERROR]: [DB] Falha ao registrar infração
2026-09-16 09:11:05 [ERROR]: [DB] Falha ao registrar infração
2026-09-16 09:11:05 [ERROR]: [DB] Falha ao registrar infração
2026-09-16 09:11:05 [ERROR]: [DB] Falha ao registrar infração
2026-09-16 09:11:05 [ERROR]: [DB] Falha ao registrar infração
2026-09-16 09:11:07 [ERROR]: ❌ [[Discord] Erro ao definir presença:] this.client.user?.setPresence is not a function
2026-09-16 09:11:07 [ERROR]: ❌ [[Discord] Erro ao definir presença:] this.client.user?.setPresence is not a function
2026-09-16 09:11:07 [ERROR]: ❌ [[Discord] Erro ao definir presença:] this.client.user?.setPresence is not a function
2026-09-16 09:11:20 [ERROR]: [memberJoinService] Erro ao processar entrada
2026-09-16 09:15:55 [ERROR]: [DB] Falha ao registrar infração
2026-09-16 09:15:55 [ERROR]: [DB] Falha ao registrar infração
2026-09-16 09:15:55 [ERROR]: [DB] Falha ao registrar infração
2026-09-16 09:15:55 [ERROR]: [DB] Falha ao registrar infração
2026-09-16 09:15:55 [ERROR]: [DB] Falha ao registrar infração
2026-09-16 09:15:55 [ERROR]: [DB] Falha ao registrar infração
2026-09-16 09:15:55 [ERROR]: [DB] Falha ao registrar infração
2026-09-16 09:15:55 [ERROR]: [DB] Falha ao registrar infração
2026-09-16 09:15:55 [ERROR]: [DB] Falha ao registrar infração
2026-09-16 09:16:00 [ERROR]: ❌ [Erro no comando $stats:] SQLITE_ERROR: no such table: feedbacks
2026-09-16 09:16:00 [ERROR]:    Stack: 
2026-09-16 09:16:00 [ERROR]: ❌ [❌ Erro no $grupos:] ctx.client.getChats is not a function
2026-09-16 09:16:00 [ERROR]:    Stack: at Object.execute (D:/Desktop/Programas/bot-wpp/src/bot/commands/grupos.ts:17:44)
2026-09-16 09:16:00 [ERROR]: ❌ [[ScreenCommand] Erro:] connect ECONNREFUSED 127.0.0.1:3002
2026-09-16 09:16:00 [ERROR]:    Stack: at TCPConnectWrap.afterConnect [as oncomplete] (node:net:1638:16)
2026-09-16 09:16:00 [ERROR]: ❌ [[ScreenCommand] Erro:] connect ECONNREFUSED 127.0.0.1:3002
2026-09-16 09:16:00 [ERROR]:    Stack: at TCPConnectWrap.afterConnect [as oncomplete] (node:net:1638:16)
2026-09-16 09:16:00 [ERROR]: ❌ [[ScreenCommand] Erro:] connect ECONNREFUSED 127.0.0.1:3002
2026-09-16 09:16:00 [ERROR]:    Stack: at TCPConnectWrap.afterConnect [as oncomplete] (node:net:1638:16)
2026-09-16 09:16:02 [ERROR]: ❌ [[Discord] Erro ao definir presença:] this.client.user?.setPresence is not a function
2026-09-16 09:16:02 [ERROR]: ❌ [[Discord] Erro ao definir presença:] this.client.user?.setPresence is not a function
2026-09-16 09:16:02 [ERROR]: ❌ [[Discord] Erro ao definir presença:] this.client.user?.setPresence is not a function
2026-09-16 09:16:03 [ERROR]: [memberJoinService] Erro ao processar entrada
2026-09-16 09:54:22 [ERROR]: [DB] Falha ao registrar infração
2026-09-16 09:54:22 [ERROR]: [DB] Falha ao registrar infração
2026-09-16 09:54:22 [ERROR]: [DB] Falha ao registrar infração
2026-09-16 09:54:22 [ERROR]: [DB] Falha ao registrar infração
2026-09-16 09:54:22 [ERROR]: [DB] Falha ao registrar infração
2026-09-16 09:54:22 [ERROR]: [DB] Falha ao registrar infração
2026-09-16 09:54:22 [ERROR]: [DB] Falha ao registrar infração
2026-09-16 09:54:22 [ERROR]: [DB] Falha ao registrar infração
2026-09-16 09:54:22 [ERROR]: [DB] Falha ao registrar infração
2026-09-16 10:42:17 [ERROR]: ❌ [[Discord] Erro ao definir presença:] this.client.user?.setPresence is not a function
2026-09-16 10:42:17 [ERROR]: ❌ [[Discord] Erro ao definir presença:] this.client.user?.setPresence is not a function
2026-09-16 10:42:17 [ERROR]: ❌ [[Discord] Erro ao definir presença:] this.client.user?.setPresence is not a function
2026-09-16 10:42:20 [ERROR]: ❌ [Erro no comando $stats:] SQLITE_ERROR: no such table: feedbacks
2026-09-16 10:42:20 [ERROR]:    Stack: 
2026-09-16 10:42:20 [ERROR]: ❌ [❌ Erro no $grupos:] ctx.client.getChats is not a function
2026-09-16 10:42:20 [ERROR]:    Stack: at Object.execute (D:/Desktop/Programas/bot-wpp/src/bot/commands/grupos.ts:17:44)
2026-09-16 10:42:20 [ERROR]: ❌ [[ScreenCommand] Erro:] connect ECONNREFUSED 127.0.0.1:3002
2026-09-16 10:42:20 [ERROR]:    Stack: at TCPConnectWrap.afterConnect [as oncomplete] (node:net:1638:16)
2026-09-16 10:42:20 [ERROR]: ❌ [[ScreenCommand] Erro:] connect ECONNREFUSED 127.0.0.1:3002
2026-09-16 10:42:20 [ERROR]:    Stack: at TCPConnectWrap.afterConnect [as oncomplete] (node:net:1638:16)
2026-09-16 10:42:20 [ERROR]: ❌ [[ScreenCommand] Erro:] connect ECONNREFUSED 127.0.0.1:3002
2026-09-16 10:42:20 [ERROR]:    Stack: at TCPConnectWrap.afterConnect [as oncomplete] (node:net:1638:16)
2026-09-16 10:42:21 [ERROR]: [DB] Falha ao registrar infração
2026-09-16 10:42:21 [ERROR]: [DB] Falha ao registrar infração
2026-09-16 10:42:21 [ERROR]: [DB] Falha ao registrar infração
2026-09-16 10:42:21 [ERROR]: [DB] Falha ao registrar infração
2026-09-16 10:42:21 [ERROR]: [DB] Falha ao registrar infração
2026-09-16 10:42:21 [ERROR]: [DB] Falha ao registrar infração
2026-09-16 10:42:21 [ERROR]: [DB] Falha ao registrar infração
2026-09-16 10:42:21 [ERROR]: [DB] Falha ao registrar infração
2026-09-16 10:42:21 [ERROR]: [DB] Falha ao registrar infração
2026-09-16 10:42:22 [ERROR]: [memberJoinService] Erro ao processar entrada
2026-09-16 10:44:29 [ERROR]: [DB] Falha ao registrar infração
2026-09-16 10:44:29 [ERROR]: [DB] Falha ao registrar infração
2026-09-16 10:44:29 [ERROR]: [DB] Falha ao registrar infração
2026-09-16 10:44:29 [ERROR]: [DB] Falha ao registrar infração
2026-09-16 10:44:29 [ERROR]: [DB] Falha ao registrar infração
2026-09-16 10:44:29 [ERROR]: [DB] Falha ao registrar infração
2026-09-16 10:44:29 [ERROR]: [DB] Falha ao registrar infração
2026-09-16 10:44:29 [ERROR]: [DB] Falha ao registrar infração
2026-09-16 10:44:29 [ERROR]: [DB] Falha ao registrar infração
2026-09-16 10:44:31 [ERROR]: ❌ [Erro no comando $stats:] SQLITE_ERROR: no such table: feedbacks
2026-09-16 10:44:31 [ERROR]:    Stack: 
2026-09-16 10:44:31 [ERROR]: ❌ [❌ Erro no $grupos:] ctx.client.getChats is not a function
2026-09-16 10:44:31 [ERROR]:    Stack: at Object.execute (D:/Desktop/Programas/bot-wpp/src/bot/commands/grupos.ts:17:44)
2026-09-16 10:44:31 [ERROR]: ❌ [[Discord] Erro ao definir presença:] this.client.user?.setPresence is not a function
2026-09-16 10:44:31 [ERROR]: ❌ [[Discord] Erro ao definir presença:] this.client.user?.setPresence is not a function
2026-09-16 10:44:31 [ERROR]: ❌ [[ScreenCommand] Erro:] connect ECONNREFUSED 127.0.0.1:3002
2026-09-16 10:44:31 [ERROR]:    Stack: at TCPConnectWrap.afterConnect [as oncomplete] (node:net:1638:16)
2026-09-16 10:44:31 [ERROR]: ❌ [[ScreenCommand] Erro:] connect ECONNREFUSED 127.0.0.1:3002
2026-09-16 10:44:31 [ERROR]:    Stack: at TCPConnectWrap.afterConnect [as oncomplete] (node:net:1638:16)
2026-09-16 10:44:31 [ERROR]: ❌ [[Discord] Erro ao definir presença:] this.client.user?.setPresence is not a function
2026-09-16 10:44:31 [ERROR]: ❌ [[ScreenCommand] Erro:] connect ECONNREFUSED 127.0.0.1:3002
2026-09-16 10:44:31 [ERROR]:    Stack: at TCPConnectWrap.afterConnect [as oncomplete] (node:net:1638:16)
2026-09-16 10:44:32 [ERROR]: [memberJoinService] Erro ao processar entrada
2026-09-16 10:45:16 [ERROR]: [DB] Falha ao registrar infração
2026-09-16 10:45:16 [ERROR]: [DB] Falha ao registrar infração
2026-09-16 10:45:16 [ERROR]: [DB] Falha ao registrar infração
2026-09-16 10:45:16 [ERROR]: [DB] Falha ao registrar infração
2026-09-16 10:45:16 [ERROR]: [DB] Falha ao registrar infração
2026-09-16 10:45:16 [ERROR]: [DB] Falha ao registrar infração
2026-09-16 10:45:16 [ERROR]: [DB] Falha ao registrar infração
2026-09-16 10:45:16 [ERROR]: [DB] Falha ao registrar infração
2026-09-16 10:45:16 [ERROR]: [DB] Falha ao registrar infração
2026-09-16 10:45:17 [ERROR]: ❌ [Erro no comando $stats:] SQLITE_ERROR: no such table: feedbacks
2026-09-16 10:45:17 [ERROR]:    Stack: 
2026-09-16 10:45:17 [ERROR]: ❌ [❌ Erro no $grupos:] ctx.client.getChats is not a function
2026-09-16 10:45:17 [ERROR]:    Stack: at Object.execute (D:/Desktop/Programas/bot-wpp/src/bot/commands/grupos.ts:17:44)
2026-09-16 10:45:17 [ERROR]: ❌ [[ScreenCommand] Erro:] connect ECONNREFUSED 127.0.0.1:3002
2026-09-16 10:45:17 [ERROR]:    Stack: at TCPConnectWrap.afterConnect [as oncomplete] (node:net:1638:16)
2026-09-16 10:45:17 [ERROR]: ❌ [[ScreenCommand] Erro:] connect ECONNREFUSED 127.0.0.1:3002
2026-09-16 10:45:17 [ERROR]:    Stack: at TCPConnectWrap.afterConnect [as oncomplete] (node:net:1638:16)
2026-09-16 10:45:17 [ERROR]: ❌ [[Discord] Erro ao definir presença:] this.client.user?.setPresence is not a function
2026-09-16 10:45:17 [ERROR]: ❌ [[Discord] Erro ao definir presença:] this.client.user?.setPresence is not a function
2026-09-16 10:45:17 [ERROR]: ❌ [[Discord] Erro ao definir presença:] this.client.user?.setPresence is not a function
2026-09-16 10:45:17 [ERROR]: ❌ [[ScreenCommand] Erro:] connect ECONNREFUSED 127.0.0.1:3002
2026-09-16 10:45:17 [ERROR]:    Stack: at TCPConnectWrap.afterConnect [as oncomplete] (node:net:1638:16)
2026-09-16 10:45:20 [ERROR]: [memberJoinService] Erro ao processar entrada
2026-09-16 12:26:39 [ERROR]: [DB] Falha ao registrar infração
2026-09-16 12:26:39 [ERROR]: [DB] Falha ao registrar infração
2026-09-16 12:26:39 [ERROR]: [DB] Falha ao registrar infração
2026-09-16 12:26:39 [ERROR]: [DB] Falha ao registrar infração
2026-09-16 12:26:39 [ERROR]: [DB] Falha ao registrar infração
2026-09-16 12:26:39 [ERROR]: [DB] Falha ao registrar infração
2026-09-16 12:26:39 [ERROR]: [DB] Falha ao registrar infração
2026-09-16 12:26:39 [ERROR]: [DB] Falha ao registrar infração
2026-09-16 12:26:39 [ERROR]: [DB] Falha ao registrar infração
2026-09-16 12:26:40 [ERROR]: ❌ [[Discord] Erro ao definir presença:] this.client.user?.setPresence is not a function
2026-09-16 12:26:40 [ERROR]: ❌ [[Discord] Erro ao definir presença:] this.client.user?.setPresence is not a function
2026-09-16 12:26:40 [ERROR]: ❌ [[Discord] Erro ao definir presença:] this.client.user?.setPresence is not a function
2026-09-16 12:26:44 [ERROR]: ❌ [Erro no comando $stats:] SQLITE_ERROR: no such table: feedbacks
2026-09-16 12:26:44 [ERROR]:    Stack: 
2026-09-16 12:26:44 [ERROR]: ❌ [❌ Erro no $grupos:] ctx.client.getChats is not a function
2026-09-16 12:26:44 [ERROR]:    Stack: at Object.execute (D:/Desktop/Programas/bot-wpp/src/bot/commands/grupos.ts:17:44)
2026-09-16 12:26:44 [ERROR]: ❌ [[ScreenCommand] Erro:] connect ECONNREFUSED 127.0.0.1:3002
2026-09-16 12:26:44 [ERROR]:    Stack: at TCPConnectWrap.afterConnect [as oncomplete] (node:net:1638:16)
2026-09-16 12:26:44 [ERROR]: ❌ [[ScreenCommand] Erro:] connect ECONNREFUSED 127.0.0.1:3002
2026-09-16 12:26:44 [ERROR]:    Stack: at TCPConnectWrap.afterConnect [as oncomplete] (node:net:1638:16)
2026-09-16 12:26:44 [ERROR]: ❌ [[ScreenCommand] Erro:] connect ECONNREFUSED 127.0.0.1:3002
2026-09-16 12:26:44 [ERROR]:    Stack: at TCPConnectWrap.afterConnect [as oncomplete] (node:net:1638:16)
2026-09-16 12:26:46 [ERROR]: [memberJoinService] Erro ao processar entrada
2026-09-16 12:27:04 [ERROR]: [DB] Falha ao registrar infração
2026-09-16 12:27:05 [ERROR]: [DB] Falha ao registrar infração
2026-09-16 12:27:05 [ERROR]: [DB] Falha ao registrar infração
2026-09-16 12:27:05 [ERROR]: [DB] Falha ao registrar infração
2026-09-16 12:27:05 [ERROR]: [DB] Falha ao registrar infração
2026-09-16 12:27:05 [ERROR]: [DB] Falha ao registrar infração
2026-09-16 12:27:05 [ERROR]: [DB] Falha ao registrar infração
2026-09-16 12:27:05 [ERROR]: [DB] Falha ao registrar infração
2026-09-16 12:27:05 [ERROR]: [DB] Falha ao registrar infração
2026-09-16 12:27:09 [ERROR]: ❌ [Erro no comando $stats:] SQLITE_ERROR: no such table: feedbacks
2026-09-16 12:27:09 [ERROR]:    Stack: 
2026-09-16 12:27:09 [ERROR]: ❌ [❌ Erro no $grupos:] ctx.client.getChats is not a function
2026-09-16 12:27:09 [ERROR]:    Stack: at Object.execute (D:/Desktop/Programas/bot-wpp/src/bot/commands/grupos.ts:17:44)
2026-09-16 12:27:09 [ERROR]: ❌ [[ScreenCommand] Erro:] connect ECONNREFUSED 127.0.0.1:3002
2026-09-16 12:27:09 [ERROR]:    Stack: at TCPConnectWrap.afterConnect [as oncomplete] (node:net:1638:16)
2026-09-16 12:27:09 [ERROR]: ❌ [[ScreenCommand] Erro:] connect ECONNREFUSED 127.0.0.1:3002
2026-09-16 12:27:09 [ERROR]:    Stack: at TCPConnectWrap.afterConnect [as oncomplete] (node:net:1638:16)
2026-09-16 12:27:09 [ERROR]: ❌ [[ScreenCommand] Erro:] connect ECONNREFUSED 127.0.0.1:3002
2026-09-16 12:27:09 [ERROR]:    Stack: at TCPConnectWrap.afterConnect [as oncomplete] (node:net:1638:16)
2026-09-16 12:27:10 [ERROR]: ❌ [[Discord] Erro ao definir presença:] this.client.user?.setPresence is not a function
2026-09-16 12:27:10 [ERROR]: ❌ [[Discord] Erro ao definir presença:] this.client.user?.setPresence is not a function
2026-09-16 12:27:10 [ERROR]: ❌ [[Discord] Erro ao definir presença:] this.client.user?.setPresence is not a function
2026-09-16 12:27:10 [ERROR]: [memberJoinService] Erro ao processar entrada
2026-09-16 12:28:54 [ERROR]: [DB] Falha ao registrar infração
2026-09-16 12:28:54 [ERROR]: [DB] Falha ao registrar infração
2026-09-16 12:28:54 [ERROR]: [DB] Falha ao registrar infração
2026-09-16 12:28:54 [ERROR]: [DB] Falha ao registrar infração
2026-09-16 12:28:54 [ERROR]: [DB] Falha ao registrar infração
2026-09-16 12:28:54 [ERROR]: [DB] Falha ao registrar infração
2026-09-16 12:28:54 [ERROR]: [DB] Falha ao registrar infração
2026-09-16 12:28:54 [ERROR]: [DB] Falha ao registrar infração
2026-09-16 12:28:54 [ERROR]: [DB] Falha ao registrar infração
2026-09-16 12:28:56 [ERROR]: ❌ [[Discord] Erro ao definir presença:] this.client.user?.setPresence is not a function
2026-09-16 12:28:56 [ERROR]: ❌ [[Discord] Erro ao definir presença:] this.client.user?.setPresence is not a function
2026-09-16 12:28:56 [ERROR]: ❌ [[Discord] Erro ao definir presença:] this.client.user?.setPresence is not a function
2026-09-16 12:28:57 [ERROR]: ❌ [Erro no comando $stats:] SQLITE_ERROR: no such table: feedbacks
2026-09-16 12:28:57 [ERROR]:    Stack: 
2026-09-16 12:28:57 [ERROR]: ❌ [❌ Erro no $grupos:] ctx.client.getChats is not a function
2026-09-16 12:28:57 [ERROR]:    Stack: at Object.execute (D:/Desktop/Programas/bot-wpp/src/bot/commands/grupos.ts:17:44)
2026-09-16 12:28:57 [ERROR]: ❌ [[ScreenCommand] Erro:] connect ECONNREFUSED 127.0.0.1:3002
2026-09-16 12:28:57 [ERROR]:    Stack: at TCPConnectWrap.afterConnect [as oncomplete] (node:net:1638:16)
2026-09-16 12:28:57 [ERROR]: ❌ [[ScreenCommand] Erro:] connect ECONNREFUSED 127.0.0.1:3002
2026-09-16 12:28:57 [ERROR]:    Stack: at TCPConnectWrap.afterConnect [as oncomplete] (node:net:1638:16)
2026-09-16 12:28:57 [ERROR]: ❌ [[ScreenCommand] Erro:] connect ECONNREFUSED 127.0.0.1:3002
2026-09-16 12:28:57 [ERROR]:    Stack: at TCPConnectWrap.afterConnect [as oncomplete] (node:net:1638:16)
2026-09-16 12:28:59 [ERROR]: [memberJoinService] Erro ao processar entrada
2026-09-16 12:29:24 [ERROR]: [DB] Falha ao registrar infração
2026-09-16 12:29:24 [ERROR]: [DB] Falha ao registrar infração
2026-09-16 12:29:24 [ERROR]: [DB] Falha ao registrar infração
2026-09-16 12:29:24 [ERROR]: [DB] Falha ao registrar infração
2026-09-16 12:29:24 [ERROR]: [DB] Falha ao registrar infração
2026-09-16 12:29:24 [ERROR]: [DB] Falha ao registrar infração
2026-09-16 12:29:24 [ERROR]: [DB] Falha ao registrar infração
2026-09-16 12:29:25 [ERROR]: [DB] Falha ao registrar infração
2026-09-16 12:29:25 [ERROR]: [DB] Falha ao registrar infração
2026-09-16 12:29:27 [ERROR]: ❌ [Erro no comando $stats:] SQLITE_ERROR: no such table: feedbacks
2026-09-16 12:29:27 [ERROR]:    Stack: 
2026-09-16 12:29:27 [ERROR]: ❌ [❌ Erro no $grupos:] ctx.client.getChats is not a function
2026-09-16 12:29:27 [ERROR]:    Stack: at Object.execute (D:/Desktop/Programas/bot-wpp/src/bot/commands/grupos.ts:17:44)
2026-09-16 12:29:27 [ERROR]: ❌ [[ScreenCommand] Erro:] connect ECONNREFUSED 127.0.0.1:3002
2026-09-16 12:29:27 [ERROR]:    Stack: at TCPConnectWrap.afterConnect [as oncomplete] (node:net:1638:16)
2026-09-16 12:29:27 [ERROR]: ❌ [[ScreenCommand] Erro:] connect ECONNREFUSED 127.0.0.1:3002
2026-09-16 12:29:27 [ERROR]:    Stack: at TCPConnectWrap.afterConnect [as oncomplete] (node:net:1638:16)
2026-09-16 12:29:27 [ERROR]: ❌ [[ScreenCommand] Erro:] connect ECONNREFUSED 127.0.0.1:3002
2026-09-16 12:29:27 [ERROR]:    Stack: at TCPConnectWrap.afterConnect [as oncomplete] (node:net:1638:16)
2026-09-16 12:29:27 [ERROR]: ❌ [[Discord] Erro ao definir presença:] this.client.user?.setPresence is not a function
2026-09-16 12:29:27 [ERROR]: ❌ [[Discord] Erro ao definir presença:] this.client.user?.setPresence is not a function
2026-09-16 12:29:27 [ERROR]: ❌ [[Discord] Erro ao definir presença:] this.client.user?.setPresence is not a function
2026-09-16 12:29:30 [ERROR]: [memberJoinService] Erro ao processar entrada
2026-09-16 12:31:00 [ERROR]: [DB] Falha ao registrar infração
2026-09-16 12:31:00 [ERROR]: [DB] Falha ao registrar infração
2026-09-16 12:31:00 [ERROR]: [DB] Falha ao registrar infração
2026-09-16 12:31:00 [ERROR]: [DB] Falha ao registrar infração
2026-09-16 12:31:00 [ERROR]: [DB] Falha ao registrar infração
2026-09-16 12:31:00 [ERROR]: [DB] Falha ao registrar infração
2026-09-16 12:31:00 [ERROR]: [DB] Falha ao registrar infração
2026-09-16 12:31:00 [ERROR]: [DB] Falha ao registrar infração
2026-09-16 12:31:00 [ERROR]: [DB] Falha ao registrar infração
2026-09-16 12:31:01 [ERROR]: ❌ [Erro no comando $stats:] SQLITE_ERROR: no such table: feedbacks
2026-09-16 12:31:01 [ERROR]:    Stack: 
2026-09-16 12:31:01 [ERROR]: ❌ [❌ Erro no $grupos:] ctx.client.getChats is not a function
2026-09-16 12:31:01 [ERROR]:    Stack: at Object.execute (D:/Desktop/Programas/bot-wpp/src/bot/commands/grupos.ts:17:44)
2026-09-16 12:31:01 [ERROR]: ❌ [[ScreenCommand] Erro:] connect ECONNREFUSED 127.0.0.1:3002
2026-09-16 12:31:01 [ERROR]:    Stack: at TCPConnectWrap.afterConnect [as oncomplete] (node:net:1638:16)
2026-09-16 12:31:01 [ERROR]: ❌ [[ScreenCommand] Erro:] connect ECONNREFUSED 127.0.0.1:3002
2026-09-16 12:31:01 [ERROR]:    Stack: at TCPConnectWrap.afterConnect [as oncomplete] (node:net:1638:16)
2026-09-16 12:31:02 [ERROR]: ❌ [[ScreenCommand] Erro:] connect ECONNREFUSED 127.0.0.1:3002
2026-09-16 12:31:02 [ERROR]:    Stack: at TCPConnectWrap.afterConnect [as oncomplete] (node:net:1638:16)
2026-09-16 12:31:02 [ERROR]: ❌ [[Discord] Erro ao definir presença:] this.client.user?.setPresence is not a function
2026-09-16 12:31:02 [ERROR]: ❌ [[Discord] Erro ao definir presença:] this.client.user?.setPresence is not a function
2026-09-16 12:31:02 [ERROR]: ❌ [[Discord] Erro ao definir presença:] this.client.user?.setPresence is not a function
2026-09-16 12:31:03 [ERROR]: [memberJoinService] Erro ao processar entrada
2026-09-16 12:33:20 [ERROR]: [DB] Falha ao registrar infração
2026-09-16 12:33:20 [ERROR]: [DB] Falha ao registrar infração
2026-09-16 12:33:20 [ERROR]: [DB] Falha ao registrar infração
2026-09-16 12:33:20 [ERROR]: [DB] Falha ao registrar infração
2026-09-16 12:33:20 [ERROR]: [DB] Falha ao registrar infração
2026-09-16 12:33:20 [ERROR]: [DB] Falha ao registrar infração
2026-09-16 12:33:20 [ERROR]: [DB] Falha ao registrar infração
2026-09-16 12:33:20 [ERROR]: [DB] Falha ao registrar infração
2026-09-16 12:33:20 [ERROR]: [DB] Falha ao registrar infração
2026-09-16 12:33:22 [ERROR]: ❌ [[Discord] Erro ao definir presença:] this.client.user?.setPresence is not a function
2026-09-16 12:33:22 [ERROR]: ❌ [[Discord] Erro ao definir presença:] this.client.user?.setPresence is not a function
2026-09-16 12:33:22 [ERROR]: ❌ [[Discord] Erro ao definir presença:] this.client.user?.setPresence is not a function
2026-09-16 12:33:23 [ERROR]: ❌ [Erro no comando $stats:] SQLITE_ERROR: no such table: feedbacks
2026-09-16 12:33:23 [ERROR]:    Stack: 
2026-09-16 12:33:23 [ERROR]: ❌ [❌ Erro no $grupos:] ctx.client.getChats is not a function
2026-09-16 12:33:23 [ERROR]:    Stack: at Object.execute (D:/Desktop/Programas/bot-wpp/src/bot/commands/grupos.ts:17:44)
2026-09-16 12:33:23 [ERROR]: ❌ [[ScreenCommand] Erro:] connect ECONNREFUSED 127.0.0.1:3002
2026-09-16 12:33:23 [ERROR]:    Stack: at TCPConnectWrap.afterConnect [as oncomplete] (node:net:1638:16)
2026-09-16 12:33:23 [ERROR]: ❌ [[ScreenCommand] Erro:] connect ECONNREFUSED 127.0.0.1:3002
2026-09-16 12:33:23 [ERROR]:    Stack: at TCPConnectWrap.afterConnect [as oncomplete] (node:net:1638:16)
2026-09-16 12:33:23 [ERROR]: ❌ [[ScreenCommand] Erro:] connect ECONNREFUSED 127.0.0.1:3002
2026-09-16 12:33:23 [ERROR]:    Stack: at TCPConnectWrap.afterConnect [as oncomplete] (node:net:1638:16)
2026-09-16 12:33:24 [ERROR]: [memberJoinService] Erro ao processar entrada
2026-09-16 13:35:54 [ERROR]: [DB] Falha ao registrar infração
2026-09-16 13:35:54 [ERROR]: [DB] Falha ao registrar infração
2026-09-16 13:35:54 [ERROR]: [DB] Falha ao registrar infração
2026-09-16 13:35:54 [ERROR]: [DB] Falha ao registrar infração
2026-09-16 13:35:54 [ERROR]: [DB] Falha ao registrar infração
2026-09-16 13:35:54 [ERROR]: [DB] Falha ao registrar infração
2026-09-16 13:35:54 [ERROR]: [DB] Falha ao registrar infração
2026-09-16 13:35:54 [ERROR]: [DB] Falha ao registrar infração
2026-09-16 13:35:54 [ERROR]: [DB] Falha ao registrar infração
2026-09-16 13:35:54 [ERROR]: ❌ [[Discord] Erro ao definir presença:] this.client.user?.setPresence is not a function
2026-09-16 13:35:54 [ERROR]: ❌ [[Discord] Erro ao definir presença:] this.client.user?.setPresence is not a function
2026-09-16 13:35:54 [ERROR]: ❌ [[Discord] Erro ao definir presença:] this.client.user?.setPresence is not a function
2026-09-16 13:35:55 [ERROR]: [memberJoinService] Erro ao processar entrada
2026-09-16 17:59:35 [ERROR]: ❌ [Erro no comando $stats:] SQLITE_ERROR: no such table: feedbacks
2026-09-16 17:59:35 [ERROR]:    Stack: 
2026-09-16 17:59:35 [ERROR]: ❌ [❌ Erro no $grupos:] ctx.client.getChats is not a function
2026-09-16 17:59:35 [ERROR]:    Stack: at Object.execute (D:/Desktop/Programas/bot-wpp/src/bot/commands/grupos.ts:17:44)
2026-09-16 17:59:35 [ERROR]: ❌ [[ScreenCommand] Erro:] connect ECONNREFUSED 127.0.0.1:3002
2026-09-16 17:59:35 [ERROR]:    Stack: at TCPConnectWrap.afterConnect [as oncomplete] (node:net:1638:16)
2026-09-16 17:59:35 [ERROR]: ❌ [[ScreenCommand] Erro:] connect ECONNREFUSED 127.0.0.1:3002
2026-09-16 17:59:35 [ERROR]:    Stack: at TCPConnectWrap.afterConnect [as oncomplete] (node:net:1638:16)
2026-09-16 17:59:35 [ERROR]: ❌ [[ScreenCommand] Erro:] connect ECONNREFUSED 127.0.0.1:3002
2026-09-16 17:59:35 [ERROR]:    Stack: at TCPConnectWrap.afterConnect [as oncomplete] (node:net:1638:16)
2026-09-16 17:59:37 [ERROR]: [DB] Falha ao registrar infração
2026-09-16 17:59:37 [ERROR]: [DB] Falha ao registrar infração
2026-09-16 17:59:37 [ERROR]: [DB] Falha ao registrar infração
2026-09-16 17:59:37 [ERROR]: [DB] Falha ao registrar infração
2026-09-16 17:59:37 [ERROR]: [DB] Falha ao registrar infração
2026-09-16 17:59:37 [ERROR]: [DB] Falha ao registrar infração
2026-09-16 17:59:37 [ERROR]: [DB] Falha ao registrar infração
2026-09-16 17:59:37 [ERROR]: [DB] Falha ao registrar infração
2026-09-16 17:59:37 [ERROR]: [DB] Falha ao registrar infração
2026-09-16 17:59:37 [ERROR]: ❌ [[Discord] Erro ao definir presença:] this.client.user?.setPresence is not a function
2026-09-16 17:59:37 [ERROR]: ❌ [[Discord] Erro ao definir presença:] this.client.user?.setPresence is not a function
2026-09-16 17:59:37 [ERROR]: ❌ [[Discord] Erro ao definir presença:] this.client.user?.setPresence is not a function
2026-09-16 17:59:38 [ERROR]: [memberJoinService] Erro ao processar entrada
2026-09-17 09:08:28 [ERROR]: [DB] Falha ao registrar infração
2026-09-17 09:08:28 [ERROR]: [DB] Falha ao registrar infração
2026-09-17 09:08:28 [ERROR]: [DB] Falha ao registrar infração
2026-09-17 09:08:28 [ERROR]: [DB] Falha ao registrar infração
2026-09-17 09:08:28 [ERROR]: [DB] Falha ao registrar infração
2026-09-17 09:08:28 [ERROR]: [DB] Falha ao registrar infração
2026-09-17 09:08:28 [ERROR]: [DB] Falha ao registrar infração
2026-09-17 09:08:28 [ERROR]: [DB] Falha ao registrar infração
2026-09-17 09:08:28 [ERROR]: [DB] Falha ao registrar infração
2026-09-17 09:08:31 [ERROR]: ❌ [[Discord] Erro ao definir presença:] this.client.user?.setPresence is not a function
2026-09-17 09:08:31 [ERROR]: ❌ [[Discord] Erro ao definir presença:] this.client.user?.setPresence is not a function
2026-09-17 09:08:31 [ERROR]: ❌ [[Discord] Erro ao definir presença:] this.client.user?.setPresence is not a function
2026-09-17 09:08:50 [ERROR]: [memberJoinService] Erro ao processar entrada
2026-09-17 09:09:21 [ERROR]: [DB] Falha ao registrar infração
2026-09-17 09:09:21 [ERROR]: [DB] Falha ao registrar infração
2026-09-17 09:09:21 [ERROR]: [DB] Falha ao registrar infração
2026-09-17 09:09:21 [ERROR]: [DB] Falha ao registrar infração
2026-09-17 09:09:21 [ERROR]: [DB] Falha ao registrar infração
2026-09-17 09:09:21 [ERROR]: [DB] Falha ao registrar infração
2026-09-17 09:09:21 [ERROR]: [DB] Falha ao registrar infração
2026-09-17 09:09:21 [ERROR]: [DB] Falha ao registrar infração
2026-09-17 09:09:21 [ERROR]: [DB] Falha ao registrar infração
2026-09-17 09:09:24 [ERROR]: ❌ [[Discord] Erro ao definir presença:] this.client.user?.setPresence is not a function
2026-09-17 09:09:24 [ERROR]: ❌ [[Discord] Erro ao definir presença:] this.client.user?.setPresence is not a function
2026-09-17 09:09:24 [ERROR]: ❌ [[Discord] Erro ao definir presença:] this.client.user?.setPresence is not a function
2026-09-17 09:09:25 [ERROR]: ❌ [Erro no comando $stats:] SQLITE_ERROR: no such table: feedbacks
2026-09-17 09:09:25 [ERROR]:    Stack: 
2026-09-17 09:09:25 [ERROR]: ❌ [❌ Erro no $grupos:] ctx.client.getChats is not a function
2026-09-17 09:09:25 [ERROR]:    Stack: at Object.execute (D:/Desktop/Programas/bot-wpp/src/bot/commands/grupos.ts:17:44)
2026-09-17 09:09:25 [ERROR]: ❌ [[ScreenCommand] Erro:] connect ECONNREFUSED 127.0.0.1:3002
2026-09-17 09:09:25 [ERROR]:    Stack: at TCPConnectWrap.afterConnect [as oncomplete] (node:net:1638:16)
2026-09-17 09:09:25 [ERROR]: ❌ [[ScreenCommand] Erro:] connect ECONNREFUSED 127.0.0.1:3002
2026-09-17 09:09:25 [ERROR]:    Stack: at TCPConnectWrap.afterConnect [as oncomplete] (node:net:1638:16)
2026-09-17 09:09:25 [ERROR]: ❌ [[ScreenCommand] Erro:] connect ECONNREFUSED 127.0.0.1:3002
2026-09-17 09:09:25 [ERROR]:    Stack: at TCPConnectWrap.afterConnect [as oncomplete] (node:net:1638:16)
2026-09-17 09:09:27 [ERROR]: [memberJoinService] Erro ao processar entrada
2026-09-25 14:42:34 [ERROR]: ❌ [Erro no comando $stats:] SQLITE_ERROR: no such table: feedbacks
2026-09-25 14:42:34 [ERROR]:    Stack: 
2026-09-25 14:42:34 [ERROR]: ❌ [❌ Erro no $grupos:] ctx.client.getChats is not a function
2026-09-25 14:42:34 [ERROR]:    Stack: at Object.execute (D:/Desktop/Programas/bot-wpp/src/bot/commands/grupos.ts:17:44)
2026-09-25 14:42:34 [ERROR]: ❌ [[ScreenCommand] Erro:] connect ECONNREFUSED 127.0.0.1:3002
2026-09-25 14:42:34 [ERROR]:    Stack: at TCPConnectWrap.afterConnect [as oncomplete] (node:net:2017:16)
2026-09-25 14:42:36 [ERROR]: [memberJoinService] Erro ao processar entrada
2026-09-25 14:42:36 [ERROR]: [DB] Falha ao registrar infração
2026-09-25 14:42:36 [ERROR]: ❌ [[Discord] Erro ao definir presença:] this.client.user?.setPresence is not a function
2026-09-25 14:42:36 [ERROR]: ❌ [[Discord] Erro ao definir presença:] this.client.user?.setPresence is not a function
2026-09-25 14:42:36 [ERROR]: ❌ [[Discord] Erro ao definir presença:] this.client.user?.setPresence is not a function
2026-09-25 14:42:36 [ERROR]: [DB] Falha ao registrar infração
2026-09-25 14:42:36 [ERROR]: [DB] Falha ao registrar infração
2026-09-25 14:42:36 [ERROR]: [DB] Falha ao registrar infração
2026-09-25 14:42:36 [ERROR]: [DB] Falha ao registrar infração
2026-09-25 14:42:36 [ERROR]: [DB] Falha ao registrar infração
2026-09-25 14:42:36 [ERROR]: [DB] Falha ao registrar infração
2026-09-25 14:42:36 [ERROR]: [DB] Falha ao registrar infração
2026-09-25 14:42:36 [ERROR]: [DB] Falha ao registrar infração
2026-09-25 14:43:10 [ERROR]: [DB] Falha ao registrar infração
2026-09-25 14:43:10 [ERROR]: [DB] Falha ao registrar infração
2026-09-25 14:43:10 [ERROR]: [DB] Falha ao registrar infração
2026-09-25 14:43:10 [ERROR]: [DB] Falha ao registrar infração
2026-09-25 14:43:10 [ERROR]: [DB] Falha ao registrar infração
2026-09-25 14:43:10 [ERROR]: [DB] Falha ao registrar infração
2026-09-25 14:43:10 [ERROR]: [DB] Falha ao registrar infração
2026-09-25 14:43:10 [ERROR]: [DB] Falha ao registrar infração
2026-09-25 14:43:10 [ERROR]: [DB] Falha ao registrar infração
2026-09-25 14:43:13 [ERROR]: ❌ [Erro no comando $stats:] SQLITE_ERROR: no such table: feedbacks
2026-09-25 14:43:13 [ERROR]:    Stack: 
2026-09-25 14:43:13 [ERROR]: ❌ [❌ Erro no $grupos:] ctx.client.getChats is not a function
2026-09-25 14:43:13 [ERROR]:    Stack: at Object.execute (D:/Desktop/Programas/bot-wpp/src/bot/commands/grupos.ts:17:44)
2026-09-25 14:43:13 [ERROR]: ❌ [[ScreenCommand] Erro:] connect ECONNREFUSED 127.0.0.1:3002
2026-09-25 14:43:13 [ERROR]:    Stack: at TCPConnectWrap.afterConnect [as oncomplete] (node:net:2017:16)
2026-09-25 14:43:15 [ERROR]: [memberJoinService] Erro ao processar entrada
2026-09-25 14:43:16 [ERROR]: ❌ [[Discord] Erro ao definir presença:] this.client.user?.setPresence is not a function
2026-09-25 14:43:16 [ERROR]: ❌ [[Discord] Erro ao definir presença:] this.client.user?.setPresence is not a function
2026-09-25 14:43:16 [ERROR]: ❌ [[Discord] Erro ao definir presença:] this.client.user?.setPresence is not a function
2026-09-25 14:47:29 [ERROR]: ❌ [[Discord] Erro ao definir presença:] this.client.user?.setPresence is not a function
2026-09-25 14:47:29 [ERROR]: ❌ [[Discord] Erro ao definir presença:] this.client.user?.setPresence is not a function
2026-09-25 14:47:29 [ERROR]: ❌ [[Discord] Erro ao definir presença:] this.client.user?.setPresence is not a function
2026-09-25 14:47:31 [ERROR]: [DB] Falha ao registrar infração
2026-09-25 14:47:31 [ERROR]: [DB] Falha ao registrar infração
2026-09-25 14:47:31 [ERROR]: [DB] Falha ao registrar infração
2026-09-25 14:47:31 [ERROR]: [DB] Falha ao registrar infração
2026-09-25 14:47:31 [ERROR]: [DB] Falha ao registrar infração
2026-09-25 14:47:31 [ERROR]: [DB] Falha ao registrar infração
2026-09-25 14:47:31 [ERROR]: [DB] Falha ao registrar infração
2026-09-25 14:47:31 [ERROR]: [DB] Falha ao registrar infração
2026-09-25 14:47:31 [ERROR]: [DB] Falha ao registrar infração
2026-09-25 14:47:31 [ERROR]: ❌ [Erro no comando $stats:] SQLITE_ERROR: no such table: feedbacks
2026-09-25 14:47:31 [ERROR]:    Stack: 
2026-09-25 14:47:31 [ERROR]: ❌ [❌ Erro no $grupos:] ctx.client.getChats is not a function
2026-09-25 14:47:31 [ERROR]:    Stack: at Object.execute (D:/Desktop/Programas/bot-wpp/src/bot/commands/grupos.ts:17:44)
2026-09-25 14:47:31 [ERROR]: ❌ [[ScreenCommand] Erro:] connect ECONNREFUSED 127.0.0.1:3002
2026-09-25 14:47:31 [ERROR]:    Stack: at TCPConnectWrap.afterConnect [as oncomplete] (node:net:2017:16)
2026-09-25 14:47:33 [ERROR]: [memberJoinService] Erro ao processar entrada
2026-09-25 14:57:04 [ERROR]: ❌ [Erro no comando $stats:] SQLITE_ERROR: no such table: feedbacks
2026-09-25 14:57:04 [ERROR]:    Stack: 
2026-09-25 14:57:04 [ERROR]: ❌ [❌ Erro no $grupos:] ctx.client.getChats is not a function
2026-09-25 14:57:04 [ERROR]:    Stack: at Object.execute (D:/Desktop/Programas/bot-wpp/src/bot/commands/grupos.ts:17:44)
2026-09-25 14:57:04 [ERROR]: ❌ [[ScreenCommand] Erro:] connect ECONNREFUSED 127.0.0.1:3002
2026-09-25 14:57:04 [ERROR]:    Stack: at TCPConnectWrap.afterConnect [as oncomplete] (node:net:2017:16)
2026-09-25 14:57:05 [ERROR]: [DB] Falha ao registrar infração
2026-09-25 14:57:05 [ERROR]: ❌ [[Discord] Erro ao definir presença:] this.client.user?.setPresence is not a function
2026-09-25 14:57:05 [ERROR]: ❌ [[Discord] Erro ao definir presença:] this.client.user?.setPresence is not a function
2026-09-25 14:57:05 [ERROR]: ❌ [[Discord] Erro ao definir presença:] this.client.user?.setPresence is not a function
2026-09-25 14:57:05 [ERROR]: [DB] Falha ao registrar infração
2026-09-25 14:57:05 [ERROR]: [DB] Falha ao registrar infração
2026-09-25 14:57:05 [ERROR]: [DB] Falha ao registrar infração
2026-09-25 14:57:05 [ERROR]: [DB] Falha ao registrar infração
2026-09-25 14:57:05 [ERROR]: [DB] Falha ao registrar infração
2026-09-25 14:57:05 [ERROR]: [DB] Falha ao registrar infração
2026-09-25 14:57:05 [ERROR]: [DB] Falha ao registrar infração
2026-09-25 14:57:05 [ERROR]: [DB] Falha ao registrar infração
2026-09-25 14:57:06 [ERROR]: [memberJoinService] Erro ao processar entrada
2026-09-25 17:54:44 [ERROR]: [DB] Falha ao registrar infração
2026-09-25 17:54:44 [ERROR]: [DB] Falha ao registrar infração
2026-09-25 17:54:44 [ERROR]: [DB] Falha ao registrar infração
2026-09-25 17:54:44 [ERROR]: [DB] Falha ao registrar infração
2026-09-25 17:54:44 [ERROR]: [DB] Falha ao registrar infração
2026-09-25 17:54:44 [ERROR]: [DB] Falha ao registrar infração
2026-09-25 17:54:44 [ERROR]: [DB] Falha ao registrar infração
2026-09-25 17:54:44 [ERROR]: [DB] Falha ao registrar infração
2026-09-25 17:54:44 [ERROR]: [DB] Falha ao registrar infração
2026-09-25 17:54:50 [ERROR]: ❌ [Erro no comando $stats:] SQLITE_ERROR: no such table: feedbacks
2026-09-25 17:54:50 [ERROR]:    Stack: 
2026-09-25 17:54:50 [ERROR]: ❌ [❌ Erro no $grupos:] ctx.client.getChats is not a function
2026-09-25 17:54:50 [ERROR]:    Stack: at Object.execute (D:/Desktop/Programas/bot-wpp/src/bot/commands/grupos.ts:17:44)
2026-09-25 17:54:50 [ERROR]: ❌ [[ScreenCommand] Erro:] connect ECONNREFUSED 127.0.0.1:3002
2026-09-25 17:54:50 [ERROR]:    Stack: at TCPConnectWrap.afterConnect [as oncomplete] (node:net:2017:16)
2026-09-25 17:54:52 [ERROR]: ❌ [[Discord] Erro ao definir presença:] this.client.user?.setPresence is not a function
2026-09-25 17:54:52 [ERROR]: ❌ [[Discord] Erro ao definir presença:] this.client.user?.setPresence is not a function
2026-09-25 17:54:52 [ERROR]: ❌ [[Discord] Erro ao definir presença:] this.client.user?.setPresence is not a function
2026-09-25 17:54:53 [ERROR]: [memberJoinService] Erro ao processar entrada
2026-09-25 17:57:29 [ERROR]: [DB] Falha ao registrar infração
2026-09-25 17:57:29 [ERROR]: [DB] Falha ao registrar infração
2026-09-25 17:57:29 [ERROR]: [DB] Falha ao registrar infração
2026-09-25 17:57:29 [ERROR]: [DB] Falha ao registrar infração
2026-09-25 17:57:29 [ERROR]: [DB] Falha ao registrar infração
2026-09-25 17:57:29 [ERROR]: [DB] Falha ao registrar infração
2026-09-25 17:57:29 [ERROR]: [DB] Falha ao registrar infração
2026-09-25 17:57:29 [ERROR]: [DB] Falha ao registrar infração
2026-09-25 17:57:29 [ERROR]: [DB] Falha ao registrar infração
2026-09-25 17:57:31 [ERROR]: ❌ [[Discord] Erro ao definir presença:] this.client.user?.setPresence is not a function
2026-09-25 17:57:31 [ERROR]: ❌ [[Discord] Erro ao definir presença:] this.client.user?.setPresence is not a function
2026-09-25 17:57:31 [ERROR]: ❌ [[Discord] Erro ao definir presença:] this.client.user?.setPresence is not a function
2026-09-25 17:57:33 [ERROR]: ❌ [Erro no comando $stats:] SQLITE_ERROR: no such table: feedbacks
2026-09-25 17:57:33 [ERROR]:    Stack: 
2026-09-25 17:57:33 [ERROR]: ❌ [❌ Erro no $grupos:] ctx.client.getChats is not a function
2026-09-25 17:57:33 [ERROR]:    Stack: at Object.execute (D:/Desktop/Programas/bot-wpp/src/bot/commands/grupos.ts:17:44)
2026-09-25 17:57:33 [ERROR]: ❌ [[ScreenCommand] Erro:] connect ECONNREFUSED 127.0.0.1:3002
2026-09-25 17:57:33 [ERROR]:    Stack: at TCPConnectWrap.afterConnect [as oncomplete] (node:net:2017:16)
2026-09-25 17:57:35 [ERROR]: [memberJoinService] Erro ao processar entrada
2026-09-28 11:56:26 [ERROR]: [DB] Falha ao registrar infração
2026-09-28 11:56:26 [ERROR]: [DB] Falha ao registrar infração
2026-09-28 11:56:26 [ERROR]: [DB] Falha ao registrar infração
2026-09-28 11:56:26 [ERROR]: [DB] Falha ao registrar infração
2026-09-28 11:56:26 [ERROR]: [DB] Falha ao registrar infração
2026-09-28 11:56:26 [ERROR]: [DB] Falha ao registrar infração
2026-09-28 11:56:26 [ERROR]: [DB] Falha ao registrar infração
2026-09-28 11:56:26 [ERROR]: [DB] Falha ao registrar infração
2026-09-28 11:56:26 [ERROR]: [DB] Falha ao registrar infração
2026-09-28 11:56:29 [ERROR]: ❌ [[Discord] Erro ao definir presença:] this.client.user?.setPresence is not a function
2026-09-28 11:56:29 [ERROR]: ❌ [[Discord] Erro ao definir presença:] this.client.user?.setPresence is not a function
2026-09-28 11:56:29 [ERROR]: ❌ [[Discord] Erro ao definir presença:] this.client.user?.setPresence is not a function
2026-09-28 11:56:41 [ERROR]: ❌ [Erro no comando $stats:] SQLITE_ERROR: no such table: feedbacks
2026-09-28 11:56:41 [ERROR]:    Stack: 
2026-09-28 11:56:41 [ERROR]: ❌ [❌ Erro no $grupos:] ctx.client.getChats is not a function
2026-09-28 11:56:41 [ERROR]:    Stack: at Object.execute (D:/Desktop/Programas/bot-wpp/src/bot/commands/grupos.ts:17:44)
2026-09-28 11:56:41 [ERROR]: ❌ [[ScreenCommand] Erro:] connect ECONNREFUSED 127.0.0.1:3002
2026-09-28 11:56:41 [ERROR]:    Stack: at TCPConnectWrap.afterConnect [as oncomplete] (node:net:2017:16)
2026-09-28 11:56:42 [ERROR]: [memberJoinService] Erro ao processar entrada
2026-09-28 11:57:12 [ERROR]: ❌ [Erro no comando $stats:] SQLITE_ERROR: no such table: feedbacks
2026-09-28 11:57:12 [ERROR]:    Stack: 
2026-09-28 11:57:12 [ERROR]: ❌ [❌ Erro no $grupos:] ctx.client.getChats is not a function
2026-09-28 11:57:12 [ERROR]:    Stack: at Object.execute (D:/Desktop/Programas/bot-wpp/src/bot/commands/grupos.ts:17:44)
2026-09-28 11:57:12 [ERROR]: ❌ [[ScreenCommand] Erro:] connect ECONNREFUSED 127.0.0.1:3002
2026-09-28 11:57:12 [ERROR]:    Stack: at TCPConnectWrap.afterConnect [as oncomplete] (node:net:2017:16)
2026-09-28 11:57:14 [ERROR]: [DB] Falha ao registrar infração
2026-09-28 11:57:14 [ERROR]: [DB] Falha ao registrar infração
2026-09-28 11:57:14 [ERROR]: [DB] Falha ao registrar infração
2026-09-28 11:57:14 [ERROR]: [DB] Falha ao registrar infração
2026-09-28 11:57:14 [ERROR]: [DB] Falha ao registrar infração
2026-09-28 11:57:14 [ERROR]: [DB] Falha ao registrar infração
2026-09-28 11:57:14 [ERROR]: [DB] Falha ao registrar infração
2026-09-28 11:57:14 [ERROR]: [DB] Falha ao registrar infração
2026-09-28 11:57:14 [ERROR]: [DB] Falha ao registrar infração
2026-09-28 11:57:14 [ERROR]: ❌ [[Discord] Erro ao definir presença:] this.client.user?.setPresence is not a function
2026-09-28 11:57:14 [ERROR]: ❌ [[Discord] Erro ao definir presença:] this.client.user?.setPresence is not a function
2026-09-28 11:57:14 [ERROR]: ❌ [[Discord] Erro ao definir presença:] this.client.user?.setPresence is not a function
2026-09-28 11:57:15 [ERROR]: [memberJoinService] Erro ao processar entrada
2026-09-28 11:57:36 [ERROR]: ❌ [Erro no comando $stats:] SQLITE_ERROR: no such table: feedbacks
2026-09-28 11:57:36 [ERROR]:    Stack: 
2026-09-28 11:57:36 [ERROR]: ❌ [❌ Erro no $grupos:] ctx.client.getChats is not a function
2026-09-28 11:57:36 [ERROR]:    Stack: at Object.execute (D:/Desktop/Programas/bot-wpp/src/bot/commands/grupos.ts:17:44)
2026-09-28 11:57:36 [ERROR]: ❌ [[ScreenCommand] Erro:] connect ECONNREFUSED 127.0.0.1:3002
2026-09-28 11:57:36 [ERROR]:    Stack: at TCPConnectWrap.afterConnect [as oncomplete] (node:net:2017:16)
2026-09-28 11:57:38 [ERROR]: [DB] Falha ao registrar infração
2026-09-28 11:57:38 [ERROR]: ❌ [[Discord] Erro ao definir presença:] this.client.user?.setPresence is not a function
2026-09-28 11:57:38 [ERROR]: ❌ [[Discord] Erro ao definir presença:] this.client.user?.setPresence is not a function
2026-09-28 11:57:38 [ERROR]: [DB] Falha ao registrar infração
2026-09-28 11:57:38 [ERROR]: [DB] Falha ao registrar infração
2026-09-28 11:57:38 [ERROR]: [DB] Falha ao registrar infração
2026-09-28 11:57:38 [ERROR]: [DB] Falha ao registrar infração
2026-09-28 11:57:38 [ERROR]: [DB] Falha ao registrar infração
2026-09-28 11:57:38 [ERROR]: [DB] Falha ao registrar infração
2026-09-28 11:57:38 [ERROR]: [DB] Falha ao registrar infração
2026-09-28 11:57:38 [ERROR]: [DB] Falha ao registrar infração
2026-09-28 11:57:38 [ERROR]: ❌ [[Discord] Erro ao definir presença:] this.client.user?.setPresence is not a function
2026-09-28 11:57:40 [ERROR]: [memberJoinService] Erro ao processar entrada
2026-09-28 11:58:03 [ERROR]: [DB] Falha ao registrar infração
2026-09-28 11:58:03 [ERROR]: [DB] Falha ao registrar infração
2026-09-28 11:58:03 [ERROR]: [DB] Falha ao registrar infração
2026-09-28 11:58:03 [ERROR]: [DB] Falha ao registrar infração
2026-09-28 11:58:03 [ERROR]: [DB] Falha ao registrar infração
2026-09-28 11:58:03 [ERROR]: [DB] Falha ao registrar infração
2026-09-28 11:58:03 [ERROR]: [DB] Falha ao registrar infração
2026-09-28 11:58:03 [ERROR]: [DB] Falha ao registrar infração
2026-09-28 11:58:03 [ERROR]: [DB] Falha ao registrar infração
2026-09-28 11:58:06 [ERROR]: ❌ [Erro no comando $stats:] SQLITE_ERROR: no such table: feedbacks
2026-09-28 11:58:06 [ERROR]:    Stack: 
2026-09-28 11:58:06 [ERROR]: ❌ [❌ Erro no $grupos:] ctx.client.getChats is not a function
2026-09-28 11:58:06 [ERROR]:    Stack: at Object.execute (D:/Desktop/Programas/bot-wpp/src/bot/commands/grupos.ts:17:44)
2026-09-28 11:58:06 [ERROR]: ❌ [[ScreenCommand] Erro:] connect ECONNREFUSED 127.0.0.1:3002
2026-09-28 11:58:06 [ERROR]:    Stack: at TCPConnectWrap.afterConnect [as oncomplete] (node:net:2017:16)
2026-09-28 11:58:09 [ERROR]: [memberJoinService] Erro ao processar entrada
2026-09-28 11:58:10 [ERROR]: ❌ [[Discord] Erro ao definir presença:] this.client.user?.setPresence is not a function
2026-09-28 11:58:10 [ERROR]: ❌ [[Discord] Erro ao definir presença:] this.client.user?.setPresence is not a function
2026-09-28 11:58:10 [ERROR]: ❌ [[Discord] Erro ao definir presença:] this.client.user?.setPresence is not a function
2026-09-28 12:01:54 [ERROR]: [memberJoinService] Erro ao processar entrada
2026-09-28 12:01:56 [ERROR]: ❌ [[Discord] Erro ao definir presença:] this.client.user?.setPresence is not a function
2026-09-28 12:01:56 [ERROR]: ❌ [[Discord] Erro ao definir presença:] this.client.user?.setPresence is not a function
2026-09-28 12:01:56 [ERROR]: ❌ [[Discord] Erro ao definir presença:] this.client.user?.setPresence is not a function
2026-09-28 12:01:56 [ERROR]: ❌ [Erro no comando $stats:] SQLITE_ERROR: no such table: feedbacks
2026-09-28 12:01:56 [ERROR]:    Stack: 
2026-09-28 12:01:56 [ERROR]: ❌ [❌ Erro no $grupos:] ctx.client.getChats is not a function
2026-09-28 12:01:56 [ERROR]:    Stack: at Object.execute (D:/Desktop/Programas/bot-wpp/src/bot/commands/grupos.ts:17:44)
2026-09-28 12:01:56 [ERROR]: ❌ [[ScreenCommand] Erro:] connect ECONNREFUSED 127.0.0.1:3002
2026-09-28 12:01:56 [ERROR]:    Stack: at TCPConnectWrap.afterConnect [as oncomplete] (node:net:2017:16)
2026-09-28 12:01:58 [ERROR]: [DB] Falha ao registrar infração
2026-09-28 12:01:58 [ERROR]: [DB] Falha ao registrar infração
2026-09-28 12:01:58 [ERROR]: [DB] Falha ao registrar infração
2026-09-28 12:01:58 [ERROR]: [DB] Falha ao registrar infração
2026-09-28 12:01:58 [ERROR]: [DB] Falha ao registrar infração
2026-09-28 12:01:58 [ERROR]: [DB] Falha ao registrar infração
2026-09-28 12:01:58 [ERROR]: [DB] Falha ao registrar infração
2026-09-28 12:01:58 [ERROR]: [DB] Falha ao registrar infração
2026-09-28 12:01:58 [ERROR]: [DB] Falha ao registrar infração
2026-09-28 12:04:29 [ERROR]: ❌ [Erro no comando $stats:] SQLITE_ERROR: no such table: feedbacks
2026-09-28 12:04:29 [ERROR]:    Stack: 
2026-09-28 12:04:29 [ERROR]: ❌ [❌ Erro no $grupos:] ctx.client.getChats is not a function
2026-09-28 12:04:29 [ERROR]:    Stack: at Object.execute (D:/Desktop/Programas/bot-wpp/src/bot/commands/grupos.ts:17:44)
2026-09-28 12:04:29 [ERROR]: ❌ [[ScreenCommand] Erro:] connect ECONNREFUSED 127.0.0.1:3002
2026-09-28 12:04:29 [ERROR]:    Stack: at TCPConnectWrap.afterConnect [as oncomplete] (node:net:2017:16)
2026-09-28 12:04:31 [ERROR]: [DB] Falha ao registrar infração
2026-09-28 12:04:31 [ERROR]: [DB] Falha ao registrar infração
2026-09-28 12:04:31 [ERROR]: [DB] Falha ao registrar infração
2026-09-28 12:04:31 [ERROR]: [DB] Falha ao registrar infração
2026-09-28 12:04:31 [ERROR]: [DB] Falha ao registrar infração
2026-09-28 12:04:31 [ERROR]: [DB] Falha ao registrar infração
2026-09-28 12:04:31 [ERROR]: [DB] Falha ao registrar infração
2026-09-28 12:04:31 [ERROR]: [DB] Falha ao registrar infração
2026-09-28 12:04:31 [ERROR]: [DB] Falha ao registrar infração
2026-09-28 12:04:32 [ERROR]: ❌ [[Discord] Erro ao definir presença:] this.client.user?.setPresence is not a function
2026-09-28 12:04:32 [ERROR]: ❌ [[Discord] Erro ao definir presença:] this.client.user?.setPresence is not a function
2026-09-28 12:04:32 [ERROR]: ❌ [[Discord] Erro ao definir presença:] this.client.user?.setPresence is not a function
2026-09-28 12:04:34 [ERROR]: [memberJoinService] Erro ao processar entrada
2026-09-28 13:28:40 [ERROR]: ❌ [[Discord] Erro ao definir presença:] this.client.user?.setPresence is not a function
2026-09-28 13:28:40 [ERROR]: ❌ [[Discord] Erro ao definir presença:] this.client.user?.setPresence is not a function
2026-09-28 13:28:40 [ERROR]: ❌ [[Discord] Erro ao definir presença:] this.client.user?.setPresence is not a function
2026-09-28 13:28:43 [ERROR]: [DB] Falha ao registrar infração
2026-09-28 13:28:43 [ERROR]: [DB] Falha ao registrar infração
2026-09-28 13:28:43 [ERROR]: [DB] Falha ao registrar infração
2026-09-28 13:28:43 [ERROR]: [DB] Falha ao registrar infração
2026-09-28 13:28:43 [ERROR]: [DB] Falha ao registrar infração
2026-09-28 13:28:43 [ERROR]: [DB] Falha ao registrar infração
2026-09-28 13:28:43 [ERROR]: [DB] Falha ao registrar infração
2026-09-28 13:28:43 [ERROR]: [DB] Falha ao registrar infração
2026-09-28 13:28:43 [ERROR]: [DB] Falha ao registrar infração
2026-09-28 13:28:45 [ERROR]: ❌ [Erro no comando $stats:] SQLITE_ERROR: no such table: feedbacks
2026-09-28 13:28:45 [ERROR]:    Stack: 
2026-09-28 13:28:45 [ERROR]: ❌ [❌ Erro no $grupos:] ctx.client.getChats is not a function
2026-09-28 13:28:45 [ERROR]:    Stack: at Object.execute (D:/Desktop/Programas/bot-wpp/src/bot/commands/grupos.ts:17:44)
2026-09-28 13:28:45 [ERROR]: ❌ [[ScreenCommand] Erro:] connect ECONNREFUSED 127.0.0.1:3002
2026-09-28 13:28:45 [ERROR]:    Stack: at TCPConnectWrap.afterConnect [as oncomplete] (node:net:2017:16)
2026-09-28 13:28:46 [ERROR]: [memberJoinService] Erro ao processar entrada
2026-09-28 16:41:18 [ERROR]: [DB] Falha ao registrar infração
2026-09-28 16:41:18 [ERROR]: [DB] Falha ao registrar infração
2026-09-28 16:41:18 [ERROR]: [DB] Falha ao registrar infração
2026-09-28 16:41:18 [ERROR]: [DB] Falha ao registrar infração
2026-09-28 16:41:18 [ERROR]: [DB] Falha ao registrar infração
2026-09-28 16:41:18 [ERROR]: [DB] Falha ao registrar infração
2026-09-28 16:41:18 [ERROR]: [DB] Falha ao registrar infração
2026-09-28 16:41:18 [ERROR]: [DB] Falha ao registrar infração
2026-09-28 16:41:18 [ERROR]: [DB] Falha ao registrar infração
2026-09-28 16:41:20 [ERROR]: ❌ [Erro no comando $stats:] SQLITE_ERROR: no such table: feedbacks
2026-09-28 16:41:20 [ERROR]:    Stack: 
2026-09-28 16:41:20 [ERROR]: ❌ [❌ Erro no $grupos:] ctx.client.getChats is not a function
2026-09-28 16:41:20 [ERROR]:    Stack: at Object.execute (D:/Desktop/Programas/bot-wpp/src/bot/commands/grupos.ts:17:44)
2026-09-28 16:41:20 [ERROR]: ❌ [[ScreenCommand] Erro:] connect ECONNREFUSED 127.0.0.1:3002
2026-09-28 16:41:20 [ERROR]:    Stack: at TCPConnectWrap.afterConnect [as oncomplete] (node:net:2017:16)
2026-09-28 16:41:22 [ERROR]: [memberJoinService] Erro ao processar entrada
2026-09-28 16:41:22 [ERROR]: ❌ [[Discord] Erro ao definir presença:] this.client.user?.setPresence is not a function
2026-09-28 16:41:22 [ERROR]: ❌ [[Discord] Erro ao definir presença:] this.client.user?.setPresence is not a function
2026-09-28 16:41:22 [ERROR]: ❌ [[Discord] Erro ao definir presença:] this.client.user?.setPresence is not a function
2026-09-28 17:05:48 [ERROR]: [DB] Falha ao registrar infração
2026-09-28 17:05:48 [ERROR]: [DB] Falha ao registrar infração
2026-09-28 17:05:48 [ERROR]: [DB] Falha ao registrar infração
2026-09-28 17:05:48 [ERROR]: [DB] Falha ao registrar infração
2026-09-28 17:05:48 [ERROR]: [DB] Falha ao registrar infração
2026-09-28 17:05:48 [ERROR]: [DB] Falha ao registrar infração
2026-09-28 17:05:48 [ERROR]: [DB] Falha ao registrar infração
2026-09-28 17:05:48 [ERROR]: [DB] Falha ao registrar infração
2026-09-28 17:05:48 [ERROR]: [DB] Falha ao registrar infração
2026-09-28 17:05:49 [ERROR]: ❌ [[Discord] Erro ao definir presença:] this.client.user?.setPresence is not a function
2026-09-28 17:05:49 [ERROR]: ❌ [[Discord] Erro ao definir presença:] this.client.user?.setPresence is not a function
2026-09-28 17:05:49 [ERROR]: ❌ [[Discord] Erro ao definir presença:] this.client.user?.setPresence is not a function
2026-09-28 17:05:51 [ERROR]: ❌ [Erro no comando $stats:] SQLITE_ERROR: no such table: feedbacks
2026-09-28 17:05:51 [ERROR]:    Stack: 
2026-09-28 17:05:51 [ERROR]: ❌ [❌ Erro no $grupos:] ctx.client.getChats is not a function
2026-09-28 17:05:51 [ERROR]:    Stack: at Object.execute (D:/Desktop/Programas/bot-wpp/src/bot/commands/grupos.ts:17:44)
2026-09-28 17:05:51 [ERROR]: ❌ [[ScreenCommand] Erro:] connect ECONNREFUSED 127.0.0.1:3002
2026-09-28 17:05:51 [ERROR]:    Stack: at TCPConnectWrap.afterConnect [as oncomplete] (node:net:2017:16)
2026-09-28 17:05:52 [ERROR]: [memberJoinService] Erro ao processar entrada
2026-09-28 17:23:33 [ERROR]: [DB] Falha ao registrar infração
2026-09-28 17:23:33 [ERROR]: ❌ [[Discord] Erro ao definir presença:] this.client.user?.setPresence is not a function
2026-09-28 17:23:33 [ERROR]: ❌ [[Discord] Erro ao definir presença:] this.client.user?.setPresence is not a function
2026-09-28 17:23:33 [ERROR]: ❌ [[Discord] Erro ao definir presença:] this.client.user?.setPresence is not a function
2026-09-28 17:23:33 [ERROR]: [DB] Falha ao registrar infração
2026-09-28 17:23:33 [ERROR]: [DB] Falha ao registrar infração
2026-09-28 17:23:33 [ERROR]: [DB] Falha ao registrar infração
2026-09-28 17:23:33 [ERROR]: [DB] Falha ao registrar infração
2026-09-28 17:23:33 [ERROR]: [DB] Falha ao registrar infração
2026-09-28 17:23:33 [ERROR]: [DB] Falha ao registrar infração
2026-09-28 17:23:33 [ERROR]: [DB] Falha ao registrar infração
2026-09-28 17:23:33 [ERROR]: [DB] Falha ao registrar infração
2026-09-28 17:23:41 [ERROR]: [memberJoinService] Erro ao processar entrada
2026-09-28 17:23:49 [ERROR]: ❌ [Erro no comando $stats:] SQLITE_ERROR: no such table: feedbacks
2026-09-28 17:23:49 [ERROR]:    Stack: 
2026-09-28 17:23:49 [ERROR]: ❌ [❌ Erro no $grupos:] ctx.client.getChats is not a function
2026-09-28 17:23:49 [ERROR]:    Stack: at Object.execute (D:\Desktop\Programas\bot-wpp\src\bot\commands\grupos.ts:17:44)
2026-09-28 17:23:49 [ERROR]: ❌ [[ScreenCommand] Erro:] connect ECONNREFUSED 127.0.0.1:3002
2026-09-28 17:23:49 [ERROR]:    Stack: at TCPConnectWrap.afterConnect [as oncomplete] (node:net:2017:16)
2026-09-28 17:24:06 [ERROR]: [DB] Falha ao registrar infração
2026-09-28 17:24:06 [ERROR]: [DB] Falha ao registrar infração
2026-09-28 17:24:06 [ERROR]: [DB] Falha ao registrar infração
2026-09-28 17:24:06 [ERROR]: [DB] Falha ao registrar infração
2026-09-28 17:24:06 [ERROR]: [DB] Falha ao registrar infração
2026-09-28 17:24:06 [ERROR]: [DB] Falha ao registrar infração
2026-09-28 17:24:06 [ERROR]: [DB] Falha ao registrar infração
2026-09-28 17:24:06 [ERROR]: [DB] Falha ao registrar infração
2026-09-28 17:24:06 [ERROR]: [DB] Falha ao registrar infração
2026-09-28 17:24:07 [ERROR]: ❌ [[Discord] Erro ao definir presença:] this.client.user?.setPresence is not a function
2026-09-28 17:24:07 [ERROR]: ❌ [[Discord] Erro ao definir presença:] this.client.user?.setPresence is not a function
2026-09-28 17:24:07 [ERROR]: ❌ [[Discord] Erro ao definir presença:] this.client.user?.setPresence is not a function
2026-09-28 17:24:10 [ERROR]: ❌ [Erro no comando $stats:] SQLITE_ERROR: no such table: feedbacks
2026-09-28 17:24:10 [ERROR]:    Stack: 
2026-09-28 17:24:10 [ERROR]: ❌ [❌ Erro no $grupos:] ctx.client.getChats is not a function
2026-09-28 17:24:10 [ERROR]:    Stack: at Object.execute (D:\Desktop\Programas\bot-wpp\src\bot\commands\grupos.ts:17:44)
2026-09-28 17:24:10 [ERROR]: ❌ [[ScreenCommand] Erro:] connect ECONNREFUSED 127.0.0.1:3002
2026-09-28 17:24:10 [ERROR]:    Stack: at TCPConnectWrap.afterConnect [as oncomplete] (node:net:2017:16)
2026-09-28 17:24:11 [ERROR]: [memberJoinService] Erro ao processar entrada
2026-09-28 17:24:44 [ERROR]: [DB] Falha ao registrar infração
2026-09-28 17:24:44 [ERROR]: [DB] Falha ao registrar infração
2026-09-28 17:24:44 [ERROR]: [DB] Falha ao registrar infração
2026-09-28 17:24:44 [ERROR]: [DB] Falha ao registrar infração
2026-09-28 17:24:44 [ERROR]: [DB] Falha ao registrar infração
2026-09-28 17:24:44 [ERROR]: [DB] Falha ao registrar infração
2026-09-28 17:24:44 [ERROR]: [DB] Falha ao registrar infração
2026-09-28 17:24:44 [ERROR]: [DB] Falha ao registrar infração
2026-09-28 17:24:44 [ERROR]: [DB] Falha ao registrar infração
2026-09-28 17:24:45 [ERROR]: ❌ [[Discord] Erro ao definir presença:] this.client.user?.setPresence is not a function
2026-09-28 17:24:45 [ERROR]: ❌ [[Discord] Erro ao definir presença:] this.client.user?.setPresence is not a function
2026-09-28 17:24:45 [ERROR]: ❌ [[Discord] Erro ao definir presença:] this.client.user?.setPresence is not a function
2026-09-28 17:24:48 [ERROR]: ❌ [Erro no comando $stats:] SQLITE_ERROR: no such table: feedbacks
2026-09-28 17:24:48 [ERROR]:    Stack: 
2026-09-28 17:24:48 [ERROR]: ❌ [❌ Erro no $grupos:] ctx.client.getChats is not a function
2026-09-28 17:24:48 [ERROR]:    Stack: at Object.execute (D:\Desktop\Programas\bot-wpp\src\bot\commands\grupos.ts:17:44)
2026-09-28 17:24:48 [ERROR]: ❌ [[ScreenCommand] Erro:] connect ECONNREFUSED 127.0.0.1:3002
2026-09-28 17:24:48 [ERROR]:    Stack: at TCPConnectWrap.afterConnect [as oncomplete] (node:net:2017:16)
2026-09-28 17:24:50 [ERROR]: [memberJoinService] Erro ao processar entrada
2026-09-28 17:25:13 [ERROR]: ❌ [Erro no comando $stats:] SQLITE_ERROR: no such table: feedbacks
2026-09-28 17:25:13 [ERROR]:    Stack: 
2026-09-28 17:25:13 [ERROR]: ❌ [❌ Erro no $grupos:] ctx.client.getChats is not a function
2026-09-28 17:25:13 [ERROR]:    Stack: at Object.execute (D:\Desktop\Programas\bot-wpp\src\bot\commands\grupos.ts:17:44)
2026-09-28 17:25:13 [ERROR]: ❌ [[ScreenCommand] Erro:] connect ECONNREFUSED 127.0.0.1:3002
2026-09-28 17:25:13 [ERROR]:    Stack: at TCPConnectWrap.afterConnect [as oncomplete] (node:net:2017:16)
2026-09-28 17:25:16 [ERROR]: [DB] Falha ao registrar infração
2026-09-28 17:25:17 [ERROR]: ❌ [[Discord] Erro ao definir presença:] this.client.user?.setPresence is not a function
2026-09-28 17:25:17 [ERROR]: ❌ [[Discord] Erro ao definir presença:] this.client.user?.setPresence is not a function
2026-09-28 17:25:16 [ERROR]: [DB] Falha ao registrar infração
2026-09-28 17:25:16 [ERROR]: [DB] Falha ao registrar infração
2026-09-28 17:25:16 [ERROR]: [DB] Falha ao registrar infração
2026-09-28 17:25:16 [ERROR]: [DB] Falha ao registrar infração
2026-09-28 17:25:16 [ERROR]: [DB] Falha ao registrar infração
2026-09-28 17:25:16 [ERROR]: [DB] Falha ao registrar infração
2026-09-28 17:25:16 [ERROR]: [DB] Falha ao registrar infração
2026-09-28 17:25:16 [ERROR]: [DB] Falha ao registrar infração
2026-09-28 17:25:17 [ERROR]: ❌ [[Discord] Erro ao definir presença:] this.client.user?.setPresence is not a function
2026-09-28 17:25:27 [ERROR]: [memberJoinService] Erro ao processar entrada
2026-09-28 17:25:53 [ERROR]: [DB] Falha ao registrar infração
2026-09-28 17:25:53 [ERROR]: [DB] Falha ao registrar infração
2026-09-28 17:25:53 [ERROR]: [DB] Falha ao registrar infração
2026-09-28 17:25:53 [ERROR]: [DB] Falha ao registrar infração
2026-09-28 17:25:53 [ERROR]: [DB] Falha ao registrar infração
2026-09-28 17:25:53 [ERROR]: [DB] Falha ao registrar infração
2026-09-28 17:25:53 [ERROR]: [DB] Falha ao registrar infração
2026-09-28 17:25:53 [ERROR]: [DB] Falha ao registrar infração
2026-09-28 17:25:53 [ERROR]: [DB] Falha ao registrar infração
2026-09-28 17:25:55 [ERROR]: ❌ [[Discord] Erro ao definir presença:] this.client.user?.setPresence is not a function
2026-09-28 17:25:55 [ERROR]: ❌ [[Discord] Erro ao definir presença:] this.client.user?.setPresence is not a function
2026-09-28 17:25:55 [ERROR]: ❌ [[Discord] Erro ao definir presença:] this.client.user?.setPresence is not a function
2026-09-28 17:25:57 [ERROR]: ❌ [Erro no comando $stats:] SQLITE_ERROR: no such table: feedbacks
2026-09-28 17:25:57 [ERROR]:    Stack: 
2026-09-28 17:25:57 [ERROR]: ❌ [❌ Erro no $grupos:] ctx.client.getChats is not a function
2026-09-28 17:25:57 [ERROR]:    Stack: at Object.execute (D:\Desktop\Programas\bot-wpp\src\bot\commands\grupos.ts:17:44)
2026-09-28 17:25:57 [ERROR]: ❌ [[ScreenCommand] Erro:] connect ECONNREFUSED 127.0.0.1:3002
2026-09-28 17:25:57 [ERROR]:    Stack: at TCPConnectWrap.afterConnect [as oncomplete] (node:net:2017:16)
2026-09-28 17:26:00 [ERROR]: [memberJoinService] Erro ao processar entrada
2026-09-28 17:30:49 [ERROR]: [DB] Falha ao registrar infração
2026-09-28 17:30:49 [ERROR]: [DB] Falha ao registrar infração
2026-09-28 17:30:49 [ERROR]: [DB] Falha ao registrar infração
2026-09-28 17:30:49 [ERROR]: [DB] Falha ao registrar infração
2026-09-28 17:30:49 [ERROR]: [DB] Falha ao registrar infração
2026-09-28 17:30:49 [ERROR]: [DB] Falha ao registrar infração
2026-09-28 17:30:49 [ERROR]: [DB] Falha ao registrar infração
2026-09-28 17:30:49 [ERROR]: [DB] Falha ao registrar infração
2026-09-28 17:30:49 [ERROR]: [DB] Falha ao registrar infração
2026-09-28 17:30:49 [ERROR]: ❌ [[Discord] Erro ao definir presença:] this.client.user?.setPresence is not a function
2026-09-28 17:30:49 [ERROR]: ❌ [[Discord] Erro ao definir presença:] this.client.user?.setPresence is not a function
2026-09-28 17:30:49 [ERROR]: ❌ [[Discord] Erro ao definir presença:] this.client.user?.setPresence is not a function
2026-09-28 17:30:55 [ERROR]: [memberJoinService] Erro ao processar entrada
2026-09-28 17:30:59 [ERROR]: ❌ [Erro no comando $stats:] SQLITE_ERROR: no such table: feedbacks
2026-09-28 17:30:59 [ERROR]:    Stack: 
2026-09-28 17:30:59 [ERROR]: ❌ [❌ Erro no $grupos:] ctx.client.getChats is not a function
2026-09-28 17:30:59 [ERROR]:    Stack: at Object.execute (D:\Desktop\Programas\bot-wpp\src\bot\commands\grupos.ts:17:44)
2026-09-28 17:30:59 [ERROR]: ❌ [[ScreenCommand] Erro:] connect ECONNREFUSED 127.0.0.1:3002
2026-09-28 17:30:59 [ERROR]:    Stack: at TCPConnectWrap.afterConnect [as oncomplete] (node:net:2017:16)
2026-09-29 11:18:57 [ERROR]: [DB] Falha ao registrar infração
2026-09-29 11:18:57 [ERROR]: [DB] Falha ao registrar infração
2026-09-29 11:18:57 [ERROR]: [DB] Falha ao registrar infração
2026-09-29 11:18:57 [ERROR]: [DB] Falha ao registrar infração
2026-09-29 11:18:57 [ERROR]: [DB] Falha ao registrar infração
2026-09-29 11:18:57 [ERROR]: [DB] Falha ao registrar infração
2026-09-29 11:18:57 [ERROR]: [DB] Falha ao registrar infração
2026-09-29 11:18:57 [ERROR]: [DB] Falha ao registrar infração
2026-09-29 11:18:57 [ERROR]: [DB] Falha ao registrar infração
2026-09-29 11:19:12 [ERROR]: ❌ [Erro no comando $stats:] SQLITE_ERROR: no such table: feedbacks
2026-09-29 11:19:12 [ERROR]:    Stack: 
2026-09-29 11:19:12 [ERROR]: ❌ [❌ Erro no $grupos:] ctx.client.getChats is not a function
2026-09-29 11:19:12 [ERROR]:    Stack: at Object.execute (D:\Desktop\Programas\bot-wpp\src\bot\commands\grupos.ts:17:44)
2026-09-29 11:19:12 [ERROR]: ❌ [[ScreenCommand] Erro:] connect ECONNREFUSED 127.0.0.1:3002
2026-09-29 11:19:12 [ERROR]:    Stack: at TCPConnectWrap.afterConnect [as oncomplete] (node:net:2017:16)
2026-09-29 11:19:53 [ERROR]: [DB] Falha ao registrar infração
2026-09-29 11:19:53 [ERROR]: [DB] Falha ao registrar infração
2026-09-29 11:19:53 [ERROR]: [DB] Falha ao registrar infração
2026-09-29 11:19:53 [ERROR]: [DB] Falha ao registrar infração
2026-09-29 11:19:53 [ERROR]: [DB] Falha ao registrar infração
2026-09-29 11:19:53 [ERROR]: [DB] Falha ao registrar infração
2026-09-29 11:19:53 [ERROR]: [DB] Falha ao registrar infração
2026-09-29 11:19:53 [ERROR]: [DB] Falha ao registrar infração
2026-09-29 11:19:53 [ERROR]: [DB] Falha ao registrar infração
2026-09-29 11:19:55 [ERROR]: ❌ [Erro no comando $stats:] SQLITE_ERROR: no such table: feedbacks
2026-09-29 11:19:55 [ERROR]:    Stack: 
2026-09-29 11:19:55 [ERROR]: ❌ [❌ Erro no $grupos:] ctx.client.getChats is not a function
2026-09-29 11:19:55 [ERROR]:    Stack: at Object.execute (D:\Desktop\Programas\bot-wpp\src\bot\commands\grupos.ts:17:44)
2026-09-29 11:19:55 [ERROR]: ❌ [[ScreenCommand] Erro:] connect ECONNREFUSED 127.0.0.1:3002
2026-09-29 11:19:55 [ERROR]:    Stack: at TCPConnectWrap.afterConnect [as oncomplete] (node:net:2017:16)
2026-09-29 11:19:57 [ERROR]: ❌ [[Discord] Erro ao definir presença:] this.client.user?.setPresence is not a function
2026-09-29 11:19:57 [ERROR]: ❌ [[Discord] Erro ao definir presença:] this.client.user?.setPresence is not a function
2026-09-29 11:19:57 [ERROR]: ❌ [[Discord] Erro ao definir presença:] this.client.user?.setPresence is not a function
2026-09-29 11:19:58 [ERROR]: [memberJoinService] Erro ao processar entrada
2026-09-29 11:27:33 [ERROR]: [DB] Falha ao registrar infração
2026-09-29 11:27:33 [ERROR]: [DB] Falha ao registrar infração
2026-09-29 11:27:33 [ERROR]: [DB] Falha ao registrar infração
2026-09-29 11:27:33 [ERROR]: [DB] Falha ao registrar infração
2026-09-29 11:27:33 [ERROR]: [DB] Falha ao registrar infração
2026-09-29 11:27:33 [ERROR]: [DB] Falha ao registrar infração
2026-09-29 11:27:33 [ERROR]: [DB] Falha ao registrar infração
2026-09-29 11:27:33 [ERROR]: [DB] Falha ao registrar infração
2026-09-29 11:27:33 [ERROR]: [DB] Falha ao registrar infração
2026-09-29 11:27:34 [ERROR]: ❌ [[Discord] Erro ao definir presença:] this.client.user?.setPresence is not a function
2026-09-29 11:27:34 [ERROR]: ❌ [[Discord] Erro ao definir presença:] this.client.user?.setPresence is not a function
2026-09-29 11:27:34 [ERROR]: ❌ [[Discord] Erro ao definir presença:] this.client.user?.setPresence is not a function
2026-09-29 11:27:35 [ERROR]: ❌ [Erro no comando $stats:] SQLITE_ERROR: no such table: feedbacks
2026-09-29 11:27:35 [ERROR]:    Stack: 
2026-09-29 11:27:35 [ERROR]: ❌ [❌ Erro no $grupos:] ctx.client.getChats is not a function
2026-09-29 11:27:35 [ERROR]:    Stack: at Object.execute (D:\Desktop\Programas\bot-wpp\src\bot\commands\grupos.ts:17:44)
2026-09-29 11:27:35 [ERROR]: ❌ [[ScreenCommand] Erro:] connect ECONNREFUSED 127.0.0.1:3002
2026-09-29 11:27:35 [ERROR]:    Stack: at TCPConnectWrap.afterConnect [as oncomplete] (node:net:2017:16)
2026-09-29 11:27:38 [ERROR]: [memberJoinService] Erro ao processar entrada
2026-09-29 13:23:23 [ERROR]: [DB] Falha ao registrar infração
2026-09-29 13:23:23 [ERROR]: [DB] Falha ao registrar infração
2026-09-29 13:23:23 [ERROR]: [DB] Falha ao registrar infração
2026-09-29 13:23:23 [ERROR]: [DB] Falha ao registrar infração
2026-09-29 13:23:23 [ERROR]: [DB] Falha ao registrar infração
2026-09-29 13:23:23 [ERROR]: [DB] Falha ao registrar infração
2026-09-29 13:23:23 [ERROR]: [DB] Falha ao registrar infração
2026-09-29 13:23:23 [ERROR]: [DB] Falha ao registrar infração
2026-09-29 13:23:23 [ERROR]: [DB] Falha ao registrar infração
2026-09-29 13:23:26 [ERROR]: ❌ [Erro no comando $stats:] SQLITE_ERROR: no such table: feedbacks
2026-09-29 13:23:26 [ERROR]:    Stack: 
2026-09-29 13:23:26 [ERROR]: ❌ [❌ Erro no $grupos:] ctx.client.getChats is not a function
2026-09-29 13:23:26 [ERROR]:    Stack: at Object.execute (D:\Desktop\Programas\bot-wpp\src\bot\commands\grupos.ts:17:44)
2026-09-29 13:23:27 [ERROR]: ❌ [[ScreenCommand] Erro:] connect ECONNREFUSED 127.0.0.1:3002
2026-09-29 13:23:27 [ERROR]:    Stack: at TCPConnectWrap.afterConnect [as oncomplete] (node:net:2017:16)
2026-09-29 13:23:30 [ERROR]: ❌ [[Discord] Erro ao definir presença:] this.client.user?.setPresence is not a function
2026-09-29 13:23:30 [ERROR]: ❌ [[Discord] Erro ao definir presença:] this.client.user?.setPresence is not a function
2026-09-29 13:23:30 [ERROR]: ❌ [[Discord] Erro ao definir presença:] this.client.user?.setPresence is not a function
2026-09-29 13:23:32 [ERROR]: [memberJoinService] Erro ao processar entrada
2026-09-29 15:17:46 [ERROR]: [DB] Falha ao registrar infração
2026-09-29 15:17:46 [ERROR]: [DB] Falha ao registrar infração
2026-09-29 15:17:46 [ERROR]: [DB] Falha ao registrar infração
2026-09-29 15:17:46 [ERROR]: [DB] Falha ao registrar infração
2026-09-29 15:17:46 [ERROR]: [DB] Falha ao registrar infração
2026-09-29 15:17:46 [ERROR]: [DB] Falha ao registrar infração
2026-09-29 15:17:46 [ERROR]: [DB] Falha ao registrar infração
2026-09-29 15:17:46 [ERROR]: [DB] Falha ao registrar infração
2026-09-29 15:17:46 [ERROR]: [DB] Falha ao registrar infração
2026-09-29 15:17:48 [ERROR]: ❌ [[Discord] Erro ao definir presença:] this.client.user?.setPresence is not a function
2026-09-29 15:17:48 [ERROR]: ❌ [[Discord] Erro ao definir presença:] this.client.user?.setPresence is not a function
2026-09-29 15:17:48 [ERROR]: ❌ [[Discord] Erro ao definir presença:] this.client.user?.setPresence is not a function
2026-09-29 15:17:49 [ERROR]: ❌ [Erro no comando $stats:] SQLITE_ERROR: no such table: feedbacks
2026-09-29 15:17:49 [ERROR]:    Stack: 
2026-09-29 15:17:49 [ERROR]: ❌ [❌ Erro no $grupos:] ctx.client.getChats is not a function
2026-09-29 15:17:49 [ERROR]:    Stack: at Object.execute (D:\Desktop\Programas\bot-wpp\src\bot\commands\grupos.ts:17:44)
2026-09-29 15:17:49 [ERROR]: ❌ [[ScreenCommand] Erro:] connect ECONNREFUSED 127.0.0.1:3002
2026-09-29 15:17:49 [ERROR]:    Stack: at TCPConnectWrap.afterConnect [as oncomplete] (node:net:2017:16)
2026-09-29 15:17:50 [ERROR]: [memberJoinService] Erro ao processar entrada
2026-09-30 10:54:48 [ERROR]: [DB] Falha ao registrar infração
2026-09-30 10:54:48 [ERROR]: [DB] Falha ao registrar infração
2026-09-30 10:54:48 [ERROR]: [DB] Falha ao registrar infração
2026-09-30 10:54:48 [ERROR]: [DB] Falha ao registrar infração
2026-09-30 10:54:48 [ERROR]: [DB] Falha ao registrar infração
2026-09-30 10:54:48 [ERROR]: [DB] Falha ao registrar infração
2026-09-30 10:54:48 [ERROR]: [DB] Falha ao registrar infração
2026-09-30 10:54:48 [ERROR]: [DB] Falha ao registrar infração
2026-09-30 10:54:48 [ERROR]: [DB] Falha ao registrar infração
2026-09-30 10:54:52 [ERROR]: ❌ [[Discord] Erro ao definir presença:] this.client.user?.setPresence is not a function
2026-09-30 10:54:52 [ERROR]: ❌ [[Discord] Erro ao definir presença:] this.client.user?.setPresence is not a function
2026-09-30 10:54:52 [ERROR]: ❌ [[Discord] Erro ao definir presença:] this.client.user?.setPresence is not a function
2026-09-30 10:55:07 [ERROR]: ❌ [Erro no comando $stats:] SQLITE_ERROR: no such table: feedbacks
2026-09-30 10:55:07 [ERROR]:    Stack: 
2026-09-30 10:55:07 [ERROR]: ❌ [❌ Erro no $grupos:] ctx.client.getChats is not a function
2026-09-30 10:55:07 [ERROR]:    Stack: at Object.execute (D:\Desktop\Programas\bot-wpp\src\bot\commands\grupos.ts:17:44)
2026-09-30 10:55:07 [ERROR]: ❌ [[ScreenCommand] Erro:] connect ECONNREFUSED 127.0.0.1:3002
2026-09-30 10:55:07 [ERROR]:    Stack: at TCPConnectWrap.afterConnect [as oncomplete] (node:net:2017:16)
2026-09-30 10:55:09 [ERROR]: [memberJoinService] Erro ao processar entrada
2026-09-30 10:59:15 [ERROR]: ❌ [Erro no comando $stats:] SQLITE_ERROR: no such table: feedbacks
2026-09-30 10:59:15 [ERROR]:    Stack: 
2026-09-30 10:59:15 [ERROR]: ❌ [❌ Erro no $grupos:] ctx.client.getChats is not a function
2026-09-30 10:59:15 [ERROR]:    Stack: at Object.execute (D:\Desktop\Programas\bot-wpp\src\bot\commands\grupos.ts:17:44)
2026-09-30 10:59:15 [ERROR]: ❌ [[ScreenCommand] Erro:] connect ECONNREFUSED 127.0.0.1:3002
2026-09-30 10:59:15 [ERROR]:    Stack: at TCPConnectWrap.afterConnect [as oncomplete] (node:net:2017:16)
2026-09-30 10:59:17 [ERROR]: [memberJoinService] Erro ao processar entrada
2026-09-30 10:59:17 [ERROR]: [DB] Falha ao registrar infração
2026-09-30 10:59:17 [ERROR]: [DB] Falha ao registrar infração
2026-09-30 10:59:17 [ERROR]: [DB] Falha ao registrar infração
2026-09-30 10:59:17 [ERROR]: [DB] Falha ao registrar infração
2026-09-30 10:59:17 [ERROR]: [DB] Falha ao registrar infração
2026-09-30 10:59:17 [ERROR]: [DB] Falha ao registrar infração
2026-09-30 10:59:17 [ERROR]: [DB] Falha ao registrar infração
2026-09-30 10:59:17 [ERROR]: [DB] Falha ao registrar infração
2026-09-30 10:59:17 [ERROR]: [DB] Falha ao registrar infração
2026-09-30 10:59:17 [ERROR]: ❌ [[Discord] Erro ao definir presença:] this.client.user?.setPresence is not a function
2026-09-30 10:59:17 [ERROR]: ❌ [[Discord] Erro ao definir presença:] this.client.user?.setPresence is not a function
2026-09-30 10:59:17 [ERROR]: ❌ [[Discord] Erro ao definir presença:] this.client.user?.setPresence is not a function
2026-09-30 11:05:41 [ERROR]: [DB] Falha ao registrar infração
2026-09-30 11:05:41 [ERROR]: [DB] Falha ao registrar infração
2026-09-30 11:05:41 [ERROR]: [DB] Falha ao registrar infração
2026-09-30 11:05:41 [ERROR]: [DB] Falha ao registrar infração
2026-09-30 11:05:41 [ERROR]: [DB] Falha ao registrar infração
2026-09-30 11:05:41 [ERROR]: [DB] Falha ao registrar infração
2026-09-30 11:05:41 [ERROR]: [DB] Falha ao registrar infração
2026-09-30 11:05:41 [ERROR]: [DB] Falha ao registrar infração
2026-09-30 11:05:41 [ERROR]: [DB] Falha ao registrar infração
2026-09-30 11:05:44 [ERROR]: ❌ [Erro no comando $stats:] SQLITE_ERROR: no such table: feedbacks
2026-09-30 11:05:44 [ERROR]:    Stack: 
2026-09-30 11:05:44 [ERROR]: ❌ [❌ Erro no $grupos:] ctx.client.getChats is not a function
2026-09-30 11:05:44 [ERROR]:    Stack: at Object.execute (D:\Desktop\Programas\bot-wpp\src\bot\commands\grupos.ts:17:44)
2026-09-30 11:05:44 [ERROR]: ❌ [[ScreenCommand] Erro:] connect ECONNREFUSED 127.0.0.1:3002
2026-09-30 11:05:44 [ERROR]:    Stack: at TCPConnectWrap.afterConnect [as oncomplete] (node:net:2017:16)
2026-09-30 11:05:46 [ERROR]: ❌ [[Discord] Erro ao definir presença:] this.client.user?.setPresence is not a function
2026-09-30 11:05:46 [ERROR]: ❌ [[Discord] Erro ao definir presença:] this.client.user?.setPresence is not a function
2026-09-30 11:05:46 [ERROR]: ❌ [[Discord] Erro ao definir presença:] this.client.user?.setPresence is not a function
2026-09-30 11:05:47 [ERROR]: [memberJoinService] Erro ao processar entrada
2026-09-30 11:09:47 [ERROR]: [DB] Falha ao registrar infração
2026-09-30 11:09:47 [ERROR]: [DB] Falha ao registrar infração
2026-09-30 11:09:47 [ERROR]: [DB] Falha ao registrar infração
2026-09-30 11:09:47 [ERROR]: [DB] Falha ao registrar infração
2026-09-30 11:09:47 [ERROR]: [DB] Falha ao registrar infração
2026-09-30 11:09:47 [ERROR]: [DB] Falha ao registrar infração
2026-09-30 11:09:47 [ERROR]: [DB] Falha ao registrar infração
2026-09-30 11:09:47 [ERROR]: [DB] Falha ao registrar infração
2026-09-30 11:09:47 [ERROR]: [DB] Falha ao registrar infração
2026-09-30 11:09:49 [ERROR]: ❌ [[Discord] Erro ao definir presença:] this.client.user?.setPresence is not a function
2026-09-30 11:09:49 [ERROR]: ❌ [[Discord] Erro ao definir presença:] this.client.user?.setPresence is not a function
2026-09-30 11:09:49 [ERROR]: ❌ [[Discord] Erro ao definir presença:] this.client.user?.setPresence is not a function
2026-09-30 11:09:52 [ERROR]: ❌ [Erro no comando $stats:] SQLITE_ERROR: no such table: feedbacks
2026-09-30 11:09:52 [ERROR]:    Stack: 
2026-09-30 11:09:52 [ERROR]: ❌ [❌ Erro no $grupos:] ctx.client.getChats is not a function
2026-09-30 11:09:52 [ERROR]:    Stack: at Object.execute (D:\Desktop\Programas\bot-wpp\src\bot\commands\grupos.ts:17:44)
2026-09-30 11:09:52 [ERROR]: ❌ [[ScreenCommand] Erro:] connect ECONNREFUSED 127.0.0.1:3002
2026-09-30 11:09:52 [ERROR]:    Stack: at TCPConnectWrap.afterConnect [as oncomplete] (node:net:2017:16)
2026-09-30 11:09:55 [ERROR]: [memberJoinService] Erro ao processar entrada
2026-09-30 11:15:01 [ERROR]: [DB] Falha ao registrar infração
2026-09-30 11:15:01 [ERROR]: [DB] Falha ao registrar infração
2026-09-30 11:15:01 [ERROR]: [DB] Falha ao registrar infração
2026-09-30 11:15:01 [ERROR]: [DB] Falha ao registrar infração
2026-09-30 11:15:01 [ERROR]: [DB] Falha ao registrar infração
2026-09-30 11:15:01 [ERROR]: [DB] Falha ao registrar infração
2026-09-30 11:15:01 [ERROR]: [DB] Falha ao registrar infração
2026-09-30 11:15:01 [ERROR]: [DB] Falha ao registrar infração
2026-09-30 11:15:01 [ERROR]: [DB] Falha ao registrar infração
2026-09-30 11:15:04 [ERROR]: ❌ [Erro no comando $stats:] SQLITE_ERROR: no such table: feedbacks
2026-09-30 11:15:04 [ERROR]:    Stack: 
2026-09-30 11:15:04 [ERROR]: ❌ [❌ Erro no $grupos:] ctx.client.getChats is not a function
2026-09-30 11:15:04 [ERROR]:    Stack: at Object.execute (D:\Desktop\Programas\bot-wpp\src\bot\commands\grupos.ts:17:44)
2026-09-30 11:15:04 [ERROR]: ❌ [[ScreenCommand] Erro:] connect ECONNREFUSED 127.0.0.1:3002
2026-09-30 11:15:04 [ERROR]:    Stack: at TCPConnectWrap.afterConnect [as oncomplete] (node:net:2017:16)
2026-09-30 11:15:08 [ERROR]: ❌ [[Discord] Erro ao definir presença:] this.client.user?.setPresence is not a function
2026-09-30 11:15:08 [ERROR]: ❌ [[Discord] Erro ao definir presença:] this.client.user?.setPresence is not a function
2026-09-30 11:15:08 [ERROR]: ❌ [[Discord] Erro ao definir presença:] this.client.user?.setPresence is not a function
2026-09-30 11:15:09 [ERROR]: [memberJoinService] Erro ao processar entrada
2026-09-30 12:29:52 [ERROR]: [DB] Falha ao registrar infração
2026-09-30 12:29:52 [ERROR]: [DB] Falha ao registrar infração
2026-09-30 12:29:52 [ERROR]: [DB] Falha ao registrar infração
2026-09-30 12:29:52 [ERROR]: [DB] Falha ao registrar infração
2026-09-30 12:29:52 [ERROR]: [DB] Falha ao registrar infração
2026-09-30 12:29:52 [ERROR]: [DB] Falha ao registrar infração
2026-09-30 12:29:52 [ERROR]: [DB] Falha ao registrar infração
2026-09-30 12:29:52 [ERROR]: [DB] Falha ao registrar infração
2026-09-30 12:29:52 [ERROR]: [DB] Falha ao registrar infração
2026-09-30 12:29:55 [ERROR]: ❌ [Erro no comando $stats:] SQLITE_ERROR: no such table: feedbacks
2026-09-30 12:29:55 [ERROR]:    Stack: 
2026-09-30 12:29:55 [ERROR]: ❌ [❌ Erro no $grupos:] ctx.client.getChats is not a function
2026-09-30 12:29:55 [ERROR]:    Stack: at Object.execute (D:\Desktop\Programas\bot-wpp\src\bot\commands\grupos.ts:17:44)
2026-09-30 12:29:55 [ERROR]: ❌ [[ScreenCommand] Erro:] connect ECONNREFUSED 127.0.0.1:3002
2026-09-30 12:29:55 [ERROR]:    Stack: at TCPConnectWrap.afterConnect [as oncomplete] (node:net:2017:16)
2026-09-30 12:29:57 [ERROR]: ❌ [[Discord] Erro ao definir presença:] this.client.user?.setPresence is not a function
2026-09-30 12:29:57 [ERROR]: ❌ [[Discord] Erro ao definir presença:] this.client.user?.setPresence is not a function
2026-09-30 12:29:57 [ERROR]: ❌ [[Discord] Erro ao definir presença:] this.client.user?.setPresence is not a function
2026-09-30 12:29:57 [ERROR]: [memberJoinService] Erro ao processar entrada
2026-09-30 12:45:09 [ERROR]: [DB] Falha ao registrar infração
2026-09-30 12:47:18 [ERROR]: [DB] Falha ao registrar infração
2026-09-30 12:50:30 [ERROR]: [DB] Falha ao registrar infração
2026-09-30 12:50:30 [ERROR]: [DB] Falha ao registrar infração
2026-09-30 12:50:30 [ERROR]: [DB] Falha ao registrar infração
2026-09-30 12:50:30 [ERROR]: [DB] Falha ao registrar infração
2026-09-30 12:50:30 [ERROR]: [DB] Falha ao registrar infração
2026-09-30 12:50:30 [ERROR]: [DB] Falha ao registrar infração
2026-09-30 12:50:30 [ERROR]: [DB] Falha ao registrar infração
2026-09-30 12:50:30 [ERROR]: [DB] Falha ao registrar infração
2026-09-30 12:50:30 [ERROR]: [DB] Falha ao registrar infração
2026-09-30 12:50:32 [ERROR]: ❌ [[Discord] Erro ao definir presença:] this.client.user?.setPresence is not a function
2026-09-30 12:50:32 [ERROR]: ❌ [[Discord] Erro ao definir presença:] this.client.user?.setPresence is not a function
2026-09-30 12:50:32 [ERROR]: ❌ [[Discord] Erro ao definir presença:] this.client.user?.setPresence is not a function
2026-09-30 12:50:33 [ERROR]: ❌ [Erro no comando $stats:] SQLITE_ERROR: no such table: feedbacks
2026-09-30 12:50:33 [ERROR]:    Stack: 
2026-09-30 12:50:33 [ERROR]: ❌ [❌ Erro no $grupos:] ctx.client.getChats is not a function
2026-09-30 12:50:33 [ERROR]:    Stack: at Object.execute (D:\Desktop\Programas\bot-wpp\src\bot\commands\grupos.ts:17:44)
2026-09-30 12:50:33 [ERROR]: ❌ [[ScreenCommand] Erro:] connect ECONNREFUSED 127.0.0.1:3002
2026-09-30 12:50:33 [ERROR]:    Stack: at TCPConnectWrap.afterConnect [as oncomplete] (node:net:2017:16)
2026-09-30 12:50:34 [ERROR]: [memberJoinService] Erro ao processar entrada
2026-09-30 12:54:47 [ERROR]: [DB] Falha ao registrar infração
2026-09-30 12:54:47 [ERROR]: [DB] Falha ao registrar infração
2026-09-30 12:54:47 [ERROR]: [DB] Falha ao registrar infração
2026-09-30 12:54:47 [ERROR]: [DB] Falha ao registrar infração
2026-09-30 12:54:47 [ERROR]: [DB] Falha ao registrar infração
2026-09-30 12:54:47 [ERROR]: [DB] Falha ao registrar infração
2026-09-30 12:54:47 [ERROR]: [DB] Falha ao registrar infração
2026-09-30 12:54:47 [ERROR]: [DB] Falha ao registrar infração
2026-09-30 12:54:47 [ERROR]: [DB] Falha ao registrar infração
2026-09-30 12:54:48 [ERROR]: ❌ [[Discord] Erro ao definir presença:] this.client.user?.setPresence is not a function
2026-09-30 12:54:48 [ERROR]: ❌ [[Discord] Erro ao definir presença:] this.client.user?.setPresence is not a function
2026-09-30 12:54:48 [ERROR]: ❌ [[Discord] Erro ao definir presença:] this.client.user?.setPresence is not a function
2026-09-30 12:54:49 [ERROR]: ❌ [Erro no comando $stats:] SQLITE_ERROR: no such table: feedbacks
2026-09-30 12:54:49 [ERROR]:    Stack: 
2026-09-30 12:54:49 [ERROR]: ❌ [❌ Erro no $grupos:] ctx.client.getChats is not a function
2026-09-30 12:54:49 [ERROR]:    Stack: at Object.execute (D:\Desktop\Programas\bot-wpp\src\bot\commands\grupos.ts:17:44)
2026-09-30 12:54:49 [ERROR]: ❌ [[ScreenCommand] Erro:] connect ECONNREFUSED 127.0.0.1:3002
2026-09-30 12:54:49 [ERROR]:    Stack: at TCPConnectWrap.afterConnect [as oncomplete] (node:net:2017:16)
2026-09-30 12:54:50 [ERROR]: [memberJoinService] Erro ao processar entrada
2026-09-30 13:41:19 [ERROR]: [DB] Falha ao registrar infração
2026-09-30 13:42:16 [ERROR]: [DB] Falha ao registrar infração
2026-09-30 13:42:59 [ERROR]: [DB] Falha ao registrar infração
2026-09-30 13:43:01 [ERROR]: [DB] Falha ao registrar infração
2026-09-30 13:43:01 [ERROR]: [DB] Falha ao registrar infração
2026-09-30 13:43:01 [ERROR]: [DB] Falha ao registrar infração
2026-09-30 13:43:01 [ERROR]: [DB] Falha ao registrar infração
2026-09-30 13:43:01 [ERROR]: [DB] Falha ao registrar infração
2026-09-30 13:43:01 [ERROR]: [DB] Falha ao registrar infração
2026-09-30 13:43:01 [ERROR]: [DB] Falha ao registrar infração
2026-09-30 13:43:01 [ERROR]: [DB] Falha ao registrar infração
2026-09-30 13:43:01 [ERROR]: [DB] Falha ao registrar infração
2026-09-30 13:43:12 [ERROR]: ❌ [Erro no comando $stats:] SQLITE_ERROR: no such table: feedbacks
2026-09-30 13:43:12 [ERROR]:    Stack: 
2026-09-30 13:43:12 [ERROR]: ❌ [❌ Erro no $grupos:] ctx.client.getChats is not a function
2026-09-30 13:43:12 [ERROR]:    Stack: at Object.execute (D:\Desktop\Programas\bot-wpp\src\bot\commands\grupos.ts:18:44)
2026-09-30 13:43:12 [ERROR]: ❌ [[ScreenCommand] Erro:] connect ECONNREFUSED 127.0.0.1:3002
2026-09-30 13:43:12 [ERROR]:    Stack: at TCPConnectWrap.afterConnect [as oncomplete] (node:net:2017:16)
2026-09-30 13:43:15 [ERROR]: ❌ [[Discord] Erro ao definir presença:] this.client.user?.setPresence is not a function
2026-09-30 13:43:15 [ERROR]: ❌ [[Discord] Erro ao definir presença:] this.client.user?.setPresence is not a function
2026-09-30 13:43:15 [ERROR]: ❌ [[Discord] Erro ao definir presença:] this.client.user?.setPresence is not a function
2026-09-30 13:43:17 [ERROR]: [memberJoinService] Erro ao processar entrada
2026-09-30 13:43:53 [ERROR]: ❌ [Erro no comando $stats:] SQLITE_ERROR: no such table: feedbacks
2026-09-30 13:43:53 [ERROR]:    Stack: 
2026-09-30 13:43:53 [ERROR]: ❌ [❌ Erro no $grupos:] ctx.client.getChats is not a function
2026-09-30 13:43:53 [ERROR]:    Stack: at Object.execute (D:\Desktop\Programas\bot-wpp\src\bot\commands\grupos.ts:18:44)
2026-09-30 13:43:53 [ERROR]: ❌ [[ScreenCommand] Erro:] connect ECONNREFUSED 127.0.0.1:3002
2026-09-30 13:43:53 [ERROR]:    Stack: at TCPConnectWrap.afterConnect [as oncomplete] (node:net:2017:16)
2026-09-30 13:45:26 [ERROR]: ❌ [Erro no comando $stats:] SQLITE_ERROR: no such table: feedbacks
2026-09-30 13:45:26 [ERROR]:    Stack: 
2026-09-30 13:45:26 [ERROR]: ❌ [❌ Erro no $grupos:] ctx.client.getChats is not a function
2026-09-30 13:45:26 [ERROR]:    Stack: at Object.execute (D:\Desktop\Programas\bot-wpp\src\bot\commands\grupos.ts:18:44)
2026-09-30 13:45:26 [ERROR]: ❌ [[ScreenCommand] Erro:] connect ECONNREFUSED 127.0.0.1:3002
2026-09-30 13:45:26 [ERROR]:    Stack: at TCPConnectWrap.afterConnect [as oncomplete] (node:net:2017:16)
2026-09-30 13:45:36 [ERROR]: ❌ [Erro no comando $stats:] SQLITE_ERROR: no such table: feedbacks
2026-09-30 13:45:36 [ERROR]:    Stack: 
2026-09-30 13:45:36 [ERROR]: ❌ [❌ Erro no $grupos:] ctx.client.getChats is not a function
2026-09-30 13:45:36 [ERROR]:    Stack: at Object.execute (D:\Desktop\Programas\bot-wpp\src\bot\commands\grupos.ts:18:44)
2026-09-30 13:45:36 [ERROR]: ❌ [[ScreenCommand] Erro:] connect ECONNREFUSED 127.0.0.1:3002
2026-09-30 13:45:36 [ERROR]:    Stack: at TCPConnectWrap.afterConnect [as oncomplete] (node:net:2017:16)
2026-09-30 13:45:45 [ERROR]: ❌ [Erro no comando $stats:] SQLITE_ERROR: no such table: feedbacks
2026-09-30 13:45:45 [ERROR]:    Stack: 
2026-09-30 13:45:45 [ERROR]: ❌ [❌ Erro no $grupos:] ctx.client.getChats is not a function
2026-09-30 13:45:45 [ERROR]:    Stack: at Object.execute (D:\Desktop\Programas\bot-wpp\src\bot\commands\grupos.ts:18:44)
2026-09-30 13:45:45 [ERROR]: ❌ [[ScreenCommand] Erro:] connect ECONNREFUSED 127.0.0.1:3002
2026-09-30 13:45:45 [ERROR]:    Stack: at TCPConnectWrap.afterConnect [as oncomplete] (node:net:2017:16)
2026-09-30 13:46:00 [ERROR]: [DB] Falha ao registrar infração
2026-09-30 13:46:02 [ERROR]: [DB] Falha ao registrar infração
2026-09-30 13:46:02 [ERROR]: [DB] Falha ao registrar infração
2026-09-30 13:46:02 [ERROR]: [DB] Falha ao registrar infração
2026-09-30 13:46:02 [ERROR]: [DB] Falha ao registrar infração
2026-09-30 13:46:02 [ERROR]: [DB] Falha ao registrar infração
2026-09-30 13:46:02 [ERROR]: [DB] Falha ao registrar infração
2026-09-30 13:46:02 [ERROR]: [DB] Falha ao registrar infração
2026-09-30 13:46:02 [ERROR]: [DB] Falha ao registrar infração
2026-09-30 13:46:02 [ERROR]: [DB] Falha ao registrar infração
2026-09-30 13:46:05 [ERROR]: ❌ [Erro no comando $stats:] SQLITE_ERROR: no such table: feedbacks
2026-09-30 13:46:05 [ERROR]:    Stack: 
2026-09-30 13:46:05 [ERROR]: ❌ [❌ Erro no $grupos:] ctx.client.getChats is not a function
2026-09-30 13:46:05 [ERROR]:    Stack: at Object.execute (D:\Desktop\Programas\bot-wpp\src\bot\commands\grupos.ts:18:44)
2026-09-30 13:46:05 [ERROR]: ❌ [[ScreenCommand] Erro:] connect ECONNREFUSED 127.0.0.1:3002
2026-09-30 13:46:05 [ERROR]:    Stack: at TCPConnectWrap.afterConnect [as oncomplete] (node:net:2017:16)
2026-09-30 13:46:06 [ERROR]: ❌ [[Discord] Erro ao definir presença:] this.client.user?.setPresence is not a function
2026-09-30 13:46:07 [ERROR]: ❌ [[Discord] Erro ao definir presença:] this.client.user?.setPresence is not a function
2026-09-30 13:46:07 [ERROR]: ❌ [[Discord] Erro ao definir presença:] this.client.user?.setPresence is not a function
2026-09-30 13:46:08 [ERROR]: [memberJoinService] Erro ao processar entrada
2026-09-30 13:46:26 [ERROR]: [DB] Falha ao registrar infração
2026-09-30 13:46:27 [ERROR]: [DB] Falha ao registrar infração
2026-09-30 13:46:27 [ERROR]: [DB] Falha ao registrar infração
2026-09-30 13:46:27 [ERROR]: [DB] Falha ao registrar infração
2026-09-30 13:46:27 [ERROR]: [DB] Falha ao registrar infração
2026-09-30 13:46:27 [ERROR]: [DB] Falha ao registrar infração
2026-09-30 13:46:27 [ERROR]: [DB] Falha ao registrar infração
2026-09-30 13:46:27 [ERROR]: [DB] Falha ao registrar infração
2026-09-30 13:46:27 [ERROR]: [DB] Falha ao registrar infração
2026-09-30 13:46:27 [ERROR]: [DB] Falha ao registrar infração
2026-09-30 13:46:30 [ERROR]: ❌ [Erro no comando $stats:] SQLITE_ERROR: no such table: feedbacks
2026-09-30 13:46:30 [ERROR]:    Stack: 
2026-09-30 13:46:30 [ERROR]: ❌ [❌ Erro no $grupos:] ctx.client.getChats is not a function
2026-09-30 13:46:30 [ERROR]:    Stack: at Object.execute (D:\Desktop\Programas\bot-wpp\src\bot\commands\grupos.ts:18:44)
2026-09-30 13:46:30 [ERROR]: ❌ [[ScreenCommand] Erro:] connect ECONNREFUSED 127.0.0.1:3002
2026-09-30 13:46:30 [ERROR]:    Stack: at TCPConnectWrap.afterConnect [as oncomplete] (node:net:2017:16)
2026-09-30 13:46:30 [ERROR]: ❌ [[Discord] Erro ao definir presença:] this.client.user?.setPresence is not a function
2026-09-30 13:46:30 [ERROR]: ❌ [[Discord] Erro ao definir presença:] this.client.user?.setPresence is not a function
2026-09-30 13:46:30 [ERROR]: ❌ [[Discord] Erro ao definir presença:] this.client.user?.setPresence is not a function
2026-09-30 13:46:33 [ERROR]: [memberJoinService] Erro ao processar entrada
2026-09-30 13:46:44 [ERROR]: [DB] Falha ao registrar infração
2026-09-30 13:46:45 [ERROR]: [DB] Falha ao registrar infração
2026-09-30 13:46:45 [ERROR]: [DB] Falha ao registrar infração
2026-09-30 13:46:45 [ERROR]: [DB] Falha ao registrar infração
2026-09-30 13:46:45 [ERROR]: [DB] Falha ao registrar infração
2026-09-30 13:46:45 [ERROR]: [DB] Falha ao registrar infração
2026-09-30 13:46:45 [ERROR]: [DB] Falha ao registrar infração
2026-09-30 13:46:45 [ERROR]: [DB] Falha ao registrar infração
2026-09-30 13:46:45 [ERROR]: [DB] Falha ao registrar infração
2026-09-30 13:46:45 [ERROR]: [DB] Falha ao registrar infração
2026-09-30 13:46:46 [ERROR]: ❌ [Erro no comando $stats:] SQLITE_ERROR: no such table: feedbacks
2026-09-30 13:46:46 [ERROR]:    Stack: 
2026-09-30 13:46:46 [ERROR]: ❌ [❌ Erro no $grupos:] ctx.client.getChats is not a function
2026-09-30 13:46:46 [ERROR]:    Stack: at Object.execute (D:\Desktop\Programas\bot-wpp\src\bot\commands\grupos.ts:18:44)
2026-09-30 13:46:46 [ERROR]: ❌ [[ScreenCommand] Erro:] connect ECONNREFUSED 127.0.0.1:3002
2026-09-30 13:46:46 [ERROR]:    Stack: at TCPConnectWrap.afterConnect [as oncomplete] (node:net:2017:16)
2026-09-30 13:46:48 [ERROR]: ❌ [[Discord] Erro ao definir presença:] this.client.user?.setPresence is not a function
2026-09-30 13:46:48 [ERROR]: ❌ [[Discord] Erro ao definir presença:] this.client.user?.setPresence is not a function
2026-09-30 13:46:48 [ERROR]: ❌ [[Discord] Erro ao definir presença:] this.client.user?.setPresence is not a function
2026-09-30 13:46:51 [ERROR]: [memberJoinService] Erro ao processar entrada
2026-09-30 13:47:24 [ERROR]: [DB] Falha ao registrar infração
2026-09-30 14:11:25 [ERROR]: [DB] Falha ao registrar infração
2026-09-30 14:12:40 [ERROR]: [DB] Falha ao registrar infração
2026-09-30 14:15:32 [ERROR]: [DB] Falha ao registrar infração
2026-09-30 14:22:31 [ERROR]: [DB] Falha ao registrar infração
2026-09-30 14:22:34 [ERROR]: [DB] Falha ao registrar infração
2026-09-30 14:22:34 [ERROR]: [DB] Falha ao registrar infração
2026-09-30 14:22:34 [ERROR]: [DB] Falha ao registrar infração
2026-09-30 14:22:34 [ERROR]: [DB] Falha ao registrar infração
2026-09-30 14:22:34 [ERROR]: [DB] Falha ao registrar infração
2026-09-30 14:22:34 [ERROR]: [DB] Falha ao registrar infração
2026-09-30 14:22:35 [ERROR]: [DB] Falha ao registrar infração
2026-09-30 14:22:35 [ERROR]: [DB] Falha ao registrar infração
2026-09-30 14:22:35 [ERROR]: [DB] Falha ao registrar infração
2026-09-30 14:22:36 [ERROR]: ❌ [Erro no comando $stats:] SQLITE_ERROR: no such table: feedbacks
2026-09-30 14:22:36 [ERROR]:    Stack: 
2026-09-30 14:22:36 [ERROR]: ❌ [❌ Erro no $grupos:] ctx.client.getChats is not a function
2026-09-30 14:22:36 [ERROR]:    Stack: at Object.execute (D:\Desktop\Programas\bot-wpp\src\bot\commands\grupos.ts:18:44)
2026-09-30 14:22:36 [ERROR]: ❌ [[ScreenCommand] Erro:] connect ECONNREFUSED 127.0.0.1:3002
2026-09-30 14:22:36 [ERROR]:    Stack: at TCPConnectWrap.afterConnect [as oncomplete] (node:net:2017:16)
2026-09-30 14:22:40 [ERROR]: ❌ [[Discord] Erro ao definir presença:] this.client.user?.setPresence is not a function
2026-09-30 14:22:40 [ERROR]: ❌ [[Discord] Erro ao definir presença:] this.client.user?.setPresence is not a function
2026-09-30 14:22:40 [ERROR]: ❌ [[Discord] Erro ao definir presença:] this.client.user?.setPresence is not a function
2026-09-30 14:22:41 [ERROR]: [memberJoinService] Erro ao processar entrada
2026-09-30 14:23:24 [ERROR]: [DB] Falha ao registrar infração
2026-09-30 14:23:28 [ERROR]: [DB] Falha ao registrar infração
2026-09-30 14:23:29 [ERROR]: [DB] Falha ao registrar infração
2026-09-30 14:23:29 [ERROR]: [DB] Falha ao registrar infração
2026-09-30 14:23:29 [ERROR]: [DB] Falha ao registrar infração
2026-09-30 14:23:29 [ERROR]: [DB] Falha ao registrar infração
2026-09-30 14:23:29 [ERROR]: [DB] Falha ao registrar infração
2026-09-30 14:23:29 [ERROR]: [DB] Falha ao registrar infração
2026-09-30 14:23:29 [ERROR]: [DB] Falha ao registrar infração
2026-09-30 14:23:29 [ERROR]: [DB] Falha ao registrar infração
2026-09-30 14:23:31 [ERROR]: ❌ [Erro no comando $stats:] SQLITE_ERROR: no such table: feedbacks
2026-09-30 14:23:31 [ERROR]:    Stack: 
2026-09-30 14:23:31 [ERROR]: ❌ [❌ Erro no $grupos:] ctx.client.getChats is not a function
2026-09-30 14:23:31 [ERROR]:    Stack: at Object.execute (D:\Desktop\Programas\bot-wpp\src\bot\commands\grupos.ts:18:44)
2026-09-30 14:23:31 [ERROR]: ❌ [[ScreenCommand] Erro:] connect ECONNREFUSED 127.0.0.1:3002
2026-09-30 14:23:31 [ERROR]:    Stack: at TCPConnectWrap.afterConnect [as oncomplete] (node:net:2017:16)
2026-09-30 14:23:33 [ERROR]: ❌ [[Discord] Erro ao definir presença:] this.client.user?.setPresence is not a function
2026-09-30 14:23:33 [ERROR]: ❌ [[Discord] Erro ao definir presença:] this.client.user?.setPresence is not a function
2026-09-30 14:23:34 [ERROR]: ❌ [[Discord] Erro ao definir presença:] this.client.user?.setPresence is not a function
2026-09-30 14:23:37 [ERROR]: [memberJoinService] Erro ao processar entrada
2026-09-30 14:23:53 [ERROR]: [DB] Falha ao registrar infração
2026-09-30 14:23:55 [ERROR]: [DB] Falha ao registrar infração
2026-09-30 14:23:55 [ERROR]: [DB] Falha ao registrar infração
2026-09-30 14:23:55 [ERROR]: [DB] Falha ao registrar infração
2026-09-30 14:23:56 [ERROR]: [DB] Falha ao registrar infração
2026-09-30 14:23:56 [ERROR]: [DB] Falha ao registrar infração
2026-09-30 14:23:56 [ERROR]: [DB] Falha ao registrar infração
2026-09-30 14:23:56 [ERROR]: [DB] Falha ao registrar infração
2026-09-30 14:23:56 [ERROR]: [DB] Falha ao registrar infração
2026-09-30 14:23:56 [ERROR]: [DB] Falha ao registrar infração
2026-09-30 14:23:57 [ERROR]: ❌ [Erro no comando $stats:] SQLITE_ERROR: no such table: feedbacks
2026-09-30 14:23:57 [ERROR]:    Stack: 
2026-09-30 14:23:57 [ERROR]: ❌ [❌ Erro no $grupos:] ctx.client.getChats is not a function
2026-09-30 14:23:57 [ERROR]:    Stack: at Object.execute (D:\Desktop\Programas\bot-wpp\src\bot\commands\grupos.ts:18:44)
2026-09-30 14:23:57 [ERROR]: ❌ [[ScreenCommand] Erro:] connect ECONNREFUSED 127.0.0.1:3002
2026-09-30 14:23:57 [ERROR]:    Stack: at TCPConnectWrap.afterConnect [as oncomplete] (node:net:2017:16)
2026-09-30 14:23:59 [ERROR]: ❌ [[Discord] Erro ao definir presença:] this.client.user?.setPresence is not a function
2026-09-30 14:23:59 [ERROR]: ❌ [[Discord] Erro ao definir presença:] this.client.user?.setPresence is not a function
2026-09-30 14:23:59 [ERROR]: ❌ [[Discord] Erro ao definir presença:] this.client.user?.setPresence is not a function
2026-09-30 14:24:03 [ERROR]: [memberJoinService] Erro ao processar entrada
2026-09-30 14:24:15 [ERROR]: [DB] Falha ao registrar infração
2026-09-30 14:24:17 [ERROR]: [DB] Falha ao registrar infração
2026-09-30 14:24:17 [ERROR]: [DB] Falha ao registrar infração
2026-09-30 14:24:17 [ERROR]: [DB] Falha ao registrar infração
2026-09-30 14:24:17 [ERROR]: [DB] Falha ao registrar infração
2026-09-30 14:24:17 [ERROR]: [DB] Falha ao registrar infração
2026-09-30 14:24:17 [ERROR]: [DB] Falha ao registrar infração
2026-09-30 14:24:17 [ERROR]: [DB] Falha ao registrar infração
2026-09-30 14:24:17 [ERROR]: [DB] Falha ao registrar infração
2026-09-30 14:24:17 [ERROR]: [DB] Falha ao registrar infração
2026-09-30 14:24:21 [ERROR]: ❌ [[Discord] Erro ao definir presença:] this.client.user?.setPresence is not a function
2026-09-30 14:24:21 [ERROR]: ❌ [Erro no comando $stats:] SQLITE_ERROR: no such table: feedbacks
2026-09-30 14:24:21 [ERROR]: ❌ [[Discord] Erro ao definir presença:] this.client.user?.setPresence is not a function
2026-09-30 14:24:21 [ERROR]:    Stack: 
2026-09-30 14:24:21 [ERROR]: ❌ [❌ Erro no $grupos:] ctx.client.getChats is not a function
2026-09-30 14:24:21 [ERROR]:    Stack: at Object.execute (D:\Desktop\Programas\bot-wpp\src\bot\commands\grupos.ts:18:44)
2026-09-30 14:24:21 [ERROR]: ❌ [[Discord] Erro ao definir presença:] this.client.user?.setPresence is not a function
2026-09-30 14:24:21 [ERROR]: ❌ [[ScreenCommand] Erro:] connect ECONNREFUSED 127.0.0.1:3002
2026-09-30 14:24:21 [ERROR]:    Stack: at TCPConnectWrap.afterConnect [as oncomplete] (node:net:2017:16)
2026-09-30 14:24:24 [ERROR]: [memberJoinService] Erro ao processar entrada
2026-09-30 14:24:56 [ERROR]: [DB] Falha ao registrar infração
2026-09-30 14:24:59 [ERROR]: ❌ [[Discord] Erro ao definir presença:] this.client.user?.setPresence is not a function
2026-09-30 14:24:59 [ERROR]: ❌ [[Discord] Erro ao definir presença:] this.client.user?.setPresence is not a function
2026-09-30 14:24:59 [ERROR]: ❌ [[Discord] Erro ao definir presença:] this.client.user?.setPresence is not a function
2026-09-30 14:25:01 [ERROR]: ❌ [Erro no comando $stats:] SQLITE_ERROR: no such table: feedbacks
2026-09-30 14:25:01 [ERROR]:    Stack: 
2026-09-30 14:25:01 [ERROR]: ❌ [❌ Erro no $grupos:] ctx.client.getChats is not a function
2026-09-30 14:25:01 [ERROR]:    Stack: at Object.execute (D:\Desktop\Programas\bot-wpp\src\bot\commands\grupos.ts:18:44)
2026-09-30 14:25:01 [ERROR]: ❌ [[ScreenCommand] Erro:] connect ECONNREFUSED 127.0.0.1:3002
2026-09-30 14:25:01 [ERROR]:    Stack: at TCPConnectWrap.afterConnect [as oncomplete] (node:net:2017:16)
2026-09-30 14:25:01 [ERROR]: [DB] Falha ao registrar infração
2026-09-30 14:25:01 [ERROR]: [DB] Falha ao registrar infração
2026-09-30 14:25:02 [ERROR]: [DB] Falha ao registrar infração
2026-09-30 14:25:02 [ERROR]: [DB] Falha ao registrar infração
2026-09-30 14:25:02 [ERROR]: [DB] Falha ao registrar infração
2026-09-30 14:25:02 [ERROR]: [DB] Falha ao registrar infração
2026-09-30 14:25:02 [ERROR]: [DB] Falha ao registrar infração
2026-09-30 14:25:02 [ERROR]: [DB] Falha ao registrar infração
2026-09-30 14:25:02 [ERROR]: [DB] Falha ao registrar infração
2026-09-30 14:25:07 [ERROR]: [memberJoinService] Erro ao processar entrada
2026-09-30 14:25:24 [ERROR]: [DB] Falha ao registrar infração
2026-09-30 14:25:26 [ERROR]: [DB] Falha ao registrar infração
2026-09-30 14:25:26 [ERROR]: [DB] Falha ao registrar infração
2026-09-30 14:25:26 [ERROR]: [DB] Falha ao registrar infração
2026-09-30 14:25:27 [ERROR]: [DB] Falha ao registrar infração
2026-09-30 14:25:27 [ERROR]: [DB] Falha ao registrar infração
2026-09-30 14:25:27 [ERROR]: [DB] Falha ao registrar infração
2026-09-30 14:25:27 [ERROR]: [DB] Falha ao registrar infração
2026-09-30 14:25:27 [ERROR]: [DB] Falha ao registrar infração
2026-09-30 14:25:27 [ERROR]: [DB] Falha ao registrar infração
2026-09-30 14:25:28 [ERROR]: ❌ [Erro no comando $stats:] SQLITE_ERROR: no such table: feedbacks
2026-09-30 14:25:28 [ERROR]:    Stack: 
2026-09-30 14:25:28 [ERROR]: ❌ [❌ Erro no $grupos:] ctx.client.getChats is not a function
2026-09-30 14:25:28 [ERROR]:    Stack: at Object.execute (D:\Desktop\Programas\bot-wpp\src\bot\commands\grupos.ts:18:44)
2026-09-30 14:25:28 [ERROR]: ❌ [[ScreenCommand] Erro:] connect ECONNREFUSED 127.0.0.1:3002
2026-09-30 14:25:28 [ERROR]:    Stack: at TCPConnectWrap.afterConnect [as oncomplete] (node:net:2017:16)
2026-09-30 14:25:30 [ERROR]: ❌ [[Discord] Erro ao definir presença:] this.client.user?.setPresence is not a function
2026-09-30 14:25:30 [ERROR]: ❌ [[Discord] Erro ao definir presença:] this.client.user?.setPresence is not a function
2026-09-30 14:25:30 [ERROR]: ❌ [[Discord] Erro ao definir presença:] this.client.user?.setPresence is not a function
2026-09-30 14:25:34 [ERROR]: [memberJoinService] Erro ao processar entrada
2026-09-30 14:25:54 [ERROR]: [DB] Falha ao registrar infração
2026-09-30 14:25:57 [ERROR]: [DB] Falha ao registrar infração
2026-09-30 14:25:57 [ERROR]: [DB] Falha ao registrar infração
2026-09-30 14:25:57 [ERROR]: [DB] Falha ao registrar infração
2026-09-30 14:25:57 [ERROR]: [DB] Falha ao registrar infração
2026-09-30 14:25:57 [ERROR]: [DB] Falha ao registrar infração
2026-09-30 14:25:57 [ERROR]: [DB] Falha ao registrar infração
2026-09-30 14:25:57 [ERROR]: [DB] Falha ao registrar infração
2026-09-30 14:25:57 [ERROR]: [DB] Falha ao registrar infração
2026-09-30 14:25:57 [ERROR]: [DB] Falha ao registrar infração
2026-09-30 14:26:02 [ERROR]: ❌ [Erro no comando $stats:] SQLITE_ERROR: no such table: feedbacks
2026-09-30 14:26:02 [ERROR]:    Stack: 
2026-09-30 14:26:02 [ERROR]: ❌ [❌ Erro no $grupos:] ctx.client.getChats is not a function
2026-09-30 14:26:02 [ERROR]:    Stack: at Object.execute (D:\Desktop\Programas\bot-wpp\src\bot\commands\grupos.ts:18:44)
2026-09-30 14:26:02 [ERROR]: ❌ [[ScreenCommand] Erro:] connect ECONNREFUSED 127.0.0.1:3002
2026-09-30 14:26:02 [ERROR]:    Stack: at TCPConnectWrap.afterConnect [as oncomplete] (node:net:2017:16)
2026-09-30 14:26:03 [ERROR]: ❌ [[Discord] Erro ao definir presença:] this.client.user?.setPresence is not a function
2026-09-30 14:26:04 [ERROR]: ❌ [[Discord] Erro ao definir presença:] this.client.user?.setPresence is not a function
2026-09-30 14:26:04 [ERROR]: ❌ [[Discord] Erro ao definir presença:] this.client.user?.setPresence is not a function
2026-09-30 14:26:05 [ERROR]: [memberJoinService] Erro ao processar entrada
2026-09-30 16:30:08 [ERROR]: [DB] Falha ao registrar infração
2026-09-30 16:30:09 [ERROR]: [DB] Falha ao registrar infração
2026-09-30 16:30:09 [ERROR]: [DB] Falha ao registrar infração
2026-09-30 16:30:09 [ERROR]: [DB] Falha ao registrar infração
2026-09-30 16:30:09 [ERROR]: [DB] Falha ao registrar infração
2026-09-30 16:30:09 [ERROR]: [DB] Falha ao registrar infração
2026-09-30 16:30:09 [ERROR]: [DB] Falha ao registrar infração
2026-09-30 16:30:10 [ERROR]: [DB] Falha ao registrar infração
2026-09-30 16:30:10 [ERROR]: [DB] Falha ao registrar infração
2026-09-30 16:30:10 [ERROR]: [DB] Falha ao registrar infração
2026-09-30 16:30:11 [ERROR]: ❌ [[Discord] Erro ao definir presença:] this.client.user?.setPresence is not a function
2026-09-30 16:30:11 [ERROR]: ❌ [Erro no comando $stats:] SQLITE_ERROR: no such table: feedbacks
2026-09-30 16:30:11 [ERROR]: ❌ [[Discord] Erro ao definir presença:] this.client.user?.setPresence is not a function
2026-09-30 16:30:11 [ERROR]: ❌ [[Discord] Erro ao definir presença:] this.client.user?.setPresence is not a function
2026-09-30 16:30:11 [ERROR]:    Stack: 
2026-09-30 16:30:11 [ERROR]: ❌ [❌ Erro no $grupos:] ctx.client.getChats is not a function
2026-09-30 16:30:11 [ERROR]:    Stack: at Object.execute (D:\Desktop\Programas\bot-wpp\src\bot\commands\grupos.ts:18:44)
2026-09-30 16:30:11 [ERROR]: ❌ [[ScreenCommand] Erro:] connect ECONNREFUSED 127.0.0.1:3002
2026-09-30 16:30:11 [ERROR]:    Stack: at TCPConnectWrap.afterConnect [as oncomplete] (node:net:2017:16)
2026-09-30 16:30:15 [ERROR]: [memberJoinService] Erro ao processar entrada
2026-09-30 17:15:02 [ERROR]: [DB] Falha ao registrar infração
2026-09-30 17:15:04 [ERROR]: [DB] Falha ao registrar infração
2026-09-30 17:15:04 [ERROR]: [DB] Falha ao registrar infração
2026-09-30 17:15:04 [ERROR]: [DB] Falha ao registrar infração
2026-09-30 17:15:04 [ERROR]: [DB] Falha ao registrar infração
2026-09-30 17:15:04 [ERROR]: [DB] Falha ao registrar infração
2026-09-30 17:15:04 [ERROR]: [DB] Falha ao registrar infração
2026-09-30 17:15:04 [ERROR]: [DB] Falha ao registrar infração
2026-09-30 17:15:04 [ERROR]: [DB] Falha ao registrar infração
2026-09-30 17:15:04 [ERROR]: [DB] Falha ao registrar infração
2026-09-30 17:15:06 [ERROR]: ❌ [[Discord] Erro ao definir presença:] this.client.user?.setPresence is not a function
2026-09-30 17:15:06 [ERROR]: ❌ [[Discord] Erro ao definir presença:] this.client.user?.setPresence is not a function
2026-09-30 17:15:06 [ERROR]: ❌ [[Discord] Erro ao definir presença:] this.client.user?.setPresence is not a function
2026-09-30 17:15:19 [ERROR]: ❌ [Erro no comando $stats:] SQLITE_ERROR: no such table: feedbacks
2026-09-30 17:15:19 [ERROR]:    Stack: 
2026-09-30 17:15:19 [ERROR]: ❌ [❌ Erro no $grupos:] ctx.client.getChats is not a function
2026-09-30 17:15:19 [ERROR]:    Stack: at Object.execute (D:\Desktop\Programas\bot-wpp\src\bot\commands\grupos.ts:18:44)
2026-09-30 17:15:19 [ERROR]: ❌ [[ScreenCommand] Erro:] connect ECONNREFUSED 127.0.0.1:3002
2026-09-30 17:15:19 [ERROR]:    Stack: at TCPConnectWrap.afterConnect [as oncomplete] (node:net:2017:16)
2026-09-30 17:15:24 [ERROR]: [memberJoinService] Erro ao processar entrada
2026-09-30 17:15:59 [ERROR]: ❌ [Erro no comando $stats:] SQLITE_ERROR: no such table: feedbacks
2026-09-30 17:15:59 [ERROR]:    Stack: 
2026-09-30 17:15:59 [ERROR]: ❌ [❌ Erro no $grupos:] ctx.client.getChats is not a function
2026-09-30 17:15:59 [ERROR]:    Stack: at Object.execute (D:\Desktop\Programas\bot-wpp\src\bot\commands\grupos.ts:18:44)
2026-09-30 17:15:59 [ERROR]: ❌ [[ScreenCommand] Erro:] connect ECONNREFUSED 127.0.0.1:3002
2026-09-30 17:15:59 [ERROR]:    Stack: at TCPConnectWrap.afterConnect [as oncomplete] (node:net:2017:16)
2026-09-30 17:17:05 [ERROR]: ❌ [Erro no comando $stats:] SQLITE_ERROR: no such table: feedbacks
2026-09-30 17:17:05 [ERROR]:    Stack: 
2026-09-30 17:17:05 [ERROR]: ❌ [❌ Erro no $grupos:] ctx.client.getChats is not a function
2026-09-30 17:17:05 [ERROR]:    Stack: at Object.execute (D:\Desktop\Programas\bot-wpp\src\bot\commands\grupos.ts:18:44)
2026-09-30 17:17:05 [ERROR]: ❌ [[ScreenCommand] Erro:] connect ECONNREFUSED 127.0.0.1:3002
2026-09-30 17:17:05 [ERROR]:    Stack: at TCPConnectWrap.afterConnect [as oncomplete] (node:net:2017:16)
2026-09-30 17:17:08 [ERROR]: [DB] Falha ao registrar infração
2026-09-30 17:17:13 [ERROR]: [DB] Falha ao registrar infração
2026-09-30 17:17:13 [ERROR]: [DB] Falha ao registrar infração
2026-09-30 17:17:13 [ERROR]: [DB] Falha ao registrar infração
2026-09-30 17:17:13 [ERROR]: [DB] Falha ao registrar infração
2026-09-30 17:17:13 [ERROR]: [DB] Falha ao registrar infração
2026-09-30 17:17:13 [ERROR]: [DB] Falha ao registrar infração
2026-09-30 17:17:13 [ERROR]: [DB] Falha ao registrar infração
2026-09-30 17:17:13 [ERROR]: [DB] Falha ao registrar infração
2026-09-30 17:17:13 [ERROR]: [DB] Falha ao registrar infração
2026-09-30 17:17:14 [ERROR]: ❌ [[Discord] Erro ao definir presença:] this.client.user?.setPresence is not a function
2026-09-30 17:17:14 [ERROR]: ❌ [[Discord] Erro ao definir presença:] this.client.user?.setPresence is not a function
2026-09-30 17:17:14 [ERROR]: ❌ [[Discord] Erro ao definir presença:] this.client.user?.setPresence is not a function
2026-09-30 17:17:17 [ERROR]: [memberJoinService] Erro ao processar entrada
2026-09-30 17:18:14 [ERROR]: ❌ [Erro no comando $stats:] SQLITE_ERROR: no such table: feedbacks
2026-09-30 17:18:14 [ERROR]:    Stack: 
2026-09-30 17:18:14 [ERROR]: ❌ [❌ Erro no $grupos:] ctx.client.getChats is not a function
2026-09-30 17:18:14 [ERROR]:    Stack: at Object.execute (D:\Desktop\Programas\bot-wpp\src\bot\commands\grupos.ts:18:44)
2026-09-30 17:18:14 [ERROR]: ❌ [[ScreenCommand] Erro:] connect ECONNREFUSED 127.0.0.1:3002
2026-09-30 17:18:14 [ERROR]:    Stack: at TCPConnectWrap.afterConnect [as oncomplete] (node:net:2017:16)
2026-09-30 17:18:22 [ERROR]: [DB] Falha ao registrar infração
2026-09-30 17:18:25 [ERROR]: [DB] Falha ao registrar infração
2026-09-30 17:18:25 [ERROR]: [DB] Falha ao registrar infração
2026-09-30 17:18:25 [ERROR]: [DB] Falha ao registrar infração
2026-09-30 17:18:25 [ERROR]: [DB] Falha ao registrar infração
2026-09-30 17:18:25 [ERROR]: [DB] Falha ao registrar infração
2026-09-30 17:18:25 [ERROR]: [DB] Falha ao registrar infração
2026-09-30 17:18:25 [ERROR]: [DB] Falha ao registrar infração
2026-09-30 17:18:25 [ERROR]: [DB] Falha ao registrar infração
2026-09-30 17:18:25 [ERROR]: [DB] Falha ao registrar infração
2026-09-30 17:18:32 [ERROR]: ❌ [[Discord] Erro ao definir presença:] this.client.user?.setPresence is not a function
2026-09-30 17:18:32 [ERROR]: ❌ [[Discord] Erro ao definir presença:] this.client.user?.setPresence is not a function
2026-09-30 17:18:32 [ERROR]: ❌ [[Discord] Erro ao definir presença:] this.client.user?.setPresence is not a function
2026-09-30 17:18:35 [ERROR]: [memberJoinService] Erro ao processar entrada
2026-09-30 17:19:22 [ERROR]: ❌ [Erro no comando $stats:] SQLITE_ERROR: no such table: feedbacks
2026-09-30 17:19:22 [ERROR]:    Stack: 
2026-09-30 17:19:22 [ERROR]: ❌ [❌ Erro no $grupos:] ctx.client.getChats is not a function
2026-09-30 17:19:22 [ERROR]:    Stack: at Object.execute (D:\Desktop\Programas\bot-wpp\src\bot\commands\grupos.ts:18:44)
2026-09-30 17:19:22 [ERROR]: ❌ [[ScreenCommand] Erro:] connect ECONNREFUSED 127.0.0.1:3002
2026-09-30 17:19:22 [ERROR]:    Stack: at TCPConnectWrap.afterConnect [as oncomplete] (node:net:2017:16)
2026-09-30 17:19:23 [ERROR]: [DB] Falha ao registrar infração
2026-09-30 17:19:27 [ERROR]: [DB] Falha ao registrar infração
2026-09-30 17:19:27 [ERROR]: [DB] Falha ao registrar infração
2026-09-30 17:19:27 [ERROR]: [DB] Falha ao registrar infração
2026-09-30 17:19:27 [ERROR]: [DB] Falha ao registrar infração
2026-09-30 17:19:27 [ERROR]: [DB] Falha ao registrar infração
2026-09-30 17:19:27 [ERROR]: [DB] Falha ao registrar infração
2026-09-30 17:19:27 [ERROR]: [DB] Falha ao registrar infração
2026-09-30 17:19:27 [ERROR]: [DB] Falha ao registrar infração
2026-09-30 17:19:27 [ERROR]: [DB] Falha ao registrar infração
2026-09-30 17:19:33 [ERROR]: ❌ [[Discord] Erro ao definir presença:] this.client.user?.setPresence is not a function
2026-09-30 17:19:33 [ERROR]: ❌ [[Discord] Erro ao definir presença:] this.client.user?.setPresence is not a function
2026-09-30 17:19:33 [ERROR]: ❌ [[Discord] Erro ao definir presença:] this.client.user?.setPresence is not a function
2026-09-30 17:19:42 [ERROR]: [memberJoinService] Erro ao processar entrada
2026-09-30 17:29:41 [ERROR]: ❌ [Erro no comando $stats:] SQLITE_ERROR: no such table: feedbacks
2026-09-30 17:29:41 [ERROR]:    Stack: 
2026-09-30 17:29:41 [ERROR]: ❌ [❌ Erro no $grupos:] ctx.client.getChats is not a function
2026-09-30 17:29:41 [ERROR]:    Stack: at Object.execute (D:\Desktop\Programas\bot-wpp\src\bot\commands\grupos.ts:18:44)
2026-09-30 17:29:41 [ERROR]: ❌ [[ScreenCommand] Erro:] connect ECONNREFUSED 127.0.0.1:3002
2026-09-30 17:29:41 [ERROR]:    Stack: at TCPConnectWrap.afterConnect [as oncomplete] (node:net:2017:16)
2026-09-30 17:29:41 [ERROR]: [DB] Falha ao registrar infração
2026-09-30 17:29:43 [ERROR]: [DB] Falha ao registrar infração
2026-09-30 17:29:43 [ERROR]: [DB] Falha ao registrar infração
2026-09-30 17:29:43 [ERROR]: [DB] Falha ao registrar infração
2026-09-30 17:29:43 [ERROR]: [DB] Falha ao registrar infração
2026-09-30 17:29:43 [ERROR]: [DB] Falha ao registrar infração
2026-09-30 17:29:43 [ERROR]: [DB] Falha ao registrar infração
2026-09-30 17:29:43 [ERROR]: [DB] Falha ao registrar infração
2026-09-30 17:29:43 [ERROR]: [DB] Falha ao registrar infração
2026-09-30 17:29:43 [ERROR]: [DB] Falha ao registrar infração
2026-09-30 17:29:44 [ERROR]: ❌ [[Discord] Erro ao definir presença:] this.client.user?.setPresence is not a function
2026-09-30 17:29:44 [ERROR]: ❌ [[Discord] Erro ao definir presença:] this.client.user?.setPresence is not a function
2026-09-30 17:29:44 [ERROR]: ❌ [[Discord] Erro ao definir presença:] this.client.user?.setPresence is not a function
2026-09-30 17:29:48 [ERROR]: [memberJoinService] Erro ao processar entrada
2026-09-30 17:30:04 [ERROR]: [DB] Falha ao registrar infração
2026-09-30 17:30:07 [ERROR]: ❌ [Erro no comando $stats:] SQLITE_ERROR: no such table: feedbacks
2026-09-30 17:30:07 [ERROR]:    Stack: 
2026-09-30 17:30:07 [ERROR]: ❌ [❌ Erro no $grupos:] ctx.client.getChats is not a function
2026-09-30 17:30:07 [ERROR]:    Stack: at Object.execute (D:\Desktop\Programas\bot-wpp\src\bot\commands\grupos.ts:18:44)
2026-09-30 17:30:07 [ERROR]: ❌ [[ScreenCommand] Erro:] connect ECONNREFUSED 127.0.0.1:3002
2026-09-30 17:30:07 [ERROR]:    Stack: at TCPConnectWrap.afterConnect [as oncomplete] (node:net:2017:16)
2026-09-30 17:30:10 [ERROR]: [DB] Falha ao registrar infração
2026-09-30 17:30:10 [ERROR]: [DB] Falha ao registrar infração
2026-09-30 17:30:10 [ERROR]: [DB] Falha ao registrar infração
2026-09-30 17:30:10 [ERROR]: [DB] Falha ao registrar infração
2026-09-30 17:30:10 [ERROR]: [DB] Falha ao registrar infração
2026-09-30 17:30:10 [ERROR]: [DB] Falha ao registrar infração
2026-09-30 17:30:10 [ERROR]: [DB] Falha ao registrar infração
2026-09-30 17:30:10 [ERROR]: [DB] Falha ao registrar infração
2026-09-30 17:30:10 [ERROR]: [DB] Falha ao registrar infração
2026-09-30 17:30:11 [ERROR]: ❌ [[Discord] Erro ao definir presença:] this.client.user?.setPresence is not a function
2026-09-30 17:30:11 [ERROR]: ❌ [[Discord] Erro ao definir presença:] this.client.user?.setPresence is not a function
2026-09-30 17:30:11 [ERROR]: ❌ [[Discord] Erro ao definir presença:] this.client.user?.setPresence is not a function
2026-09-30 17:30:16 [ERROR]: [memberJoinService] Erro ao processar entrada
2026-09-30 17:30:40 [ERROR]: [DB] Falha ao registrar infração
2026-09-30 17:30:43 [ERROR]: ❌ [Erro no comando $stats:] SQLITE_ERROR: no such table: feedbacks
2026-09-30 17:30:43 [ERROR]:    Stack: 
2026-09-30 17:30:43 [ERROR]: ❌ [❌ Erro no $grupos:] ctx.client.getChats is not a function
2026-09-30 17:30:43 [ERROR]:    Stack: at Object.execute (D:\Desktop\Programas\bot-wpp\src\bot\commands\grupos.ts:18:44)
2026-09-30 17:30:43 [ERROR]: ❌ [[ScreenCommand] Erro:] connect ECONNREFUSED 127.0.0.1:3002
2026-09-30 17:30:43 [ERROR]:    Stack: at TCPConnectWrap.afterConnect [as oncomplete] (node:net:2017:16)
2026-09-30 17:30:45 [ERROR]: [DB] Falha ao registrar infração
2026-09-30 17:30:45 [ERROR]: [DB] Falha ao registrar infração
2026-09-30 17:30:45 [ERROR]: [DB] Falha ao registrar infração
2026-09-30 17:30:45 [ERROR]: [DB] Falha ao registrar infração
2026-09-30 17:30:45 [ERROR]: [DB] Falha ao registrar infração
2026-09-30 17:30:45 [ERROR]: [DB] Falha ao registrar infração
2026-09-30 17:30:45 [ERROR]: [DB] Falha ao registrar infração
2026-09-30 17:30:45 [ERROR]: [DB] Falha ao registrar infração
2026-09-30 17:30:45 [ERROR]: [DB] Falha ao registrar infração
2026-09-30 17:30:47 [ERROR]: ❌ [[Discord] Erro ao definir presença:] this.client.user?.setPresence is not a function
2026-09-30 17:30:47 [ERROR]: ❌ [[Discord] Erro ao definir presença:] this.client.user?.setPresence is not a function
2026-09-30 17:30:47 [ERROR]: ❌ [[Discord] Erro ao definir presença:] this.client.user?.setPresence is not a function
2026-09-30 17:30:58 [ERROR]: [memberJoinService] Erro ao processar entrada
2026-09-30 17:31:37 [ERROR]: ❌ [Erro no comando $stats:] SQLITE_ERROR: no such table: feedbacks
2026-09-30 17:31:37 [ERROR]:    Stack: 
2026-09-30 17:31:37 [ERROR]: ❌ [❌ Erro no $grupos:] ctx.client.getChats is not a function
2026-09-30 17:31:37 [ERROR]:    Stack: at Object.execute (D:\Desktop\Programas\bot-wpp\src\bot\commands\grupos.ts:18:44)
2026-09-30 17:31:37 [ERROR]: ❌ [[ScreenCommand] Erro:] connect ECONNREFUSED 127.0.0.1:3002
2026-09-30 17:31:37 [ERROR]: [DB] Falha ao registrar infração
2026-09-30 17:31:37 [ERROR]:    Stack: at TCPConnectWrap.afterConnect [as oncomplete] (node:net:2017:16)
2026-09-30 17:31:38 [ERROR]: [DB] Falha ao registrar infração
2026-09-30 17:31:38 [ERROR]: [DB] Falha ao registrar infração
2026-09-30 17:31:38 [ERROR]: [DB] Falha ao registrar infração
2026-09-30 17:31:38 [ERROR]: [DB] Falha ao registrar infração
2026-09-30 17:31:38 [ERROR]: [DB] Falha ao registrar infração
2026-09-30 17:31:38 [ERROR]: [DB] Falha ao registrar infração
2026-09-30 17:31:38 [ERROR]: [DB] Falha ao registrar infração
2026-09-30 17:31:38 [ERROR]: [DB] Falha ao registrar infração
2026-09-30 17:31:38 [ERROR]: [DB] Falha ao registrar infração
2026-09-30 17:31:41 [ERROR]: ❌ [[Discord] Erro ao definir presença:] this.client.user?.setPresence is not a function
2026-09-30 17:31:41 [ERROR]: ❌ [[Discord] Erro ao definir presença:] this.client.user?.setPresence is not a function
2026-09-30 17:31:41 [ERROR]: ❌ [[Discord] Erro ao definir presença:] this.client.user?.setPresence is not a function
2026-09-30 17:31:43 [ERROR]: [memberJoinService] Erro ao processar entrada
2026-09-30 17:33:45 [ERROR]: ❌ [Erro no comando $stats:] SQLITE_ERROR: no such table: feedbacks
2026-09-30 17:33:45 [ERROR]:    Stack: 
2026-09-30 17:33:45 [ERROR]: ❌ [❌ Erro no $grupos:] ctx.client.getChats is not a function
2026-09-30 17:33:45 [ERROR]:    Stack: at Object.execute (D:\Desktop\Programas\bot-wpp\src\bot\commands\grupos.ts:18:44)
2026-09-30 17:33:45 [ERROR]: ❌ [[ScreenCommand] Erro:] connect ECONNREFUSED 127.0.0.1:3002
2026-09-30 17:33:45 [ERROR]:    Stack: at TCPConnectWrap.afterConnect [as oncomplete] (node:net:2017:16)
2026-09-30 17:33:45 [ERROR]: [DB] Falha ao registrar infração
2026-09-30 17:33:47 [ERROR]: [DB] Falha ao registrar infração
2026-09-30 17:33:47 [ERROR]: [DB] Falha ao registrar infração
2026-09-30 17:33:47 [ERROR]: [DB] Falha ao registrar infração
2026-09-30 17:33:47 [ERROR]: [DB] Falha ao registrar infração
2026-09-30 17:33:47 [ERROR]: [DB] Falha ao registrar infração
2026-09-30 17:33:47 [ERROR]: [DB] Falha ao registrar infração
2026-09-30 17:33:47 [ERROR]: [DB] Falha ao registrar infração
2026-09-30 17:33:47 [ERROR]: [DB] Falha ao registrar infração
2026-09-30 17:33:47 [ERROR]: [DB] Falha ao registrar infração
2026-09-30 17:33:50 [ERROR]: ❌ [[Discord] Erro ao definir presença:] this.client.user?.setPresence is not a function
2026-09-30 17:33:50 [ERROR]: ❌ [[Discord] Erro ao definir presença:] this.client.user?.setPresence is not a function
2026-09-30 17:33:50 [ERROR]: ❌ [[Discord] Erro ao definir presença:] this.client.user?.setPresence is not a function
2026-09-30 17:33:54 [ERROR]: [memberJoinService] Erro ao processar entrada
2026-09-30 17:36:29 [ERROR]: ❌ [Erro no comando $stats:] SQLITE_ERROR: no such table: feedbacks
2026-09-30 17:36:29 [ERROR]:    Stack: 
2026-09-30 17:36:29 [ERROR]: ❌ [❌ Erro no $grupos:] ctx.client.getChats is not a function
2026-09-30 17:36:29 [ERROR]:    Stack: at Object.execute (D:\Desktop\Programas\bot-wpp\src\bot\commands\grupos.ts:18:44)
2026-09-30 17:36:29 [ERROR]: ❌ [[ScreenCommand] Erro:] connect ECONNREFUSED 127.0.0.1:3002
2026-09-30 17:36:29 [ERROR]:    Stack: at TCPConnectWrap.afterConnect [as oncomplete] (node:net:2017:16)
2026-09-30 17:36:29 [ERROR]: [DB] Falha ao registrar infração
2026-09-30 17:36:32 [ERROR]: [DB] Falha ao registrar infração
2026-09-30 17:36:32 [ERROR]: [DB] Falha ao registrar infração
2026-09-30 17:36:32 [ERROR]: [DB] Falha ao registrar infração
2026-09-30 17:36:32 [ERROR]: [DB] Falha ao registrar infração
2026-09-30 17:36:32 [ERROR]: [DB] Falha ao registrar infração
2026-09-30 17:36:32 [ERROR]: [DB] Falha ao registrar infração
2026-09-30 17:36:32 [ERROR]: [DB] Falha ao registrar infração
2026-09-30 17:36:32 [ERROR]: [DB] Falha ao registrar infração
2026-09-30 17:36:32 [ERROR]: [DB] Falha ao registrar infração
2026-09-30 17:36:33 [ERROR]: ❌ [[Discord] Erro ao definir presença:] this.client.user?.setPresence is not a function
2026-09-30 17:36:33 [ERROR]: ❌ [[Discord] Erro ao definir presença:] this.client.user?.setPresence is not a function
2026-09-30 17:36:33 [ERROR]: ❌ [[Discord] Erro ao definir presença:] this.client.user?.setPresence is not a function
2026-09-30 17:36:36 [ERROR]: [memberJoinService] Erro ao processar entrada
2026-10-01 09:10:57 [ERROR]: [DB] Falha ao registrar infração
2026-10-01 09:11:13 [ERROR]: ❌ [Erro no comando $stats:] SQLITE_ERROR: no such table: feedbacks
2026-10-01 09:11:13 [ERROR]:    Stack: 
2026-10-01 09:11:13 [ERROR]: ❌ [❌ Erro no $grupos:] ctx.client.getChats is not a function
2026-10-01 09:11:13 [ERROR]:    Stack: at Object.execute (D:\Desktop\Programas\bot-wpp\src\bot\commands\grupos.ts:18:44)
2026-10-01 09:11:13 [ERROR]: ❌ [[ScreenCommand] Erro:] connect ECONNREFUSED 127.0.0.1:3002
2026-10-01 09:11:13 [ERROR]:    Stack: at TCPConnectWrap.afterConnect [as oncomplete] (node:net:2017:16)
2026-10-01 09:11:15 [ERROR]: [DB] Falha ao registrar infração
2026-10-01 09:11:15 [ERROR]: [DB] Falha ao registrar infração
2026-10-01 09:11:15 [ERROR]: [DB] Falha ao registrar infração
2026-10-01 09:11:15 [ERROR]: [DB] Falha ao registrar infração
2026-10-01 09:11:15 [ERROR]: [DB] Falha ao registrar infração
2026-10-01 09:11:15 [ERROR]: [DB] Falha ao registrar infração
2026-10-01 09:11:15 [ERROR]: [DB] Falha ao registrar infração
2026-10-01 09:11:15 [ERROR]: [DB] Falha ao registrar infração
2026-10-01 09:11:15 [ERROR]: [DB] Falha ao registrar infração
2026-10-01 09:11:15 [ERROR]: ❌ [[Discord] Erro ao definir presença:] this.client.user?.setPresence is not a function
2026-10-01 09:11:15 [ERROR]: ❌ [[Discord] Erro ao definir presença:] this.client.user?.setPresence is not a function
2026-10-01 09:11:15 [ERROR]: ❌ [[Discord] Erro ao definir presença:] this.client.user?.setPresence is not a function
2026-10-01 09:11:19 [ERROR]: [memberJoinService] Erro ao processar entrada
2026-10-01 09:12:03 [ERROR]: ❌ [Erro no comando $stats:] SQLITE_ERROR: no such table: feedbacks
2026-10-01 09:12:03 [ERROR]:    Stack: 
2026-10-01 09:12:03 [ERROR]: ❌ [❌ Erro no $grupos:] ctx.client.getChats is not a function
2026-10-01 09:12:03 [ERROR]:    Stack: at Object.execute (D:\Desktop\Programas\bot-wpp\src\bot\commands\grupos.ts:18:44)
2026-10-01 09:12:03 [ERROR]: ❌ [[ScreenCommand] Erro:] connect ECONNREFUSED 127.0.0.1:3002
2026-10-01 09:12:03 [ERROR]:    Stack: at TCPConnectWrap.afterConnect [as oncomplete] (node:net:2017:16)
2026-10-01 09:12:13 [ERROR]: ❌ [Erro no comando $stats:] SQLITE_ERROR: no such table: feedbacks
2026-10-01 09:12:13 [ERROR]:    Stack: 
2026-10-01 09:12:13 [ERROR]: ❌ [❌ Erro no $grupos:] ctx.client.getChats is not a function
2026-10-01 09:12:13 [ERROR]:    Stack: at Object.execute (D:\Desktop\Programas\bot-wpp\src\bot\commands\grupos.ts:18:44)
2026-10-01 09:12:13 [ERROR]: ❌ [[ScreenCommand] Erro:] connect ECONNREFUSED 127.0.0.1:3002
2026-10-01 09:12:13 [ERROR]:    Stack: at TCPConnectWrap.afterConnect [as oncomplete] (node:net:2017:16)
2026-10-01 09:12:22 [ERROR]: ❌ [Erro no comando $stats:] SQLITE_ERROR: no such table: feedbacks
2026-10-01 09:12:22 [ERROR]:    Stack: 
2026-10-01 09:12:22 [ERROR]: ❌ [❌ Erro no $grupos:] ctx.client.getChats is not a function
2026-10-01 09:12:22 [ERROR]:    Stack: at Object.execute (D:\Desktop\Programas\bot-wpp\src\bot\commands\grupos.ts:18:44)
2026-10-01 09:12:22 [ERROR]: ❌ [[ScreenCommand] Erro:] connect ECONNREFUSED 127.0.0.1:3002
2026-10-01 09:12:22 [ERROR]:    Stack: at TCPConnectWrap.afterConnect [as oncomplete] (node:net:2017:16)
2026-10-01 09:12:56 [ERROR]: ❌ [Erro no comando $stats:] SQLITE_ERROR: no such table: feedbacks
2026-10-01 09:12:56 [ERROR]:    Stack: 
2026-10-01 09:12:56 [ERROR]: ❌ [❌ Erro no $grupos:] ctx.client.getChats is not a function
2026-10-01 09:12:56 [ERROR]:    Stack: at Object.execute (D:\Desktop\Programas\bot-wpp\src\bot\commands\grupos.ts:18:44)
2026-10-01 09:12:56 [ERROR]: ❌ [[ScreenCommand] Erro:] connect ECONNREFUSED 127.0.0.1:3002
2026-10-01 09:12:56 [ERROR]:    Stack: at TCPConnectWrap.afterConnect [as oncomplete] (node:net:2017:16)
2026-10-01 09:14:36 [ERROR]: [DB] Falha ao registrar infração
2026-10-01 09:14:37 [ERROR]: ❌ [Erro no comando $stats:] SQLITE_ERROR: no such table: feedbacks
2026-10-01 09:14:37 [ERROR]:    Stack: 
2026-10-01 09:14:38 [ERROR]: ❌ [❌ Erro no $grupos:] ctx.client.getChats is not a function
2026-10-01 09:14:38 [ERROR]:    Stack: at Object.execute (D:\Desktop\Programas\bot-wpp\src\bot\commands\grupos.ts:18:44)
2026-10-01 09:14:38 [ERROR]: ❌ [[ScreenCommand] Erro:] connect ECONNREFUSED 127.0.0.1:3002
2026-10-01 09:14:38 [ERROR]:    Stack: at TCPConnectWrap.afterConnect [as oncomplete] (node:net:2017:16)
2026-10-01 09:14:40 [ERROR]: [DB] Falha ao registrar infração
2026-10-01 09:14:40 [ERROR]: [DB] Falha ao registrar infração
2026-10-01 09:14:40 [ERROR]: [DB] Falha ao registrar infração
2026-10-01 09:14:40 [ERROR]: [DB] Falha ao registrar infração
2026-10-01 09:14:40 [ERROR]: [DB] Falha ao registrar infração
2026-10-01 09:14:40 [ERROR]: [DB] Falha ao registrar infração
2026-10-01 09:14:40 [ERROR]: [DB] Falha ao registrar infração
2026-10-01 09:14:40 [ERROR]: [DB] Falha ao registrar infração
2026-10-01 09:14:40 [ERROR]: [DB] Falha ao registrar infração
2026-10-01 09:14:42 [ERROR]: ❌ [[Discord] Erro ao definir presença:] this.client.user?.setPresence is not a function
2026-10-01 09:14:42 [ERROR]: ❌ [[Discord] Erro ao definir presença:] this.client.user?.setPresence is not a function
2026-10-01 09:14:42 [ERROR]: ❌ [[Discord] Erro ao definir presença:] this.client.user?.setPresence is not a function
2026-10-01 09:14:46 [ERROR]: [memberJoinService] Erro ao processar entrada
2026-10-01 09:15:04 [ERROR]: ❌ [Erro no comando $stats:] SQLITE_ERROR: no such table: feedbacks
2026-10-01 09:15:04 [ERROR]:    Stack: 
2026-10-01 09:15:04 [ERROR]: ❌ [❌ Erro no $grupos:] ctx.client.getChats is not a function
2026-10-01 09:15:04 [ERROR]:    Stack: at Object.execute (D:\Desktop\Programas\bot-wpp\src\bot\commands\grupos.ts:18:44)
2026-10-01 09:15:04 [ERROR]: [DB] Falha ao registrar infração
2026-10-01 09:15:04 [ERROR]: ❌ [[ScreenCommand] Erro:] connect ECONNREFUSED 127.0.0.1:3002
2026-10-01 09:15:04 [ERROR]:    Stack: at TCPConnectWrap.afterConnect [as oncomplete] (node:net:2017:16)
2026-10-01 09:15:05 [ERROR]: [DB] Falha ao registrar infração
2026-10-01 09:15:05 [ERROR]: [DB] Falha ao registrar infração
2026-10-01 09:15:05 [ERROR]: [DB] Falha ao registrar infração
2026-10-01 09:15:05 [ERROR]: [DB] Falha ao registrar infração
2026-10-01 09:15:05 [ERROR]: [DB] Falha ao registrar infração
2026-10-01 09:15:05 [ERROR]: [DB] Falha ao registrar infração
2026-10-01 09:15:05 [ERROR]: [DB] Falha ao registrar infração
2026-10-01 09:15:05 [ERROR]: [DB] Falha ao registrar infração
2026-10-01 09:15:05 [ERROR]: [DB] Falha ao registrar infração
2026-10-01 09:15:06 [ERROR]: ❌ [[Discord] Erro ao definir presença:] this.client.user?.setPresence is not a function
2026-10-01 09:15:06 [ERROR]: ❌ [[Discord] Erro ao definir presença:] this.client.user?.setPresence is not a function
2026-10-01 09:15:06 [ERROR]: ❌ [[Discord] Erro ao definir presença:] this.client.user?.setPresence is not a function
2026-10-01 09:15:10 [ERROR]: [memberJoinService] Erro ao processar entrada
2026-10-01 09:15:26 [ERROR]: ❌ [Erro no comando $stats:] SQLITE_ERROR: no such table: feedbacks
2026-10-01 09:15:26 [ERROR]:    Stack: 
2026-10-01 09:15:26 [ERROR]: ❌ [❌ Erro no $grupos:] ctx.client.getChats is not a function
2026-10-01 09:15:26 [ERROR]:    Stack: at Object.execute (D:\Desktop\Programas\bot-wpp\src\bot\commands\grupos.ts:18:44)
2026-10-01 09:15:26 [ERROR]: ❌ [[ScreenCommand] Erro:] connect ECONNREFUSED 127.0.0.1:3002
2026-10-01 09:15:26 [ERROR]:    Stack: at TCPConnectWrap.afterConnect [as oncomplete] (node:net:2017:16)
2026-10-01 09:15:26 [ERROR]: [DB] Falha ao registrar infração
2026-10-01 09:15:30 [ERROR]: [DB] Falha ao registrar infração
2026-10-01 09:15:30 [ERROR]: [DB] Falha ao registrar infração
2026-10-01 09:15:30 [ERROR]: [DB] Falha ao registrar infração
2026-10-01 09:15:30 [ERROR]: [DB] Falha ao registrar infração
2026-10-01 09:15:30 [ERROR]: [DB] Falha ao registrar infração
2026-10-01 09:15:30 [ERROR]: [DB] Falha ao registrar infração
2026-10-01 09:15:30 [ERROR]: [DB] Falha ao registrar infração
2026-10-01 09:15:30 [ERROR]: [DB] Falha ao registrar infração
2026-10-01 09:15:30 [ERROR]: [DB] Falha ao registrar infração
2026-10-01 09:15:32 [ERROR]: ❌ [[Discord] Erro ao definir presença:] this.client.user?.setPresence is not a function
2026-10-01 09:15:32 [ERROR]: ❌ [[Discord] Erro ao definir presença:] this.client.user?.setPresence is not a function
2026-10-01 09:15:32 [ERROR]: ❌ [[Discord] Erro ao definir presença:] this.client.user?.setPresence is not a function
2026-10-01 09:15:33 [ERROR]: [memberJoinService] Erro ao processar entrada
2026-10-01 09:15:57 [ERROR]: ❌ [Erro no comando $stats:] SQLITE_ERROR: no such table: feedbacks
2026-10-01 09:15:57 [ERROR]:    Stack: 
2026-10-01 09:15:57 [ERROR]: ❌ [❌ Erro no $grupos:] ctx.client.getChats is not a function
2026-10-01 09:15:57 [ERROR]:    Stack: at Object.execute (D:\Desktop\Programas\bot-wpp\src\bot\commands\grupos.ts:18:44)
2026-10-01 09:15:57 [ERROR]: ❌ [[ScreenCommand] Erro:] connect ECONNREFUSED 127.0.0.1:3002
2026-10-01 09:15:57 [ERROR]:    Stack: at TCPConnectWrap.afterConnect [as oncomplete] (node:net:2017:16)
2026-10-01 09:15:59 [ERROR]: [DB] Falha ao registrar infração
2026-10-01 09:15:59 [ERROR]: [DB] Falha ao registrar infração
2026-10-01 09:15:59 [ERROR]: [DB] Falha ao registrar infração
2026-10-01 09:15:59 [ERROR]: [DB] Falha ao registrar infração
2026-10-01 09:15:59 [ERROR]: [DB] Falha ao registrar infração
2026-10-01 09:15:59 [ERROR]: [DB] Falha ao registrar infração
2026-10-01 09:15:59 [ERROR]: [DB] Falha ao registrar infração
2026-10-01 09:15:59 [ERROR]: [DB] Falha ao registrar infração
2026-10-01 09:15:59 [ERROR]: [DB] Falha ao registrar infração
2026-10-01 09:15:59 [ERROR]: [DB] Falha ao registrar infração
2026-10-01 09:16:01 [ERROR]: ❌ [[Discord] Erro ao definir presença:] this.client.user?.setPresence is not a function
2026-10-01 09:16:01 [ERROR]: ❌ [[Discord] Erro ao definir presença:] this.client.user?.setPresence is not a function
2026-10-01 09:16:01 [ERROR]: ❌ [[Discord] Erro ao definir presença:] this.client.user?.setPresence is not a function
2026-10-01 09:16:03 [ERROR]: [memberJoinService] Erro ao processar entrada
2026-10-01 09:16:44 [ERROR]: ❌ [Erro no comando $stats:] SQLITE_ERROR: no such table: feedbacks
2026-10-01 09:16:44 [ERROR]:    Stack: 
2026-10-01 09:16:44 [ERROR]: ❌ [❌ Erro no $grupos:] ctx.client.getChats is not a function
2026-10-01 09:16:44 [ERROR]:    Stack: at Object.execute (D:\Desktop\Programas\bot-wpp\src\bot\commands\grupos.ts:18:44)
2026-10-01 09:16:45 [ERROR]: ❌ [[ScreenCommand] Erro:] connect ECONNREFUSED 127.0.0.1:3002
2026-10-01 09:16:45 [ERROR]:    Stack: at TCPConnectWrap.afterConnect [as oncomplete] (node:net:2017:16)
2026-10-01 09:16:50 [ERROR]: [DB] Falha ao registrar infração
2026-10-01 09:16:53 [ERROR]: [DB] Falha ao registrar infração
2026-10-01 09:16:53 [ERROR]: [DB] Falha ao registrar infração
2026-10-01 09:16:53 [ERROR]: [DB] Falha ao registrar infração
2026-10-01 09:16:53 [ERROR]: [DB] Falha ao registrar infração
2026-10-01 09:16:53 [ERROR]: [DB] Falha ao registrar infração
2026-10-01 09:16:53 [ERROR]: [DB] Falha ao registrar infração
2026-10-01 09:16:53 [ERROR]: [DB] Falha ao registrar infração
2026-10-01 09:16:53 [ERROR]: [DB] Falha ao registrar infração
2026-10-01 09:16:53 [ERROR]: [DB] Falha ao registrar infração
2026-10-01 09:17:02 [ERROR]: ❌ [[Discord] Erro ao definir presença:] this.client.user?.setPresence is not a function
2026-10-01 09:17:02 [ERROR]: ❌ [[Discord] Erro ao definir presença:] this.client.user?.setPresence is not a function
2026-10-01 09:17:02 [ERROR]: ❌ [[Discord] Erro ao definir presença:] this.client.user?.setPresence is not a function
2026-10-01 09:17:08 [ERROR]: [memberJoinService] Erro ao processar entrada
2026-10-01 09:18:22 [ERROR]: [DB] Falha ao registrar infração
2026-10-01 09:18:24 [ERROR]: ❌ [Erro no comando $stats:] SQLITE_ERROR: no such table: feedbacks
2026-10-01 09:18:24 [ERROR]:    Stack: 
2026-10-01 09:18:24 [ERROR]: ❌ [❌ Erro no $grupos:] ctx.client.getChats is not a function
2026-10-01 09:18:24 [ERROR]:    Stack: at Object.execute (D:\Desktop\Programas\bot-wpp\src\bot\commands\grupos.ts:18:44)
2026-10-01 09:18:24 [ERROR]: ❌ [[ScreenCommand] Erro:] connect ECONNREFUSED 127.0.0.1:3002
2026-10-01 09:18:24 [ERROR]:    Stack: at TCPConnectWrap.afterConnect [as oncomplete] (node:net:2017:16)
2026-10-01 09:18:28 [ERROR]: [DB] Falha ao registrar infração
2026-10-01 09:18:28 [ERROR]: [DB] Falha ao registrar infração
2026-10-01 09:18:28 [ERROR]: [DB] Falha ao registrar infração
2026-10-01 09:18:28 [ERROR]: [DB] Falha ao registrar infração
2026-10-01 09:18:28 [ERROR]: [DB] Falha ao registrar infração
2026-10-01 09:18:28 [ERROR]: [DB] Falha ao registrar infração
2026-10-01 09:18:28 [ERROR]: [DB] Falha ao registrar infração
2026-10-01 09:18:28 [ERROR]: [DB] Falha ao registrar infração
2026-10-01 09:18:28 [ERROR]: [DB] Falha ao registrar infração
2026-10-01 09:18:28 [ERROR]: ❌ [[Discord] Erro ao definir presença:] this.client.user?.setPresence is not a function
2026-10-01 09:18:28 [ERROR]: ❌ [[Discord] Erro ao definir presença:] this.client.user?.setPresence is not a function
2026-10-01 09:18:28 [ERROR]: ❌ [[Discord] Erro ao definir presença:] this.client.user?.setPresence is not a function
2026-10-01 09:18:29 [ERROR]: [memberJoinService] Erro ao processar entrada
2026-10-01 09:18:53 [ERROR]: [DB] Falha ao registrar infração
2026-10-01 09:18:54 [ERROR]: ❌ [Erro no comando $stats:] SQLITE_ERROR: no such table: feedbacks
2026-10-01 09:18:54 [ERROR]:    Stack: 
2026-10-01 09:18:54 [ERROR]: ❌ [❌ Erro no $grupos:] ctx.client.getChats is not a function
2026-10-01 09:18:54 [ERROR]:    Stack: at Object.execute (D:\Desktop\Programas\bot-wpp\src\bot\commands\grupos.ts:18:44)
2026-10-01 09:18:54 [ERROR]: [DB] Falha ao registrar infração
2026-10-01 09:18:54 [ERROR]: ❌ [[ScreenCommand] Erro:] connect ECONNREFUSED 127.0.0.1:3002
2026-10-01 09:18:54 [ERROR]: [DB] Falha ao registrar infração
2026-10-01 09:18:54 [ERROR]: [DB] Falha ao registrar infração
2026-10-01 09:18:54 [ERROR]: [DB] Falha ao registrar infração
2026-10-01 09:18:54 [ERROR]: [DB] Falha ao registrar infração
2026-10-01 09:18:54 [ERROR]: [DB] Falha ao registrar infração
2026-10-01 09:18:54 [ERROR]: [DB] Falha ao registrar infração
2026-10-01 09:18:54 [ERROR]: [DB] Falha ao registrar infração
2026-10-01 09:18:54 [ERROR]: [DB] Falha ao registrar infração
2026-10-01 09:18:54 [ERROR]:    Stack: at TCPConnectWrap.afterConnect [as oncomplete] (node:net:2017:16)
2026-10-01 09:18:56 [ERROR]: ❌ [[Discord] Erro ao definir presença:] this.client.user?.setPresence is not a function
2026-10-01 09:18:56 [ERROR]: ❌ [[Discord] Erro ao definir presença:] this.client.user?.setPresence is not a function
2026-10-01 09:18:56 [ERROR]: ❌ [[Discord] Erro ao definir presença:] this.client.user?.setPresence is not a function
2026-10-01 09:18:58 [ERROR]: [memberJoinService] Erro ao processar entrada
2026-10-01 09:19:13 [ERROR]: [DB] Falha ao registrar infração
2026-10-01 09:19:13 [ERROR]: [DB] Falha ao registrar infração
2026-10-01 09:19:13 [ERROR]: [DB] Falha ao registrar infração
2026-10-01 09:19:13 [ERROR]: [DB] Falha ao registrar infração
2026-10-01 09:19:13 [ERROR]: [DB] Falha ao registrar infração
2026-10-01 09:19:13 [ERROR]: [DB] Falha ao registrar infração
2026-10-01 09:19:14 [ERROR]: [DB] Falha ao registrar infração
2026-10-01 09:19:14 [ERROR]: [DB] Falha ao registrar infração
2026-10-01 09:19:14 [ERROR]: [DB] Falha ao registrar infração
2026-10-01 09:19:15 [ERROR]: ❌ [Erro no comando $stats:] SQLITE_ERROR: no such table: feedbacks
2026-10-01 09:19:15 [ERROR]:    Stack: 
2026-10-01 09:19:15 [ERROR]: ❌ [❌ Erro no $grupos:] ctx.client.getChats is not a function
2026-10-01 09:19:15 [ERROR]:    Stack: at Object.execute (D:\Desktop\Programas\bot-wpp\src\bot\commands\grupos.ts:18:44)
2026-10-01 09:19:15 [ERROR]: ❌ [[ScreenCommand] Erro:] connect ECONNREFUSED 127.0.0.1:3002
2026-10-01 09:19:15 [ERROR]:    Stack: at TCPConnectWrap.afterConnect [as oncomplete] (node:net:2017:16)
2026-10-01 09:19:16 [ERROR]: [DB] Falha ao registrar infração
2026-10-01 09:19:17 [ERROR]: ❌ [[Discord] Erro ao definir presença:] this.client.user?.setPresence is not a function
2026-10-01 09:19:17 [ERROR]: ❌ [[Discord] Erro ao definir presença:] this.client.user?.setPresence is not a function
2026-10-01 09:19:17 [ERROR]: ❌ [[Discord] Erro ao definir presença:] this.client.user?.setPresence is not a function
2026-10-01 09:19:21 [ERROR]: [memberJoinService] Erro ao processar entrada
2026-10-01 09:21:34 [ERROR]: [DB] Falha ao registrar infração
2026-10-01 09:21:34 [ERROR]: [DB] Falha ao registrar infração
2026-10-01 09:21:34 [ERROR]: [DB] Falha ao registrar infração
2026-10-01 09:21:34 [ERROR]: [DB] Falha ao registrar infração
2026-10-01 09:21:34 [ERROR]: [DB] Falha ao registrar infração
2026-10-01 09:21:34 [ERROR]: [DB] Falha ao registrar infração
2026-10-01 09:21:34 [ERROR]: [DB] Falha ao registrar infração
2026-10-01 09:21:34 [ERROR]: [DB] Falha ao registrar infração
2026-10-01 09:21:34 [ERROR]: [DB] Falha ao registrar infração
2026-10-01 09:21:36 [ERROR]: ❌ [Erro no comando $stats:] SQLITE_ERROR: no such table: feedbacks
2026-10-01 09:21:36 [ERROR]:    Stack: 
2026-10-01 09:21:36 [ERROR]: ❌ [❌ Erro no $grupos:] ctx.client.getChats is not a function
2026-10-01 09:21:36 [ERROR]:    Stack: at Object.execute (D:\Desktop\Programas\bot-wpp\src\bot\commands\grupos.ts:18:44)
2026-10-01 09:21:36 [ERROR]: ❌ [[ScreenCommand] Erro:] connect ECONNREFUSED 127.0.0.1:3002
2026-10-01 09:21:36 [ERROR]: [DB] Falha ao registrar infração
2026-10-01 09:21:36 [ERROR]:    Stack: at TCPConnectWrap.afterConnect [as oncomplete] (node:net:2017:16)
2026-10-01 09:21:38 [ERROR]: ❌ [[Discord] Erro ao definir presença:] this.client.user?.setPresence is not a function
2026-10-01 09:21:38 [ERROR]: ❌ [[Discord] Erro ao definir presença:] this.client.user?.setPresence is not a function
2026-10-01 09:21:38 [ERROR]: ❌ [[Discord] Erro ao definir presença:] this.client.user?.setPresence is not a function
2026-10-01 09:21:39 [ERROR]: [memberJoinService] Erro ao processar entrada
2026-10-01 09:47:34 [ERROR]: [DB] Falha ao registrar infração
2026-10-01 09:47:36 [ERROR]: [DB] Falha ao registrar infração
2026-10-01 09:47:36 [ERROR]: [DB] Falha ao registrar infração
2026-10-01 09:47:36 [ERROR]: [DB] Falha ao registrar infração
2026-10-01 09:47:36 [ERROR]: [DB] Falha ao registrar infração
2026-10-01 09:47:36 [ERROR]: [DB] Falha ao registrar infração
2026-10-01 09:47:36 [ERROR]: [DB] Falha ao registrar infração
2026-10-01 09:47:36 [ERROR]: [DB] Falha ao registrar infração
2026-10-01 09:47:36 [ERROR]: [DB] Falha ao registrar infração
2026-10-01 09:47:36 [ERROR]: [DB] Falha ao registrar infração
2026-10-01 09:47:36 [ERROR]: ❌ [Erro no comando $stats:] SQLITE_ERROR: no such table: feedbacks
2026-10-01 09:47:36 [ERROR]:    Stack: 
2026-10-01 09:47:36 [ERROR]: ❌ [❌ Erro no $grupos:] ctx.client.getChats is not a function
2026-10-01 09:47:36 [ERROR]:    Stack: at Object.execute (D:\Desktop\Programas\bot-wpp\src\bot\commands\grupos.ts:18:44)
2026-10-01 09:47:36 [ERROR]: ❌ [[ScreenCommand] Erro:] connect ECONNREFUSED 127.0.0.1:3002
2026-10-01 09:47:36 [ERROR]:    Stack: at TCPConnectWrap.afterConnect [as oncomplete] (node:net:2017:16)
2026-10-01 09:47:39 [ERROR]: ❌ [[Discord] Erro ao definir presença:] this.client.user?.setPresence is not a function
2026-10-01 09:47:39 [ERROR]: ❌ [[Discord] Erro ao definir presença:] this.client.user?.setPresence is not a function
2026-10-01 09:47:39 [ERROR]: ❌ [[Discord] Erro ao definir presença:] this.client.user?.setPresence is not a function
2026-10-01 09:47:41 [ERROR]: [memberJoinService] Erro ao processar entrada
2026-10-01 09:51:08 [ERROR]: [DB] Falha ao registrar infração
2026-10-01 09:51:12 [ERROR]: [DB] Falha ao registrar infração
2026-10-01 09:51:12 [ERROR]: ❌ [Erro no comando $stats:] SQLITE_ERROR: no such table: feedbacks
2026-10-01 09:51:12 [ERROR]:    Stack: 
2026-10-01 09:51:12 [ERROR]: ❌ [❌ Erro no $grupos:] ctx.client.getChats is not a function
2026-10-01 09:51:12 [ERROR]:    Stack: at Object.execute (D:\Desktop\Programas\bot-wpp\src\bot\commands\grupos.ts:18:44)
2026-10-01 09:51:12 [ERROR]: [DB] Falha ao registrar infração
2026-10-01 09:51:12 [ERROR]: [DB] Falha ao registrar infração
2026-10-01 09:51:12 [ERROR]: [DB] Falha ao registrar infração
2026-10-01 09:51:12 [ERROR]: [DB] Falha ao registrar infração
2026-10-01 09:51:12 [ERROR]: [DB] Falha ao registrar infração
2026-10-01 09:51:12 [ERROR]: [DB] Falha ao registrar infração
2026-10-01 09:51:12 [ERROR]: [DB] Falha ao registrar infração
2026-10-01 09:51:12 [ERROR]: [DB] Falha ao registrar infração
2026-10-01 09:51:12 [ERROR]: ❌ [[ScreenCommand] Erro:] connect ECONNREFUSED 127.0.0.1:3002
2026-10-01 09:51:12 [ERROR]:    Stack: at TCPConnectWrap.afterConnect [as oncomplete] (node:net:2017:16)
2026-10-01 09:51:14 [ERROR]: ❌ [[Discord] Erro ao definir presença:] this.client.user?.setPresence is not a function
2026-10-01 09:51:14 [ERROR]: ❌ [[Discord] Erro ao definir presença:] this.client.user?.setPresence is not a function
2026-10-01 09:51:14 [ERROR]: ❌ [[Discord] Erro ao definir presença:] this.client.user?.setPresence is not a function
2026-10-01 09:51:16 [ERROR]: [memberJoinService] Erro ao processar entrada
2026-10-01 09:54:30 [ERROR]: [DB] Falha ao registrar infração
2026-10-01 09:54:34 [ERROR]: [DB] Falha ao registrar infração
2026-10-01 09:54:34 [ERROR]: ❌ [Erro no comando $stats:] SQLITE_ERROR: no such table: feedbacks
2026-10-01 09:54:34 [ERROR]:    Stack: 
2026-10-01 09:54:34 [ERROR]: ❌ [❌ Erro no $grupos:] ctx.client.getChats is not a function
2026-10-01 09:54:34 [ERROR]:    Stack: at Object.execute (D:\Desktop\Programas\bot-wpp\src\bot\commands\grupos.ts:18:44)
2026-10-01 09:54:34 [ERROR]: [DB] Falha ao registrar infração
2026-10-01 09:54:34 [ERROR]: [DB] Falha ao registrar infração
2026-10-01 09:54:34 [ERROR]: [DB] Falha ao registrar infração
2026-10-01 09:54:34 [ERROR]: [DB] Falha ao registrar infração
2026-10-01 09:54:34 [ERROR]: [DB] Falha ao registrar infração
2026-10-01 09:54:34 [ERROR]: [DB] Falha ao registrar infração
2026-10-01 09:54:34 [ERROR]: [DB] Falha ao registrar infração
2026-10-01 09:54:34 [ERROR]: [DB] Falha ao registrar infração
2026-10-01 09:54:34 [ERROR]: ❌ [[ScreenCommand] Erro:] connect ECONNREFUSED 127.0.0.1:3002
2026-10-01 09:54:34 [ERROR]:    Stack: at TCPConnectWrap.afterConnect [as oncomplete] (node:net:2017:16)
2026-10-01 09:54:36 [ERROR]: ❌ [[Discord] Erro ao definir presença:] this.client.user?.setPresence is not a function
2026-10-01 09:54:36 [ERROR]: ❌ [[Discord] Erro ao definir presença:] this.client.user?.setPresence is not a function
2026-10-01 09:54:36 [ERROR]: ❌ [[Discord] Erro ao definir presença:] this.client.user?.setPresence is not a function
2026-10-01 09:54:36 [ERROR]: [memberJoinService] Erro ao processar entrada
2026-10-01 10:00:08 [ERROR]: [DB] Falha ao registrar infração
2026-10-01 10:00:12 [ERROR]: ❌ [Erro no comando $stats:] SQLITE_ERROR: no such table: feedbacks
2026-10-01 10:00:12 [ERROR]:    Stack: 
2026-10-01 10:00:12 [ERROR]: ❌ [❌ Erro no $grupos:] ctx.client.getChats is not a function
2026-10-01 10:00:12 [ERROR]:    Stack: at Object.execute (D:\Desktop\Programas\bot-wpp\src\bot\commands\grupos.ts:18:44)
2026-10-01 10:00:12 [ERROR]: ❌ [[ScreenCommand] Erro:] connect ECONNREFUSED 127.0.0.1:3002
2026-10-01 10:00:13 [ERROR]: [DB] Falha ao registrar infração
2026-10-01 10:00:12 [ERROR]:    Stack: at TCPConnectWrap.afterConnect [as oncomplete] (node:net:2017:16)
2026-10-01 10:00:13 [ERROR]: [DB] Falha ao registrar infração
2026-10-01 10:00:13 [ERROR]: [DB] Falha ao registrar infração
2026-10-01 10:00:13 [ERROR]: [DB] Falha ao registrar infração
2026-10-01 10:00:13 [ERROR]: [DB] Falha ao registrar infração
2026-10-01 10:00:13 [ERROR]: [DB] Falha ao registrar infração
2026-10-01 10:00:13 [ERROR]: [DB] Falha ao registrar infração
2026-10-01 10:00:13 [ERROR]: [DB] Falha ao registrar infração
2026-10-01 10:00:13 [ERROR]: [DB] Falha ao registrar infração
2026-10-01 10:00:15 [ERROR]: ❌ [[Discord] Erro ao definir presença:] this.client.user?.setPresence is not a function
2026-10-01 10:00:15 [ERROR]: ❌ [[Discord] Erro ao definir presença:] this.client.user?.setPresence is not a function
2026-10-01 10:00:15 [ERROR]: ❌ [[Discord] Erro ao definir presença:] this.client.user?.setPresence is not a function
2026-10-01 10:00:17 [ERROR]: [memberJoinService] Erro ao processar entrada
2026-10-01 10:03:19 [ERROR]: [DB] Falha ao registrar infração
2026-10-01 10:03:22 [ERROR]: ❌ [Erro no comando $stats:] SQLITE_ERROR: no such table: feedbacks
2026-10-01 10:03:22 [ERROR]:    Stack: 
2026-10-01 10:03:22 [ERROR]: ❌ [❌ Erro no $grupos:] ctx.client.getChats is not a function
2026-10-01 10:03:22 [ERROR]:    Stack: at Object.execute (D:\Desktop\Programas\bot-wpp\src\bot\commands\grupos.ts:18:44)
2026-10-01 10:03:23 [ERROR]: ❌ [[ScreenCommand] Erro:] connect ECONNREFUSED 127.0.0.1:3002
2026-10-01 10:03:23 [ERROR]:    Stack: at TCPConnectWrap.afterConnect [as oncomplete] (node:net:2017:16)
2026-10-01 10:03:24 [ERROR]: ❌ [[Discord] Erro ao definir presença:] this.client.user?.setPresence is not a function
2026-10-01 10:03:24 [ERROR]: ❌ [[Discord] Erro ao definir presença:] this.client.user?.setPresence is not a function
2026-10-01 10:03:24 [ERROR]: ❌ [[Discord] Erro ao definir presença:] this.client.user?.setPresence is not a function
2026-10-01 10:03:27 [ERROR]: [DB] Falha ao registrar infração
2026-10-01 10:03:27 [ERROR]: [DB] Falha ao registrar infração
2026-10-01 10:03:27 [ERROR]: [DB] Falha ao registrar infração
2026-10-01 10:03:27 [ERROR]: [DB] Falha ao registrar infração
2026-10-01 10:03:27 [ERROR]: [DB] Falha ao registrar infração
2026-10-01 10:03:27 [ERROR]: [DB] Falha ao registrar infração
2026-10-01 10:03:27 [ERROR]: [DB] Falha ao registrar infração
2026-10-01 10:03:27 [ERROR]: [DB] Falha ao registrar infração
2026-10-01 10:03:27 [ERROR]: [DB] Falha ao registrar infração
2026-10-01 10:03:31 [ERROR]: [memberJoinService] Erro ao processar entrada
2026-10-01 10:04:42 [ERROR]: [DB] Falha ao registrar infração
2026-10-01 10:04:46 [ERROR]: [DB] Falha ao registrar infração
2026-10-01 10:04:46 [ERROR]: ❌ [Erro no comando $stats:] SQLITE_ERROR: no such table: feedbacks
2026-10-01 10:04:46 [ERROR]:    Stack: 
2026-10-01 10:04:46 [ERROR]: ❌ [❌ Erro no $grupos:] ctx.client.getChats is not a function
2026-10-01 10:04:46 [ERROR]:    Stack: at Object.execute (D:\Desktop\Programas\bot-wpp\src\bot\commands\grupos.ts:18:44)
2026-10-01 10:04:46 [ERROR]: ❌ [[ScreenCommand] Erro:] connect ECONNREFUSED 127.0.0.1:3002
2026-10-01 10:04:46 [ERROR]: [DB] Falha ao registrar infração
2026-10-01 10:04:46 [ERROR]: [DB] Falha ao registrar infração
2026-10-01 10:04:46 [ERROR]: [DB] Falha ao registrar infração
2026-10-01 10:04:46 [ERROR]: [DB] Falha ao registrar infração
2026-10-01 10:04:46 [ERROR]: [DB] Falha ao registrar infração
2026-10-01 10:04:46 [ERROR]: [DB] Falha ao registrar infração
2026-10-01 10:04:46 [ERROR]: [DB] Falha ao registrar infração
2026-10-01 10:04:46 [ERROR]: [DB] Falha ao registrar infração
2026-10-01 10:04:46 [ERROR]:    Stack: at TCPConnectWrap.afterConnect [as oncomplete] (node:net:2017:16)
2026-10-01 10:04:47 [ERROR]: ❌ [[Discord] Erro ao definir presença:] this.client.user?.setPresence is not a function
2026-10-01 10:04:47 [ERROR]: ❌ [[Discord] Erro ao definir presença:] this.client.user?.setPresence is not a function
2026-10-01 10:04:47 [ERROR]: ❌ [[Discord] Erro ao definir presença:] this.client.user?.setPresence is not a function
2026-10-01 10:04:49 [ERROR]: [memberJoinService] Erro ao processar entrada
2026-10-01 10:13:07 [ERROR]: [DB] Falha ao registrar infração
2026-10-01 10:13:10 [ERROR]: [DB] Falha ao registrar infração
2026-10-01 10:13:11 [ERROR]: [DB] Falha ao registrar infração
2026-10-01 10:13:11 [ERROR]: [DB] Falha ao registrar infração
2026-10-01 10:13:11 [ERROR]: [DB] Falha ao registrar infração
2026-10-01 10:13:11 [ERROR]: [DB] Falha ao registrar infração
2026-10-01 10:13:11 [ERROR]: [DB] Falha ao registrar infração
2026-10-01 10:13:11 [ERROR]: [DB] Falha ao registrar infração
2026-10-01 10:13:11 [ERROR]: [DB] Falha ao registrar infração
2026-10-01 10:13:11 [ERROR]: [DB] Falha ao registrar infração
2026-10-01 10:13:12 [ERROR]: ❌ [[Discord] Erro ao definir presença:] this.client.user?.setPresence is not a function
2026-10-01 10:13:12 [ERROR]: ❌ [[Discord] Erro ao definir presença:] this.client.user?.setPresence is not a function
2026-10-01 10:13:12 [ERROR]: ❌ [[Discord] Erro ao definir presença:] this.client.user?.setPresence is not a function
2026-10-01 10:13:22 [ERROR]: ❌ [Erro no comando $stats:] SQLITE_ERROR: no such table: feedbacks
2026-10-01 10:13:22 [ERROR]:    Stack: 
2026-10-01 10:13:22 [ERROR]: ❌ [❌ Erro no $grupos:] ctx.client.getChats is not a function
2026-10-01 10:13:22 [ERROR]:    Stack: at Object.execute (D:\Desktop\Programas\bot-wpp\src\bot\commands\grupos.ts:18:44)
2026-10-01 10:13:22 [ERROR]: ❌ [[ScreenCommand] Erro:] connect ECONNREFUSED 127.0.0.1:3002
2026-10-01 10:13:22 [ERROR]:    Stack: at TCPConnectWrap.afterConnect [as oncomplete] (node:net:2017:16)
2026-10-01 10:13:25 [ERROR]: [memberJoinService] Erro ao processar entrada
2026-10-01 10:16:03 [ERROR]: [DB] Falha ao registrar infração
2026-10-01 10:16:06 [ERROR]: [DB] Falha ao registrar infração
2026-10-01 10:16:06 [ERROR]: [DB] Falha ao registrar infração
2026-10-01 10:16:07 [ERROR]: [DB] Falha ao registrar infração
2026-10-01 10:16:07 [ERROR]: [DB] Falha ao registrar infração
2026-10-01 10:16:07 [ERROR]: [DB] Falha ao registrar infração
2026-10-01 10:16:07 [ERROR]: [DB] Falha ao registrar infração
2026-10-01 10:16:07 [ERROR]: [DB] Falha ao registrar infração
2026-10-01 10:16:07 [ERROR]: [DB] Falha ao registrar infração
2026-10-01 10:16:07 [ERROR]: [DB] Falha ao registrar infração
2026-10-01 10:16:07 [ERROR]: ❌ [Erro no comando $stats:] SQLITE_ERROR: no such table: feedbacks
2026-10-01 10:16:07 [ERROR]:    Stack: 
2026-10-01 10:16:07 [ERROR]: ❌ [❌ Erro no $grupos:] ctx.client.getChats is not a function
2026-10-01 10:16:07 [ERROR]:    Stack: at Object.execute (D:\Desktop\Programas\bot-wpp\src\bot\commands\grupos.ts:18:44)
2026-10-01 10:16:07 [ERROR]: ❌ [[ScreenCommand] Erro:] connect ECONNREFUSED 127.0.0.1:3002
2026-10-01 10:16:07 [ERROR]:    Stack: at TCPConnectWrap.afterConnect [as oncomplete] (node:net:2017:16)
2026-10-01 10:16:09 [ERROR]: ❌ [[Discord] Erro ao definir presença:] this.client.user?.setPresence is not a function
2026-10-01 10:16:09 [ERROR]: ❌ [[Discord] Erro ao definir presença:] this.client.user?.setPresence is not a function
2026-10-01 10:16:09 [ERROR]: ❌ [[Discord] Erro ao definir presença:] this.client.user?.setPresence is not a function
2026-10-01 10:16:10 [ERROR]: [memberJoinService] Erro ao processar entrada
2026-10-01 10:16:26 [ERROR]: [DB] Falha ao registrar infração
2026-10-01 10:16:27 [ERROR]: [DB] Falha ao registrar infração
2026-10-01 10:16:27 [ERROR]: [DB] Falha ao registrar infração
2026-10-01 10:16:27 [ERROR]: [DB] Falha ao registrar infração
2026-10-01 10:16:27 [ERROR]: [DB] Falha ao registrar infração
2026-10-01 10:16:27 [ERROR]: [DB] Falha ao registrar infração
2026-10-01 10:16:27 [ERROR]: [DB] Falha ao registrar infração
2026-10-01 10:16:27 [ERROR]: [DB] Falha ao registrar infração
2026-10-01 10:16:27 [ERROR]: [DB] Falha ao registrar infração
2026-10-01 10:16:27 [ERROR]: [DB] Falha ao registrar infração
2026-10-01 10:16:29 [ERROR]: ❌ [Erro no comando $stats:] SQLITE_ERROR: no such table: feedbacks
2026-10-01 10:16:29 [ERROR]:    Stack: 
2026-10-01 10:16:29 [ERROR]: ❌ [❌ Erro no $grupos:] ctx.client.getChats is not a function
2026-10-01 10:16:29 [ERROR]:    Stack: at Object.execute (D:\Desktop\Programas\bot-wpp\src\bot\commands\grupos.ts:18:44)
2026-10-01 10:16:29 [ERROR]: ❌ [[ScreenCommand] Erro:] connect ECONNREFUSED 127.0.0.1:3002
2026-10-01 10:16:29 [ERROR]:    Stack: at TCPConnectWrap.afterConnect [as oncomplete] (node:net:2017:16)
2026-10-01 10:16:31 [ERROR]: ❌ [[Discord] Erro ao definir presença:] this.client.user?.setPresence is not a function
2026-10-01 10:16:31 [ERROR]: ❌ [[Discord] Erro ao definir presença:] this.client.user?.setPresence is not a function
2026-10-01 10:16:31 [ERROR]: ❌ [[Discord] Erro ao definir presença:] this.client.user?.setPresence is not a function
2026-10-01 10:16:32 [ERROR]: [memberJoinService] Erro ao processar entrada
2026-10-01 10:16:45 [ERROR]: [DB] Falha ao registrar infração
2026-10-01 10:16:46 [ERROR]: ❌ [Erro no comando $stats:] SQLITE_ERROR: no such table: feedbacks
2026-10-01 10:16:46 [ERROR]:    Stack: 
2026-10-01 10:16:46 [ERROR]: ❌ [❌ Erro no $grupos:] ctx.client.getChats is not a function
2026-10-01 10:16:46 [ERROR]:    Stack: at Object.execute (D:\Desktop\Programas\bot-wpp\src\bot\commands\grupos.ts:18:44)
2026-10-01 10:16:46 [ERROR]: [DB] Falha ao registrar infração
2026-10-01 10:16:46 [ERROR]: ❌ [[ScreenCommand] Erro:] connect ECONNREFUSED 127.0.0.1:3002
2026-10-01 10:16:46 [ERROR]: [DB] Falha ao registrar infração
2026-10-01 10:16:46 [ERROR]: [DB] Falha ao registrar infração
2026-10-01 10:16:46 [ERROR]: [DB] Falha ao registrar infração
2026-10-01 10:16:46 [ERROR]: [DB] Falha ao registrar infração
2026-10-01 10:16:46 [ERROR]: [DB] Falha ao registrar infração
2026-10-01 10:16:46 [ERROR]: [DB] Falha ao registrar infração
2026-10-01 10:16:46 [ERROR]: [DB] Falha ao registrar infração
2026-10-01 10:16:46 [ERROR]: [DB] Falha ao registrar infração
2026-10-01 10:16:46 [ERROR]:    Stack: at TCPConnectWrap.afterConnect [as oncomplete] (node:net:2017:16)
2026-10-01 10:16:48 [ERROR]: ❌ [[Discord] Erro ao definir presença:] this.client.user?.setPresence is not a function
2026-10-01 10:16:48 [ERROR]: ❌ [[Discord] Erro ao definir presença:] this.client.user?.setPresence is not a function
2026-10-01 10:16:48 [ERROR]: ❌ [[Discord] Erro ao definir presença:] this.client.user?.setPresence is not a function
2026-10-01 10:16:50 [ERROR]: [memberJoinService] Erro ao processar entrada
2026-10-01 10:45:29 [ERROR]: [DB] Falha ao registrar infração
2026-10-01 10:45:31 [ERROR]: ❌ [Erro no comando $stats:] SQLITE_ERROR: no such table: feedbacks
2026-10-01 10:45:31 [ERROR]:    Stack: 
2026-10-01 10:45:31 [ERROR]: ❌ [❌ Erro no $grupos:] ctx.client.getChats is not a function
2026-10-01 10:45:31 [ERROR]:    Stack: at Object.execute (D:\Desktop\Programas\bot-wpp\src\bot\commands\grupos.ts:18:44)
2026-10-01 10:45:31 [ERROR]: ❌ [[ScreenCommand] Erro:] connect ECONNREFUSED 127.0.0.1:3002
2026-10-01 10:45:31 [ERROR]:    Stack: at TCPConnectWrap.afterConnect [as oncomplete] (node:net:2017:16)
2026-10-01 10:45:32 [ERROR]: [DB] Falha ao registrar infração
2026-10-01 10:45:32 [ERROR]: [DB] Falha ao registrar infração
2026-10-01 10:45:33 [ERROR]: [DB] Falha ao registrar infração
2026-10-01 10:45:33 [ERROR]: [DB] Falha ao registrar infração
2026-10-01 10:45:33 [ERROR]: [DB] Falha ao registrar infração
2026-10-01 10:45:33 [ERROR]: [DB] Falha ao registrar infração
2026-10-01 10:45:33 [ERROR]: [DB] Falha ao registrar infração
2026-10-01 10:45:33 [ERROR]: [DB] Falha ao registrar infração
2026-10-01 10:45:33 [ERROR]: [DB] Falha ao registrar infração
2026-10-01 10:45:33 [ERROR]: ❌ [[Discord] Erro ao definir presença:] this.client.user?.setPresence is not a function
2026-10-01 10:45:33 [ERROR]: ❌ [[Discord] Erro ao definir presença:] this.client.user?.setPresence is not a function
2026-10-01 10:45:33 [ERROR]: ❌ [[Discord] Erro ao definir presença:] this.client.user?.setPresence is not a function
2026-10-01 10:45:37 [ERROR]: [memberJoinService] Erro ao processar entrada
2026-10-01 11:00:39 [ERROR]: [DB] Falha ao registrar infração
2026-10-01 11:00:41 [ERROR]: ❌ [Erro no comando $stats:] SQLITE_ERROR: no such table: feedbacks
2026-10-01 11:00:41 [ERROR]: [DB] Falha ao registrar infração
2026-10-01 11:00:41 [ERROR]:    Stack: 
2026-10-01 11:00:41 [ERROR]: ❌ [❌ Erro no $grupos:] ctx.client.getChats is not a function
2026-10-01 11:00:41 [ERROR]:    Stack: at Object.execute (D:\Desktop\Programas\bot-wpp\src\bot\commands\grupos.ts:18:44)
2026-10-01 11:00:42 [ERROR]: ❌ [[ScreenCommand] Erro:] connect ECONNREFUSED 127.0.0.1:3002
2026-10-01 11:00:41 [ERROR]: [DB] Falha ao registrar infração
2026-10-01 11:00:41 [ERROR]: [DB] Falha ao registrar infração
2026-10-01 11:00:42 [ERROR]: [DB] Falha ao registrar infração
2026-10-01 11:00:42 [ERROR]: [DB] Falha ao registrar infração
2026-10-01 11:00:42 [ERROR]: [DB] Falha ao registrar infração
2026-10-01 11:00:42 [ERROR]: [DB] Falha ao registrar infração
2026-10-01 11:00:42 [ERROR]: [DB] Falha ao registrar infração
2026-10-01 11:00:42 [ERROR]: [DB] Falha ao registrar infração
2026-10-01 11:00:42 [ERROR]:    Stack: at TCPConnectWrap.afterConnect [as oncomplete] (node:net:2017:16)
2026-10-01 11:00:43 [ERROR]: ❌ [[Discord] Erro ao definir presença:] this.client.user?.setPresence is not a function
2026-10-01 11:00:43 [ERROR]: ❌ [[Discord] Erro ao definir presença:] this.client.user?.setPresence is not a function
2026-10-01 11:00:43 [ERROR]: ❌ [[Discord] Erro ao definir presença:] this.client.user?.setPresence is not a function
2026-10-01 11:00:47 [ERROR]: [memberJoinService] Erro ao processar entrada
2026-10-01 11:01:07 [ERROR]: [DB] Falha ao registrar infração
2026-10-01 11:01:10 [ERROR]: [DB] Falha ao registrar infração
2026-10-01 11:01:10 [ERROR]: ❌ [Erro no comando $stats:] SQLITE_ERROR: no such table: feedbacks
2026-10-01 11:01:10 [ERROR]: [DB] Falha ao registrar infração
2026-10-01 11:01:10 [ERROR]: [DB] Falha ao registrar infração
2026-10-01 11:01:10 [ERROR]: [DB] Falha ao registrar infração
2026-10-01 11:01:10 [ERROR]: [DB] Falha ao registrar infração
2026-10-01 11:01:10 [ERROR]: [DB] Falha ao registrar infração
2026-10-01 11:01:10 [ERROR]: [DB] Falha ao registrar infração
2026-10-01 11:01:10 [ERROR]: [DB] Falha ao registrar infração
2026-10-01 11:01:10 [ERROR]: [DB] Falha ao registrar infração
2026-10-01 11:01:10 [ERROR]:    Stack: 
2026-10-01 11:01:10 [ERROR]: ❌ [❌ Erro no $grupos:] ctx.client.getChats is not a function
2026-10-01 11:01:10 [ERROR]:    Stack: at Object.execute (D:\Desktop\Programas\bot-wpp\src\bot\commands\grupos.ts:18:44)
2026-10-01 11:01:10 [ERROR]: ❌ [[ScreenCommand] Erro:] connect ECONNREFUSED 127.0.0.1:3002
2026-10-01 11:01:10 [ERROR]:    Stack: at TCPConnectWrap.afterConnect [as oncomplete] (node:net:2017:16)
2026-10-01 11:01:11 [ERROR]: ❌ [[Discord] Erro ao definir presença:] this.client.user?.setPresence is not a function
2026-10-01 11:01:12 [ERROR]: ❌ [[Discord] Erro ao definir presença:] this.client.user?.setPresence is not a function
2026-10-01 11:01:12 [ERROR]: ❌ [[Discord] Erro ao definir presença:] this.client.user?.setPresence is not a function
2026-10-01 11:01:16 [ERROR]: [memberJoinService] Erro ao processar entrada
2026-10-01 11:04:48 [ERROR]: [DB] Falha ao registrar infração
2026-10-01 11:04:50 [ERROR]: [DB] Falha ao registrar infração
2026-10-01 11:04:50 [ERROR]: ❌ [Erro no comando $stats:] SQLITE_ERROR: no such table: feedbacks
2026-10-01 11:04:50 [ERROR]:    Stack: 
2026-10-01 11:04:50 [ERROR]: ❌ [❌ Erro no $grupos:] ctx.client.getChats is not a function
2026-10-01 11:04:50 [ERROR]:    Stack: at Object.execute (D:\Desktop\Programas\bot-wpp\src\bot\commands\grupos.ts:18:44)
2026-10-01 11:04:50 [ERROR]: ❌ [[ScreenCommand] Erro:] connect ECONNREFUSED 127.0.0.1:3002
2026-10-01 11:04:50 [ERROR]: [DB] Falha ao registrar infração
2026-10-01 11:04:50 [ERROR]: [DB] Falha ao registrar infração
2026-10-01 11:04:50 [ERROR]: [DB] Falha ao registrar infração
2026-10-01 11:04:50 [ERROR]: [DB] Falha ao registrar infração
2026-10-01 11:04:50 [ERROR]: [DB] Falha ao registrar infração
2026-10-01 11:04:50 [ERROR]: [DB] Falha ao registrar infração
2026-10-01 11:04:50 [ERROR]: [DB] Falha ao registrar infração
2026-10-01 11:04:50 [ERROR]: [DB] Falha ao registrar infração
2026-10-01 11:04:50 [ERROR]:    Stack: at TCPConnectWrap.afterConnect [as oncomplete] (node:net:2017:16)
2026-10-01 11:04:53 [ERROR]: ❌ [[Discord] Erro ao definir presença:] this.client.user?.setPresence is not a function
2026-10-01 11:04:53 [ERROR]: ❌ [[Discord] Erro ao definir presença:] this.client.user?.setPresence is not a function
2026-10-01 11:04:53 [ERROR]: ❌ [[Discord] Erro ao definir presença:] this.client.user?.setPresence is not a function
2026-10-01 11:04:58 [ERROR]: [memberJoinService] Erro ao processar entrada
2026-10-01 11:05:50 [ERROR]: [DB] Falha ao registrar infração
2026-10-01 11:05:51 [ERROR]: ❌ [Erro no comando $stats:] SQLITE_ERROR: no such table: feedbacks
2026-10-01 11:05:51 [ERROR]: [DB] Falha ao registrar infração
2026-10-01 11:05:51 [ERROR]:    Stack: 
2026-10-01 11:05:51 [ERROR]: ❌ [❌ Erro no $grupos:] ctx.client.getChats is not a function
2026-10-01 11:05:51 [ERROR]:    Stack: at Object.execute (D:\Desktop\Programas\bot-wpp\src\bot\commands\grupos.ts:18:44)
2026-10-01 11:05:51 [ERROR]: ❌ [[ScreenCommand] Erro:] connect ECONNREFUSED 127.0.0.1:3002
2026-10-01 11:05:51 [ERROR]: [DB] Falha ao registrar infração
2026-10-01 11:05:51 [ERROR]: [DB] Falha ao registrar infração
2026-10-01 11:05:51 [ERROR]: [DB] Falha ao registrar infração
2026-10-01 11:05:51 [ERROR]: [DB] Falha ao registrar infração
2026-10-01 11:05:51 [ERROR]: [DB] Falha ao registrar infração
2026-10-01 11:05:51 [ERROR]: [DB] Falha ao registrar infração
2026-10-01 11:05:51 [ERROR]: [DB] Falha ao registrar infração
2026-10-01 11:05:51 [ERROR]: [DB] Falha ao registrar infração
2026-10-01 11:05:51 [ERROR]:    Stack: at TCPConnectWrap.afterConnect [as oncomplete] (node:net:2017:16)
2026-10-01 11:05:53 [ERROR]: ❌ [[Discord] Erro ao definir presença:] this.client.user?.setPresence is not a function
2026-10-01 11:05:53 [ERROR]: ❌ [[Discord] Erro ao definir presença:] this.client.user?.setPresence is not a function
2026-10-01 11:05:53 [ERROR]: ❌ [[Discord] Erro ao definir presença:] this.client.user?.setPresence is not a function
2026-10-01 11:05:55 [ERROR]: [memberJoinService] Erro ao processar entrada
2026-10-01 17:14:25 [ERROR]: [DB] Falha ao registrar infração
2026-10-01 17:14:27 [ERROR]: [DB] Falha ao registrar infração
2026-10-01 17:14:27 [ERROR]: [DB] Falha ao registrar infração
2026-10-01 17:14:28 [ERROR]: [DB] Falha ao registrar infração
2026-10-01 17:14:28 [ERROR]: [DB] Falha ao registrar infração
2026-10-01 17:14:28 [ERROR]: [DB] Falha ao registrar infração
2026-10-01 17:14:28 [ERROR]: [DB] Falha ao registrar infração
2026-10-01 17:14:28 [ERROR]: [DB] Falha ao registrar infração
2026-10-01 17:14:28 [ERROR]: [DB] Falha ao registrar infração
2026-10-01 17:14:28 [ERROR]: [DB] Falha ao registrar infração
2026-10-01 17:14:28 [ERROR]: [DB] Falha ao registrar infração
2026-10-01 17:14:28 [ERROR]: [DB] Falha ao registrar infração
2026-10-01 17:14:29 [ERROR]: ❌ [[Discord] Erro ao definir presença:] this.client.user?.setPresence is not a function
2026-10-01 17:14:29 [ERROR]: ❌ [[Discord] Erro ao definir presença:] this.client.user?.setPresence is not a function
2026-10-01 17:14:29 [ERROR]: ❌ [[Discord] Erro ao definir presença:] this.client.user?.setPresence is not a function
2026-10-01 17:14:33 [ERROR]: ❌ [Erro no comando $stats:] SQLITE_ERROR: no such table: feedbacks
2026-10-01 17:14:33 [ERROR]:    Stack: 
2026-10-01 17:14:33 [ERROR]: ❌ [❌ Erro no $grupos:] ctx.client.getChats is not a function
2026-10-01 17:14:33 [ERROR]:    Stack: at Object.execute (D:\Desktop\Programas\bot-wpp\src\bot\commands\grupos.ts:18:44)
2026-10-01 17:14:33 [ERROR]: ❌ [[ScreenCommand] Erro:] connect ECONNREFUSED 127.0.0.1:3002
2026-10-01 17:14:33 [ERROR]:    Stack: at TCPConnectWrap.afterConnect [as oncomplete] (node:net:2017:16)
2026-10-01 17:14:35 [ERROR]: [memberJoinService] Erro ao processar entrada
2026-10-01 17:15:08 [ERROR]: [DB] Falha ao registrar infração
2026-10-01 17:15:08 [ERROR]: [DB] Falha ao registrar infração
2026-10-01 17:15:08 [ERROR]: [DB] Falha ao registrar infração
2026-10-01 17:15:08 [ERROR]: [DB] Falha ao registrar infração
2026-10-01 17:15:08 [ERROR]: [DB] Falha ao registrar infração
2026-10-01 17:15:08 [ERROR]: [DB] Falha ao registrar infração
2026-10-01 17:15:08 [ERROR]: [DB] Falha ao registrar infração
2026-10-01 17:15:08 [ERROR]: [DB] Falha ao registrar infração
2026-10-01 17:15:08 [ERROR]: [DB] Falha ao registrar infração
2026-10-01 17:15:08 [ERROR]: [DB] Falha ao registrar infração
2026-10-01 17:15:08 [ERROR]: [DB] Falha ao registrar infração
2026-10-01 17:19:29 [ERROR]: [DB] Falha ao registrar infração
2026-10-01 17:19:29 [ERROR]: [DB] Falha ao registrar infração
2026-10-01 17:19:29 [ERROR]: [DB] Falha ao registrar infração
2026-10-01 17:19:29 [ERROR]: [DB] Falha ao registrar infração
2026-10-01 17:19:29 [ERROR]: [DB] Falha ao registrar infração
2026-10-01 17:19:29 [ERROR]: [DB] Falha ao registrar infração
2026-10-01 17:19:29 [ERROR]: [DB] Falha ao registrar infração
2026-10-01 17:19:29 [ERROR]: [DB] Falha ao registrar infração
2026-10-01 17:19:29 [ERROR]: [DB] Falha ao registrar infração
2026-10-01 17:19:30 [ERROR]: [DB] Falha ao registrar infração
2026-10-01 17:19:33 [ERROR]: ❌ [Erro no comando $stats:] SQLITE_ERROR: no such table: feedbacks
2026-10-01 17:19:33 [ERROR]:    Stack: 
2026-10-01 17:19:33 [ERROR]: ❌ [❌ Erro no $grupos:] ctx.client.getChats is not a function
2026-10-01 17:19:33 [ERROR]:    Stack: at Object.execute (D:\Desktop\Programas\bot-wpp\src\bot\commands\grupos.ts:18:44)
2026-10-01 17:19:33 [ERROR]: ❌ [[ScreenCommand] Erro:] connect ECONNREFUSED 127.0.0.1:3002
2026-10-01 17:19:33 [ERROR]:    Stack: at TCPConnectWrap.afterConnect [as oncomplete] (node:net:2017:16)
2026-10-01 17:19:34 [ERROR]: ❌ [[Discord] Erro ao definir presença:] this.client.user?.setPresence is not a function
2026-10-01 17:19:34 [ERROR]: ❌ [[Discord] Erro ao definir presença:] this.client.user?.setPresence is not a function
2026-10-01 17:19:34 [ERROR]: ❌ [[Discord] Erro ao definir presença:] this.client.user?.setPresence is not a function
2026-10-01 17:19:36 [ERROR]: [memberJoinService] Erro ao processar entrada
2026-10-01 17:20:00 [ERROR]: [DB] Falha ao registrar infração
2026-10-01 17:20:01 [ERROR]: [DB] Falha ao registrar infração
2026-10-01 17:20:01 [ERROR]: [DB] Falha ao registrar infração
2026-10-01 17:20:01 [ERROR]: [DB] Falha ao registrar infração
2026-10-01 17:20:01 [ERROR]: [DB] Falha ao registrar infração
2026-10-01 17:20:01 [ERROR]: [DB] Falha ao registrar infração
2026-10-01 17:20:01 [ERROR]: [DB] Falha ao registrar infração
2026-10-01 17:20:01 [ERROR]: [DB] Falha ao registrar infração
2026-10-01 17:20:01 [ERROR]: [DB] Falha ao registrar infração
2026-10-01 17:20:01 [ERROR]: [DB] Falha ao registrar infração
2026-10-01 17:20:03 [ERROR]: ❌ [Erro no comando $stats:] SQLITE_ERROR: no such table: feedbacks
2026-10-01 17:20:03 [ERROR]:    Stack: 
2026-10-01 17:20:03 [ERROR]: ❌ [❌ Erro no $grupos:] ctx.client.getChats is not a function
2026-10-01 17:20:03 [ERROR]:    Stack: at Object.execute (D:\Desktop\Programas\bot-wpp\src\bot\commands\grupos.ts:18:44)
2026-10-01 17:20:03 [ERROR]: ❌ [[ScreenCommand] Erro:] connect ECONNREFUSED 127.0.0.1:3002
2026-10-01 17:20:03 [ERROR]:    Stack: at TCPConnectWrap.afterConnect [as oncomplete] (node:net:2017:16)
2026-10-01 17:20:05 [ERROR]: ❌ [[Discord] Erro ao definir presença:] this.client.user?.setPresence is not a function
2026-10-01 17:20:05 [ERROR]: ❌ [[Discord] Erro ao definir presença:] this.client.user?.setPresence is not a function
2026-10-01 17:20:05 [ERROR]: ❌ [[Discord] Erro ao definir presença:] this.client.user?.setPresence is not a function
2026-10-01 17:20:08 [ERROR]: [memberJoinService] Erro ao processar entrada
2026-10-01 17:20:31 [ERROR]: [DB] Falha ao registrar infração
2026-10-01 17:20:37 [ERROR]: ❌ [Erro no comando $stats:] SQLITE_ERROR: no such table: feedbacks
2026-10-01 17:20:37 [ERROR]:    Stack: 
2026-10-01 17:20:37 [ERROR]: ❌ [❌ Erro no $grupos:] ctx.client.getChats is not a function
2026-10-01 17:20:37 [ERROR]:    Stack: at Object.execute (D:\Desktop\Programas\bot-wpp\src\bot\commands\grupos.ts:18:44)
2026-10-01 17:20:37 [ERROR]: ❌ [[ScreenCommand] Erro:] connect ECONNREFUSED 127.0.0.1:3002
2026-10-01 17:20:37 [ERROR]:    Stack: at TCPConnectWrap.afterConnect [as oncomplete] (node:net:2017:16)
2026-10-01 17:20:39 [ERROR]: [DB] Falha ao registrar infração
2026-10-01 17:20:40 [ERROR]: [DB] Falha ao registrar infração
2026-10-01 17:20:40 [ERROR]: [DB] Falha ao registrar infração
2026-10-01 17:20:40 [ERROR]: [DB] Falha ao registrar infração
2026-10-01 17:20:40 [ERROR]: [DB] Falha ao registrar infração
2026-10-01 17:20:40 [ERROR]: [DB] Falha ao registrar infração
2026-10-01 17:20:40 [ERROR]: [DB] Falha ao registrar infração
2026-10-01 17:20:40 [ERROR]: [DB] Falha ao registrar infração
2026-10-01 17:20:40 [ERROR]: [DB] Falha ao registrar infração
2026-10-01 17:20:40 [ERROR]: ❌ [[Discord] Erro ao definir presença:] this.client.user?.setPresence is not a function
2026-10-01 17:20:40 [ERROR]: ❌ [[Discord] Erro ao definir presença:] this.client.user?.setPresence is not a function
2026-10-01 17:20:40 [ERROR]: ❌ [[Discord] Erro ao definir presença:] this.client.user?.setPresence is not a function
2026-10-01 17:20:42 [ERROR]: [memberJoinService] Erro ao processar entrada
2026-10-01 17:22:06 [ERROR]: [DB] Falha ao registrar infração
2026-10-01 17:22:10 [ERROR]: ❌ [Erro no comando $stats:] SQLITE_ERROR: no such table: feedbacks
2026-10-01 17:22:10 [ERROR]:    Stack: 
2026-10-01 17:22:10 [ERROR]: ❌ [❌ Erro no $grupos:] ctx.client.getChats is not a function
2026-10-01 17:22:10 [ERROR]:    Stack: at Object.execute (D:\Desktop\Programas\bot-wpp\src\bot\commands\grupos.ts:18:44)
2026-10-01 17:22:10 [ERROR]: ❌ [[ScreenCommand] Erro:] connect ECONNREFUSED 127.0.0.1:3002
2026-10-01 17:22:10 [ERROR]:    Stack: at TCPConnectWrap.afterConnect [as oncomplete] (node:net:2017:16)
2026-10-01 17:22:12 [ERROR]: [DB] Falha ao registrar infração
2026-10-01 17:22:12 [ERROR]: [DB] Falha ao registrar infração
2026-10-01 17:22:12 [ERROR]: [DB] Falha ao registrar infração
2026-10-01 17:22:12 [ERROR]: [DB] Falha ao registrar infração
2026-10-01 17:22:12 [ERROR]: [DB] Falha ao registrar infração
2026-10-01 17:22:12 [ERROR]: [DB] Falha ao registrar infração
2026-10-01 17:22:12 [ERROR]: [DB] Falha ao registrar infração
2026-10-01 17:22:12 [ERROR]: [DB] Falha ao registrar infração
2026-10-01 17:22:12 [ERROR]: [DB] Falha ao registrar infração
2026-10-01 17:22:14 [ERROR]: ❌ [[Discord] Erro ao definir presença:] this.client.user?.setPresence is not a function
2026-10-01 17:22:14 [ERROR]: ❌ [[Discord] Erro ao definir presença:] this.client.user?.setPresence is not a function
2026-10-01 17:22:14 [ERROR]: ❌ [[Discord] Erro ao definir presença:] this.client.user?.setPresence is not a function
2026-10-01 17:22:16 [ERROR]: [memberJoinService] Erro ao processar entrada
2026-10-01 17:32:12 [ERROR]: [DB] Falha ao registrar infração
2026-10-01 17:32:14 [ERROR]: [DB] Falha ao registrar infração
2026-10-01 17:32:14 [ERROR]: [DB] Falha ao registrar infração
2026-10-01 17:32:14 [ERROR]: [DB] Falha ao registrar infração
2026-10-01 17:32:14 [ERROR]: [DB] Falha ao registrar infração
2026-10-01 17:32:14 [ERROR]: [DB] Falha ao registrar infração
2026-10-01 17:32:14 [ERROR]: [DB] Falha ao registrar infração
2026-10-01 17:32:14 [ERROR]: [DB] Falha ao registrar infração
2026-10-01 17:32:14 [ERROR]: [DB] Falha ao registrar infração
2026-10-01 17:32:14 [ERROR]: [DB] Falha ao registrar infração
2026-10-01 17:32:16 [ERROR]: ❌ [Erro no comando $stats:] SQLITE_ERROR: no such table: feedbacks
2026-10-01 17:32:16 [ERROR]:    Stack: 
2026-10-01 17:32:16 [ERROR]: ❌ [❌ Erro no $grupos:] ctx.client.getChats is not a function
2026-10-01 17:32:16 [ERROR]:    Stack: at Object.execute (D:\Desktop\Programas\bot-wpp\src\bot\commands\grupos.ts:18:44)
2026-10-01 17:32:16 [ERROR]: ❌ [[ScreenCommand] Erro:] connect ECONNREFUSED 127.0.0.1:3002
2026-10-01 17:32:16 [ERROR]:    Stack: at TCPConnectWrap.afterConnect [as oncomplete] (node:net:2017:16)
2026-10-01 17:32:18 [ERROR]: ❌ [[Discord] Erro ao definir presença:] this.client.user?.setPresence is not a function
2026-10-01 17:32:18 [ERROR]: ❌ [[Discord] Erro ao definir presença:] this.client.user?.setPresence is not a function
2026-10-01 17:32:18 [ERROR]: ❌ [[Discord] Erro ao definir presença:] this.client.user?.setPresence is not a function
2026-10-01 17:32:22 [ERROR]: [memberJoinService] Erro ao processar entrada
2026-10-01 17:56:05 [ERROR]: [DB] Falha ao registrar infração
2026-10-01 17:56:07 [ERROR]: [DB] Falha ao registrar infração
2026-10-01 17:56:07 [ERROR]: [DB] Falha ao registrar infração
2026-10-01 17:56:07 [ERROR]: [DB] Falha ao registrar infração
2026-10-01 17:56:07 [ERROR]: [DB] Falha ao registrar infração
2026-10-01 17:56:07 [ERROR]: [DB] Falha ao registrar infração
2026-10-01 17:56:07 [ERROR]: [DB] Falha ao registrar infração
2026-10-01 17:56:07 [ERROR]: [DB] Falha ao registrar infração
2026-10-01 17:56:07 [ERROR]: [DB] Falha ao registrar infração
2026-10-01 17:56:07 [ERROR]: [DB] Falha ao registrar infração
2026-10-01 17:56:11 [ERROR]: ❌ [Erro no comando $stats:] SQLITE_ERROR: no such table: feedbacks
2026-10-01 17:56:11 [ERROR]:    Stack: 
2026-10-01 17:56:11 [ERROR]: ❌ [❌ Erro no $grupos:] ctx.client.getChats is not a function
2026-10-01 17:56:11 [ERROR]:    Stack: at Object.execute (D:\Desktop\Programas\bot-wpp\src\bot\commands\grupos.ts:18:44)
2026-10-01 17:56:11 [ERROR]: ❌ [[ScreenCommand] Erro:] connect ECONNREFUSED 127.0.0.1:3002
2026-10-01 17:56:11 [ERROR]:    Stack: at TCPConnectWrap.afterConnect [as oncomplete] (node:net:2017:16)
2026-10-01 17:56:14 [ERROR]: ❌ [[Discord] Erro ao definir presença:] this.client.user?.setPresence is not a function
2026-10-01 17:56:14 [ERROR]: ❌ [[Discord] Erro ao definir presença:] this.client.user?.setPresence is not a function
2026-10-01 17:56:14 [ERROR]: ❌ [[Discord] Erro ao definir presença:] this.client.user?.setPresence is not a function
2026-10-01 17:56:17 [ERROR]: [memberJoinService] Erro ao processar entrada
2026-10-01 17:58:23 [ERROR]: [DB] Falha ao registrar infração
2026-10-01 17:58:27 [ERROR]: [DB] Falha ao registrar infração
2026-10-01 17:58:27 [ERROR]: ❌ [Erro no comando $stats:] SQLITE_ERROR: no such table: feedbacks
2026-10-01 17:58:27 [ERROR]:    Stack: 
2026-10-01 17:58:27 [ERROR]: ❌ [❌ Erro no $grupos:] ctx.client.getChats is not a function
2026-10-01 17:58:27 [ERROR]:    Stack: at Object.execute (D:\Desktop\Programas\bot-wpp\src\bot\commands\grupos.ts:18:44)
2026-10-01 17:58:27 [ERROR]: [DB] Falha ao registrar infração
2026-10-01 17:58:27 [ERROR]: [DB] Falha ao registrar infração
2026-10-01 17:58:27 [ERROR]: [DB] Falha ao registrar infração
2026-10-01 17:58:27 [ERROR]: [DB] Falha ao registrar infração
2026-10-01 17:58:27 [ERROR]: [DB] Falha ao registrar infração
2026-10-01 17:58:27 [ERROR]: [DB] Falha ao registrar infração
2026-10-01 17:58:27 [ERROR]: [DB] Falha ao registrar infração
2026-10-01 17:58:27 [ERROR]: [DB] Falha ao registrar infração
2026-10-01 17:58:27 [ERROR]: ❌ [[ScreenCommand] Erro:] connect ECONNREFUSED 127.0.0.1:3002
2026-10-01 17:58:27 [ERROR]:    Stack: at TCPConnectWrap.afterConnect [as oncomplete] (node:net:2017:16)
2026-10-01 17:58:31 [ERROR]: ❌ [[Discord] Erro ao definir presença:] this.client.user?.setPresence is not a function
2026-10-01 17:58:31 [ERROR]: ❌ [[Discord] Erro ao definir presença:] this.client.user?.setPresence is not a function
2026-10-01 17:58:31 [ERROR]: ❌ [[Discord] Erro ao definir presença:] this.client.user?.setPresence is not a function
2026-10-01 17:58:33 [ERROR]: [memberJoinService] Erro ao processar entrada
2026-10-01 18:01:17 [ERROR]: [DB] Falha ao registrar infração
2026-10-01 18:01:21 [ERROR]: [DB] Falha ao registrar infração
2026-10-01 18:01:21 [ERROR]: [DB] Falha ao registrar infração
2026-10-01 18:01:21 [ERROR]: [DB] Falha ao registrar infração
2026-10-01 18:01:21 [ERROR]: [DB] Falha ao registrar infração
2026-10-01 18:01:21 [ERROR]: [DB] Falha ao registrar infração
2026-10-01 18:01:21 [ERROR]: [DB] Falha ao registrar infração
2026-10-01 18:01:21 [ERROR]: [DB] Falha ao registrar infração
2026-10-01 18:01:21 [ERROR]: [DB] Falha ao registrar infração
2026-10-01 18:01:21 [ERROR]: [DB] Falha ao registrar infração
2026-10-01 18:01:21 [ERROR]: ❌ [Erro no comando $stats:] SQLITE_ERROR: no such table: feedbacks
2026-10-01 18:01:21 [ERROR]:    Stack: 
2026-10-01 18:01:21 [ERROR]: ❌ [❌ Erro no $grupos:] ctx.client.getChats is not a function
2026-10-01 18:01:21 [ERROR]:    Stack: at Object.execute (D:\Desktop\Programas\bot-wpp\src\bot\commands\grupos.ts:18:44)
2026-10-01 18:01:21 [ERROR]: ❌ [[ScreenCommand] Erro:] connect ECONNREFUSED 127.0.0.1:3002
2026-10-01 18:01:21 [ERROR]:    Stack: at TCPConnectWrap.afterConnect [as oncomplete] (node:net:2017:16)
2026-10-01 18:01:23 [ERROR]: ❌ [[Discord] Erro ao definir presença:] this.client.user?.setPresence is not a function
2026-10-01 18:01:23 [ERROR]: ❌ [[Discord] Erro ao definir presença:] this.client.user?.setPresence is not a function
2026-10-01 18:01:23 [ERROR]: ❌ [[Discord] Erro ao definir presença:] this.client.user?.setPresence is not a function
2026-10-01 18:01:23 [ERROR]: [memberJoinService] Erro ao processar entrada
2026-10-02 09:57:02 [ERROR]: [DB] Falha ao registrar infração
2026-10-02 09:57:06 [ERROR]: [DB] Falha ao registrar infração
2026-10-02 09:57:06 [ERROR]: [DB] Falha ao registrar infração
2026-10-02 09:57:06 [ERROR]: [DB] Falha ao registrar infração
2026-10-02 09:57:06 [ERROR]: [DB] Falha ao registrar infração
2026-10-02 09:57:06 [ERROR]: [DB] Falha ao registrar infração
2026-10-02 09:57:06 [ERROR]: [DB] Falha ao registrar infração
2026-10-02 09:57:06 [ERROR]: [DB] Falha ao registrar infração
2026-10-02 09:57:06 [ERROR]: [DB] Falha ao registrar infração
2026-10-02 09:57:06 [ERROR]: [DB] Falha ao registrar infração
2026-10-02 09:57:08 [ERROR]: ❌ [[Discord] Erro ao definir presença:] this.client.user?.setPresence is not a function
2026-10-02 09:57:08 [ERROR]: ❌ [[Discord] Erro ao definir presença:] this.client.user?.setPresence is not a function
2026-10-02 09:57:08 [ERROR]: ❌ [[Discord] Erro ao definir presença:] this.client.user?.setPresence is not a function
2026-10-02 09:57:18 [ERROR]: ❌ [Erro no comando $stats:] SQLITE_ERROR: no such table: feedbacks
2026-10-02 09:57:18 [ERROR]:    Stack: 
2026-10-02 09:57:18 [ERROR]: ❌ [❌ Erro no $grupos:] ctx.client.getChats is not a function
2026-10-02 09:57:18 [ERROR]:    Stack: at Object.execute (D:\Desktop\Programas\bot-wpp\src\bot\commands\grupos.ts:18:44)
2026-10-02 09:57:18 [ERROR]: ❌ [[ScreenCommand] Erro:] connect ECONNREFUSED 127.0.0.1:3002
2026-10-02 09:57:18 [ERROR]:    Stack: at TCPConnectWrap.afterConnect [as oncomplete] (node:net:2017:16)
2026-10-02 09:57:20 [ERROR]: [memberJoinService] Erro ao processar entrada
2026-10-02 11:16:21 [ERROR]: [DB] Falha ao registrar infração
2026-10-02 11:16:26 [ERROR]: [DB] Falha ao registrar infração
2026-10-02 11:16:26 [ERROR]: [DB] Falha ao registrar infração
2026-10-02 11:16:26 [ERROR]: [DB] Falha ao registrar infração
2026-10-02 11:16:26 [ERROR]: [DB] Falha ao registrar infração
2026-10-02 11:16:26 [ERROR]: [DB] Falha ao registrar infração
2026-10-02 11:16:26 [ERROR]: [DB] Falha ao registrar infração
2026-10-02 11:16:26 [ERROR]: [DB] Falha ao registrar infração
2026-10-02 11:16:26 [ERROR]: [DB] Falha ao registrar infração
2026-10-02 11:16:26 [ERROR]: [DB] Falha ao registrar infração
2026-10-02 11:16:28 [ERROR]: ❌ [[Discord] Erro ao definir presença:] this.client.user?.setPresence is not a function
2026-10-02 11:16:28 [ERROR]: ❌ [[Discord] Erro ao definir presença:] this.client.user?.setPresence is not a function
2026-10-02 11:16:28 [ERROR]: ❌ [[Discord] Erro ao definir presença:] this.client.user?.setPresence is not a function
2026-10-02 11:16:29 [ERROR]: ❌ [Erro no comando $stats:] SQLITE_ERROR: no such table: feedbacks
2026-10-02 11:16:29 [ERROR]:    Stack: 
2026-10-02 11:16:29 [ERROR]: ❌ [❌ Erro no $grupos:] ctx.client.getChats is not a function
2026-10-02 11:16:29 [ERROR]:    Stack: at Object.execute (D:\Desktop\Programas\bot-wpp\src\bot\commands\grupos.ts:18:44)
2026-10-02 11:16:29 [ERROR]: ❌ [[ScreenCommand] Erro:] connect ECONNREFUSED 127.0.0.1:3002
2026-10-02 11:16:29 [ERROR]:    Stack: at TCPConnectWrap.afterConnect [as oncomplete] (node:net:2017:16)
2026-10-02 11:16:31 [ERROR]: [memberJoinService] Erro ao processar entrada
2026-10-02 11:25:54 [ERROR]: [DB] Falha ao registrar infração
2026-10-02 11:25:57 [ERROR]: ❌ [Erro no comando $stats:] SQLITE_ERROR: no such table: feedbacks
2026-10-02 11:25:57 [ERROR]:    Stack: 
2026-10-02 11:25:57 [ERROR]: ❌ [❌ Erro no $grupos:] ctx.client.getChats is not a function
2026-10-02 11:25:57 [ERROR]:    Stack: at Object.execute (D:\Desktop\Programas\bot-wpp\src\bot\commands\grupos.ts:18:44)
2026-10-02 11:25:57 [ERROR]: ❌ [[ScreenCommand] Erro:] connect ECONNREFUSED 127.0.0.1:3002
2026-10-02 11:25:57 [ERROR]:    Stack: at TCPConnectWrap.afterConnect [as oncomplete] (node:net:2017:16)
2026-10-02 11:25:58 [ERROR]: [DB] Falha ao registrar infração
2026-10-02 11:25:58 [ERROR]: [DB] Falha ao registrar infração
2026-10-02 11:25:58 [ERROR]: [DB] Falha ao registrar infração
2026-10-02 11:25:58 [ERROR]: [DB] Falha ao registrar infração
2026-10-02 11:25:58 [ERROR]: [DB] Falha ao registrar infração
2026-10-02 11:25:58 [ERROR]: [DB] Falha ao registrar infração
2026-10-02 11:25:58 [ERROR]: [DB] Falha ao registrar infração
2026-10-02 11:25:58 [ERROR]: [DB] Falha ao registrar infração
2026-10-02 11:25:58 [ERROR]: [DB] Falha ao registrar infração
2026-10-02 11:25:58 [ERROR]: ❌ [[Discord] Erro ao definir presença:] this.client.user?.setPresence is not a function
2026-10-02 11:25:58 [ERROR]: ❌ [[Discord] Erro ao definir presença:] this.client.user?.setPresence is not a function
2026-10-02 11:25:58 [ERROR]: ❌ [[Discord] Erro ao definir presença:] this.client.user?.setPresence is not a function
2026-10-02 11:26:00 [ERROR]: [memberJoinService] Erro ao processar entrada
2026-10-02 11:28:01 [ERROR]: [DB] Falha ao registrar infração
2026-10-02 11:28:03 [ERROR]: ❌ [Erro no comando $stats:] SQLITE_ERROR: no such table: feedbacks
2026-10-02 11:28:03 [ERROR]:    Stack: 
2026-10-02 11:28:04 [ERROR]: ❌ [❌ Erro no $grupos:] ctx.client.getChats is not a function
2026-10-02 11:28:04 [ERROR]:    Stack: at Object.execute (D:\Desktop\Programas\bot-wpp\src\bot\commands\grupos.ts:18:44)
2026-10-02 11:28:04 [ERROR]: ❌ [[ScreenCommand] Erro:] connect ECONNREFUSED 127.0.0.1:3002
2026-10-02 11:28:04 [ERROR]:    Stack: at TCPConnectWrap.afterConnect [as oncomplete] (node:net:2017:16)
2026-10-02 11:28:05 [ERROR]: [DB] Falha ao registrar infração
2026-10-02 11:28:05 [ERROR]: [DB] Falha ao registrar infração
2026-10-02 11:28:05 [ERROR]: [DB] Falha ao registrar infração
2026-10-02 11:28:05 [ERROR]: [DB] Falha ao registrar infração
2026-10-02 11:28:05 [ERROR]: [DB] Falha ao registrar infração
2026-10-02 11:28:05 [ERROR]: [DB] Falha ao registrar infração
2026-10-02 11:28:05 [ERROR]: [DB] Falha ao registrar infração
2026-10-02 11:28:05 [ERROR]: [DB] Falha ao registrar infração
2026-10-02 11:28:05 [ERROR]: [DB] Falha ao registrar infração
2026-10-02 11:28:06 [ERROR]: ❌ [[Discord] Erro ao definir presença:] this.client.user?.setPresence is not a function
2026-10-02 11:28:06 [ERROR]: ❌ [[Discord] Erro ao definir presença:] this.client.user?.setPresence is not a function
2026-10-02 11:28:06 [ERROR]: ❌ [[Discord] Erro ao definir presença:] this.client.user?.setPresence is not a function
2026-10-02 11:28:08 [ERROR]: [memberJoinService] Erro ao processar entrada
2026-10-02 11:28:34 [ERROR]: [DB] Falha ao registrar infração
2026-10-02 11:28:36 [ERROR]: ❌ [Erro no comando $stats:] SQLITE_ERROR: no such table: feedbacks
2026-10-02 11:28:36 [ERROR]:    Stack: 
2026-10-02 11:28:36 [ERROR]: ❌ [❌ Erro no $grupos:] ctx.client.getChats is not a function
2026-10-02 11:28:36 [ERROR]:    Stack: at Object.execute (D:\Desktop\Programas\bot-wpp\src\bot\commands\grupos.ts:18:44)
2026-10-02 11:28:36 [ERROR]: ❌ [[ScreenCommand] Erro:] connect ECONNREFUSED 127.0.0.1:3002
2026-10-02 11:28:36 [ERROR]:    Stack: at TCPConnectWrap.afterConnect [as oncomplete] (node:net:2017:16)
2026-10-02 11:28:38 [ERROR]: [DB] Falha ao registrar infração
2026-10-02 11:28:38 [ERROR]: [DB] Falha ao registrar infração
2026-10-02 11:28:38 [ERROR]: [DB] Falha ao registrar infração
2026-10-02 11:28:38 [ERROR]: [DB] Falha ao registrar infração
2026-10-02 11:28:38 [ERROR]: [DB] Falha ao registrar infração
2026-10-02 11:28:38 [ERROR]: [DB] Falha ao registrar infração
2026-10-02 11:28:38 [ERROR]: [DB] Falha ao registrar infração
2026-10-02 11:28:38 [ERROR]: [DB] Falha ao registrar infração
2026-10-02 11:28:38 [ERROR]: [DB] Falha ao registrar infração
2026-10-02 11:28:39 [ERROR]: ❌ [[Discord] Erro ao definir presença:] this.client.user?.setPresence is not a function
2026-10-02 11:28:39 [ERROR]: ❌ [[Discord] Erro ao definir presença:] this.client.user?.setPresence is not a function
2026-10-02 11:28:39 [ERROR]: ❌ [[Discord] Erro ao definir presença:] this.client.user?.setPresence is not a function
2026-10-02 11:28:40 [ERROR]: [memberJoinService] Erro ao processar entrada
2026-10-02 12:45:54 [ERROR]: [DB] Falha ao registrar infração
2026-10-02 12:45:58 [ERROR]: ❌ [Erro no comando $stats:] SQLITE_ERROR: no such table: feedbacks
2026-10-02 12:45:58 [ERROR]:    Stack: 
2026-10-02 12:45:58 [ERROR]: ❌ [❌ Erro no $grupos:] ctx.client.getChats is not a function
2026-10-02 12:45:58 [ERROR]:    Stack: at Object.execute (D:\Desktop\Programas\bot-wpp\src\bot\commands\grupos.ts:18:44)
2026-10-02 12:45:58 [ERROR]: ❌ [[ScreenCommand] Erro:] connect ECONNREFUSED 127.0.0.1:3002
2026-10-02 12:45:58 [ERROR]:    Stack: at TCPConnectWrap.afterConnect [as oncomplete] (node:net:2017:16)
2026-10-02 12:45:59 [ERROR]: [DB] Falha ao registrar infração
2026-10-02 12:45:59 [ERROR]: [DB] Falha ao registrar infração
2026-10-02 12:45:59 [ERROR]: [DB] Falha ao registrar infração
2026-10-02 12:45:59 [ERROR]: [DB] Falha ao registrar infração
2026-10-02 12:45:59 [ERROR]: [DB] Falha ao registrar infração
2026-10-02 12:46:00 [ERROR]: ❌ [[Discord] Erro ao definir presença:] this.client.user?.setPresence is not a function
2026-10-02 12:46:00 [ERROR]: ❌ [[Discord] Erro ao definir presença:] this.client.user?.setPresence is not a function
2026-10-02 12:46:00 [ERROR]: ❌ [[Discord] Erro ao definir presença:] this.client.user?.setPresence is not a function
2026-10-02 12:46:01 [ERROR]: [memberJoinService] Erro ao processar entrada
2026-10-02 12:46:17 [ERROR]: [DB] Falha ao registrar infração
2026-10-02 12:46:17 [ERROR]: [DB] Falha ao registrar infração
2026-10-02 12:46:17 [ERROR]: [DB] Falha ao registrar infração
2026-10-02 12:46:17 [ERROR]: [DB] Falha ao registrar infração
2026-10-02 12:46:17 [ERROR]: [DB] Falha ao registrar infração
2026-10-02 12:46:20 [ERROR]: [DB] Falha ao registrar infração
2026-10-02 12:46:22 [ERROR]: ❌ [Erro no comando $stats:] SQLITE_ERROR: no such table: feedbacks
2026-10-02 12:46:22 [ERROR]:    Stack: 
2026-10-02 12:46:22 [ERROR]: ❌ [❌ Erro no $grupos:] ctx.client.getChats is not a function
2026-10-02 12:46:22 [ERROR]:    Stack: at Object.execute (D:\Desktop\Programas\bot-wpp\src\bot\commands\grupos.ts:18:44)
2026-10-02 12:46:22 [ERROR]: ❌ [[ScreenCommand] Erro:] connect ECONNREFUSED 127.0.0.1:3002
2026-10-02 12:46:22 [ERROR]:    Stack: at TCPConnectWrap.afterConnect [as oncomplete] (node:net:2017:16)
2026-10-02 12:46:23 [ERROR]: ❌ [[Discord] Erro ao definir presença:] this.client.user?.setPresence is not a function
2026-10-02 12:46:23 [ERROR]: ❌ [[Discord] Erro ao definir presença:] this.client.user?.setPresence is not a function
2026-10-02 12:46:23 [ERROR]: ❌ [[Discord] Erro ao definir presença:] this.client.user?.setPresence is not a function
2026-10-02 12:46:25 [ERROR]: [memberJoinService] Erro ao processar entrada
2026-10-02 12:46:40 [ERROR]: [DB] Falha ao registrar infração
2026-10-02 12:46:40 [ERROR]: [DB] Falha ao registrar infração
2026-10-02 12:46:40 [ERROR]: [DB] Falha ao registrar infração
2026-10-02 12:46:40 [ERROR]: [DB] Falha ao registrar infração
2026-10-02 12:46:40 [ERROR]: [DB] Falha ao registrar infração
2026-10-02 12:46:44 [ERROR]: [DB] Falha ao registrar infração
2026-10-02 12:46:45 [ERROR]: ❌ [Erro no comando $stats:] SQLITE_ERROR: no such table: feedbacks
2026-10-02 12:46:45 [ERROR]:    Stack: 
2026-10-02 12:46:45 [ERROR]: ❌ [❌ Erro no $grupos:] ctx.client.getChats is not a function
2026-10-02 12:46:45 [ERROR]:    Stack: at Object.execute (D:\Desktop\Programas\bot-wpp\src\bot\commands\grupos.ts:18:44)
2026-10-02 12:46:45 [ERROR]: ❌ [[ScreenCommand] Erro:] connect ECONNREFUSED 127.0.0.1:3002
2026-10-02 12:46:45 [ERROR]:    Stack: at TCPConnectWrap.afterConnect [as oncomplete] (node:net:2017:16)
2026-10-02 12:46:47 [ERROR]: ❌ [[Discord] Erro ao definir presença:] this.client.user?.setPresence is not a function
2026-10-02 12:46:47 [ERROR]: ❌ [[Discord] Erro ao definir presença:] this.client.user?.setPresence is not a function
2026-10-02 12:46:47 [ERROR]: ❌ [[Discord] Erro ao definir presença:] this.client.user?.setPresence is not a function
2026-10-02 12:46:48 [ERROR]: [memberJoinService] Erro ao processar entrada
2026-10-02 12:47:03 [ERROR]: [DB] Falha ao registrar infração
2026-10-02 12:47:03 [ERROR]: [DB] Falha ao registrar infração
2026-10-02 12:47:03 [ERROR]: [DB] Falha ao registrar infração
2026-10-02 12:47:03 [ERROR]: [DB] Falha ao registrar infração
2026-10-02 12:47:03 [ERROR]: [DB] Falha ao registrar infração
2026-10-02 12:47:05 [ERROR]: [DB] Falha ao registrar infração
2026-10-02 12:47:07 [ERROR]: ❌ [Erro no comando $stats:] SQLITE_ERROR: no such table: feedbacks
2026-10-02 12:47:07 [ERROR]:    Stack: 
2026-10-02 12:47:07 [ERROR]: ❌ [❌ Erro no $grupos:] ctx.client.getChats is not a function
2026-10-02 12:47:07 [ERROR]:    Stack: at Object.execute (D:\Desktop\Programas\bot-wpp\src\bot\commands\grupos.ts:18:44)
2026-10-02 12:47:07 [ERROR]: ❌ [[ScreenCommand] Erro:] connect ECONNREFUSED 127.0.0.1:3002
2026-10-02 12:47:07 [ERROR]:    Stack: at TCPConnectWrap.afterConnect [as oncomplete] (node:net:2017:16)
2026-10-02 12:47:09 [ERROR]: ❌ [[Discord] Erro ao definir presença:] this.client.user?.setPresence is not a function
2026-10-02 12:47:09 [ERROR]: ❌ [[Discord] Erro ao definir presença:] this.client.user?.setPresence is not a function
2026-10-02 12:47:09 [ERROR]: ❌ [[Discord] Erro ao definir presença:] this.client.user?.setPresence is not a function
2026-10-02 12:47:11 [ERROR]: [memberJoinService] Erro ao processar entrada
2026-10-02 12:47:26 [ERROR]: [DB] Falha ao registrar infração
2026-10-02 12:47:26 [ERROR]: [DB] Falha ao registrar infração
2026-10-02 12:47:26 [ERROR]: [DB] Falha ao registrar infração
2026-10-02 12:47:26 [ERROR]: [DB] Falha ao registrar infração
2026-10-02 12:47:26 [ERROR]: [DB] Falha ao registrar infração
2026-10-02 12:47:27 [ERROR]: [DB] Falha ao registrar infração
2026-10-02 12:47:30 [ERROR]: ❌ [Erro no comando $stats:] SQLITE_ERROR: no such table: feedbacks
2026-10-02 12:47:30 [ERROR]:    Stack: 
2026-10-02 12:47:30 [ERROR]: ❌ [❌ Erro no $grupos:] ctx.client.getChats is not a function
2026-10-02 12:47:30 [ERROR]:    Stack: at Object.execute (D:\Desktop\Programas\bot-wpp\src\bot\commands\grupos.ts:18:44)
2026-10-02 12:47:30 [ERROR]: ❌ [[ScreenCommand] Erro:] connect ECONNREFUSED 127.0.0.1:3002
2026-10-02 12:47:30 [ERROR]:    Stack: at TCPConnectWrap.afterConnect [as oncomplete] (node:net:2017:16)
2026-10-02 12:47:31 [ERROR]: ❌ [[Discord] Erro ao definir presença:] this.client.user?.setPresence is not a function
2026-10-02 12:47:31 [ERROR]: ❌ [[Discord] Erro ao definir presença:] this.client.user?.setPresence is not a function
2026-10-02 12:47:31 [ERROR]: ❌ [[Discord] Erro ao definir presença:] this.client.user?.setPresence is not a function
2026-10-02 12:47:33 [ERROR]: [memberJoinService] Erro ao processar entrada
2026-10-02 12:47:48 [ERROR]: [DB] Falha ao registrar infração
2026-10-02 12:47:49 [ERROR]: [DB] Falha ao registrar infração
2026-10-02 12:47:49 [ERROR]: [DB] Falha ao registrar infração
2026-10-02 12:47:49 [ERROR]: [DB] Falha ao registrar infração
2026-10-02 12:47:49 [ERROR]: [DB] Falha ao registrar infração
2026-10-02 12:47:52 [ERROR]: [DB] Falha ao registrar infração
2026-10-02 12:47:54 [ERROR]: ❌ [Erro no comando $stats:] SQLITE_ERROR: no such table: feedbacks
2026-10-02 12:47:54 [ERROR]:    Stack: 
2026-10-02 12:47:54 [ERROR]: ❌ [❌ Erro no $grupos:] ctx.client.getChats is not a function
2026-10-02 12:47:54 [ERROR]:    Stack: at Object.execute (D:\Desktop\Programas\bot-wpp\src\bot\commands\grupos.ts:18:44)
2026-10-02 12:47:54 [ERROR]: ❌ [[ScreenCommand] Erro:] connect ECONNREFUSED 127.0.0.1:3002
2026-10-02 12:47:54 [ERROR]:    Stack: at TCPConnectWrap.afterConnect [as oncomplete] (node:net:2017:16)
2026-10-02 12:47:55 [ERROR]: ❌ [[Discord] Erro ao definir presença:] this.client.user?.setPresence is not a function
2026-10-02 12:47:55 [ERROR]: ❌ [[Discord] Erro ao definir presença:] this.client.user?.setPresence is not a function
2026-10-02 12:47:55 [ERROR]: ❌ [[Discord] Erro ao definir presença:] this.client.user?.setPresence is not a function
2026-10-02 12:47:57 [ERROR]: [memberJoinService] Erro ao processar entrada
2026-10-02 12:48:42 [ERROR]: [DB] Falha ao registrar infração
2026-10-02 12:48:42 [ERROR]: [DB] Falha ao registrar infração
2026-10-02 12:48:42 [ERROR]: [DB] Falha ao registrar infração
2026-10-02 12:48:42 [ERROR]: [DB] Falha ao registrar infração
2026-10-02 12:48:42 [ERROR]: [DB] Falha ao registrar infração
2026-10-02 12:48:42 [ERROR]: [DB] Falha ao registrar infração
2026-10-02 12:48:42 [ERROR]: [DB] Falha ao registrar infração
2026-10-02 12:48:42 [ERROR]: [DB] Falha ao registrar infração
2026-10-02 12:48:42 [ERROR]: [DB] Falha ao registrar infração
2026-10-02 12:48:45 [ERROR]: [DB] Falha ao registrar infração
2026-10-02 12:48:47 [ERROR]: ❌ [Erro no comando $stats:] SQLITE_ERROR: no such table: feedbacks
2026-10-02 12:48:47 [ERROR]:    Stack: 
2026-10-02 12:48:47 [ERROR]: ❌ [❌ Erro no $grupos:] ctx.client.getChats is not a function
2026-10-02 12:48:47 [ERROR]:    Stack: at Object.execute (D:\Desktop\Programas\bot-wpp\src\bot\commands\grupos.ts:18:44)
2026-10-02 12:48:47 [ERROR]: ❌ [[ScreenCommand] Erro:] connect ECONNREFUSED 127.0.0.1:3002
2026-10-02 12:48:47 [ERROR]:    Stack: at TCPConnectWrap.afterConnect [as oncomplete] (node:net:2017:16)
2026-10-02 12:48:48 [ERROR]: ❌ [[Discord] Erro ao definir presença:] this.client.user?.setPresence is not a function
2026-10-02 12:48:48 [ERROR]: ❌ [[Discord] Erro ao definir presença:] this.client.user?.setPresence is not a function
2026-10-02 12:48:48 [ERROR]: ❌ [[Discord] Erro ao definir presença:] this.client.user?.setPresence is not a function
2026-10-02 12:48:50 [ERROR]: [memberJoinService] Erro ao processar entrada
2026-10-02 12:52:15 [ERROR]: [DB] Falha ao registrar infração
2026-10-02 12:52:16 [ERROR]: ❌ [Erro no comando $stats:] SQLITE_ERROR: no such table: feedbacks
2026-10-02 12:52:16 [ERROR]:    Stack: 
2026-10-02 12:52:16 [ERROR]: ❌ [❌ Erro no $grupos:] ctx.client.getChats is not a function
2026-10-02 12:52:16 [ERROR]:    Stack: at Object.execute (D:\Desktop\Programas\bot-wpp\src\bot\commands\grupos.ts:18:44)
2026-10-02 12:52:16 [ERROR]: ❌ [[ScreenCommand] Erro:] connect ECONNREFUSED 127.0.0.1:3002
2026-10-02 12:52:16 [ERROR]:    Stack: at TCPConnectWrap.afterConnect [as oncomplete] (node:net:2017:16)
2026-10-02 12:52:17 [ERROR]: [DB] Falha ao registrar infração
2026-10-02 12:52:17 [ERROR]: [DB] Falha ao registrar infração
2026-10-02 12:52:18 [ERROR]: [DB] Falha ao registrar infração
2026-10-02 12:52:18 [ERROR]: [DB] Falha ao registrar infração
2026-10-02 12:52:18 [ERROR]: [DB] Falha ao registrar infração
2026-10-02 12:52:18 [ERROR]: [DB] Falha ao registrar infração
2026-10-02 12:52:18 [ERROR]: [DB] Falha ao registrar infração
2026-10-02 12:52:18 [ERROR]: [DB] Falha ao registrar infração
2026-10-02 12:52:18 [ERROR]: [DB] Falha ao registrar infração
2026-10-02 12:52:18 [ERROR]: ❌ [[Discord] Erro ao definir presença:] this.client.user?.setPresence is not a function
2026-10-02 12:52:18 [ERROR]: ❌ [[Discord] Erro ao definir presença:] this.client.user?.setPresence is not a function
2026-10-02 12:52:18 [ERROR]: ❌ [[Discord] Erro ao definir presença:] this.client.user?.setPresence is not a function
2026-10-02 12:52:21 [ERROR]: [memberJoinService] Erro ao processar entrada
2026-10-02 12:54:23 [ERROR]: [DB] Falha ao registrar infração
2026-10-02 12:54:26 [ERROR]: ❌ [Erro no comando $stats:] SQLITE_ERROR: no such table: feedbacks
2026-10-02 12:54:26 [ERROR]:    Stack: 
2026-10-02 12:54:26 [ERROR]: ❌ [❌ Erro no $grupos:] ctx.client.getChats is not a function
2026-10-02 12:54:26 [ERROR]:    Stack: at Object.execute (D:\Desktop\Programas\bot-wpp\src\bot\commands\grupos.ts:18:44)
2026-10-02 12:54:26 [ERROR]: ❌ [[ScreenCommand] Erro:] connect ECONNREFUSED 127.0.0.1:3002
2026-10-02 12:54:26 [ERROR]:    Stack: at TCPConnectWrap.afterConnect [as oncomplete] (node:net:2017:16)
2026-10-02 12:54:27 [ERROR]: [DB] Falha ao registrar infração
2026-10-02 12:54:27 [ERROR]: [DB] Falha ao registrar infração
2026-10-02 12:54:27 [ERROR]: [DB] Falha ao registrar infração
2026-10-02 12:54:27 [ERROR]: [DB] Falha ao registrar infração
2026-10-02 12:54:27 [ERROR]: [DB] Falha ao registrar infração
2026-10-02 12:54:27 [ERROR]: [DB] Falha ao registrar infração
2026-10-02 12:54:27 [ERROR]: [DB] Falha ao registrar infração
2026-10-02 12:54:27 [ERROR]: [DB] Falha ao registrar infração
2026-10-02 12:54:27 [ERROR]: [DB] Falha ao registrar infração
2026-10-02 12:54:29 [ERROR]: ❌ [[Discord] Erro ao definir presença:] this.client.user?.setPresence is not a function
2026-10-02 12:54:29 [ERROR]: ❌ [[Discord] Erro ao definir presença:] this.client.user?.setPresence is not a function
2026-10-02 12:54:29 [ERROR]: ❌ [[Discord] Erro ao definir presença:] this.client.user?.setPresence is not a function
2026-10-02 12:54:30 [ERROR]: [memberJoinService] Erro ao processar entrada
2026-10-02 13:00:42 [ERROR]: [DB] Falha ao registrar infração
2026-10-02 13:00:46 [ERROR]: ❌ [Erro no comando $stats:] SQLITE_ERROR: no such table: feedbacks
2026-10-02 13:00:46 [ERROR]:    Stack: 
2026-10-02 13:00:46 [ERROR]: ❌ [❌ Erro no $grupos:] ctx.client.getChats is not a function
2026-10-02 13:00:46 [ERROR]:    Stack: at Object.execute (D:\Desktop\Programas\bot-wpp\src\bot\commands\grupos.ts:18:44)
2026-10-02 13:00:46 [ERROR]: ❌ [[ScreenCommand] Erro:] connect ECONNREFUSED 127.0.0.1:3002
2026-10-02 13:00:46 [ERROR]:    Stack: at TCPConnectWrap.afterConnect [as oncomplete] (node:net:2017:16)
2026-10-02 13:00:50 [ERROR]: [DB] Falha ao registrar infração
2026-10-02 13:00:50 [ERROR]: [DB] Falha ao registrar infração
2026-10-02 13:00:50 [ERROR]: [DB] Falha ao registrar infração
2026-10-02 13:00:50 [ERROR]: [DB] Falha ao registrar infração
2026-10-02 13:00:50 [ERROR]: [DB] Falha ao registrar infração
2026-10-02 13:00:50 [ERROR]: [DB] Falha ao registrar infração
2026-10-02 13:00:50 [ERROR]: [DB] Falha ao registrar infração
2026-10-02 13:00:50 [ERROR]: [DB] Falha ao registrar infração
2026-10-02 13:00:50 [ERROR]: [DB] Falha ao registrar infração
2026-10-02 13:00:52 [ERROR]: ❌ [[Discord] Erro ao definir presença:] this.client.user?.setPresence is not a function
2026-10-02 13:00:52 [ERROR]: ❌ [[Discord] Erro ao definir presença:] this.client.user?.setPresence is not a function
2026-10-02 13:00:52 [ERROR]: ❌ [[Discord] Erro ao definir presença:] this.client.user?.setPresence is not a function
2026-10-02 13:00:55 [ERROR]: [memberJoinService] Erro ao processar entrada
2026-10-02 14:18:13 [ERROR]: [DB] Falha ao registrar infração
2026-10-02 14:18:16 [ERROR]: [DB] Falha ao registrar infração
2026-10-02 14:18:16 [ERROR]: [DB] Falha ao registrar infração
2026-10-02 14:18:16 [ERROR]: [DB] Falha ao registrar infração
2026-10-02 14:18:16 [ERROR]: [DB] Falha ao registrar infração
2026-10-02 14:18:16 [ERROR]: [DB] Falha ao registrar infração
2026-10-02 14:18:16 [ERROR]: [DB] Falha ao registrar infração
2026-10-02 14:18:16 [ERROR]: [DB] Falha ao registrar infração
2026-10-02 14:18:16 [ERROR]: [DB] Falha ao registrar infração
2026-10-02 14:18:16 [ERROR]: [DB] Falha ao registrar infração
2026-10-02 14:18:16 [ERROR]: ❌ [Erro no comando $stats:] SQLITE_ERROR: no such table: feedbacks
2026-10-02 14:18:16 [ERROR]:    Stack: 
2026-10-02 14:18:16 [ERROR]: ❌ [❌ Erro no $grupos:] ctx.client.getChats is not a function
2026-10-02 14:18:16 [ERROR]:    Stack: at Object.execute (D:\Desktop\Programas\bot-wpp\src\bot\commands\grupos.ts:18:44)
2026-10-02 14:18:16 [ERROR]: ❌ [[ScreenCommand] Erro:] connect ECONNREFUSED 127.0.0.1:3002
2026-10-02 14:18:16 [ERROR]:    Stack: at TCPConnectWrap.afterConnect [as oncomplete] (node:net:2017:16)
2026-10-02 14:18:18 [ERROR]: ❌ [[Discord] Erro ao definir presença:] this.client.user?.setPresence is not a function
2026-10-02 14:18:18 [ERROR]: ❌ [[Discord] Erro ao definir presença:] this.client.user?.setPresence is not a function
2026-10-02 14:18:18 [ERROR]: ❌ [[Discord] Erro ao definir presença:] this.client.user?.setPresence is not a function
2026-10-02 14:18:22 [ERROR]: [memberJoinService] Erro ao processar entrada
2026-10-02 14:20:39 [ERROR]: [DB] Falha ao registrar infração
2026-10-02 14:20:41 [ERROR]: ❌ [Erro no comando $stats:] SQLITE_ERROR: no such table: feedbacks
2026-10-02 14:20:41 [ERROR]:    Stack: 
2026-10-02 14:20:41 [ERROR]: ❌ [❌ Erro no $grupos:] ctx.client.getChats is not a function
2026-10-02 14:20:41 [ERROR]:    Stack: at Object.execute (D:\Desktop\Programas\bot-wpp\src\bot\commands\grupos.ts:18:44)
2026-10-02 14:20:41 [ERROR]: ❌ [[ScreenCommand] Erro:] connect ECONNREFUSED 127.0.0.1:3002
2026-10-02 14:20:41 [ERROR]:    Stack: at TCPConnectWrap.afterConnect [as oncomplete] (node:net:2017:16)
2026-10-02 14:20:43 [ERROR]: [DB] Falha ao registrar infração
2026-10-02 14:20:43 [ERROR]: [DB] Falha ao registrar infração
2026-10-02 14:20:43 [ERROR]: [DB] Falha ao registrar infração
2026-10-02 14:20:43 [ERROR]: [DB] Falha ao registrar infração
2026-10-02 14:20:43 [ERROR]: [DB] Falha ao registrar infração
2026-10-02 14:20:43 [ERROR]: [DB] Falha ao registrar infração
2026-10-02 14:20:43 [ERROR]: [DB] Falha ao registrar infração
2026-10-02 14:20:43 [ERROR]: [DB] Falha ao registrar infração
2026-10-02 14:20:43 [ERROR]: [DB] Falha ao registrar infração
2026-10-02 14:20:43 [ERROR]: ❌ [[Discord] Erro ao definir presença:] this.client.user?.setPresence is not a function
2026-10-02 14:20:43 [ERROR]: ❌ [[Discord] Erro ao definir presença:] this.client.user?.setPresence is not a function
2026-10-02 14:20:43 [ERROR]: ❌ [[Discord] Erro ao definir presença:] this.client.user?.setPresence is not a function
2026-10-02 14:20:47 [ERROR]: [memberJoinService] Erro ao processar entrada
2026-10-02 16:51:57 [ERROR]: [DB] Falha ao registrar infração
2026-10-02 16:52:02 [ERROR]: [DB] Falha ao registrar infração
2026-10-02 16:52:02 [ERROR]: [DB] Falha ao registrar infração
2026-10-02 16:52:02 [ERROR]: [DB] Falha ao registrar infração
2026-10-02 16:52:02 [ERROR]: [DB] Falha ao registrar infração
2026-10-02 16:52:02 [ERROR]: [DB] Falha ao registrar infração
2026-10-02 16:52:02 [ERROR]: [DB] Falha ao registrar infração
2026-10-02 16:52:02 [ERROR]: [DB] Falha ao registrar infração
2026-10-02 16:52:02 [ERROR]: [DB] Falha ao registrar infração
2026-10-02 16:52:02 [ERROR]: [DB] Falha ao registrar infração
2026-10-02 16:52:05 [ERROR]: ❌ [[Discord] Erro ao definir presença:] this.client.user?.setPresence is not a function
2026-10-02 16:52:05 [ERROR]: ❌ [[Discord] Erro ao definir presença:] this.client.user?.setPresence is not a function
2026-10-02 16:52:05 [ERROR]: ❌ [[Discord] Erro ao definir presença:] this.client.user?.setPresence is not a function
2026-10-02 16:52:10 [ERROR]: ❌ [Erro no comando $stats:] SQLITE_ERROR: no such table: feedbacks
2026-10-02 16:52:10 [ERROR]:    Stack: 
2026-10-02 16:52:10 [ERROR]: ❌ [❌ Erro no $grupos:] ctx.client.getChats is not a function
2026-10-02 16:52:10 [ERROR]:    Stack: at Object.execute (D:\Desktop\Programas\bot-wpp\src\bot\commands\grupos.ts:18:44)
2026-10-02 16:52:10 [ERROR]: ❌ [[ScreenCommand] Erro:] connect ECONNREFUSED 127.0.0.1:3002
2026-10-02 16:52:10 [ERROR]:    Stack: at TCPConnectWrap.afterConnect [as oncomplete] (node:net:2017:16)
2026-10-02 16:52:12 [ERROR]: [memberJoinService] Erro ao processar entrada
2026-10-02 16:53:07 [ERROR]: [DB] Falha ao registrar infração
2026-10-02 16:53:10 [ERROR]: ❌ [Erro no comando $stats:] SQLITE_ERROR: no such table: feedbacks
2026-10-02 16:53:10 [ERROR]:    Stack: 
2026-10-02 16:53:10 [ERROR]: ❌ [❌ Erro no $grupos:] ctx.client.getChats is not a function
2026-10-02 16:53:10 [ERROR]:    Stack: at Object.execute (D:\Desktop\Programas\bot-wpp\src\bot\commands\grupos.ts:18:44)
2026-10-02 16:53:10 [ERROR]: ❌ [[ScreenCommand] Erro:] connect ECONNREFUSED 127.0.0.1:3002
2026-10-02 16:53:10 [ERROR]:    Stack: at TCPConnectWrap.afterConnect [as oncomplete] (node:net:2017:16)
2026-10-02 16:53:13 [ERROR]: [DB] Falha ao registrar infração
2026-10-02 16:53:13 [ERROR]: [DB] Falha ao registrar infração
2026-10-02 16:53:13 [ERROR]: [DB] Falha ao registrar infração
2026-10-02 16:53:13 [ERROR]: [DB] Falha ao registrar infração
2026-10-02 16:53:13 [ERROR]: [DB] Falha ao registrar infração
2026-10-02 16:53:13 [ERROR]: [DB] Falha ao registrar infração
2026-10-02 16:53:13 [ERROR]: [DB] Falha ao registrar infração
2026-10-02 16:53:13 [ERROR]: [DB] Falha ao registrar infração
2026-10-02 16:53:13 [ERROR]: [DB] Falha ao registrar infração
2026-10-02 16:53:15 [ERROR]: ❌ [[Discord] Erro ao definir presença:] this.client.user?.setPresence is not a function
2026-10-02 16:53:15 [ERROR]: ❌ [[Discord] Erro ao definir presença:] this.client.user?.setPresence is not a function
2026-10-02 16:53:15 [ERROR]: ❌ [[Discord] Erro ao definir presença:] this.client.user?.setPresence is not a function
2026-10-02 16:53:17 [ERROR]: [memberJoinService] Erro ao processar entrada
2026-10-02 16:54:01 [ERROR]: [DB] Falha ao registrar infração
2026-10-02 16:54:01 [ERROR]: [DB] Falha ao registrar infração
2026-10-02 16:54:01 [ERROR]: [DB] Falha ao registrar infração
2026-10-02 16:54:01 [ERROR]: [DB] Falha ao registrar infração
2026-10-02 16:54:01 [ERROR]: [DB] Falha ao registrar infração
2026-10-02 16:54:01 [ERROR]: [DB] Falha ao registrar infração
2026-10-02 16:54:01 [ERROR]: [DB] Falha ao registrar infração
2026-10-02 16:54:01 [ERROR]: [DB] Falha ao registrar infração
2026-10-02 16:54:01 [ERROR]: [DB] Falha ao registrar infração
2026-10-02 16:54:04 [ERROR]: ❌ [Erro no comando $stats:] SQLITE_ERROR: no such table: feedbacks
2026-10-02 16:54:04 [ERROR]:    Stack: 
2026-10-02 16:54:04 [ERROR]: ❌ [❌ Erro no $grupos:] ctx.client.getChats is not a function
2026-10-02 16:54:04 [ERROR]:    Stack: at Object.execute (D:\Desktop\Programas\bot-wpp\src\bot\commands\grupos.ts:18:44)
2026-10-02 16:54:04 [ERROR]: ❌ [[ScreenCommand] Erro:] connect ECONNREFUSED 127.0.0.1:3002
2026-10-02 16:54:04 [ERROR]:    Stack: at TCPConnectWrap.afterConnect [as oncomplete] (node:net:2017:16)
2026-10-02 16:54:05 [ERROR]: [DB] Falha ao registrar infração
2026-10-02 16:54:11 [ERROR]: ❌ [[Discord] Erro ao definir presença:] this.client.user?.setPresence is not a function
2026-10-02 16:54:11 [ERROR]: ❌ [[Discord] Erro ao definir presença:] this.client.user?.setPresence is not a function
2026-10-02 16:54:11 [ERROR]: ❌ [[Discord] Erro ao definir presença:] this.client.user?.setPresence is not a function
2026-10-02 16:54:13 [ERROR]: [memberJoinService] Erro ao processar entrada
2026-10-02 16:54:35 [ERROR]: [DB] Falha ao registrar infração
2026-10-02 16:54:37 [ERROR]: ❌ [Erro no comando $stats:] SQLITE_IOERR: disk I/O error
2026-10-02 16:54:37 [ERROR]:    Stack: 
2026-10-02 16:54:37 [ERROR]: ❌ [❌ Erro no $grupos:] ctx.client.getChats is not a function
2026-10-02 16:54:37 [ERROR]:    Stack: at Object.execute (D:\Desktop\Programas\bot-wpp\src\bot\commands\grupos.ts:18:44)
2026-10-02 16:54:37 [ERROR]: ❌ [❌ Erro ao buscar banidos:] SQLITE_IOERR: disk I/O error
2026-10-02 16:54:37 [ERROR]:    Stack: 
2026-10-02 16:54:37 [ERROR]: ❌ [[ScreenCommand] Erro:] connect ECONNREFUSED 127.0.0.1:3002
2026-10-02 16:54:37 [ERROR]:    Stack: at TCPConnectWrap.afterConnect [as oncomplete] (node:net:2017:16)
2026-10-02 16:54:40 [ERROR]: [DB] Falha ao registrar infração
2026-10-02 16:54:40 [ERROR]: [DB] Falha ao registrar infração
2026-10-02 16:54:40 [ERROR]: [DB] Falha ao registrar infração
2026-10-02 16:54:40 [ERROR]: [DB] Falha ao registrar infração
2026-10-02 16:54:40 [ERROR]: [DB] Falha ao registrar infração
2026-10-02 16:54:40 [ERROR]: [DB] Falha ao registrar infração
2026-10-02 16:54:40 [ERROR]: [DB] Falha ao registrar infração
2026-10-02 16:54:40 [ERROR]: [DB] Falha ao registrar infração
2026-10-02 16:54:40 [ERROR]: [DB] Falha ao registrar infração
2026-10-02 16:54:42 [ERROR]: ❌ [[Discord] Erro ao definir presença:] this.client.user?.setPresence is not a function
2026-10-02 16:54:42 [ERROR]: ❌ [[Discord] Erro ao definir presença:] this.client.user?.setPresence is not a function
2026-10-02 16:54:42 [ERROR]: ❌ [[Discord] Erro ao definir presença:] this.client.user?.setPresence is not a function
2026-10-02 16:54:46 [ERROR]: [memberJoinService] Erro ao processar entrada
2026-10-02 16:56:46 [ERROR]: [DB] Falha ao registrar infração
2026-10-02 16:56:46 [ERROR]: ❌ [Erro no comando $stats:] SQLITE_ERROR: no such table: feedbacks
2026-10-02 16:56:46 [ERROR]:    Stack: 
2026-10-02 16:56:46 [ERROR]: ❌ [❌ Erro no $grupos:] ctx.client.getChats is not a function
2026-10-02 16:56:46 [ERROR]:    Stack: at Object.execute (D:\Desktop\Programas\bot-wpp\src\bot\commands\grupos.ts:18:44)
2026-10-02 16:56:46 [ERROR]: ❌ [[ScreenCommand] Erro:] connect ECONNREFUSED 127.0.0.1:3002
2026-10-02 16:56:46 [ERROR]:    Stack: at TCPConnectWrap.afterConnect [as oncomplete] (node:net:2017:16)
2026-10-02 16:56:48 [ERROR]: [DB] Falha ao registrar infração
2026-10-02 16:56:48 [ERROR]: [DB] Falha ao registrar infração
2026-10-02 16:56:48 [ERROR]: [DB] Falha ao registrar infração
2026-10-02 16:56:48 [ERROR]: [DB] Falha ao registrar infração
2026-10-02 16:56:48 [ERROR]: [DB] Falha ao registrar infração
2026-10-02 16:56:48 [ERROR]: [DB] Falha ao registrar infração
2026-10-02 16:56:48 [ERROR]: [DB] Falha ao registrar infração
2026-10-02 16:56:48 [ERROR]: [DB] Falha ao registrar infração
2026-10-02 16:56:48 [ERROR]: [DB] Falha ao registrar infração
2026-10-02 16:56:49 [ERROR]: ❌ [[Discord] Erro ao definir presença:] this.client.user?.setPresence is not a function
2026-10-02 16:56:49 [ERROR]: ❌ [[Discord] Erro ao definir presença:] this.client.user?.setPresence is not a function
2026-10-02 16:56:50 [ERROR]: ❌ [[Discord] Erro ao definir presença:] this.client.user?.setPresence is not a function
2026-10-02 16:56:53 [ERROR]: [memberJoinService] Erro ao processar entrada
2026-10-02 17:11:36 [ERROR]: ❌ [Erro no comando $stats:] SQLITE_ERROR: no such table: feedbacks
2026-10-02 17:11:36 [ERROR]:    Stack: 
2026-10-02 17:11:36 [ERROR]: ❌ [❌ Erro no $grupos:] ctx.client.getChats is not a function
2026-10-02 17:11:36 [ERROR]:    Stack: at Object.execute (D:\Desktop\Programas\bot-wpp\src\bot\commands\grupos.ts:18:44)
2026-10-02 17:11:36 [ERROR]: ❌ [[ScreenCommand] Erro:] connect ECONNREFUSED 127.0.0.1:3002
2026-10-02 17:11:36 [ERROR]: [DB] Falha ao registrar infração
2026-10-02 17:11:36 [ERROR]:    Stack: at TCPConnectWrap.afterConnect [as oncomplete] (node:net:2017:16)
2026-10-02 17:11:40 [ERROR]: [DB] Falha ao registrar infração
2026-10-02 17:11:40 [ERROR]: [DB] Falha ao registrar infração
2026-10-02 17:11:40 [ERROR]: [DB] Falha ao registrar infração
2026-10-02 17:11:40 [ERROR]: [DB] Falha ao registrar infração
2026-10-02 17:11:40 [ERROR]: [DB] Falha ao registrar infração
2026-10-02 17:11:40 [ERROR]: [DB] Falha ao registrar infração
2026-10-02 17:11:40 [ERROR]: [DB] Falha ao registrar infração
2026-10-02 17:11:40 [ERROR]: [DB] Falha ao registrar infração
2026-10-02 17:11:40 [ERROR]: [DB] Falha ao registrar infração
2026-10-02 17:11:41 [ERROR]: ❌ [[Discord] Erro ao definir presença:] this.client.user?.setPresence is not a function
2026-10-02 17:11:41 [ERROR]: ❌ [[Discord] Erro ao definir presença:] this.client.user?.setPresence is not a function
2026-10-02 17:11:41 [ERROR]: ❌ [[Discord] Erro ao definir presença:] this.client.user?.setPresence is not a function
2026-10-02 17:11:44 [ERROR]: [memberJoinService] Erro ao processar entrada
2026-10-02 17:12:09 [ERROR]: ❌ [Erro no comando $stats:] SQLITE_ERROR: no such table: feedbacks
2026-10-02 17:12:09 [ERROR]:    Stack: 
2026-10-02 17:12:09 [ERROR]: ❌ [❌ Erro no $grupos:] ctx.client.getChats is not a function
2026-10-02 17:12:09 [ERROR]:    Stack: at Object.execute (D:\Desktop\Programas\bot-wpp\src\bot\commands\grupos.ts:18:44)
2026-10-02 17:12:09 [ERROR]: ❌ [[ScreenCommand] Erro:] connect ECONNREFUSED 127.0.0.1:3002
2026-10-02 17:12:09 [ERROR]:    Stack: at TCPConnectWrap.afterConnect [as oncomplete] (node:net:2017:16)
2026-10-02 17:12:09 [ERROR]: [DB] Falha ao registrar infração
2026-10-02 17:12:11 [ERROR]: [DB] Falha ao registrar infração
2026-10-02 17:12:11 [ERROR]: [DB] Falha ao registrar infração
2026-10-02 17:12:11 [ERROR]: [DB] Falha ao registrar infração
2026-10-02 17:12:11 [ERROR]: [DB] Falha ao registrar infração
2026-10-02 17:12:11 [ERROR]: [DB] Falha ao registrar infração
2026-10-02 17:12:11 [ERROR]: [DB] Falha ao registrar infração
2026-10-02 17:12:11 [ERROR]: [DB] Falha ao registrar infração
2026-10-02 17:12:11 [ERROR]: [DB] Falha ao registrar infração
2026-10-02 17:12:11 [ERROR]: [DB] Falha ao registrar infração
2026-10-02 17:12:13 [ERROR]: ❌ [[Discord] Erro ao definir presença:] this.client.user?.setPresence is not a function
2026-10-02 17:12:13 [ERROR]: ❌ [[Discord] Erro ao definir presença:] this.client.user?.setPresence is not a function
2026-10-02 17:12:13 [ERROR]: ❌ [[Discord] Erro ao definir presença:] this.client.user?.setPresence is not a function
2026-10-02 17:12:17 [ERROR]: [memberJoinService] Erro ao processar entrada
2026-10-02 17:12:40 [ERROR]: ❌ [Erro no comando $stats:] SQLITE_ERROR: no such table: feedbacks
2026-10-02 17:12:40 [ERROR]:    Stack: 
2026-10-02 17:12:40 [ERROR]: ❌ [❌ Erro no $grupos:] ctx.client.getChats is not a function
2026-10-02 17:12:40 [ERROR]:    Stack: at Object.execute (D:\Desktop\Programas\bot-wpp\src\bot\commands\grupos.ts:18:44)
2026-10-02 17:12:40 [ERROR]: ❌ [[ScreenCommand] Erro:] connect ECONNREFUSED 127.0.0.1:3002
2026-10-02 17:12:40 [ERROR]:    Stack: at TCPConnectWrap.afterConnect [as oncomplete] (node:net:2017:16)
2026-10-02 17:12:41 [ERROR]: [DB] Falha ao registrar infração
2026-10-02 17:12:42 [ERROR]: [DB] Falha ao registrar infração
2026-10-02 17:12:42 [ERROR]: [DB] Falha ao registrar infração
2026-10-02 17:12:42 [ERROR]: [DB] Falha ao registrar infração
2026-10-02 17:12:42 [ERROR]: [DB] Falha ao registrar infração
2026-10-02 17:12:42 [ERROR]: [DB] Falha ao registrar infração
2026-10-02 17:12:42 [ERROR]: [DB] Falha ao registrar infração
2026-10-02 17:12:42 [ERROR]: [DB] Falha ao registrar infração
2026-10-02 17:12:42 [ERROR]: [DB] Falha ao registrar infração
2026-10-02 17:12:42 [ERROR]: [DB] Falha ao registrar infração
2026-10-02 17:12:45 [ERROR]: ❌ [[Discord] Erro ao definir presença:] this.client.user?.setPresence is not a function
2026-10-02 17:12:45 [ERROR]: ❌ [[Discord] Erro ao definir presença:] this.client.user?.setPresence is not a function
2026-10-02 17:12:45 [ERROR]: ❌ [[Discord] Erro ao definir presença:] this.client.user?.setPresence is not a function
2026-10-02 17:12:46 [ERROR]: [memberJoinService] Erro ao processar entrada
2026-10-05 11:51:36 [ERROR]: [DB] Falha ao registrar infração
2026-10-05 11:51:40 [ERROR]: ❌ [Erro no comando $stats:] SQLITE_ERROR: no such table: feedbacks
2026-10-05 11:51:40 [ERROR]:    Stack: 
2026-10-05 11:51:40 [ERROR]: ❌ [❌ Erro no $grupos:] ctx.client.getChats is not a function
2026-10-05 11:51:40 [ERROR]:    Stack: at Object.execute (D:\Desktop\Programas\bot-wpp\src\bot\commands\grupos.ts:18:44)
2026-10-05 11:51:40 [ERROR]: ❌ [[ScreenCommand] Erro:] connect ECONNREFUSED 127.0.0.1:3002
2026-10-05 11:51:40 [ERROR]: [DB] Falha ao registrar infração
2026-10-05 11:51:40 [ERROR]: [DB] Falha ao registrar infração
2026-10-05 11:51:40 [ERROR]: [DB] Falha ao registrar infração
2026-10-05 11:51:40 [ERROR]: [DB] Falha ao registrar infração
2026-10-05 11:51:40 [ERROR]: [DB] Falha ao registrar infração
2026-10-05 11:51:40 [ERROR]: [DB] Falha ao registrar infração
2026-10-05 11:51:40 [ERROR]: [DB] Falha ao registrar infração
2026-10-05 11:51:40 [ERROR]: [DB] Falha ao registrar infração
2026-10-05 11:51:40 [ERROR]: [DB] Falha ao registrar infração
2026-10-05 11:51:40 [ERROR]:    Stack: at TCPConnectWrap.afterConnect [as oncomplete] (node:net:2017:16)
2026-10-05 11:51:42 [ERROR]: ❌ [[Discord] Erro ao definir presença:] this.client.user?.setPresence is not a function
2026-10-05 11:51:42 [ERROR]: ❌ [[Discord] Erro ao definir presença:] this.client.user?.setPresence is not a function
2026-10-05 11:51:42 [ERROR]: ❌ [[Discord] Erro ao definir presença:] this.client.user?.setPresence is not a function
2026-10-05 11:51:45 [ERROR]: [memberJoinService] Erro ao processar entrada
2026-10-05 11:58:02 [ERROR]: ❌ [Erro no comando $stats:] SQLITE_ERROR: no such table: feedbacks
2026-10-05 11:58:02 [ERROR]:    Stack: 
2026-10-05 11:58:02 [ERROR]: ❌ [❌ Erro no $grupos:] ctx.client.getChats is not a function
2026-10-05 11:58:02 [ERROR]:    Stack: at Object.execute (D:\Desktop\Programas\bot-wpp\src\bot\commands\grupos.ts:18:44)
2026-10-05 11:58:02 [ERROR]: ❌ [[ScreenCommand] Erro:] connect ECONNREFUSED 127.0.0.1:3002
2026-10-05 11:58:02 [ERROR]:    Stack: at TCPConnectWrap.afterConnect [as oncomplete] (node:net:2017:16)
2026-10-05 11:58:03 [ERROR]: [DB] Falha ao registrar infração
2026-10-05 11:58:05 [ERROR]: [DB] Falha ao registrar infração
2026-10-05 11:58:05 [ERROR]: [DB] Falha ao registrar infração
2026-10-05 11:58:05 [ERROR]: [DB] Falha ao registrar infração
2026-10-05 11:58:05 [ERROR]: [DB] Falha ao registrar infração
2026-10-05 11:58:05 [ERROR]: [DB] Falha ao registrar infração
2026-10-05 11:58:05 [ERROR]: [DB] Falha ao registrar infração
2026-10-05 11:58:05 [ERROR]: [DB] Falha ao registrar infração
2026-10-05 11:58:05 [ERROR]: [DB] Falha ao registrar infração
2026-10-05 11:58:05 [ERROR]: [DB] Falha ao registrar infração
2026-10-05 11:58:06 [ERROR]: ❌ [[Discord] Erro ao definir presença:] this.client.user?.setPresence is not a function
2026-10-05 11:58:06 [ERROR]: ❌ [[Discord] Erro ao definir presença:] this.client.user?.setPresence is not a function
2026-10-05 11:58:06 [ERROR]: ❌ [[Discord] Erro ao definir presença:] this.client.user?.setPresence is not a function
2026-10-05 11:58:07 [ERROR]: [memberJoinService] Erro ao processar entrada
2026-10-05 12:04:24 [ERROR]: [DB] Falha ao registrar infração
2026-10-05 12:04:25 [ERROR]: ❌ [Erro no comando $stats:] SQLITE_ERROR: no such table: feedbacks
2026-10-05 12:04:25 [ERROR]:    Stack: 
2026-10-05 12:04:25 [ERROR]: ❌ [❌ Erro no $grupos:] ctx.client.getChats is not a function
2026-10-05 12:04:25 [ERROR]:    Stack: at Object.execute (D:\Desktop\Programas\bot-wpp\src\bot\commands\grupos.ts:18:44)
2026-10-05 12:04:25 [ERROR]: ❌ [[ScreenCommand] Erro:] connect ECONNREFUSED 127.0.0.1:3002
2026-10-05 12:04:25 [ERROR]:    Stack: at TCPConnectWrap.afterConnect [as oncomplete] (node:net:2017:16)
2026-10-05 12:04:27 [ERROR]: [DB] Falha ao registrar infração
2026-10-05 12:04:27 [ERROR]: [DB] Falha ao registrar infração
2026-10-05 12:04:27 [ERROR]: [DB] Falha ao registrar infração
2026-10-05 12:04:27 [ERROR]: [DB] Falha ao registrar infração
2026-10-05 12:04:27 [ERROR]: [DB] Falha ao registrar infração
2026-10-05 12:04:27 [ERROR]: [DB] Falha ao registrar infração
2026-10-05 12:04:27 [ERROR]: [DB] Falha ao registrar infração
2026-10-05 12:04:27 [ERROR]: [DB] Falha ao registrar infração
2026-10-05 12:04:27 [ERROR]: [DB] Falha ao registrar infração
2026-10-05 12:04:36 [ERROR]: ❌ [[Discord] Erro ao definir presença:] this.client.user?.setPresence is not a function
2026-10-05 12:04:36 [ERROR]: ❌ [[Discord] Erro ao definir presença:] this.client.user?.setPresence is not a function
2026-10-05 12:04:36 [ERROR]: ❌ [[Discord] Erro ao definir presença:] this.client.user?.setPresence is not a function
2026-10-05 12:04:41 [ERROR]: [memberJoinService] Erro ao processar entrada
